#key	name	year	genre	developer	players
005	005	1981	Action/Action / Labyrinth/Shooter Small	SEGA	1-2
10yard	10-Yard Fight	1984	Sports/Sports / Football (American)	Irem	1-2
11beat	Eleven Beat	1998	Sports	Hudson Soft	1-2
18wheelr	18 Wheeler: American Pro Trucker	2000	Racing, Driving	SEGA	1
1941	1941: Counter Attack	1990	Shoot'em Up / Vertical/Shoot'em Up	Capcom	1-2
1942	1942	1984	Shoot'em Up / Vertical/Shoot'em Up	Capcom	1-2
1943	1943 : The Battle Of Midway	1987	Shoot'em Up / Vertical/Shoot'em Up	Capcom	1-2
1943kai	1943 Kai : Midway Kaisen	1987	Shoot'em Up / Vertical/Shoot'em Up	Capcom	1-2
1943mii	1943 : The Battle Of Midway Mark II	1987	Shoot'em Up/Shoot'em Up / Vertical	Capcom	1-2
1944	1944 : The Loop Master	2000	Shoot'em Up/Shoot'em Up / Vertical	Eighting	1-2
1945kiii	1945k III	2000	Shoot'em Up / Vertical/Shoot'em Up	Promat	1-2
19xx	19XX : The War Against Destiny	1996	Shoot'em Up/Shoot'em Up / Vertical	Capcom	1-2
1on1gov	1 On 1 Government	2000	Sports/Sports / Basketball	Tecmo	1-2
2020bb	2020 Super Baseball	1991	Sports / Baseball/Sports	Pallas	1-2
20pacgal	Ms. Pac-man/Galaga - 20th Anniversary Class of 1981 Reunion	2000	Compilation	General Computer Corporation	1-2
25pacman	Pac-man - 25th Anniversary Edition	2006	Action / Labyrinth/Compilation/Action	Namco	1-2
280zzzap	Datsun 280 Zzzap	1976	Racing, Driving/Racing FPV	Midway	1
39in1	39 In 1 Mame Bootleg	2004	Compilation	bootleg	1-2
3bagfull	3 Bags Full	1996	Casino/Casino / Slot machine	Aristocrat	1
3cdpoker	3 Cards Poker 96	1995	Casino / Cards/Casino	Armaly Labs	1
3countb	3 Count Bout	1993	Sports / Wrestling/Fighting / 2D/Sports/Fighting	SNK	1-2
3in1mbc	Gunstar Heroes / Snake Rattle n' Roll / Joe & Mac (Conny bootleg of Mega Drive versions)	1995	Platform		1-2
3in1semi	New HyperMan	1998	Compilation	SemiCom	1-2
3kokushi	Sankokushi	1996	Adults/Mahjong/Asiatic board game/Puzzle/Puzzle / Equalize		1-2
3on3dunk	3 On 3 Dunk Madness	1996	Sports/Sports / Basketball	Video System	1-4
3stooges	The Three Stooges In Brides Is Brides	1984	Shooter	Mylstar Electronics	1-3
3super8	3 Super 8		Casino / Cards/Casino		
3wonders	Three Wonders	1991	Platform / Shooter Scrolling/Compilation/Platform	Capcom	1-2
3x3puzzl	3x3 Puzzle	1998	Adults/Puzzle/Puzzle / Equalize	Ace Enterprise	1-2
40love	Forty-love	1984	Sports/Sports / Tennis	Taito	1-2
4dwarrio	4-D Warriors	1985	Shoot'em Up / Horizontal/Shoot'em Up	Coreland	1-2
4enraya	4 En Raya	1990	Puzzle/Puzzle / Equalize	IDSA	1-2
4in1	4 Fun In 1	1981	Compilation	Armenia	1-2
4in1boot	Puzzle King (Dance & Puzzle)	1998	Puzzle	Eolith	1-2
4jokers	ZZZ(notgame):Four Jokers				
4psimasy	Mahjong 4p Simasyo	1994	Adults/Asiatic board game/Mahjong		1
500gp	500 Gp	1998	Racing, Driving/Motorcycle race TPV	Namco	
5acespkr	5-aces Poker	1985	Casino/Casino / Cards		1
5clown	Five Clown	1993	Casino/Casino / Cards	IGS	1
64street	64th. Street - A Detective Story	1991	Beat'em Up/Fighting/Fighting / 2.5D	C.P. Brain	1-2
720	720°	1986	Sports/Sports / Skateboard	Atari	1-2
7jigen	7jigen No Youseitachi - Mahjong 7 Dimensions	1990	Asiatic board game/Mahjong		1
7mezzo	7 E Mezzo	1985	Casino/Casino / Cards		1
7ordi	7 Ordi	2002	Casino/Casino / Cards	Yun Sung	1
7smash	7 Smash	1993	Casino/Casino / Slot machine	Sovic	1
88games	'88 Games	1988	Action/Sports / Multisports/Sports/Sports / Running trails	Konami	1-2
8ball	Video Eight Ball	1982	Sports / Pool/Sports	Century Electronics	1-2
8ballact	Eight Ball Action	1984	Sports / Pool/Sports/Sports / Swimming	Seatongrove	1-2
9ballsht	9 Ball Shootout	1993	Sports / Pool/Sports	E-Scape EnterMedia	1-2
a51site4	Area 51: Site 4	1998	Shooter/Lightgun Shooter	Atari	1-2
aafb	All American Football	1989	Sports/Sports / Football (American)	Leland	1-4
abaseb	Atari Baseball	1979	Sports/Sports / Baseball	Atari	1-2
abcheck	Abnormal Check	1996	Quiz / Japanese/Quiz	Namco	1-3
abcop	A.B. Cop	1990	Racing, Driving/Motorcycle race TPV	SEGA	1
abnudge	Animal Bonus Nudge	2003	Casino/Casino / Slot machine	Amcoe	1
abunai	Abunai Houkago - Mou Matenai	1989	Adults/Asiatic board game/Hanafuda	Green Soft	1
aburner	After Burner	1987	Shooter / Plane, TPV/Shooter	SEGA	1
aburner2	After Burner II	1987	Shooter/Shooter / Plane, TPV	SEGA	1
acchi	Janken Game Acchi Muite Hoi!	1995	Casual Game	Data East	1-4
ace	Ace	1976	Shooter / Plane/Shooter	Allied Leisure	1-2
aceattac	Ace Attacker	1988	Sports/Sports / Volleyball	SEGA	1-4
acedrive	Ace Driver : Racing Evolution	1994	Racing, Driving	Namco	1
acrobatm	Acrobat Mission	1991	Shoot'em Up / Vertical/Shoot'em Up	Taito	1-2
act2000	Action 2000	1999	Casino/Compilation	Amcoe	1
actfancr	Act-Fancer: Cybernetick Hyper Weapon	1989	Platform/Platform / Shooter Scrolling	Data East	1-2
actionhw	Action Hollywood	1995	Action / Labyrinth/Action	TCH	1-2
ad2083	A. D. 2083	1983	Shooter	Midcoin	1
adcanoe	Adventure Canoe	1982	Sports	Taito	1-2
adillor	Armadillo Racing	1996	Racing, Driving/Racing TPV	Namco	1-2
adpoker	Amstar Draw Poker	1982	Casino / Cards/Casino	Amstar	1-2
aerofgt	Aero Fighters	1992	Shoot'em Up / Vertical/Shoot'em Up	Video System	1-2
aerofgts	Aero Fighters Special	1996	Shoot'em Up / Vertical/Shoot'em Up	Video System	1-2
afighter	Action Fighter	1986	Shooter/Shooter / Vertical	SEGA	1-2
agallet	Air Gallet	1996	Shoot'em Up / Vertical/Shoot'em Up	Gazelle	1-2
agress	Agress - Missile Daisenryaku	1991	Puzzle/Puzzle / Glide	Palco	1-2
aimode	Ai-mode - Pet Shiiku	1999			
ainferno	Air Inferno	1990	Shooter/Shooter / Plane, FPV	Taito	1
airass	Air Assault	1993	Shoot'em Up / Vertical/Shoot'em Up	Irem	1-2
airattck	Air Attack	1996	Shoot'em Up / Vertical/Shoot'em Up	Comad	1-2
airbustr	Air Buster: Trouble Specialty Raid Unit	1990	Shoot'em Up / Horizontal/Shoot'em Up	Kaneko	1-2
airco22b	Air Combat 22	1995	Shooter/Shooter / Plane, TPV	Namco	1
aircomb	Air Combat	1992	Shooter/Shooter / Plane, TPV	Namco	1
airduel	Air Duel	1990	Shoot'em Up / Vertical/Shoot'em Up	Irem	1-2
airraid	Air Raid	1987	Shoot'em Up / Vertical/Shoot'em Up	Seibu Kaihatsu	1-2
airtrix	Air Trix	2001	Sports/Sports / Skateboard	Hitmaker	1
airwlkrs	Air Walkers	1997	Sports / Basketball/Sports	Data East	1-2
airwolf	Airwolf	1987	Shoot'em Up / Horizontal/Shoot'em Up	Kyugo Boueki	1-2
ajax	Ajax	1987	Shoot'em Up / Vertical/Shoot'em Up	Konami	1-2
akamaru	Panel & Variety Akamaru Q Jousyou Dont-R	1996	Quiz/Quiz / Japanese		1-2
akamj	Aka Mahjong	1990	Mahjong/Asiatic board game	bootleg	1-2
akazukin	Akazukin	1983	Shoot'em Up / Vertical/Shoot'em Up	Sigma Enterprises	1-2
aking	Angler King	1998	Sports/Fishing/Hunting and Fishing	Namco	
akiss	Mahjong Angel Kiss	1995	Adults/Asiatic board game/Mahjong		1
akkaarrh	Akka Arrh	1982	Shooter	Atari	1
aladmdb	Aladdin	1993	Platform	Virgin Games	1
alchemst	Alchemist	2002	Casino / Slot machine/Casino	Aristocrat	1
alcon	Slap Fight	1986	Shoot'em Up / Vertical/Shoot'em Up	Toaplan	1-2
alexkidd	Alex Kidd: The Lost Stars	1986	Platform/Platform / Run & Jump Scrolling	SEGA	1-2
alibaba	Ali Baba And 40 Thieves	1982	Action / Labyrinth/Action	SEGA	1-2
alien3	Alien 3 : The Gun	1993	Shooter/Lightgun Shooter	SEGA	1-2
alienar	Alien Arena	1985	Action / Labyrinth/Action	Duncan Brown	1-2
aliencha	Alien Challenge	1994	Fighting/Fighting / Versus	IGS	1-2
aliencr	Alien Crush	1989	Pinball	Naxat Soft	1
alienfnt	Alienfront: Team Based Combat	2001	Shooter / TPV/Shooter	Wow Entertainment	1-2
aliens	Aliens	1990	Beat'em Up	Konami	1-2
aliensec	Alien Sector	1985	Shoot'em Up / Horizontal/Shoot'em Up	Namco	1-2
aliensyn	Alien Syndrome	1987	Shooter / Run and Gun/Shooter	SEGA	1-2
aligator	Alligator Hunt	1994	Shooter/Shooter / TPV	Gaelco	1-2
alinvade	Alien Invaders		Shooter/Shooter / Space Invaders Like	Forbes?	
alpha1v	Alpha One	1988	Shoot'em Up / Horizontal/Shoot'em Up	Vision Electronics	1-2
alphaho	Alpha Fighter / Head On	2019	Compilation	Data East	1-2
alpham2	Alpha Mission II	1991	Shoot'em Up / Vertical/Shoot'em Up	SNK	1-2
alphaxz	Mission 660	1986	Shoot'em Up / Vertical/Shoot'em Up	Kaneko	1-2
alpilot	Airline Pilots	1999	Simulation	SEGA	1
alpilotj	Airline Pilots	1999	Simulation	SEGA	1
alpine	Alpine Ski	1982	Sports/Sports / Skiing	Pacific Kougyou	1-2
alpinerd	Alpine Racer	1994	Sports/Sports / Skiing	Namco	1
alpines	Alpine Surfer	1996	Sports/Sports / Skiing	Namco	1
alpinr2b	Alpine Racer 2	1996	Sports/Sports / Skiing	Namco	1
altair	Altair	1981	Shooter/Shooter / Space Invaders Like	Cidelsa	1-2
altair2	Altair II		Shooter / Space Invaders Like/Shooter	Cidelsa	1
altbeast	Altered Beast	1988	Beat'em Up	Team Shinobi	1-2
am_mg3	Multi Game III	2000	Compilation	Amatic Trading	1
am_mg35i	Multi Game III	2000	Compilation	Amatic Trading	1
amazon	Soldier Girl Amazon	1986	Shooter/Shooter / Run and Gun	Nichibutsu	1-2
amaztsk	Amazonia	2002	Casino / Slot machine/Casino	Atronic	
ambush	Ambush	1983	Shooter/Shooter / Plane, TPV	Tecfri	1-2
amerdart	Ameridarts	1989	Sports/Sports / Darts	American Game Cartridges	1-4
amidar	Amidar	1982	Puzzle/Action / Labyrinth/Action	Konami	1-2
ampoker2	American Poker II	1990	Casino/Casino / Cards	Novomatic	1
amspdwy	American Speedway	1987	Racing, Driving/Racing, Driving / Racing	Enerdyne Technologies	1-2
amusco	American Music Poker	1987	Casino/Casino / Cards	Amusco	1
androdun	Andro Dunos	1992	Shoot'em Up / Horizontal/Shoot'em Up	Visco	1-2
androidp	Android	1987	Shooter / Space Invaders Like/Shooter		1-2
andromed	Andromeda	1979	Shoot'em Up / Vertical/Shoot'em Up	Irem	1-2
angelkds	Angel Kids	1988	Action / Climbing/Action	SEGA	1-2
anibonus	Animal Bonus	2003	Casino/Casino / Slot machine	Amcoe	1
animalc	Animal Catch	2000	Various		1
animalhs	Animal Catch	2000	Various		1
animaljr	Exciting Animal Land Jr.	1993	Various	Taito	1-2
animalw	Animal Wonders			GPS	1
animechmp	Anime Champ	2000	Various/Compilation	Konami	1-3
anithunt	Animal Treasure Hunt	2003	Casino/Casino / Slot machine	Amcoe	1
anmlbskt	Animal Basket	2005	Sports/Sports / Basketball	MOSS	1-2
anoworld	ZZZ(notgame):Another World				
anpanman2	Soreike! Anpanman Popcorn Factory	1992			
anteater	Anteater	1982	Action / Labyrinth/Action	Tago Electronics	1-2
aodk	Aggressors of Dark Kombat	1994	Fighting/Fighting / Versus	ADK	1-2
aof	Art of Fighting	1992	Fighting / Versus/Fighting	SNK	1-2
aof2	Art of Fighting 2	1994	Fighting / Versus/Fighting	SNK	1-2
aof3	Art of Fighting 3 : The Path of the Warrior	1996	Fighting / Versus/Fighting	SNK	1-2
aoh	Age of Heroes - Silkroad 2	2001	Beat'em Up/Fighting/Fighting / 2.5D	Unico	1-2
apache3	Apache 3	1988	Shooter/Shooter / Plane, TPV	Tatsumi	1
apb	Apb - All Points Bulletin	1987	Racing, Driving	Atari	1
aplarail	Attack Pla-Rail	1998	Simulation	Namco	1
aplatoon	Platoon V.3.1 Us		Lightgun Shooter	Nova?	
apparel	Apparel Night	1986	Asiatic board game/Mahjong		1
apple10	Apple 10	1998	Casino/Casino / Cards	Sandii'	1
appoooh	Appoooh	1984	Sports/Sports / Wrestling	Sanritsu Denki	1-2
aquajack	Aqua Jack	1990	Shooter/Shooter / Vehicle, TPV	Romstar	1
aquajet	Aqua Jet	1996	Racing, Driving/Racing, Driving / Boat	Namco	1
aquarium	Aquarium	1996	Puzzle/Puzzle / Fall	Excellent Systems	1-2
aquarush	Aqua Rush	1999	Puzzle/Various	Namco	1-2
ar_airh	Sporttime Table Hockey	1988	Sports/Various	Arcadia Systems	1-2
ar_argh	Aaargh!	1988	Fighting	Arcadia Systems	1-2
ar_blast	Blastaball	1988	Sports/Various	Arcadia Systems	
ar_bowl	Sporttime Bowling	1988	Sports/Sports / Bowling	Arcadia Systems	1-2
ar_dart	World Darts	1987	Sports/Sports / Darts	Arcadia Systems	1-2
ar_dlta	Delta Command	1988	Shooter	Arcadia Systems	
ar_fast	Magic Johnson's Fast Break	1988	Sports/Sports / Basketball		1-2
ar_ldrb	Leader Board Golf	1988	Sports/Sports / Golf	Arcadia Systems	1-2
ar_ninj	Ninja Mission	1987	Fighting/Fighting / 2D	Arcadia Systems	1
ar_pm	Pharaohs Match	1988	Puzzle/Puzzle / Equalize	Arcadia Systems	
ar_rdwr	Roadwars	1988	Shooter/Shooter / Vehicle, TPV	Arcadia Systems	1-2
ar_sdwr	Sidewinder	1981	Casino/Casino / Slot machine	Ace Enterprise	1
ar_socc	World Trophy Soccer	1989	Sports/Sports / Football (Soccer)	Arcadia Systems	1-2
ar_spot	Spot	1990	Board game	Arcadia Systems	1-2
ar_sprg	Asteroids	1979	Shoot'em Up	Atari	1-2
ar_xeon	Xenon	1988	Shoot'em Up / Vertical/Shoot'em Up	Arcadia Systems	1-2
arabfgt	Arabian Fight	1991	Beat'em Up/Fighting/Fighting / 2.5D	SEGA	1-4
arabian	Arabian	1983	Platform/Platform / Run & Jump	Atari	1-2
arabianm	Arabian Magic	1992	Beat'em Up/Fighting/Fighting / 2.5D	Taito	1-4
arbalest	Arbalester	1989	Shoot'em Up / Vertical/Shoot'em Up	SETA	1-2
arcadecl	Arcade Classics	1992	Compilation	Atari	1-2
arcadian	Arcadia	1994	Shoot'em Up / Vertical/Shoot'em Up	NMK	1-2
archrivl	Arch Rivals	1989	Sports/Sports / Basketball	Bally Midway	1-2
area51	Area 51	1996	Shooter/Lightgun Shooter	Atari	1-2
area51mx	Area 51 / Maximum Force Duo	1998	Lightgun Shooter	Atari	1-2
arescue	Air Rescue	1992	Shooter/Shooter / Plane, FPV	SEGA	1
argus	Argus	1986	Shoot'em Up / Vertical/Shoot'em Up	NMK	1-2
argusg	Argus	1984	Shooter/Action	Gottlieb	1-2
arkanoid	Arkanoid	1986	Action/Action / Breakout games	Taito	1-2
arkarea	Ark Area	1988	Shooter	UPL	1-2
arkatour	Tournament Arkanoid	1987	Action/Action / Breakout games	Taito	1-2
arknoid2	Arkanoid - Revenge Of Doh	1987	Action/Action / Breakout games	Taito	1-2
arkretrn	Arkanoid Returns	1997	Action/Action / Breakout games	Taito	1-2
arlingtn	Arlington Horse Racing	1991	Sports/Horse racing/Sports with animals	Strata	1
armedf	Armed Formation	1988	Shoot'em Up / Vertical/Shoot'em Up	Nichibutsu	1-2
armora	Armor Attack	1980	Shoot'em Up	Cinematronics	1-2
armorcar	Armored Car	1981	Action / Labyrinth/Action	Stern	1-2
armwar	Armored Warriors	1994	Beat'em Up	Capcom	1-3
armwrest	Arm Wrestling	1985	Sports/Sports / Arm wrestling	Nintendo	1
ashura	Ashura Blaster	1990	Shoot'em Up / Vertical/Shoot'em Up	Visco	1-2
asndynmt	Asian Dynamite	2007	Beat'em Up/Adventure	SEGA	1-2
aso	ASO: Armored Scrum Object	1985	Shoot'em Up / Vertical/Shoot'em Up	SNK	1-2
assault	Assault	1988	Shooter/Racing, Driving	Namco	1
astdelux	Asteroids Deluxe	1981	Shoot'em Up	Atari	1
asterix	Asterix	1992	Beat'em Up	Konami	1-2
asteroid	Asteroids	1979	Shoot'em Up	Atari	1-2
astorm	Alien Storm	1990	Platform/Platform / Shooter Scrolling/Beat'em Up	SEGA	1-3
astrass	Astra SuperStars	1998	Fighting/Fighting / Versus	Sunsoft	1-2
astrob	Astro Blaster	1981	Shooter/Shooter / Space Invaders Like	SEGA	1-2
astrof	Astro Fighter	1980	Shooter/Shooter / Space Invaders Like	Data East	1-2
astron	Astron Belt	1983	Shoot'em Up/Shooter/Shooter / Plane, FPV	SEGA	1
astropal	Astropal				1-2
astyanax	The Astyanax	1989	Platform/Platform / Fighter Scrolling	Jaleco	1-2
asuka	Asuka & Asuka	1989	Shoot'em Up / Vertical/Shoot'em Up	Visco	1-2
asurabld	Asura Blade - Sword Of Dynasty	1998	Fighting/Fighting / Versus	Fuuki	1-2
asurabus	Asura Buster - Eternal Warriors	2000	Fighting/Fighting / Versus	Fuuki	1-2
asylum	Asylum	1991	Shooter/Shooter / Run and Gun	Leland	1-3
atarifb	Atari Football	1978	Sports/Sports / Football (American)	Atari	1-2
ataxx	Ataxx	1990	Board game	Capcom	1-2
atehate	Athena No Hatena ?	1993	Quiz/Quiz / Japanese	Athena	1-2
atetris	Tetris	1988	Puzzle/Puzzle / Fall	bootleg	1-2
athena	Athena	1986	Platform/Platform / Fighter Scrolling	SNK	1-2
atlantis	Battle of Atlantis	1981	Shooter/Shooter / Horizontal/Shoot'em Up / Horizontal/Shoot'em Up	Comsoft	1-2
atomicp	Atomic Point	1990	Puzzle/Puzzle / Fall	Philko	1-2
attackfc	Attack Force	1979	Shooter/Shooter / Space Invaders Like	Electronic Games Systems	
attckufo	Attack Ufo	1980	Shooter/Shooter / Space Invaders Like	Ryoto Electric Co.	1-2
atworld	Around The World	2007	Casino/Casino / Slot machine	Amcoe	1
au	Au	1983	Shoot'em Up	Tehkan	1-2
aurail	Aurail	1990	Shooter/Shooter / Vehicle, Vertical	SEGA	1-2
ausfache	Akatsuki Blitzkampf Ausf Achse	2008	Fighting/Fighting / Versus	Subtle Style	1-2
av2mj1bb	Av2mahjong No.1 Bay Bridge No Seijo	1991	Asiatic board game/Mahjong		1
av2mj2rg	Av2mahjong No.2 Rouge No Kaori	1991	Asiatic board game/Mahjong		1
avalnche	Avalanche	1978	Action	Atari	1-2
avengers	Avengers	1987	Fighting/Fighting / Vertical	Capcom	1-2
avengrgs	Avengers In Galactic Storm	1995	Fighting/Fighting / Versus	Data East	1-2
avmjts	AV-Mahjong Two Shot				
avmjyk	AV-Mahjong Yanchana Koneko				
avsp	Alien vs. Predator	1994	Beat'em Up	Capcom	1-3
avspirit	Avenging Spirit	1991	Platform/Platform / Fighter Scrolling	Jaleco	1-2
avtbingo	Arrow Bingo	1985	Casino	Advanced Video Technology	1
aztarac	Aztarac	1983	Shooter	Tim Stryker	1-2
azumanga	Azumanga Daioh Puzzle Bobble	2002	Puzzle/Puzzle / Throw	MOSS	1-2
azurian	Azurian Attack	1982	Shooter	Rait Electronics	1-2
b2b	Bang Bang Busters	2011	Platform/Platform / Run & Jump	Visco	1-2
baccarsp	Baccarat Special	1997		World Station Co.	1
backfire	Backfire!	1995	Racing, Driving/Racing, Driving / Racing	Data East	1-2
backfirt	Back Fire	1988	Shoot'em Up / Horizontal/Shoot'em Up	Tecmo	1-2
baddog	Bad Dog Poker	1996	Casino / Slot machine/Casino	Aristocrat	1
baddudes	Bad Dudes vs. Dragonninja	1988	Beat'em Up/Platform/Platform / Fighter Scrolling	Data East	1-2
badlands	Bad Lands	1989	Racing, Driving/Racing, Driving / Racing	Atari	1-2
bagman	Bagman	1982	Platform/Platform / Run & Jump	Valadon Automation	1-2
baile	Baile 2005	2005	Casino/Casino / Cards	GMS	1
bakatono	Bakatonosama Mahjong Manyuuki	1991	Asiatic board game/Mahjong	Monolith	1
bakubaku	Baku Baku Animal	1995	Puzzle/Puzzle / Fall	SEGA	1-2
bakutotu	Bakutotsu Kijuutei	1988	Shoot'em Up / Horizontal/Shoot'em Up	Namco	1-2
balcube	Bal Cube	1996	Action/Action / Breakout games	Metro Corporation	1-2
ballbomb	Balloon Bomber	1980	Shooter/Shooter / Space Invaders Like	Taito	1-2
ballbros	Balloon Brothers	1992	Puzzle/Puzzle / Fall	East Technology	1-2
balonfgt	Vs. Balloon Fight	1984	Platform/Platform / Run & Jump	Nintendo	1-2
baluba	Baluba-louk No Densetsu	1986	Platform/Platform / Run & Jump	Able	1-2
bam2	Bust A Move 2 - Dance Tengoku Mix	1999	Dancing/Music and Dancing	Metro Graphics	1-2
bananadr	Mahjong Banana Dream [bet]	1989	Asiatic board game/Mahjong		1
banbam	BanBam	1984	Action / Labyrinth/Action	Sunsoft	1-2
bandit	Bandit	1989	Racing, Driving / Racing/Racing, Driving	Data East	1-2
bang	Bang!	1998	Shooter/Lightgun Shooter	Bit Managers	1-2
bangball	Bang Bang Ball	1996	Puzzle/Puzzle / Throw	Goodhouse	1-2
bangbead	Bang Bead	2000	Sports	Visco	1-2
bankp	Bank Panic	1984	Shooter	Sanritsu Denki	1-2
baoqingt	ZZZ(notgame):Bao Qing Tian (TIC)				
barek2ch	Bare Knuckle II	1994	Fighting / 2.5D/Fighting	bootleg	1-2
barek2mb	Bare Knuckle II	1994	Fighting / 2.5D/Fighting	bootleg	1-2
barek3mb	Bare Knuckle III	1994	Fighting / 2.5D/Fighting	bootleg	1-2
barek3mbc	Bare Knuckle 3 (Conny bootleg of Mega Drive version)	1995	Fighting / 2.5D/Fighting		1-2
barekch	Bare Knuckle	1994	Fighting / 2.5D/Fighting	bootleg	1-2
barline	Barline	1988	Casino/Casino / Slot machine	Nichibutsu	1
barricad	Barricade	1976	Action / Labyrinth/Action		1-4
barrier	Barrier	1979	Puzzle	Cinematronics	1-2
baryon	Baryon: Future Assault	1997	Shoot'em Up / Vertical/Shoot'em Up	SemiCom	1-2
basebal2	Baseball: The Season II	1987	Sports/Sports / Baseball	Cinematronics	1-2
basschal	Sega Bass Fishing Challenge	2009	Sports/Fishing/Hunting and Fishing	SEGA	1-2
bassdx	Sega Bass Fishing	1997	Fishing/Sports/Hunting and Fishing	SEGA	1
batcir	Battle Circuit	1997	Beat'em Up	Capcom	1-4
batlgear	Battle Gear	1999	Racing, Driving/Racing TPV	Taito	1
batlgr2	Battle Gear 2	2000	Racing, Driving/Racing TPV	Taito	1
batman	Batman	1991	Platform/Platform / Fighter Scrolling	Atari	1
batmanfr	Batman Forever	1996	Beat'em Up	Acclaim Entertainment	1-2
batrider	Armed Police Batrider	1998	Shoot'em Up / Vertical/Shoot'em Up	Raizing	1-2
batsugun	Batsugun	1993	Shoot'em Up / Vertical/Shoot'em Up	Toaplan	1-2
battlane	Battle Lane! Vol. 5	1986	Shooter/Shooter / Vehicle, Vertical	Technos Japan	1-2
battlcry	Battlecry	1991	Fighting/Fighting / 2D	Home Data	1-2
battlera	Battle Rangers	1988	Shooter/Shooter / Run and Gun	Data East	1-2
battlex	Battle Cross	1982	Shooter/Shooter / Plane	Omori Electric	1-2
battlnts	Battlantis	1987	Shooter/Shooter / TPV	Konami	1-2
battroad	The Battle-Road	1984	Shooter/Shooter / Vehicle, Vertical	Irem	1-2
bayroute	Bay Route	1989	Shooter/Platform/Platform / Shooter Scrolling	Sunsoft	1-2
bbakraid	Battle Bakraid: Unlimited Version	1999	Shoot'em Up / Vertical/Shoot'em Up	Eighting	1-2
bballoon	Bnb Arcade	2003	Action / Labyrinth/Action	Eolith	1-2
bballs	Bouncing Balls	1991	Puzzle/Puzzle / Fall	Comad	1-2
bbbxing	Best Bout Boxing	1994	Sports/Sports / Boxing	Jaleco	1-2
bbh	Big Buck Hunter	2000	Lightgun Shooter	Incredible Technologies	1
bbh2sp	Big Buck Hunter II - Sportsman's Paradise	2003	Shooter / FPV/Shooter		1
bbhcotw	Big Buck Hunter Call Of The Wild	2006	Shooter / FPV/Shooter		1
bbhsc	Big Buck Hunter - Shooter's Challenge	2002	Shooter / FPV/Shooter		1
bbmanw	New Atomic Punk - Global Quest	1992	Action / Labyrinth/Action	Hudson Soft	1-4
bbonk	Bigfoot Bonkers	1976	Action / Labyrinth/Action		1-2
bbprot	Unknown Fighting Game 'bb'		Fighting/Fighting / Versus		1
bbust2	Beast Busters : Second Nightmare	1998	Shooter	SNK	1-2
bbusters	Beast Busters	1989	Shooter/Lightgun Shooter	SNK	1-3
bchance	Bonne Chance!		Casino/Casino / Cards		1
bchancep	Bonne Chance!		Casino/Casino / Cards		1
bchanceq	Bonne Chance!		Casino/Casino / Cards		1
bchopper	Battle Chopper	1987	Shooter/Shooter / Plane	Irem	1-2
bcruzm12	Battle Cruiser M-12	1983	Shooter/Shooter / Space Invaders Like	Sigma Enterprises	1-2
bcstry	B.C. Story	1997	Compilation	Tirano	1-2
bdrdown	Border Down	2003	Shoot'em Up / Horizontal/Shoot'em Up	G.Rev	1
beachspi	Beach Spikers: Virtua Beach Volleyball	2001	Sports / Volleyball/Sports	SEGA	1-2
beaminv	Beam Invader	1979	Shooter/Shooter / Space Invaders Like	Tekunon Kougyou	1-2
beastrzr	Bloody Roar	1997	Fighting	Sony Computer Entertainment	1-2
beathead	Beathead	1993	Platform/Platform / Run & Jump	Atari	1-2
beezer	Beezer	1982	Action / Labyrinth/Action	Tong Electronic	1-2
begas	Bega's Battle	1983	Platform/Platform / Run & Jump	Data East	1
bejpoker	Bonanza Enterprises' Joker Poker	1992	Casino / Cards/Casino	Bonanza Enterprises	1
bel	Behind... Enemy Lines	1998	Shooter/Lightgun Shooter/Shooter / FPV	Real3D	1-2
benberob	Ben Bero Beh	1984	Platform/Shooter	Taito	1-2
berabohm	Beraboh Man	1988	Platform/Platform / Fighter Scrolling	Namco	1-2
berenstn	The Berenstain Bears in Big Paw's Cave	1984	Action / Labyrinth/Action		1-2
berlwall	The Berlin Wall	1991	Platform/Platform / Run & Jump	Kaneko	1-2
bermudat	Bermuda Triangle	1987	Shoot'em Up / Vertical/Shoot'em Up	SNK	1-2
berzerk	Berzerk	1980	Action / Labyrinth/Action	Stern	1-2
bestbest	Best of Best	1994	Fighting/Fighting / Versus	SunA	1-2
bestri	Bestri	1998	Compilation	F2 System	1-2
bgaregga	Battle Garegga	1996	Shoot'em Up / Vertical/Shoot'em Up	Raizing	1-2
bigappg	The Big Apple	1986		Merit Software	
bigbucks	Big Bucks	1986	Quiz/Quiz / English	Dynasoft	1-4
bigcsino	Big Casino	1984	Casino / Cards/Casino	Status Games	1
bigevglf	Big Event Golf	1986	Sports/Sports / Golf	Taito	1-2
bigfight	Big Fight - Big Trouble In The Atlantic Ocean	1992	Fighting/Fighting / 2.5D	Tatsumi	1-2
bigjoke	The Big Joke	1987	Quiz / English/Quiz	Grayhound Electronics	1
bigkarnk	Big Karnak	1991	Platform/Platform / Fighter Scrolling	Gaelco	1-2
bigprowr	Tag Team Wrestling	1983	Sports/Sports / Wrestling	Technos Japan	1-2
bigrun	Big Run	1989	Racing, Driving/Racing TPV	Jaleco	1
bigstrik	Big Striker	1992	Sports / Football (Soccer)/Sports	Jaleco	1-2
bigtwin	Big Twin	1995	Adults/Puzzle/Puzzle / Fall	Playmark	1-2
bijokkog	Bijokko Gakuen	1988	Asiatic board game/Mahjong		1-2
bijokkoy	Bijokko Yume Monogatari	1987	Asiatic board game/Mahjong		1-2
bikiniko	Bikinikko - Okinawa De Ippai Shichaimashita	1999	Asiatic board game/Mahjong		
bikkuri	Bikkuri Pro Wrestling	1988	Sports / Wrestling/Sports	Nichibutsu	1
bikkuric	Bikkuri Card	1987	Puzzle/Puzzle / Equalize		1
bilyard	Billiard	1988	Sports/Sports / Swimming	Terminal Reality	1
bingogal	ZZZ(notgame):Bingo Galaxy				
bingowng	Bingo	1993	Casino / Slot machine/Casino		
bioatack	Bio Attack	1983	Shoot'em Up / Vertical/Shoot'em Up	Taito	1-2
biofreak	Biofreaks	1997	Fighting/Fighting / Versus	Midway	1-2
biohzdmb	Bio-Hazard Battle (scrambled bootleg of Mega Drive version)	1995	Action / Labyrinth/Action		1-2
biomtoy	Biomechanical Toy	1995	Platform / Shooter Scrolling/Platform	Zeus Software	1
bionicc	Bionic Commando	1987	Platform / Shooter Scrolling/Platform	Capcom	1-2
bioship	Bio-ship Paladin	1990	Shoot'em Up / Horizontal/Shoot'em Up	UPL	1-2
birdiy	Birdiy	1983	Action / Climbing/Action	Mama Top	1-2
birdtry	Birdie Try	1988	Sports/Sports / Golf	Data East	1-2
bishi	Bishi Bashi Championship Mini Game Senshuken	1996	Compilation	Konami	1-3
bjourney	Blue's Journey	1991	Platform/Platform / Fighter Scrolling	ADK	1-2
bjpoker	Poker / Black Jack			M.Kramer Manufacturing.	
bjtwin	Bomb Jack Twin	1993	Platform/Platform / Run & Jump	NMK	1-2
bk3ssrmb	Bare Knuckle III / Sunset Riders	1994	Fighting / 2.5D/Fighting	bootleg	1-2
bking	Birdie King	1982	Sports/Sports / Golf	Taito	1-2
bking2	Birdie King 2	1983	Sports/Sports / Golf	Taito	1-2
bking3	Birdie King 3	1984	Sports/Sports / Golf	Taito	1-2
bkrtmaq	Bakuretsu Kuizu Ma-Ky Dai Bken	1992	Quiz/Quiz / Japanese	Namco	1-2
black	Czernyj Korabl	2019	Shooter/Shooter / Run and Gun		1
blackhol	Black Hole (EFG Sanremo)		Platform/Platform / Run & Jump	EFG Sanremo	1
blackpnt	Black Panther	1987	Platform/Platform / Fighter Scrolling	Konami	1-2
blackt96	Black Touch '96	1996	Beat'em Up/Fighting/Fighting / 2.5D	D.G.R.M.	1-2
bladestl	Blades Of Steel	1987	Sports/Sports / Hockey	Konami	1-2
blandia	Blandia	1992	Fighting/Fighting / Versus	Allumer	1-2
blasted	Blasted	1988	Shooter/Shooter / TPV	Bally Midway	1-2
blaster	Blaster	1983	Shooter/Shooter / Plane, TPV	Williams	1-2
blasto	Blasto	1978	Action / Labyrinth/Shooter Small/Action	Gremlin Industries	1-2
blastoff	Blast Off	1989	Shoot'em Up / Vertical/Shoot'em Up	Namco	1-2
blazeon	Blaze On	1992	Shoot'em Up / Horizontal/Shoot'em Up	A.I	1-2
blazer	Blazer	1987	Shooter/Shooter / Vehicle, Diagonal	Namco	1-2
blazlaz	Blazing Lazers	1989	Shoot'em Up / Vertical/Shoot'em Up	Hudson Soft	1
blazstar	Blazing Star	1998	Shoot'em Up / Horizontal/Shoot'em Up	Yumekobo	1-2
bldyror2	Bloody Roar 2: Bringer of the New Age	1998	Fighting/Fighting / Versus	Eighting	1-2
blitz	Nfl Blitz	1997	Sports/Sports / Football (American)	Midway	1-2
blitz2k	Nfl Blitz 2000 Gold Edition	1999	Sports/Sports / Football (American)	Midway	1-4
blitz99	Nfl Blitz '99	1998	Sports/Sports / Football (American)		1-4
blkheart	Black Heart	1991	Shoot'em Up / Horizontal/Shoot'em Up	NMK	1-2
blkhole	Black Hole	1981	Shoot'em Up / Vertical/Shoot'em Up/Shooter/Shooter / Space Invaders Like	TDS	1-2
blkpnthr	Black Panther	1987	Platform/Platform / Fighter Scrolling	Konami	1-2
blktch2	Black Touch II	1993	Mahjong/Asiatic board game		1-2
blktiger	Black Tiger	1987	Platform/Platform / Fighter Scrolling	Capcom	1-2
blktouch	Black Touch	1993	Mahjong/Puzzle/Puzzle / Equalize/Asiatic board game		1-2
blmbycar	Blomby Car	1994	Racing, Driving/Racing, Driving / Racing	ABM Games	1-2
blnctry	Balance Try	1999		Namco	1
block	Block Block	1991	Action/Action / Breakout games	Capcom	1-2
blockade	Blockade	1976	Action / Labyrinth/Action	Gremlin Industries	2
blockcar	Block Carnival	1992	Action / Breakout games/Action	Visco	1-2
blocken	Blocken	1994	Action/Action / Breakout games	Kindle Imagine Develop	1-2
blockfvr	Block Fever	1978	Action / Breakout games/Action	Nintendo	1-2
blockgal	Block Gal	1987	Action/Action / Breakout games	Vic Tokai	1-2
blockhl	Block Hole	1989	Puzzle/Various	Konami	1-2
blockout	Block Out	1989	Puzzle/Puzzle / Fall	Technos Japan	1-2
blokpong	Block Pong-Pong	2004	Action / Breakout games/Action	MOSS	1-2
bloodbro	Blood Bros.	1990	Shooter/Shooter / TPV	Tad	1-2
bloodstm	Blood Storm	1994	Fighting/Fighting / Versus	Incredible Technologies	1-2
bloodwar	Blood Warrior	1993	Fighting/Fighting / Versus	Kaneko	1-2
bloxeed	Bloxeed	1989	Puzzle/Puzzle / Fall	SEGA	1-2
blstroid	Blasteroids	1987	Shooter / Plane, TPV/Shoot'em Up/Shooter	Atari	1-2
blswhstl	Bells & Whistles	1991	Shoot'em Up / Vertical/Shoot'em Up	Konami	1-2
bluehawk	Blue Hawk	1993	Shoot'em Up / Vertical/Shoot'em Up	Dooyong	1-2
blueprnt	Blue Print	1982	Action / Labyrinth/Action	Ashby Computers and Graphics	1-2
blueshrk	Blue Shark	1978	Shooter/Shooter / Space Invaders Like	Midway	1
blzntrnd	Blazing Tornado	1994	Sports/Sports / Wrestling	Human Entertainment	1-4
bm1stmix	Beatmania	1997	Rhythm/Music and Dancing	Konami	1-2
bm2ndmix	Beatmania 2nd Mix	1998	Rhythm/Music and Dancing	Konami	1-2
bm3	Beatmania III	2000	Rhythm/Music and Dancing	Konami	1-2
bm36th	Beatmania 3 Append 6th Mix	2001	Rhythm/Music and Dancing		
bm37th	Beatmania III Append 7th Mix	2002	Rhythm/Music and Dancing		1
bm3core	Beatmania 3 Append Core Remix	2000	Rhythm/Music and Dancing		
bm3final	Beatmania III The Final	2003	Rhythm/Music and Dancing		1
bm3rdmix	Beatmania 3rd Mix	1998	Rhythm/Music and Dancing	Konami	1-2
bm4thmix	Beatmania 4th Mix	1999	Rhythm/Music and Dancing	Konami	1-2
bm5thmix	Beatmania 5th Mix	1999	Rhythm/Music and Dancing	Konami	1-2
bm6thmix	Beatmania 6th Mix	2001	Rhythm/Music and Dancing	Konami	1-2
bm7thmix	Beatmania 7th Mix	2001	Rhythm/Music and Dancing	Konami	1-2
bmanroul	Bomberman Misobon Roulette	1996	Puzzle	Eighting	1
bmaster	Blade Master	1991	Beat'em Up	Irem	1-2
bmcbowl	Konkyuu No Hoshi	1994	Sports/Sports / Bowling	BMC	1
bmclubmx	Beatmania Club Mix	2000	Rhythm/Music and Dancing	Konami	1-2
bmcompm2	Beatmania Complete Mix 2	2000	Rhythm/Music and Dancing	Konami	1-2
bmcompmx	Beatmania Complete Mix	1999	Rhythm/Music and Dancing	Konami	1-2
bmcorerm	Beatmania Core Remix	2000	Rhythm/Music and Dancing	Konami	1-2
bmcpokr	Dongfang Shenlong	1999		BMC	
bmdct	Beatmania Featuring Dreams Come True	2000	Rhythm/Music and Dancing	Konami	1-2
bmfinal	Beatmania The Final	2002	Rhythm/Music and Dancing	Konami	1-2
bmiidx	Beatmania IIDX	1999	Rhythm/Music and Dancing	Konami	1-2
bmiidx2	beatmania IIDX 2nd style	1999	Rhythm/Music and Dancing		1-2
bmiidx3	beatmania IIDX 3rd style	2000	Rhythm/Music and Dancing	Konami	1-2
bmiidx4	beatmania IIDX 4th style	2000	Rhythm/Music and Dancing	Konami	1-2
bmiidx5	beatmania IIDX 5th style	2001	Rhythm/Music and Dancing	Konami	
bmiidx6	beatmania IIDX 6th style	2001	Rhythm/Music and Dancing	Konami	1-2
bmiidx7	beatmania IIDX 7th style	2002	Rhythm/Music and Dancing	Konami	1-2
bmiidx8	beatmania IIDX 8th style	2002	Rhythm/Music and Dancing	Konami	1-2
bmiidxc	beatmania IIDX with DDR 2nd Club Version	1999	Rhythm/Music and Dancing	Konami	1-2
bmiidxc2	beatmania IIDX Substream with DDR 2nd Club Version	1999	Rhythm/Music and Dancing	Konami	
bmiidxs	beatmania IIDX Substream	1999	Rhythm/Music and Dancing	Konami	1-2
bmxstunts	BMX Stunts	1985	Racing, Driving	Jetsoft	1-2
bnglngby	Vs. Raid On Bungeling Bay	1985	Shooter/Shooter / Plane	Will Wright	1-2
bngotime	Bingo Time	1986	Casino / Lottery/Casino	CLS	1
bnstars1	Vs. Janshi Brandnew Stars	1997	Asiatic board game/Mahjong		1
bnzabros	Bonanza Bros.	1990	Platform / Shooter Scrolling/Platform/Shooter	SEGA	1-2
bodyslam	Body Slam	1986	Sports/Sports / Wrestling	SEGA	1-2
bogeyman	Bogey Manor	1985	Platform/Fighting	Technos Japan	1-2
boggy84	Boggy '84	1983	Platform/Platform / Run & Jump	Kaneko	1-2
bombbee	Bomb Bee	1979	Action/Action / Breakout games	Namco	1-2
bombjack	Bomb Jack	1984	Platform	Tehkan	1-2
bombkick	Bomb Kick	1998	Platform/Platform / Fighter Scrolling	Yun Sung	1-2
bombsa	Bombs Away	1988	Shoot'em Up / Vertical/Shoot'em Up	Jaleco	1-2
bonanza	Touchstar Bonanza	1994		New Image Technologies	
bongo	Bongo	1983	Platform/Platform / Run & Jump Scrolling	Jetsoft	1-2
bonkadv	Bonk's Adventure - Arcade Version	1994	Platform/Platform / Run & Jump Scrolling	Red Company Corporation	1-2
bonusch	Bonus Chance	1990	Casino	Wing	
bonzeadv	Bonze Adventure	1988	Platform/Platform / Shooter Scrolling	Taito	1-2
boogwing	Boogie Wings	1992	Shooter/Shooter / Horizontal/Shoot'em Up / Horizontal/Shoot'em Up	Data East	1-2
boomrang	Boomer Rang'r	1984	Shooter	Data East	1-2
boonggab	Boong-ga Boong-ga	2001	Various		1
boothill	Boot Hill	1977	Shooter/Fighting / Versus/Fighting	Midway	1-2
bootsctn	ZZZ(notgame):Boot Scootin'				
borench	Borench	1990	Action / Labyrinth/Action	SEGA	1-2
borntofi	Born To Fight	1989	Shooter/Lightgun Shooter		1-2
bosco	Bosconian	1981	Shooter	Namco	1-2
botanic	Botanic	1983	Action / Labyrinth/Action	Valadon Automation	1-2
botss	Battle Of The Solar System	1992	Shooter/Shooter / TPV	MicroProse	1
bottle10	Bottle 10	1996	Casino/Casino / Cards	C.M.C.	1
bottom9	Bottom Of The Ninth	1989	Sports/Sports / Baseball	Konami	1-2
bouldash	Boulder Dash / Boulder Dash Part 2	1990	Action / Labyrinth/Puzzle/Action	First Star Software	1
bounty	The Bounty	1982	Racing, Driving/Racing, Driving / Boat	Orca	1-2
bowl3d	3-d Bowling	1978	Sports/Sports / Bowling	Meadows	1-2
bowler	Bowling Alley	1978	Sports/Sports / Bowling	Midway	1-4
bowlrama	Bowl-O-Rama	1991	Sports / Bowling/Sports	Capcom	1-2
bowmen	Bowmen	1994	Puzzle	Ten-Level	1-2
boxer	Boxer	1978	Sports/Sports / Boxing	Atari	1-2
boxingb	Boxing Bugs	1981	Shooter	Cinematronics	1-2
boxyboy	Boxy Boy	1990	Puzzle/Various	Namco	1
bparty	ZZZ(notgame):Bachelorette Party				
bradley	Bradley Trainer	1980	Shooter		1
brain	Brain	1986	Shoot'em Up / Horizontal/Shoot'em Up	Coreland	1-2
brainbox2	Brain box 2	1993	Quiz / English/Quiz	BFM	1
brapboys	B.Rap Boys	1992	Beat'em Up/Fighting/Fighting / 2.5D	Kaneko	1-3
brasil	Bra$il	2000	Casino/Casino / Cards		1
brasil86	Brasil 86	1986	Casino/Casino / Cards		1
brasil87	Brasil 87	1987	Casino/Casino / Cards		1
brasil89	Brasil 89	1989	Casino/Casino / Cards		1
brasil93	Brasil 93	1993	Casino/Casino / Cards		1
braveff	Brave Firefighters : Real Life Heroes	1999	Lightgun Shooter/Shooter / FPV/Shooter	Sega CS1	1-2
brdrline	Borderline	1981	Shooter/Shooter / Vehicle, Vertical	SEGA	1-2
breakers	Breakers	1996	Fighting/Fighting / Versus	Visco	1-2
breakrev	Breakers Revenge	1998	Fighting/Fighting / Versus	Visco	1-2
brickppl	Brick People / Block Peepoo	2009	Puzzle	SEGA	1
brickzn	Brick Zone	1992	Action/Action / Breakout games	SunA	1-2
brival	Burning Rival	1992	Fighting/Fighting / Versus	SEGA	1-2
brixian	Brixian	1993	Puzzle/Various	Cheil Computer System	1
brkball	Break Ball	1994	Pinball	BFM/ATOD	1-2
brkthru	Break Thru	1986	Shooter/Shooter / Vehicle, Horizontal	Data East	1-2
brod	Brodjaga	2019	Platform/Platform / Run & Jump Scrolling		1
brubber	Bump 'n' Jump	1982	Racing, Driving/Racing, Driving / Racing	Data East	1-2
brutforc	Brute Force	1991	Fighting/Shooter	Leland	1-3
brvblade	Brave Blade	2000	Shoot'em Up / Vertical/Shoot'em Up	Eighting	1-2
bshark	Battle Shark	1989	Shooter/Shooter / Plane, FPV	Taito	1
bsktball	Basketball	1979	Sports/Sports / Basketball	Atari	1-2
bssoccer	Back Street Soccer	1996	Sports/Sports / Football (Soccer)	SunA	1-4
bstars	Baseball Stars Professional	1990	Sports/Sports / Baseball	SNK	1-2
bstars2	Baseball Stars 2	1992	Sports/Sports / Baseball	SNK	1-2
bsuerte	Buena Suerte	1990	Casino/Casino / Cards		1
btchamp	Beat The Champ	1996	Sports/Compilation	Konami	1-2
btime	BurgerTime	1982	Platform/Platform / Run & Jump	Data East	1-2
btlecity	Vs. Battle City	1985	Action / Labyrinth/Shooter Small/Action	Namco	1-2
btlkroad	Battle K-Road	1994	Fighting/Fighting / Versus	Psikyo	1-2
btltryst	Battle Tryst	1998	Fighting/Fighting / Versus		1-2
btoads	Battletoads	1994	Beat'em Up/Fighting/Fighting / 2.5D	Rareware	1-3
bubblem	Bubble Memories: The Story of Bubble Bobble III	1995	Platform/Platform / Run & Jump	Taito	1-2
bubbles	Bubbles	1982	Action / Labyrinth/Action	Williams	1-2
bubbletr	Bubble Trouble	1992	Shooter/Lightgun Shooter	Namco	1-2
bubl2000	Bubble 2000	1998	Adults/Puzzle/Puzzle / Throw	Afega	1-2
bublbob2	Bubble Symphony	1994	Platform/Platform / Run & Jump	Taito	1-2
bublbobl	Bubble Bobble	1986	Platform/Platform / Run & Jump	Taito	1-2
bubucar	ZZZ(notgame):Bu Bu Car				
buccanrs	Buccaneers	1989	Beat'em Up/Fighting/Fighting / 2D	Duintronic	1-2
buckrog	Buck Rogers: Planet of Zoom	1982	Shoot'em Up	SEGA	1
bucky	Bucky O'Hare	1992	Shooter / Run and Gun/Shooter	Konami	1-4
bugfever	Bugs Fever	2006	Casino/Casino / Slot machine	Amcoe	1
buggyboy	Buggy Boy	1985	Racing, Driving/Racing TPV	Tatsumi	1
buggychl	Buggy Challenge	1984	Racing, Driving/Racing TPV	Taito	1
bujutsu	Fighting Bujutsu	1997	Fighting/Fighting / 3D		1-2
bullet	Bullet	1987	Shooter/Shooter / Run and Gun	SEGA	1-3
bullfgt	Bullfight	1984	Sports	Coreland	1-2
bullfgtr	Bull Fighter	1984	Sports/Sports / Hockey	ADK	1-2
bullsdrt	Bulls Eye Darts	1985	Sports/Sports / Darts	Shinkai	1-2
burglarx	Burglar X	1997	Action / Labyrinth/Action	Unicorn Group	1-2
buriki	Buriki One	1999	Fighting/Fighting / Versus	SNK	1-2
burnforc	Burning Force	1989	Shooter/Shooter / Vehicle, TPV	Namco	1-2
burningf	Burning Fight	1991	Beat'em Up	SNK	1-2
butasan	Butasan - Pig's & Bomber's	1987	Shooter/Shooter / Run and Gun	NMK	1-2
butrfly	Butterfly Video Game	1995	Casino/Casino / Slot machine	Bordun International	1
buttdeli	Butterfly Delight	1995	Casino / Slot machine/Casino	Aristocrat	1
buttobi	Buttobi Striker	1994	Sports / Football (Soccer)/Sports	Konami	1
bwcasino	Boardwalk Casino	1983	Casino/Casino / Cards	Epos	1-2
bwidow	Black Widow	1982	Shoot'em Up	Atari	1
bwings	B-wings	1984	Shoot'em Up / Vertical/Shoot'em Up	Data East	1-2
bygone	Bygone	1985	Shooter/Shooter / Horizontal	Taito	1-2
bzone	Battlezone	1980	Shooter/Shooter / Vehicle, FPV	Atari	1
cabal	Cabal	1988	Shooter/Shooter / TPV	Tad	1-2
cachat	Tube-it	1993	Puzzle/Puzzle / Fall	Taito	1-2
cadanglr	Angler Dangler	1982	Sports/Fishing/Hunting and Fishing	Data East	1-2
cadash	Cadash	1989	Platform/Platform / Fighter Scrolling	Taito	1-2
cafebrk	ZZZ(notgame):Mahjong Cafe Break	1999	Asiatic board game/Mahjong		
cafedoll	ZZZ(notgame):Mahjong Cafe Doll	1993	Asiatic board game/Mahjong		
cafepara	ZZZ(notgame):Mahjong Cafe Paradise	1999	Asiatic board game/Mahjong	Techno-Top	
cafetime	Mahjong Cafe Time	1992	Asiatic board game/Mahjong		1
cairblad	Change Air Blade	1999	Shoot'em Up / Vertical/Shoot'em Up	Aisystem Tokyo	1-2
calcune	Calcune	1996	Puzzle	Yuvo	1-2
calibr50	Caliber 50	1989	Shooter/Shooter / Run and Gun	Athena	1-2
calipso	Calipso	1982	Action / Labyrinth/Shooter Small/Action	Tago Electronics	1-2
calorie	Calorie Kun Vs Moguranian	1986	Action / Labyrinth/Action	SEGA	1-2
calspeed	California Speed	1998	Racing, Driving/Racing TPV	Atari	1
cameltry	Cameltry	1989	Action / Labyrinth/Action	Taito	1-2
candy	Candy Candy	1999	Puzzle/Puzzle / Fall	Deca Entertainment	1-2
cane	Cane		Shooter	Model Racing	1
cannball	Cannon Ball	1995	Puzzle / Throw/Puzzle	Yun Sung	
cannonbp	Cannon Ball	1985	Puzzle/Action/Puzzle / Throw/Action / Breakout games	Novomatic	1-2
canvas	Canvas Croquis	1985	Adults/Action / Labyrinth/Action	SNK	1-2
canyon	Canyon Bomber	1977	Shooter/Shooter / Space Invaders Like	Atari	1-2
capbowl	Capcom Bowling	1988	Sports/Sports / Bowling	Incredible Technologies	1-4
capsnk	Capcom vs. SNK: Millennium Fight 2000	2000	Fighting/Fighting / Versus	Capcom	1-2
captaven	Captain America And The Avengers	1991	Beat'em Up	Data East	1-4
captcomm	Captain Commando	1991	Beat'em Up	Capcom	1-4
captflag	Captain Flag	1993		Jaleco	1-2
cardline	Card Line		Casino/Casino / Cards		1
carhntds	Car Hunt / Deep Scan	1979	Shooter/Compilation	SEGA	1-2
carjmbre	Car Jamboree	1983	Racing, Driving	Omori Electric	1-2
carket	Carket Ball	1996	Sports/Sports / Swimming	SemiCom	
carnevil	Carnevil	1998	Shooter/Lightgun Shooter	Midway	1-2
carnival	Carnival	1980	Shooter/Shooter / Space Invaders Like	SEGA	1-2
carnking	Carnival King	2002	Lightgun Shooter	Incredible Technologies	1
carpolo	Car Polo	1977	Racing, Driving/Sports	Exidy	1-4
carrera	Carrera	2019	Puzzle/Puzzle / Equalize		1
cartfury	Cart Fury	2000	Racing, Driving/Racing TPV	Midway	1
casanova	Casanova	1994	Adults/Puzzle/Puzzle / Equalize	Promat	1
casbjack	Casino Black Jack	1983	Casino/Casino / Cards		1
cashquiz	Cash Quiz	1986	Quiz/Quiz / English	Zilec Games	1-2
caspoker	Casino Poker	1987	Casino/Casino / Cards		1
castfant	Astro Fantasia	1981	Shooter/Shooter / Space Invaders Like	Data East	1-2
catacomb	Catacomb	1982	Shoot'em Up / Vertical/Shoot'em Up	MTM Games	1-2
catapult	Catapult	1982	Various	Epos	1
catchp	Catch	1977	Action		1-2
catnmous	Cat And Mouse	1982	Shooter / Space Invaders Like/Shooter	Zaccaria	1
cavelon	Cavelon	1983	Action / Labyrinth/Action	Jetsoft	1-2
cavenger	Cosmic Avenger	1981	Shoot'em Up / Horizontal/Shoot'em Up	Universal	1-2
cawing	Carrier Air Wing	1990	Shoot'em Up / Horizontal/Shoot'em Up	Capcom	1-2
cbaj	Cool Boarders Arcade Jam	1998	Sports/Sports / Skiing	Tecmo	1
cball	Cannonball	1976	Action		1-2
cbasebal	Capcom Baseball: Suketto Gaijin Oo-Abare	1989	Sports/Sports / Baseball	Capcom	1-2
cbdash	Boulder Dash	1985	Action / Labyrinth/Puzzle/Action	Data East	
cbombers	Chase Bombers	1994	Racing, Driving/Racing TPV	Taito	1
cbtime	Burger Time	1983	Platform/Platform / Run & Jump	Data East	1-2
cburnrub	Burnin' Rubber (DECO Cassette)	1982	Racing, Driving / Racing/Racing, Driving	Data East	1-2
cbuster	Two Crude	1990	Beat'em Up/Platform/Platform / Fighter Scrolling	Data East	1-2
ccasino	Chinese Casino [bet]	1987	Asiatic board game/Mahjong		1
ccastles	Crystal Castles	1983	Action / Labyrinth/Action	Atari	1-2
cchance	Cherry Chance	1987	Casino/Casino / Slot machine		1
cchasm	Cosmic Chasm	1983	Shooter	Cinematronics	1-2
cclimber	Crazy Climber	1980	Action / Climbing/Action	Nichibutsu	1-2
cclimbr2	Crazy Climber 2	1988	Action / Climbing/Action	Nichibutsu	1-2
cclownz	Crazzy Clownz	1999	Action	LAI Games	1
cdiscon1	Disco No.1 (DECO Cassette)	1982	Puzzle	Data East	1-2
cdracula	Castle of Dracula	1994	Puzzle/Puzzle / Throw	Yun Sung	1-2
cdsteljn	Ds Telejan	1981	Asiatic board game/Mahjong		1-2
cecmatch	Chuckecheese's Match Game	1993	Puzzle/Puzzle / Equalize		1
cellage	ZZZ(notgame):Cellage				
centiped	Centipede	1981	Shooter / Space Invaders Like/Shooter	Atari	1-2
cerberus	Cerberus	1985	Shooter	Cinematronics	1-2
cexplore	Explorer	1982	Shoot'em Up / Vertical/Shoot'em Up	bootleg	1-2
cfarm	Chicken Farm	1999	Puzzle/Action / Labyrinth/Action	LAI Games	1
cfboy0a1	Flash Boy	1981	Shoot'em Up / Vertical/Shoot'em Up	Data East	1-2
cfever1k	Casino Fever 1k	2000	Casino/Casino / Cards	High Video	1
cfever40	Casino Fever 4.0	2000	Casino/Casino / Cards		1
cfever50	Casino Fever 5.0	2000	Casino/Casino / Cards		1
cfever51	Casino Fever 5.1	2000	Casino/Casino / Cards		1
cfever61	Casino Fever 6.1	2000	Casino/Casino / Cards		1
cfghtice	Fighting Ice Hockey	1984	Sports/Sports / Hockey	Data East	1-2
cfield	Chaos Field	2004	Shoot'em Up / Vertical/Shoot'em Up	Able	1
cflyball	Flying Ball	1985	Action/Action / Breakout games	Data East	1-2
cgangpzl	Cosmo Gang the Puzzle	1992	Puzzle/Puzzle / Fall	Namco	1-2
cgip30cs	Credit Poker	1999	Casino/Casino / Cards	CGI	1
cgold	Caribbean Gold	1986	Casino/Casino / Slot machine	Ainsworth Nominees P.L.	
cgraplop	Cluster Buster	1983	Action/Action / Breakout games	Data East	1-2
ch2000	Fruit Bonus 2000 / New Cherry 2000	2000	Casino / Slot machine/Casino	Amcoe	
chainrec	Chain Reaction	1995	Puzzle	Data East	1-2
chaknpop	Chack'n Pop	1983	Action / Labyrinth/Action	Taito	1-2
chalgirl	Royal Mahjong	1981	Asiatic board game/Mahjong		1
challeng	Challenger	1981	Shooter/Shooter / Space Invaders Like	Game Plan	1-2
chameleo	Chameleon	1983	Platform/Platform / Run & Jump	Jaleco	1-2
champbas	Champion Base Ball	1983	Sports / Baseball/Sports	Alpha Denshi	1
champbb2	Champion Base Ball Part-2	1983	Sports / Baseball/Sports	Alpha Denshi	1-2
champbwl	Championship Bowling	1989	Sports/Sports / Bowling	SETA	1-4
champwr	Champion Wrestler	1989	Sports/Sports / Wrestling	Taito	1-2
chanbara	Chanbara	1985	Fighting/Fighting / 2D	Data East	1
chance32	Chance Thirty Two	2019	Casino/Casino / Cards		1
changela	Change Lanes	1983	Racing, Driving/Racing TPV	Taito	1-2
changes	Changes	1982	Action / Labyrinth/Action	Orca	1-2
changyu2	ZZZ(notgame):unknown Chang Yu Electronic gambling game 2				
chaoshea	Chaos Heat	1998	Shooter/Adventure / Survival Horror/Adventure/Shooter / TPV	Taito	1-2
chariotc	ZZZ(notgame):Chariot Challenge				
charlien	Charlie Ninja	1995	Platform/Platform / Shooter Scrolling	Mitchell	1-2
chasehq	Chase H.Q.	1988	Racing, Driving/Racing TPV	Taito	1
chboxing	Champion Boxing	1984	Sports/Sports / Boxing	SEGA	1-2
checkma5	Checkmate	1977	Action / Labyrinth/Action	Midway	1-4
checkman	Check Man	1982	Action / Labyrinth/Action/Thinking/Puzzle	Zilec Games	1-2
checkmat	Checkmate	1977	Action / Labyrinth/Action	Midway	1-4
cheekyms	Cheeky Mouse	1980	Fighting/Shooter	Universal	1-2
cheesech	Cheese Chase	1994	Action / Labyrinth/Action	Art	1-2
chelnov	Chelnov - Atomic Runner	1988	Platform/Platform / Shooter Scrolling	Data East	1-2
chewheel	Cherry Wheel		Casino/Casino / Slot machine	Assogiochi Assago	
cheyenne	Cheyenne	1984	Shooter/Lightgun Shooter	Exidy	1
chicgum	Chic Gum Video		Casino/Casino / Slot machine		1
chiller	Chiller	1986	Shooter/Lightgun Shooter	Exidy	1-2
chimerab	Chimera Beast	1993	Shoot'em Up / Horizontal/Shoot'em Up	Jaleco	1-2
chinagat	China Gate	1988	Platform/Fighting	Technos Japan	1-2
chinatow	China Town	1991	Puzzle/Puzzle / Fall	Data East	1-2
chinatwn	China Town	1991	Puzzle/Puzzle / Fall	Data East	1-2
chinhero	Chinese Hero	1984	Fighting/Shooter	Taiyo	1-2
chinmoku	Mahjong Chinmoku No Hentai	1990	Asiatic board game/Mahjong		1
chinsan	Ganbare Chinsan Ooshoubu	1987	Asiatic board game/Mahjong	Sanritsu Denki	1
chkndraw	Chicken Draw	1984	Casino / Cards/Casino	Merit Software	1-2
chkun	Chance Kun	1988	Sports/Sports / Baseball		1
chleague	Champion League	2000	Casino/Casino / Cards	IGS	1
chocomk	Musapey no Choco Marker	2002	Puzzle/Puzzle / Equalize	Ecole	1-2
chocovdr	Uchuu Daisakusen: Chocovader Contactee	2002	Compilation		1-2
chokchok	Choky! Choky!	1995	Shooter/Shooter / TPV	SemiCom	1-2
choko	Janpai Puzzle Choukou	2001	Adults/Mahjong/Asiatic board game/Puzzle / Equalize/Puzzle	Mitchell	1
choplift	Choplifter	1985	Shooter / Plane/Shoot'em Up / Horizontal/Shoot'em Up/Shooter	SEGA	1-2
chopper	Chopper I	1988	Shoot'em Up / Vertical/Shoot'em Up	SNK	1-2
choroqhr	Choro Q Hyper Racing 5	1998	Racing, Driving	Takara	
chqflag	Chequered Flag	1988	Racing, Driving	Konami	1
chry10	Cherry 10		Casino/Casino / Slot machine		1
chrygld	Cherry Gold I		Casino/Casino / Slot machine		1
chsuper3	Champion Super 3	1999	Casino/Casino / Slot machine		1
chukatai	Chuka Taisen	1988	Shoot'em Up / Horizontal/Shoot'em Up	Taito	1-2
chwrestl	Champion Pro Wrestling	1985	Sports/Sports / Wrestling	SEGA	1-2
chwy	Highway Chase	1980	Shooter/Shooter / Vehicle, Vertical	Data East	1-2
ciclone	Ciclone	2000	Casino/Casino / Cards	High Video	1
circus	Circus	1977	Action / Breakout games/Action	Exidy	1-2
circusc	Circus Charlie	1984	Platform/Platform / Run & Jump Scrolling/Platform / Run & Jump	Konami	1-2
cischeat	Cisco Heat : All American Police Car Race	1990	Racing, Driving/Racing TPV	Jaleco	1-2
citybomb	City Bomber	1987	Shooter/Shooter / Vehicle, Vertical	Konami	1-2
citycon	City Connection	1985	Platform/Platform / Run & Jump	Jaleco	1-2
citylove	City Love	1986	Asiatic board game/Mahjong		1
cj3play	Triple Play	1998	Casino/Casino / Slot machine		1
cjddzlf	Chaoji Dou Dizhu Liang Fu Pai				
cjddzps	Chaoji Dou Dizhu Jiaqiang Ban	0000			1
cjdlz	Chaoji Da Lianzhuang	1999	Mahjong/Asiatic board game	GMS	1
cjffruit	Funny Fruit	1998	Casino/Casino / Slot machine	Cadillac Jack	1
cjsxp	Huangpai Zuqiu Plus				
cjtljp	Chaoji Tuolaji Jiaqiang Ban				
ckong	Crazy Kong	1982	Platform/Platform / Run & Jump	Falcon	1-2
ckongpt2	Crazy Kong Part II	1981	Platform/Platform / Run & Jump	Falcon	1-2
clapapa	Rootin' Tootin' / La-pa-pa	1983	Action / Labyrinth/Action	Data East	1-2
classice	Classic Edition	2004	Casino/Casino / Slot machine	Amcoe	1
claybust	Claybuster	1978	Shooter/Lightgun Shooter		1
claychal	Sega Clay Challenge	2008	Shooter/Lightgun Shooter	SEGA	1-2
claypign	Clay Pigeon	1986	Shooter/Lightgun Shooter	Exidy	1-2
clayshoo	Clay Shoot	1979	Shooter/Shooter / TPV	Allied Leisure	1-2
cleoftp	Cleopatra Fortune Plus	2002	Puzzle/Puzzle / Equalize	Altron	1-2
cleopatr	Cleopatra Fortune	1996	Puzzle/Puzzle / Fall	Taito	1-2
cliffhgr	Cliff Hanger	1983	Platform/Platform / Run & Jump	Stern	1-2
cloak	Cloak & Dagger	1983	Shooter		1-2
clocknch	Lock'n'Chase (DECO Cassette)	1981	Action / Labyrinth/Action		1-2
cloud9	Cloud 9	1983	Shooter/Shooter / Space Invaders Like	Atari	1-2
clownmgc	ZZZ(notgame):Progressive Clown Magic				
clowns	Clowns	1978	Action	Midway	1-2
clpoker	Poker Genius	1994			
clshroad	Clash-road	1986	Racing, Driving/Racing, Driving / Motorcycle	Wood Place	1-2
cltchitr	Clutch Hitter	1991	Sports/Sports / Baseball	SEGA	1-2
club90s	Mahjong Club 90's	1990	Asiatic board game/Mahjong		1
clubk2k3	Club Kart: European Session	2003	Racing, Driving	Amusement Vision	1-2
clubkprz	Club Kart Prize	2003	Racing, Driving/Racing TPV	SEGA	1-2
clubkpzb	Club Kart Prize	2003	Racing, Driving/Racing TPV	SEGA	1-2
clubkrt	Club Kart: European Session	2003	Racing, Driving	Amusement Vision	1-2
clubpacm	Pacman Club / Club Lambada	1989	Action / Labyrinth/Action		
cluckypo	Lucky Poker	1981	Casino/Casino / Cards	Data East	1-2
cluclu	Vs. Clu Clu Land	1984	Puzzle/Action / Labyrinth/Action	Nintendo	1-2
cmanhat	Manhattan	1981			
cmast99	ZZZ(notgame):Cherry Master '99				
cmehyou	Mahjong Circuit No Mehyou	1992	Asiatic board game/Mahjong		1
cmissnx	Mission-X	1982	Shoot'em Up / Vertical/Shoot'em Up	Data East	1-2
cmmb103	Centipede / Millipede / Missile Command / Let's Go	2002	Compilation	Cosmodog	
cmmb162	Centipede / Millipede / Missile Command / Let's Go	2002	Compilation	Cosmodog	
cmpacman	Super Pacman		Casino/Casino / Slot machine		
cmpap	Cherry Master		Casino / Slot machine/Casino	Pick-A-Party Brazil	1
cmtetris	Tetris + Cherry Master		Casino/Casino / Slot machine		
cnebula	Nebula	1984	Shoot'em Up/Shooter / Space Invaders Like/Shooter	Data East	1-2
cnightst	Night Star	1983	Shoot'em Up / Vertical/Shoot'em Up	Data East	1-2
cninja	Caveman Ninja	1991	Platform/Platform / Shooter Scrolling	Data East	1-2
cntrygrl	Country Girl	1984	Casino/Casino / Cards	Royal Denshi	1-2
cntsteer	Counter Steer	1985	Racing, Driving/Racing, Driving / Motorcycle	Data East	
cobra	Cobra Command	1983	Shooter	Data East	1
cobracom	Cobra-command	1988	Shoot'em Up / Horizontal/Shoot'em Up	SEGA	1-2
cocean1a	Ocean To Ocean	1981			
cocoloco	Coco Loco	1981	Action / Labyrinth/Action	Petaco S.A.	1
code1d	Code One Dispatch	2000	Racing, Driving/Racing TPV	Konami	1
codemagik	Code Magik			Voyageur de L'Espace	1
colmns97	Columns '97	1996	Puzzle/Puzzle / Fall	SEGA	1-2
colony7	Colony 7	1981	Shooter/Shooter / Missile Command Like	Taito	1-2
columns	Columns	1990	Puzzle/Puzzle / Fall	SEGA	1-2
columns2	Columns II: The Voyage Through Time	1990	Puzzle/Puzzle / Fall	SEGA	1-2
combat	Combat	1985	Shooter/Lightgun Shooter	Exidy	1
combatsc	Combat School	1987	Sports / Multisports/Sports	Konami	1-2
combh	Combat Hawk	1987	Shooter	Sanritsu Denki	1-2
comg175	Cal Omega - Game 17.51	1984	Casino/Casino / Cards		1
comg239	Cal Omega - Game 23.9	1985	Casino/Casino / Cards		1
comg240	Cal Omega - Game 24.0	1985	Casino/Casino / Cards		1
comg5107	ZZZ(notgame):CEI 51.07				
comg6004	CEI 906-III Poker	1989		Casino Electronics	1
commando	Commando	1985	Shooter/Shooter / Run and Gun	Capcom	1-2
commandw	Command War - Super Special Battle & War Game	1992	Fighting/Fighting / Versus	Taito	1-2
commsega	Commando	1983	Shooter / Run and Gun/Shooter/Shooter / Space Invaders Like	SEGA	1-2
comotion	Comotion	1976	Action / Labyrinth/Action	Gremlin Industries	1-4
compgolf	Competition Golf Final Round	1986	Sports/Sports / Golf	Data East	1-2
complexx	Complex X	1984	Platform/Shooter	Taito	1-2
confmiss	Confidential Mission	2000	Shooter/Lightgun Shooter	Hitmaker	1-2
congo	Congo Bongo	1983	Platform/Platform / Run & Jump	SEGA	1-2
contcirc	Continental Circus	1987	Racing, Driving/Racing TPV	Taito	1
contra	Contra	1987	Shooter/Shooter / Run and Gun	Konami	1-2
contrambc	Contra (Conny bootleg of Mega Drive version)	1995	Platform / Shooter Scrolling/Platform	bootleg	1-2
cookbib	Cookie & Bibi	1995	Puzzle/Puzzle / Throw	SemiCom	1-2
cookbib2	Cookie & Bibi 2	1996	Puzzle/Puzzle / Throw	SemiCom	1-2
cookbib3	Cookie & Bibi 3	1997	Puzzle/Puzzle / Throw	SemiCom	1-2
coolmini	Cool Minigame Collection	1999	Compilation	SemiCom	1-2
coolpool	Cool Pool	1992	Sports / Pool/Sports	Catalina	1-2
coolridr	Cool Riders	1995	Racing, Driving/Motorcycle race TPV	SEGA	1-2
coozumou	Oozumou - The Grand Sumo	1984	Sports/Sports / Sumo		1-2
cop01	Cop 01	1985	Platform/Platform / Shooter Scrolling	Nichibutsu	1-2
cops	Cops	1994	Shooter/Lightgun Shooter		1
copsnrob	Cops'n Robbers	1976	Shooter/Fighting / Versus/Fighting		1-4
cosmccop	Cosmic Cop	1991	Shoot'em Up / Horizontal/Shoot'em Up	Irem	1-2
cosmica	Cosmic Alien	1979	Shooter/Shooter / Space Invaders Like	Universal	1-2
cosmicg	Cosmic Guerilla	1979	Shooter/Shooter / Space Invaders Like	Universal	1-2
cosmo	Cosmo	1979	Shooter/Shooter / Space Invaders Like	TDS	1-2
cosmogng	Cosmo Gang the Video	1991	Shooter/Shooter / Space Invaders Like	Namco	1-2
cosmos	Cosmos	1981	Shooter/Shooter / Space Invaders Like	Century Electronics	1-2
cotton	Cotton: Fantastic Night Dreams	1991	Shoot'em Up / Horizontal/Shoot'em Up	SEGA	1-2
cotton2	Cotton 2	1997	Shoot'em Up / Horizontal/Shoot'em Up	Success	1-2
cottonbm	Cotton Boomerang	1998	Shoot'em Up / Horizontal/Shoot'em Up	Success	1-2
countrun	Counter Run	1988	Action / Labyrinth/Racing, Driving/Action	Nihon Systems	1-2
countryc	Country Club	1988	Sports/Sports / Golf	SNK	1-2
cpoker	Champion Poker	1993	Casino/Casino / Cards	IGS	1
cpoker2	ZZZ(notgame):Champion Poker 2				
cpokerpk	Champion Italian PK		Casino/Casino / Cards		1
cppicf	Peter Pepper's Ice Cream Factory	1984	Platform/Platform / Run & Jump	Data East	1-2
cprobowl	Pro Bowling	1983	Sports/Sports / Bowling	Data East	1-2
cprogolf	Tournament Pro Golf	1981	Sports/Sports / Golf	Data East	1-2
cps1mult	ZZZ(notgame):CDS 32-ID				
cpsoccer	Pro Soccer	1983	Sports/Sports / Football (Soccer)	Data East	1-2
cptennis	Pro Tennis	1982	Sports/Sports / Tennis	Data East	1-2
cptshark	Captain Shark				
crackndj	Crackin' DJ	2000	Rhythm/Music and Dancing	SEGA	1
cracksht	Crackshot	1985	Shooter/Lightgun Shooter	Exidy	1-2
crakndj2	Crackin' DJ Part 2	2001	Rhythm/Music and Dancing	SEGA	1
crash	Crash	1979	Action / Labyrinth/Racing, Driving/Action	Exidy	1-2
crater	Crater Raider	1984	Shooter/Racing, Driving	Bally Midway	1-2
crazybon	Crazy Bonus 2002	1997	Casino	bootleg	
crazyfgt	Crazy Fight	1996	Lightgun Shooter/Platform/Platform / Shooter Scrolling	Subsino	1
crazywar	Crazy War	2002	Action / Labyrinth/Action	Eolith	1-2
crbaloon	Crazy Balloon	1980	Action / Labyrinth/Action	Taito	1-2
crgolf	Crowns Golf	1984	Sports/Sports / Golf	Nasco Japan	1-2
crgolfhi	Crowns Golf In Hawaii	1985	Sports/Sports / Golf	Nasco Japan	1-2
crimec	Crime City	1989	Platform/Platform / Shooter Scrolling	Taito	1-2
crimep2	Crime Patrol 2 : Drug Wars	1993	Shooter/Lightgun Shooter	American Laser Games	1-2
crimepat	Crime Patrol	1993	Lightgun Shooter	American Laser Games	1-2
crimfght	Crime Fighters	1989	Beat'em Up/Fighting/Fighting / 2.5D	Konami	1-4
critcrsh	Critter Crusher	1995	Various	SEGA	1
crkdown	Crack Down	1990	Shooter / TPV/Action / Labyrinth/Action/Shooter	SEGA	1-2
croquis	Logic Pro	1996	Puzzle/Various	Deniam	1-2
crospang	Cross Pang	1998	Puzzle/Various	F2 System	1-2
crossbow	Crossbow	1983	Shooter / FPV/Shooter	Exidy	1
croupier	Croupier	1997	Casino/Casino / Roulette	Playmark	1
crshrace	Lethal Crash Race	1993	Racing, Driving/Racing, Driving / Racing	Video System	1-2
crswd2bl	Crossed Swords II	1995	Adventure	Neobitz	1-2
crsword	Crossed Swords	1991	Adventure	ADK	1-2
crszone	Crisis Zone	2000	Shooter/Lightgun Shooter	Namco	1
crtaxihr	Crazy Taxi High Roller	2003	Racing, Driving/Racing TPV	Hitmaker	1
cruisin5	ZZZ(notgame):Cruisin 5 - Cruise Back				
crush	Make Trax	1981	Action / Labyrinth/Action	ADK	1-2
crusherm	Crusher Makochan	1999	Fighting	Takumi	1
crusnexo	Cruis'n Exotica	1999	Racing, Driving		1
crusnusa	Cruis'n USA	1994	Racing, Driving	Midway	1
crusnwld	Cruis'n World	1996	Racing, Driving/Racing TPV	Midway	1
cryptklr	Crypt Killer	1995	Shooter/Lightgun Shooter	Konami	1-3
crysking	The Crystal of Kings	2001	Fighting/Fighting / 2.5D	BrezzaSoft	1-2
crystal	Crystal Colours	1998	Casino/Casino / Cards	J.C.D. srl	
crystal2	Crystal Gal 2	1986	Asiatic board game/Mahjong	Nichibutsu	1
crystalc	Crystals Colours	1998	Casino/Casino / Cards	JCD srl	
crystalg	Crystal Gal	1986	Asiatic board game/Mahjong		1
crzcircus	Crazy Circus				
crzcross	Crazy Cross	1994	Puzzle/Puzzle / Fall	Konami	2
crzrally	Crazy Rally	1985	Racing, Driving/Racing, Driving / Racing	Tecfri	1-2
crzybell	ZZZ(notgame):Crazy Bell				
crzybug2	ZZZ(notgame):Crazy Bugs 2				
crzytaxi	Crazy Taxi	1999	Racing, Driving/Racing TPV	SEGA	1
csclub	Capcom Sports Club	1997	Sports / Multisports/Compilation/Sports	Capcom	1-2
cscrtry	Scrum Try	1984	Sports/Sports / Rugby	Data East	1-2
csdtenis	Super Doubles Tennis	1983	Sports/Sports / Tennis	Data East	1-2
cshift	Chicken Shift	1984	Puzzle/Action / Labyrinth/Action	Bally Midway	1-2
csilver	Captain Silver	1987	Platform/Platform / Fighter Scrolling	Data East	1-2
csk227it	Champion Skill		Casino/Casino / Cards		1
cskater	Skater	1983	Sports/Sports / Skateboard		1-2
csmash	Cosmic Smash	2000	Action/Action / Breakout games/Sports / Tennis/Sports	SEGA	1
cspike	Cannon Spike	2000	Shoot'em Up	Psikyo	1-2
csplayh5	Mahjong Hanafuda Cosplay Tengoku 5	1998	Mahjong/Asiatic board game/Compilation		1
csplayh6	Mahjong Hanafuda Cosplay Tengoku 6 - Junai-hen	1999	Mahjong/Hanafuda/Asiatic board game		
csplayh7	Cosplay Tengoku 7 - Super Kogal Ranking	1999			
csprint	Championship Sprint	1986	Racing, Driving/Racing, Driving / Racing	Atari	1-2
cstlevna	Vs. Castlevania	1987	Platform/Platform / Fighter Scrolling	Konami	1
csuperas	Super Astro Fighter	1981	Shooter/Shooter / Space Invaders Like	Data East	1-2
cterrani	Terranean	1980	Shooter/Shooter / Space Invaders Like	Data East	1-2
ctisland	Treasure Island	1981	Action / Labyrinth/Action	Subsino	1-2
ctomaday	Captain Tomaday	1999	Shoot'em Up / Vertical/Shoot'em Up	Visco	1-2
ctornado	Tornado	1982	Shooter	Data East	1-2
ctower	The Tower (DECO Cassette)	1981	Action	Data East	1-2
ctribe	The Combatribes	1990	Beat'em Up	Technos Japan	1-3
cubeqst	Cube Quest	1983	Shooter/Shooter / Plane	Simutrek	1
cubybop	Cuby Bop	1990	Action/Action / Breakout games	Hot Lava Games	1-2
cuckoo	ZZZ(notgame):Cuckoo				
cuebrick	Cue Brick	1989	Puzzle/Puzzle / Glide	Konami	1-2
cultname	Seimei-kantei-meimei-ki Cult Name	1996		I'Max	1
cultures	Jibun Wo Migaku Culture School Mahjong Hen	1994	Adults/Asiatic board game/Mahjong		1
cuoreuno	Cuore 1	1996	Casino/Casino / Cards	C.M.C.	1
cupfinal	Taito Cup Finals	1993	Sports/Sports / Football (Soccer)	Taito	1-2
cupsoc	Seibu Cup Soccer	1992	Sports/Sports / Football (Soccer)	Seibu Kaihatsu	1-4
curvebal	Curve Ball	1984	Sports/Sports / Baseball	Mylstar Electronics	1-2
cutefght	Cute Fighter	1998	Fighting/Fighting / Versus	SemiCom	1-2
cutieq	Cutie Q	1979	Action/Action / Breakout games	Namco	1-2
cvs2	Capcom vs. SNK 2: Mark of the Millennium 2001	2001	Fighting/Fighting / Versus	Capcom	1-2
cvsgd	Capcom vs. SNK Millennium Fight 2000 Pro	2001	Fighting/Fighting / Versus	Capcom	1-2
cworld	Adventure Quiz: Capcom World	1989	Quiz/Quiz / Japanese	Capcom	1-2
cworld2j	Adventure Quiz Capcom World 2	1992	Quiz/Quiz / Japanese	Capcom	1-2
cybattlr	Cybattler	1993	Shoot'em Up / Vertical/Shoot'em Up	Jaleco	1-2
cyberbal	Cyberball	1988	Sports/Sports / Football (American)	Atari	1-4
cyberlip	Cyber-Lip	1990	Shooter / Run and Gun/Platform/Platform / Shooter Scrolling/Shooter	SNK	1-2
cybertnk	Cyber Tank	1988	Shooter/Shooter / TPV	Coreland	1-2
cybots	Cyberbots : Fullmetal Madness	1995	Fighting/Fighting / Versus	Capcom	1-2
cybrcomm	Cyber Commando	1994	Shooter/Shooter / TPV	Namco	1
cybrcycc	Cyber Cycles	1995	Racing, Driving/Motorcycle race TPV	Namco	1
cybsled	Cyber Sled	1993	Shooter/Shooter / Vehicle, TPV	Namco	1
cybstorm	Cyber Storm	1993	Fighting / Versus/Fighting	Atari	1-2
cyclemb	Cycle Maabou	1984	Platform/Platform / Run & Jump Scrolling	Taito	1-2
cyclshtg	Cycle Shooting	1986	Shooter/Lightgun Shooter	Taito	1
cyclwarr	Cycle Warriors	1991	Fighting/Various	Tatsumi	1-4
cyvern	Cyvern : The Dragon Weapons	1998	Shoot'em Up / Vertical/Shoot'em Up	Kaneko	1-2
czeroize	Zeroize	1983	Action / Labyrinth/Action	Data East	1-2
d9final	Dream 9 Final	1992	Casino/Casino / Slot machine	Excellent Systems	1
dacholer	Dacholer	1983	Action / Labyrinth/Shooter Small/Action	Nichibutsu	1-2
dai2kaku	Dai-dai-kakumei	2004	Asiatic board game/Casino / Cards/Casino	SystemBit	1
dai3wksi	Dai San Wakusei Meteor	1979	Shooter/Shooter / Space Invaders Like	Sunsoft	
daikaiju	Daikaiju No Gyakushu	1986	Shooter	Taito	1-2
daimyojn	Mahjong Daimyojin	2002	Asiatic board game/Mahjong		1
daioh	Daioh	1993	Shoot'em Up / Vertical/Shoot'em Up	Athena	1-2
daireika	Mahjong Daireikai	1989	Asiatic board game/Mahjong		1
daiskiss	Daisu-kiss	1996	Compilation	Konami	1-2
daisyari	Daisyarin	1989	Mahjong/Asiatic board game	Best System	1-2
daitorid	Daitoride	1995	Mahjong/Asiatic board game/Puzzle/Puzzle / Equalize	Metro Corporation	1-2
daiyogen	Mahjong Daiyogen	1990	Asiatic board game/Mahjong		1
dakkochn	Dakkochan House	1987	Asiatic board game/Mahjong	Whiteboard	1
dambustr	Dambusters	1981	Shoot'em Up / Horizontal/Shoot'em Up	South West Research	1-2
danceyes	Dancing Eyes	1996	Puzzle	Namco	1
danchih	Danchi de Hanafuda	1999	Asiatic board game/Hanafuda	Tecmo	1
danchiq	Danchi de Quiz: Okusan Yontaku Desuyo!	2000	Quiz / Japanese/Quiz	Altron	1
dangar	UFO Robo Dangar	1986	Shoot'em Up / Vertical/Shoot'em Up	Nichibutsu	1-2
dangcurv	Dangerous Curves	1995	Racing, Driving/Racing FPV	Taito	
dangerex	Danger Express	1992	Shooter / TPV/Shooter	Atari	1-2
dangerz	Danger Zone	1986	Shooter/Shooter / Plane, FPV	Cinematronics	1-2
dangseed	Dangerous Seed	1989	Shoot'em Up / Vertical/Shoot'em Up	Namco	1-2
dankuga	Dan-Ku-Ga	1994	Fighting / Versus/Fighting	Taito	1-2
daraku	The Fallen Angels	1998	Fighting/Fighting / Versus	Steel Hearts	1-2
darius	Darius	1986	Shoot'em Up / Horizontal/Shoot'em Up	Taito	1-2
darius2	Sagaia	1989	Shoot'em Up / Horizontal/Shoot'em Up	Taito	1-2
dariusg	Darius Gaiden : Silver Hawk	1994	Shoot'em Up / Horizontal/Shoot'em Up	Taito	1-2
dariusgx	Darius Gaiden - Silver Hawk Extra Version	1994	Shoot'em Up / Horizontal/Shoot'em Up	Taito	1-2
darkedge	Dark Edge	1992	Fighting/Fighting / Versus	SEGA	1-2
darkhleg	Dark Horse Legend	1998	Sports/Horse racing/Sports with animals	Konami	1-2
darkmist	The Lost Castle In Darkmist	1987	Platform/Platform / Fighter Scrolling	Seibu Kaihatsu	1-2
darkplnt	Dark Planet	1982	Shooter	Stern	1-2
darkseal	Dark Seal	1990	Action / Labyrinth/Fighting/Action	Data East	1-2
darktowr	Dark Tower	1992	Action/Platform / Run & Jump/Platform	The Game Room	1-2
darkwar	Dark Warrior	1981	Shooter/Shooter / Space Invaders Like	Century Electronics	1-2
darwin	Darwin 4078	1986	Shoot'em Up / Vertical/Shoot'em Up	Data East	1-2
dayto2pe	Daytona USA 2: Power Edition	1998	Racing, Driving/Racing TPV	SEGA	1
daytona	Daytona USA	1994	Racing, Driving/Racing TPV	SEGA	1
daytona2	Daytona USA 2: Battle on the Edge	1998	Racing, Driving/Racing TPV	SEGA	1-2
dazzler	Dazzler	1982	Action / Labyrinth/Action	Century Electronics	1-2
dblaxle	Double Axle	1991	Racing, Driving/Racing TPV	Taito	1
dblchal	Double Challenge	2003	Casino/Casino / Slot machine	Amcoe	1
dblcrown	Double Crown	1997	Casino/Casino / Cards		1
dbldynj	The Double Dynamites	1989	Shooter / TPV/Shooter / Horizontal/Shooter/Shooter / Run and Gun	Seibu Kaihatsu	1-2
dblewing	Double Wings	1993	Shoot'em Up / Vertical/Shoot'em Up	Mitchell	1-2
dblplay	Super Baseball Double Play Home Run Derby	1987	Sports/Sports / Baseball	Leland	1-2
dblpoint	Double Point	1995	Adults/Puzzle/Puzzle / Equalize		1-2
dbreed	Dragon Breed	1989	Shoot'em Up / Horizontal/Shoot'em Up	Irem	1-2
dbz	DragonBall Z	1993	Fighting/Fighting / Versus	Banpresto	1-2
dbz2	Dragonball Z 2 - Super Battle	1994	Fighting/Fighting / Versus	Banpresto	1-2
dbzvrvs	Dragon Ball Z V.r.v.s.	1994	Fighting/Fighting / Versus	Banpresto	1-2
dcclub	Dynamic Country Club	1991	Sports/Sports / Golf	SEGA	1-2
dcheese	Double Cheese	1993	Casino	HARD	1
dcon	D-con	1992	Shooter/Shooter / Missile Command Like	Success	1-2
dcrown	Dream Crown	1994	Casino/Casino / Slot machine		1-2
dday	D-day	1982	Shoot'em Up / Vertical/Shoot'em Up	Olympia	1-2
ddayjlc	D-day	1984	Shooter / Space Invaders Like/Shooter	Jaleco	1-2
ddboy	Dam Dam Boy	1994	Sports/Sports / Basketball	Konami	1
ddcrew	D. D. Crew	1991	Beat'em Up/Fighting/Fighting / 2.5D	SEGA	1-4
dddoor	ZZZ(notgame):Doraemon no Dokodemo Door				
ddealer	Double Dealer	1991	Adults/Casino / Cards/Casino	NMK	1-2
ddenlovj	Don Den Lover Vol. 1 - Shiro Kuro Tsukeyo!	1995	Asiatic board game/Othello		1-2
ddonpach	DoDonPachi	1997	Shoot'em Up / Vertical/Shoot'em Up	Cave	1-2
ddp2	DoDonPachi II - Bee Storm	2001	Shoot'em Up / Vertical/Shoot'em Up	IGS	1-2
ddp3	DoDonPachi III	2002	Shoot'em Up / Vertical/Shoot'em Up	Cave	1-2
ddpdfk	DoDonPachi Resurrection	2008	Shoot'em Up / Vertical/Shoot'em Up	Cave	1-2
ddpdojt	DoDonPachi Dai-Ou-Jou Tamashii	2010	Shoot'em Up / Vertical/Shoot'em Up	Cave	1-2
ddr2m	Dance Dance Revolution 2nd Mix	1999	Dancing/Rhythm/Music and Dancing	Konami	1-2
ddr3mk	Dance Dance Revolution 3rd Mix - Ver.korea2	2000	Dancing/Rhythm/Music and Dancing		1-2
ddr3mp	Dance Dance Revolution 3rd Mix Plus	2000	Dancing/Rhythm/Music and Dancing	Konami	1-2
ddr4m	Dance Dance Revolution 4th Mix	2000	Dancing/Rhythm/Music and Dancing	Konami	1-2
ddr4mp	Dance Dance Revolution 4th Mix Plus	2000	Dancing/Rhythm/Music and Dancing	Konami	1-2
ddr4mps	Dance Dance Revolution 4th Mix Plus Solo	2000	Dancing/Rhythm/Music and Dancing	Konami	1
ddr4ms	Dance Dance Revolution 4th Mix Solo	2000	Dancing/Rhythm/Music and Dancing	Konami	1
ddr5m	Dance Dance Revolution 5th Mix	2001	Dancing/Rhythm/Music and Dancing	Konami	1-2
ddragon	Double Dragon	1987	Fighting/Beat'em Up	Technos Japan	1-2
ddragon2	Double Dragon II - The Revenge	1988	Beat'em Up	Technos Japan	1-2
ddragon3	Double Dragon 3 - The Rosetta Stone	1990	Beat'em Up	Technos Japan	1-3
ddrextrm	Dance Dance Revolution Extreme	2002	Dancing/Rhythm/Music and Dancing	Konami	1-2
ddribble	Double Dribble	1986	Sports/Sports / Basketball	Konami	1-2
ddrkara	Dance Dance Revolution Karaoke Mix	1999	Dancing/Music and Dancing	Konami	1
ddrkara2	ZZZ(notgame):Dance Dance Revolution Karaoke Mix 2				
ddrkids	Dance Dance Revolution Kids	2000	Dancing/Music and Dancing	Konami	1
ddrmax	Ddr Max - Dance Dance Revolution 6th Mix	2001	Dancing/Rhythm/Music and Dancing		1-2
ddrmax2	Ddr Max 2 - Dance Dance Revolution 7th Mix	2002	Dancing/Rhythm/Music and Dancing		1-2
ddrs2k	Dance Dance Revolution Solo 2000	1999	Dancing/Rhythm/Music and Dancing	Konami	1
ddrsbm	Dance Dance Revolution Solo Bass Mix	1999	Dancing/Rhythm/Music and Dancing	Konami	1
ddrusa	Dance Dance Revolution Usa	2000	Dancing/Rhythm/Music and Dancing	Konami	1-2
ddsom	Dungeons & Dragons: Shadow over Mystara	1996	Beat'em Up	Capcom	1-4
ddtod	Dungeons & Dragons: Tower of Doom	1993	Beat'em Up	Capcom	1-4
ddungeon	Dangerous Dungeons	1992	Action / Labyrinth/Action	The Game Room	1-2
ddux	Dynamite Düx	1989	Beat'em Up	SEGA AM2	1-2
deadang	Dead Angle	1988	Shooter / TPV/Shooter	Seibu Kaihatsu	1-2
deadconx	Dead Connection	1992	Shooter	Taito	1-2
deadeye	Dead Eye	1996	Lightgun Shooter	Konami	1-2
dealer	The Dealer	1984	Casino/Casino / Cards	Epos	1
deathcox	Death Crimson OX	2000	Shooter/Lightgun Shooter	Ecole	1-2
deathsml	Deathsmiles	2007	Shoot'em Up / Horizontal/Shoot'em Up	Cave	1-2
decathlt	Decathlete	1996	Sports / Multisports/Sports	SEGA	1-2
deerhunt	Deer Hunting Usa V4.3	2000	Hunting/Shooter/Lightgun Shooter/Hunting and Fishing	Sammy Corporation	1
defender	Defender	1981	Shoot'em Up / Horizontal/Shoot'em Up	Williams	1-2
deluxe5	Deluxe 5	2000	Compilation		1-2
demndrgn	Demons & Dragons	1982	Shooter		1-2
demoderb	Demolition Derby	1984	Racing, Driving	Bally Midway	1-4
demofist	Demolish Fist	2003	Beat'em Up	Dimps	1-2
demon	Demon	1982	Shoot'em Up	Rock-Ola	1-2
demoneye	Demoneye-x	1981	Shooter/Shooter / Space Invaders Like	Irem	1-2
demonwld	Demon's World	1990	Platform / Shooter Scrolling/Platform	Toaplan	1-2
dendego	Densha De Go!	1996	Simulation / Vehicle/Simulation	Taito	1
dendego2	Densha De Go! 2 Kousoku-hen	1998	Simulation / Vehicle/Simulation	Taito	1
denjinmk	Denjin Makai	1994	Beat'em Up/Fighting/Fighting / 2.5D	Winky Soft	1-2
denseib	Ghost Chaser Densei	1996	Fighting/Fighting / 2.5D	bootleg	1-2
depthch	Depthcharge	1977	Shooter / Space Invaders Like/Shooter / Vertical/Shooter	Gremlin Industries	1
derbyo2k	Derby Owners Club 2000	2000	Horse racing/Sports with animals	Hitmaker	1-8
derbyoc	Derby Owners Club	1999	Sports with animals/Horse racing	SEGA	1-8
derbyoc2	Derby Owners Club II	2001	Horse racing/Sports with animals	SEGA	1-8
derbyocw	Derby Owners Club World Edition	2005	Horse racing/Sports with animals	Hitmaker	1-8
deroon	Deroon Derodero	1995	Puzzle/Puzzle / Fall	Tecmo	1-2
desert	Desert Tank	1994	Shoot'em Up/Shooter/Shooter / Vehicle, TPV	SEGA	1
desertbr	Desert Breaker	1992	Shooter/Shooter / Run and Gun	SEGA	1-3
desertdn	Desert Dan	1982	Shoot'em Up/Shoot'em Up / Vertical	Video Optics	1
desertgu	Desert Gun	1977	Shooter/Lightgun Shooter		1
desertwr	Desert War	1995	Shoot'em Up / Vertical/Shoot'em Up	NMK	1-2
destroyr	Destroyer	1980	Shooter/Shooter / Space Invaders Like		1
destryer	Destroyer	1980	Shooter/Shooter / Space Invaders Like		1
deucesw2	Deuces Wild 2 - American Heritage	1997	Casino/Casino / Cards		1
devilfsh	Devil Fish	1982	Action / Labyrinth/Action	Artic Computing	1-2
devilw	Devil World	1987	Shooter/Shooter / Run and Gun	Konami	1-2
devstors	Devastators	1988	Shooter/Shooter / TPV	Konami	1-2
devzone	Devil Zone	1980	Shooter/Shooter / Space Invaders Like	Universal	1-2
dfeverg	Dancing Fever Gold	2001	Music and Dancing	SEGA	1-4
dfjail	The Destroyer From Jail	1991	Fighting/Fighting / 2.5D	Philko	1-2
dfkbl	DoDonPachi Dai-Fukkatsu Black Label	2010	Shoot'em Up	Cave	1-2
dfruit	Fruit Dream	1993	Casino/Casino / Slot machine		1
dharma	Dharma Doujou	1994	Puzzle/Various	Metro Corporation	1-2
diamrun	Diamond Run	1989	Action / Labyrinth/Action	KH Video	1-2
dicegame	Dice - The Dice Game!	1991	Action / Labyrinth/Action	bootleg	1-2
diehard	Die Hard Arcade	1996	Beat'em Up	SEGA	1-2
dietgo	Diet Go Go	1992	Platform/Platform / Run & Jump	Data East	1-2
digdug	Dig Dug	1982	Action / Labyrinth/Action	Namco	1-2
digdug2	Dig Dug II	1985	Action / Labyrinth/Action	Namco	1-2
digger	Digger	1980	Action / Labyrinth/Action	SEGA	1-2
diggerc	Digger	1982		Century Electronics	1-2
diggerma	Digger Man	2000	Action / Labyrinth/Action	Kyle Hodgetts	1-2
dimahoo	Dimahoo	2000	Shoot'em Up / Vertical/Shoot'em Up	Raizing	1-2
dingo	Dingo	1983	Action / Labyrinth/Action	Ashby Computers and Graphics	1-2
dino	Cadillacs and Dinosaurs	1993	Beat'em Up	Capcom	1-3
dinorex	Dino Rex	1992	Fighting/Fighting / Versus	Taito	1-2
dirtdash	Dirt Dash	1995	Racing, Driving/Racing FPV	Namco	1
dirtdvls	Dirt Devils	1998	Racing, Driving/Racing, Driving / Racing	SEGA	1-2
dirtfoxj	Dirt Fox	1989	Racing, Driving/Racing, Driving / Racing	Namco	1
dirtypig	Dirty Pigskin Football	2004	Sports/Sports / Football (American)	Play Mechanix	1-4
disco	Disco No.1	1982	Action / Labyrinth/Action	Data East	1-2
discoboy	Disco Boy	1993	Adults/Shooter/Shooter / Space Invaders Like	Soft Art	1-2
divebomb	Kyuukoukabakugekitai - Dive Bomber Squad	1989	Shoot'em Up		1-2
diverboy	Diver Boy	1992	Platform/Platform / Run & Jump	Electronic Devices Italy	1-2
djboy	Dj Boy	1989	Beat'em Up/Fighting/Fighting / 2.5D	Kaneko	1-2
dkjfever	ZZZ(notgame):Donkey Kong Jungle Fever				
dkong	Donkey Kong	1981	Platform/Platform / Run & Jump	Nintendo	1
dkong3	Donkey Kong 3	1983	Platform/Platform / Run & Jump	Nintendo	1-2
dkongjr	Donkey Kong Junior	1982	Platform/Platform / Run & Jump	Nintendo	1-2
dlair	Dragon's Lair	1983	Action / Adventure/Action/Platform / Run & Jump/Platform	Sullivan Bluth Interactive Media	1-2
dleague	Dynamite League	1990	Sports/Sports / Baseball	Taito	1-2
dmdfever	Diamond Fever	1996	Casino/Casino / Slot machine	Aristocrat	1
dmnfrnt	Demon Front	2002	Shooter / Run and Gun/Platform/Platform / Shooter Scrolling/Shooter	IGS	1-2
dmx2m	Dance Maniax 2nd Mix	2000	Dancing/Rhythm/Music and Dancing	Konami	1-2
dmx2majp	Dance Maniax 2nd Mix Append J-paradise	2001	Dancing/Rhythm/Music and Dancing	Konami	1-2
dncfrks	Dance Freaks	2000	Dancing/Rhythm/Music and Dancing	Konami	1-2
doa	Dead or Alive	1996	Fighting/Fighting / Versus	Tecmo	1-2
doa2m	Dead or Alive 2 Millennium	2000	Fighting / 3D/Fighting	Team Ninja	1-2
doapp	Dead Or Alive ++	1998	Fighting/Fighting / Versus	Tecmo	1-2
docastle	Mr. Do's Castle	1983	Platform/Platform / Run & Jump	Universal	1-2
dockman	Dock Man	1982	Platform/Platform / Run & Jump	Taito	1-2
dodgem	Dodgem	1979	Action / Labyrinth/Action	Zaccaria	1-2
dodgeman	Dodge Man	1983	Shoot'em Up / Horizontal/Shoot'em Up		1-2
dodghero	Minna Atsumare! Dodge Hero	1997	Shooter / FPV/Shooter	Sigma Enterprises	
dogfgt	Acrobatic Dog-Fight	1984	Shooter/Shooter / Plane	Data East	1-2
dogfight	Dog Fight	1983	Shooter/Shooter / Plane/Shoot'em Up / Vertical/Shoot'em Up	Orca	1-2
dogpatch	Dog Patch	1977	Shooter/Fighting / Versus/Fighting		1-2
dogyuun	Dogyuun	1992	Shoot'em Up / Vertical/Shoot'em Up	Toaplan	1-2
dokaben	Dokaben	1989	Playing cards/Sports/Sports / Baseball	Capcom	1-2
dokaben2	Dokaben 2	1989	Sports / Baseball/Sports	Capcom	1-2
dokidoki	Doki Doki Penguin Land	1985	Platform/Platform / Run & Jump	SEGA	1-2
dokodemo	ZZZ(notgame):Doko Demo Issho - Toro's Fishing				
dokyusei	Mahjong Doukyuusei	1995	Adults/Asiatic board game/Mahjong		1
dokyusp	Mahjong Doukyuusei Special	1995	Adults/Asiatic board game/Mahjong		1
dolmen	Dolmen	1995	Puzzle/Puzzle / Throw	Afega	1-2
dolphin	Dolphin Blue	2003	Shooter / Run and Gun/Shooter	Sammy Corporation	1-2
domino	Domino Man	1982	Puzzle/Various	Bally Midway	1-2
dominob	Domino Block	1996	Action/Action / Breakout games	Wonwoo Systems	1
dominos	Dominos	1977	Action / Labyrinth/Action	Atari	1-2
dommy	Dommy	1983	Action / Labyrinth/Action	Technos Japan	1-2
doncdoon	Hanabi De Doon! - Don-chan Puzzle	2003	Puzzle/Puzzle / Equalize		
dondenmj	Don Den Mahjong [bet]	1986	Asiatic board game/Mahjong		1
dondokod	Don Doko Don	1989	Platform/Platform / Run & Jump	Taito	1-2
donghaer	Donggul Donggul Haerong	2001	Platform/Platform / Shooter Scrolling	Danbi System	1-4
donpachi	DonPachi	1995	Shoot'em Up / Vertical/Shoot'em Up	Cave	1-2
dorachan	Dorachan	1980	Action/Action / Labyrinth	ADK	1-2
dorodon	Dorodon	1982	Action / Labyrinth/Action	UPL	1-2
dorunrun	Do! Run Run	1984	Action / Labyrinth/Action	Universal	1-2
dotrikun	Dottori Kun	1990	Action / Labyrinth/Action	SEGA	1
dotron	Discs Of Tron	1983	Sports/Various	Bally Midway	1-2
doubledr	Double Dragon	1995	Fighting/Fighting / Versus	Technos Japan	1-2
dowild	Mr. Do's Wild Ride	1984	Platform/Platform / Run & Jump	Universal	1-2
downtown	Downtown / Mokugeki	1989	Beat'em Up/Fighting/Fighting / Vertical	SETA	1-2
dphl	Draw Poker Hi-lo	1983	Casino/Casino / Cards	M.Kramer Manufacturing.	1
dphla	Draw Poker Hi-lo	1983	Casino/Casino / Cards	M.Kramer Manufacturing.	1
dphljp	Draw Poker Hi-lo	1983	Casino/Casino / Cards	M.Kramer Manufacturing.	1
dphlunkb	Draw Poker Hi-lo	1983	Casino/Casino / Cards	M.Kramer Manufacturing.	1
dplay	Double Play	1977	Sports/Sports / Baseball	Midway	1-2
dpoker	Draw Poker	1985	Casino / Cards/Casino		
dquizgo	Date Quiz Go Go	1998	Quiz/Quiz / Korean	SemiCom	1-2
dquizgo2	Date Quiz Go Go Episode 2	2000	Quiz/Quiz / Korean	SemiCom	1-2
draco	Draco	1981	Shooter	Cidelsa	1-2
dragnblz	Dragon Blaze	2000	Shoot'em Up / Vertical/Shoot'em Up	Psikyo	1-2
dragngun	Dragon Gun	1993	Shooter/Lightgun Shooter	Data East	1-2
dragntr	Dragon Treasure	2003	Role Playing Game	SEGA	1-5
dragntr2	Dragon Treasure II	2004	Role Playing Game	SEGA	1-5
dragntr3	Dragon Treasure III	2005	Role Playing Game	SEGA	1-5
dragonsh	Dragon's Heaven	1997	Fighting	FACE	1-2
dragoona	Dragoon Might	1995	Fighting/Fighting / Versus	Konami	1-2
dragrace	Drag Race	1977	Racing, Driving/Racing, Driving / Racing		1-2
drakton	Drakton	1984	Shooter	Epos	1-2
draw88pkr	Draw 88 Poker	1988			
dreambal	Dream Ball	1993	Casino/Casino / Cards		1
dreamwld	Dream World	2000	Platform/Platform / Run & Jump	SemiCom	1-2
dremshpr	Dream Shopper	1982	Puzzle/Action / Labyrinth/Action	Sanritsu Denki	1-2
drgnbowl	Dragon Bowl	1992	Beat'em Up	Nics	1-2
drgnbstr	Dragon Buster	1984	Action RPG/Platform/Platform / Fighter Scrolling/Role Playing Game	Namco	1-2
drgneye	Dragon's Eye	1997	Casino / Slot machine/Casino	Aristocrat	1
drgnmst	Dragon Master	1994	Fighting/Fighting / Versus	Unico	1-2
drgnunit	Dragon Unit / Castle Of Dragon	1989	Beat'em Up	Athena	1-2
drgnwrld	Dragon World	1997	Mahjong/Puzzle/Puzzle / Equalize/Asiatic board game	IGS	1-2
drgpunch	Sports Match	1989	Adults/Puzzle/Puzzle / Equalize	Dynax	1-2
drgw2	Dragon World II	1997	Asiatic board game/Puzzle/Puzzle / Equalize/Mahjong	IGS	1
drgw3	Dragon World 3	1998	Mahjong/Puzzle/Puzzle / Equalize/Asiatic board game	IGS	
dribling	Dribbling	1983	Sports/Sports / Football (Soccer)	Model Racing	1-2
drifto94	Drift Out '94 - The Hard Order	1994	Racing, Driving/Racing, Driving / Racing	Visco	1
driftout	Drift Out	1991	Racing, Driving/Racing, Driving / Racing	Visco	1-2
drivedge	Driver's Edge	1994	Racing, Driving/Racing FPV		1
driveyes	Driver's Eyes	1991	Racing, Driving/Racing FPV	Namco	1
drivfrcp	Driving Force	1984	Racing TPV/Racing, Driving	Shinkai	1
drmario	Vs. Dr. Mario	1990	Puzzle/Puzzle / Fall	Nintendo	1-2
drmicro	Dr. Micro	1983	Platform/Platform / Run & Jump		1-2
drtomy	Dr. Tomy	1993	Adults/Puzzle/Puzzle / Fall		1-2
drtoppel	Dr. Toppel's Adventure	1987	Shoot'em Up / Vertical/Shoot'em Up	Kaneko	1-2
dsaber	Dragon Saber	1990	Shoot'em Up / Vertical/Shoot'em Up	Namco	1-2
dsem	Dancing Stage Euro Mix	2000	Rhythm/Music and Dancing	Konami	1-2
dsem2	Dancing Stage Euro Mix 2	2002	Rhythm/Music and Dancing	Konami	1-2
dsfdct	Dancing Stage Featuring Dreams Come True	1999	Rhythm/Music and Dancing	Konami	1-2
dsfdr	Dancing Stage Featuring Disney's Rave	2000	Rhythm/Music and Dancing	Konami AMD	1-2
dsftkd	Dancing Stage Featuring True Kiss Destination	1999	Rhythm/Music and Dancing	Konami	1-2
dsmbl	Deathsmiles MegaBlack Label	2008	Shoot'em Up / Horizontal/Shoot'em Up	Cave	1-2
dsoccr94	Dream Soccer '94	1994	Sports/Sports / Football (Soccer)	Data East	1-4
dspirit	Dragon Spirit	1987	Shoot'em Up / Vertical/Shoot'em Up	Namco	1-2
dstage	Dancing Stage - Internet Ranking Ver	1999			
dstbloom	ZZZ(notgame):Desert Bloom				
dstlk	Darkstalkers: The Night Warriors	1994	Fighting / Versus/Fighting	Capcom	1-2
dtfamily	Diet Family	2001	Shooter/Shooter / Space Invaders Like		1-2
dtoyoken	Mahjong Dai Touyouken	1996	Asiatic board game/Mahjong		1
duckhunt	Vs. Duck Hunt	1985	Shooter/Lightgun Shooter	Nintendo	1-2
dunhuang	Mahjong Dunhuang	1995	Asiatic board game/Mahjong		1
dunkmnia	Dunk Mania	1995	Sports/Sports / Basketball	Namco	1-4
dunkshot	Dunk Shot	1987	Sports/Sports / Basketball	SEGA	1-4
dvisland	Devil Island	2006	Casino/Casino / Slot machine	Amcoe	1
dw2001	Chuugokuryuu 2001 [dragon World 2001]	2001	Mahjong/Asiatic board game	IGS	1
dwarfd	Draw Poker 3 / Dwarfs Den	1981			
dwex	Dragon World 3 Ex	1998	Mahjong/Puzzle/Puzzle / Equalize/Asiatic board game	IGS	
dwpc	Chuugokuryuu Pretty Chance	2001	Adults/Mahjong/Asiatic board game	IGS	
dybb99	Dynamite Baseball '99	1999	Sports/Sports / Baseball	Sega CS1	1-2
dybbnao	Dynamite Baseball NAOMI	1998	Sports/Sports / Baseball	SEGA	1-2
dyger	Dyger	1989	Shoot'em Up / Vertical/Shoot'em Up	Philko	1
dygolf	Virtua Golf	2001	Sports/Sports / Golf	Wow Entertainment	1
dynabb	Dynamite Baseball	1996	Sports / Baseball/Sports	SEGA	1-2
dynabb97	Dynamite Baseball 97	1997	Sports/Sports / Baseball	SEGA	1-2
dynablst	Atomic Punk	1991	Action / Labyrinth/Action	Irem	1-2
dynabomb	Dynamite Bomber	2000	Platform/Platform / Run & Jump	Limenko	1-2
dynadice	Dynamic Dice		Casino		1
dynagear	Dyna Gear	1993	Platform/Platform / Fighter Scrolling	Sekarabe	1-2
dynamcop	Dynamite Cop	1998	Beat'em Up	AM1	1-2
dynamski	Dynamic Ski	1984	Sports/Sports / Skiing	Taiyo	1-2
dynashot	Dynamic Shoot Kyousou	1988	Sports/Sports / Football (Soccer)		1
dynduke	Dynamite Duke	1989	Shooter/Shooter / TPV	Seibu Kaihatsu	1
dynwar	Dynasty Wars	1989	Beat'em Up	Capcom	1-2
eaglshot	Eagle Shot Golf	1994	Sports/Sports / Golf	Sammy USA Corporation	1-4
earthjkr	U.N. Defense Force: Earth Joker	1993	Shoot'em Up / Vertical/Shoot'em Up	Visco	1-2
ebases	Extra Bases	1980	Sports/Sports / Baseball	Midway	1-2
eca	Emergency Call Ambulance	1999	Racing, Driving	SEGA	1
ecofghtr	Eco Fighters	1993	Shoot'em Up / Horizontal/Shoot'em Up	Capcom	1-2
edf	E.D.F. : Earth Defense Force	1991	Shoot'em Up / Horizontal/Shoot'em Up	Jaleco	1-2
edrandy	The Cliffhanger: Edward Randy	1990	Platform / Fighter Scrolling/Platform	Data East	1-2
eeekk	Eeekk!	1984	Platform	Magic Electronics	1
efdt	El Fin Del Tiempo	1982	Shoot'em Up	Niemer	1-2
eforsta5	ZZZ(notgame):Enchanted Forest				
egghunt	Egg Hunt	1995	Puzzle/Puzzle / Fall	Invi Image	1-2
eggor	Eggor	1983	Action / Labyrinth/Shooter Small/Action	Telko	1-2
eggsplc	Eggs Playing Chicken	2002	Various	The Game Room	
eggventr	Egg Venture	1997	Shooter/Lightgun Shooter	The Game Room	1-2
ehrgeiz	Ehrgeiz	1998	Fighting/Fighting / Versus	Dreamfactory	1-2
eightfrc	Eight Forces	1994	Shoot'em Up / Vertical/Shoot'em Up	Tecmo	1-2
eightman	Eight Man	1991	Beat'em Up/Platform / Fighter Scrolling/Platform	SNK	1-2
einning	Extra Inning / Ball Park II	1978	Sports / Baseball/Sports	Midway	1-2
ejanhs	E Jong High School	1996	Mahjong/Asiatic board game	Seibu Kaihatsu	1
ejihon	Ejihon Tantei Jimusyo	1995	Puzzle	SEGA	1
ejsakura	E-jan Sakurasou	1999	Asiatic board game/Mahjong	Seibu Kaihatsu	1
elandore	Elan Doree - Legend of Dragoon	1998	Fighting/Fighting / Versus	Sai-Mate	1-2
eldorda5	Dorado, El	1998	Casino/Casino / Slot machine	Aristocrat	1
elecyoyo	The Electric Yo-Yo	1982	Action / Labyrinth/Action	Taito	1-2
elephfam	Elephant Family	1997	Casino/Casino / Cards	C.M.C.	1
elevator	Elevator Action	1983	Platform / Shooter Scrolling/Platform	Taito	1-2
elfin	Elfin	1999	Puzzle/Puzzle / Throw	dgPIX Entertainment	
elgrande	El Grande - 5 Card Draw	1982	Casino/Casino / Cards		1
elim2	Eliminator	1981	Shooter	SEGA	1-4
elvactr	Elevator Action Returns	1994	Platform / Shooter Scrolling/Platform/Shooter	Taito	1-2
embargo	Embargo	1977	Action / Labyrinth/Action	Cinematronics	1-4
emeralda	Emeraldia	1993	Puzzle/Puzzle / Fall	Namco	1-2
empcity	Empire City - 1931	1986	Shooter / FPV/Shooter	Seibu Kaihatsu	1-2
endless	Gundam Wing: Endless Duel	1996	Fighting / 2D/Fighting/Fighting / Versus	Natsume	1-2
endrichs	Endless Riches		Casino/Casino / Slot machine	E.N.Tiger	
enduror	Enduro Racer	1986	Racing, Driving/Motorcycle race TPV	SEGA	1
enforce	Enforce	1988	Shooter/Shooter / Vehicle, FPV	Taito	1
enigma2	Enigma II	1981	Shooter/Shooter / Space Invaders Like	Game Plan	1-2
enmadaio	Enma Daio	1993			
eprom	Escape From The Planet Of The Robot Monsters	1989	Action / Labyrinth/Action	Atari	1-2
equites	Equites	1984	Shooter/Shooter / Run and Gun	ADK	1-2
ertictac	Erotictac/tactic	1990	Puzzle/Puzzle / Fall		1-2
esb	The Empire Strikes Back	1985	Shooter/Shooter / Plane, FPV	Atari	1
esckids	Escape Kids	1991	Sports/Sports / Running trails	Konami	1-4
esh	Esh's Aurunmilla	1983	Platform/Platform / Run & Jump	Funai	1
espgal	Espgaluda	2003	Shoot'em Up / Vertical/Shoot'em Up	Cave	1-2
espgal2	Espgaluda II	2005	Shoot'em Up / Vertical/Shoot'em Up	Cave	1-2
espial	Espial	1983	Shoot'em Up / Vertical/Shoot'em Up	Orca	1-2
esprade	ESP Ra.De.	1998	Shoot'em Up / Vertical/Shoot'em Up	Cave	1-2
eswat	Cyber Police ESWAT	1989	Platform/Platform / Shooter Scrolling	SEGA	1-2
eto	Kokontouzai Eto Monogatari	1994	Puzzle/Puzzle / Fall	Visco	1-2
euroch92	Euro Champ '92	1992	Sports / Football (Soccer)/Sports	Taito	
evilngt	Evil Night	1998	Shooter/Lightgun Shooter		1-3
evilston	Evil Stone	1990	Platform/Platform / Run & Jump Scrolling	Spacy Industrial	1-2
evosocc	Evolution Soccer	2001	Sports/Sports / Football (Soccer)	Evoga	1-2
excelsr	Excelsior	1996	Adults/Shooter	Playmark	1-2
excitebk	Vs. Excitebike	1984	Racing, Driving/Racing, Driving / Motorcycle	Nintendo	1
exctleag	Excite League	1988	Sports/Sports / Baseball	SEGA	1-2
exctscc2	Exciting Soccer II	1984	Sports/Sports / Football (Soccer)	ADK	1-2
exctsccr	Exciting Soccer	1983	Sports/Sports / Football (Soccer)	ADK	1-2
exedexes	Exed Exes	1985	Shoot'em Up / Vertical/Shoot'em Up	Capcom	1-2
exerion	Exerion	1983	Shooter/Shooter / Space Invaders Like	Kawa Denshi Giken	1-2
expcard	Express Card / Top Card	1998			
explbrkr	Explosive Breaker	1992	Shoot'em Up / Vertical/Shoot'em Up	Kaneko	1-2
exprraid	Express Raider	1986	Platform/Platform / Fighter Scrolling	Data East	1-2
extdwnhl	Extreme Downhill	1995	Sports/Sports / Skiing	Sammy USA Corporation	1-2
exterm	Exterminator	1989	Shooter/Shooter / TPV	Gottlieb	1-2
extrmatn	Extermination	1987	Shooter/Shooter / Run and Gun	Taito	1-2
exvania	Exvania	1992	Action / Labyrinth/Fighting/Action	Namco	1-4
exzisus	Exzisus	1987	Shoot'em Up / Horizontal/Shoot'em Up	Taito	1-2
eyes	Eyes	1982	Action / Labyrinth/Action	Digitrex Techstar	1-2
f15se	F-15 Strike Eagle	1991	Shooter / Plane, FPV/Shooter	MicroProse	1
f1dream	F-1 Dream	1988	Racing, Driving/Racing, Driving / Racing	Capcom	1-2
f1en	F1 Exhaust Note	1991	Racing, Driving/Racing TPV	SEGA	1
f1gp	F-1 Grand Prix	1991	Racing, Driving/Racing, Driving / Racing	Video System	1
f1gp2	F-1 Grand Prix Part II	1992	Racing, Driving/Racing, Driving / Racing	Video System	1
f1gpstar	Grand Prix Star	1991	Racing, Driving/Racing TPV	Jaleco	1
f1gpstr2	F-1 Grand Prix Star II	1993	Racing, Driving/Racing TPV	Jaleco	1
f1lap	F1 Super Lap	1993	Racing, Driving/Racing TPV	SEGA	1
f1superb	F1 Super Battle	1994	Racing, Driving/Racing FPV	Jaleco	1
f355	F355 Challenge	1999	Racing, Driving/Racing FPV	SEGA	1-2
f355twin	F355 Challenge	1999	Racing, Driving/Racing FPV	SEGA	1-2
f355twn2	F355 Challenge 2: International Course Edition	2001	Racing, Driving/Racing FPV	SEGA	1-2
faceoff	Face Off	1988	Sports/Sports / Hockey	Namco	1-2
failgate	Fail Gate	1991	Shoot'em Up	Success	1-2
famibox	Famicombox	1986	Compilation	Nintendo	1-2
fantasia	Fantasia	1994	Adults/Puzzle	Comad	1-2
fantastc	Fantastic	1980	Shooter/Shooter / Space Invaders Like		1-2
fantasyu	Fantasy	1981	Action / Adventure/Action / Labyrinth/Action	SNK	1
fantjour	Fantastic Journey	1994	Shoot'em Up / Horizontal/Shoot'em Up	Konami	1-2
fantland	Fantasy Land	2019	Platform/Platform / Shooter Scrolling		1-2
fantsia2	Fantasia II	1997	Adults/Puzzle	Comad	1-2
fantstry	Fantasy Story	2002	Action / Labyrinth/Action	Z Soft	1-2
fantzn2	Fantasy Zone II: The Tears of Opa-Opa	1988	Shoot'em Up / Horizontal/Shoot'em Up	SEGA	1
fantzn2x	Fantasy Zone II - The Tears of Opa-Opa (2008)	2008	Shoot'em Up / Horizontal/Shoot'em Up	SEGA	1-2
fantzone	Fantasy Zone	1986	Shoot'em Up / Horizontal/Shoot'em Up	SEGA	1-2
fanzonem	Fantasy Zone	1986	Shoot'em Up / Horizontal/Shoot'em Up	SEGA	1-2
fashiong	Fashion Gambler	1997	Casino	ADP	1
fastdraw	Fast Draw Showdown V1.31	1995	Lightgun Shooter/Shoot'em Up	American Laser Games	1-2
fastlane	Fast Lane	1987	Action / Labyrinth/Racing, Driving/Action	Konami	1-2
fatfursp	Fatal Fury Special	1993	Fighting/Fighting / Versus	SNK	1-2
fatfurwa	Fatal Fury : Wild Ambition	1998	Fighting/Fighting / Versus	SNK	2
fatfury1	Fatal Fury : King of Fighters	1991	Fighting / Versus/Fighting	SNK	1-2
fatfury2	Fatal Fury 2	1993	Fighting / Versus/Fighting	SNK	1-2
fatfury3	Fatal Fury 3: Road to the Final Victory	1995	Fighting / Versus/Fighting	SNK	1-2
fax	FAX	1983	Quiz/Quiz / English	Exidy	1-2
fb2010	Fruit Bonus 2010	2009	Casino / Slot machine/Casino	Amcoe	
fb2gen	Fruit Bonus 2nd Generation	2004	Casino/Casino / Slot machine	Amcoe	1
fb2nd	Fruit Bonus 2nd Edition	2004	Casino/Casino / Slot machine	Amcoe	1
fb3g	Fruit Bonus 3g		Casino/Casino / Slot machine		1
fb4	Fruit Bonus 2004	2004	Casino/Casino / Slot machine	Amcoe	1
fb5	Fruit Bonus 2005	2005	Casino/Casino / Slot machine	Amcoe	1
fb6	Fruit Bonus '06 - 10th Anniversary	2006	Casino/Casino / Slot machine		1
fb6se	Fruit Bonus 2006 Special Edition	2006	Casino/Casino / Slot machine	Amcoe	1
fbait2bc	Fisherman's Bait 2 - A Bass Challenge	1998	Sports/Fishing/Hunting and Fishing		1
fbaitbc	Fisherman's Bait - A Bass Challenge	1998	Sports/Fishing/Hunting and Fishing		1
fbaitmc	Fisherman's Bait - Marlin Challenge	1999	Sports/Fishing/Hunting and Fishing		1
fball	Fire Ball	1992	Action / Labyrinth/Action	FM Work	1-4
fbdeluxe	Fruit Bonus Deluxe		Casino/Casino / Slot machine		1
fbfrenzy	Football Frenzy	1992	Sports/Sports / Football (American)	SNK	1-2
fcnudge	Fruit Carnival Nudge	2003	Casino/Casino / Slot machine	Amcoe	1
fcombat	Field Combat	1985	Shooter/Shooter / Space Invaders Like	Jaleco	1-2
feverch	ZZZ(notgame):Fever Chance				
feversoc	Fever Soccer	2004	Casino/Casino / Slot machine	Seibu Kaihatsu	1
feversos	Fever SOS	1998	Shoot'em Up / Vertical/Shoot'em Up	Cave	1-2
ffight	Final Fight	1989	Beat'em Up	Capcom	1-2
ffight2b	Final Fight 2	1996	Beat'em Up/Fighting/Fighting / 2.5D	bootleg	1-2
ffight3b	Final Fight	1989	Beat'em Up	Capcom	1-2
ffreveng	Final Fight Revenge	1999	Fighting/Fighting / Versus	Capcom	1-2
fghtatck	Fighter & Attacker	1992	Shoot'em Up / Vertical/Shoot'em Up/Shooter	Namco	1-2
fghtbskt	Fighting Basketball	1984	Sports/Sports / Basketball	Paradise	1-2
fghthist	Fighter's History	1993	Fighting/Fighting / Versus	Data East	1-2
fghtmn	Fighting Mania	2000	Sports/Sports / Boxing	Konami	1
fgoal	Field Goal	1979	Action/Action / Breakout games	Taito	1-2
fgtlayer	Fighting Layer	1998	Fighting/Fighting / Versus	Arika	1-2
fhawk	Fighting Hawk	1989	Shoot'em Up / Vertical/Shoot'em Up	Taito	1-2
fhboxers	Funky Head Boxers	1995	Sports/Sports / Boxing	SEGA	1-4
fieldday	Field Day	1984	Sports/Sports / Running trails	Taito	1-4
fightfev	Fight Fever	1994	Fighting/Fighting / Versus	Viccom	1-2
fightrol	Fighting Roller	1983	Fighting/Fighting / Vertical/Sports	Kaneko	1-2
filetto	Filetto	1990	Puzzle/Puzzle / Equalize	Novarmatic	1-2
finalap2	Final Lap 2	1990	Racing, Driving	Namco	1-8
finalap3	Final Lap 3	1992	Racing, Driving	Namco	1-8
finalapr	Final Lap R	1995	Racing, Driving	Namco	1
finalb	Final Blow	1988	Sports/Sports / Boxing	Taito	1-2
finalgdr	Final Godori	2001	Asiatic board game/Hanafuda	SemiCom	1
finalizr	Finalizer - Super Transformation	1985	Shoot'em Up / Vertical/Shoot'em Up	Konami	1-2
finallap	Final Lap	1987	Racing, Driving	Namco	1-8
finalttr	Final Tetris	1993	Puzzle/Puzzle / Fall	Jeil Computer System	1-2
findlove	Zenkoku Seifuku Bishoujo Grand Prix Find Love	1997	Puzzle/Puzzle / Glide	Daiki	1-4
findout	Find Out	1987	Quiz/Quiz / Italian	Elettronolo	1-4
finehour	Finest Hour	1989	Platform/Platform / Shooter Scrolling	Namco	1-2
firebatl	Fire Battle	1984	Shoot'em Up / Vertical/Shoot'em Up	Taito	1-2
firebeas	Firebeast	1983	Platform/Shooter	Atari	1-2
firefox	Firefox	1984	Shooter/Shooter / Plane, FPV	Atari	1
fireone	Fire One	1979	Shooter/Shooter / Space Invaders Like	Exidy	1-2
fireshrk	Fire Shark	1989	Shoot'em Up / Vertical/Shoot'em Up	Toaplan	1-2
firetrap	Fire Trap	1986	Action / Climbing/Action	Data East	1-2
firetrk	Fire Truck / Smokey Joe	1978	Racing, Driving	Atari	1
fishfren	Fishin' Frenzy	1995	Sports/Fishing/Hunting and Fishing		1-2
fishingm	Fishing Maniac 3	2002	Sports/Fishing/Hunting and Fishing	Saero Entertainment	
fitegolf	Lee Trevino's Fighting Golf	1988	Sports / Golf/Sports	SNK	1-2
fitfight	Fit Of Fighting		Fighting/Fighting / Versus		1-2
fiveside	Five A Side Soccer	1995	Sports/Sports / Football (Soccer)	Konami	1-2
fixeight	FixEight	1992	Shooter/Shooter / Run and Gun	Toaplan	1-3
fl7_3121	Flaming 7		Casino / Slot machine/Casino		
flagrall	'96 Flag Rally	1996	Racing, Driving	Promat	1
flamegun	Flame Gunner	1999	Shooter/Shooter / TPV	Gaps	1-2
flashgal	Flashgal	1985	Beat'em Up/Fighting/Fighting / 2D	SEGA	1-2
flicky	Flicky	1984	Platform/Platform / Run & Jump	SEGA	1-2
flipjack	Flipper Jack	1983	Pinball		1-2
flipmaze	Flip Maze	1999	Puzzle	MOSS	1-2
flipshot	Battle Flip Shot	1998	Sports	Visco	1-2
flower	Flower	1986	Shoot'em Up / Vertical/Shoot'em Up	Alpha Denshi	1-2
flsbeats	Flash Beats				
flstory	The FairyLand Story	1985	Platform/Platform / Run & Jump	Taito	1-2
flyball	Flyball	1976	Sports/Sports / Baseball		1-2
flyboy	Fly-boy	1982	Sports/Racing, Driving / Hang Gliding/Racing, Driving	Kaneko	1-2
flytiger	Flying Tiger	1992	Shoot'em Up / Vertical/Shoot'em Up	Dooyong	1-2
fmaniac2p	Fishing Maniac 2plus	2000		Saero Entertainment	1-2
fmaniac3	Fishing Maniac 3	2002	Sports/Fishing/Hunting and Fishing	Saero Entertainment	
fncywld	Fancy World: Earth of Crisis	1996	Platform/Platform / Run & Jump	Unico Electronics	1-2
fnkyfish	Funky Fish	1981	Shooter/Shooter / Horizontal	Sunsoft	1-2
foodf	Food Fight	1982	Fighting/Shooter	Atari	1-2
foolrace	Head On	1979	Action / Labyrinth/Racing, Driving/Action	Gremlin Industries	1
footbpow	Football Frenzy	1992	Sports/Sports / Football (American)	SNK	1-2
footchmp	Football Champ	1990	Sports/Sports / Football (Soccer)	Taito	1-4
forgottn	Forgotten Worlds	1988	Shoot'em Up/Shoot'em Up / Horizontal	Capcom	1-2
formatz	Aeroboto	1984	Shooter/Shooter / Horizontal	Jaleco	1-2
fort2b	Fortress 2 Blue Arcade	2001	Shooter/Shooter / Missile Command Like	Eolith	1-2
fortecrd	Forte Card	1994	Casino/Casino / Cards	Fortex	1
fortfvr	ZZZ(notgame):Fortune Fever				
fortune1	Video Poker	1984	Casino/Casino / Cards	InterFlip	1
fotns	Fist of the North Star	2005	Fighting/Fighting / Versus	Arc System Works	1-2
fourplay	Four Play	2002	Compilation	Macro	1-2
fourtrax	Four Trax	1989	Racing, Driving/Racing TPV	Namco	1
fpoint	Flash Point	1989	Puzzle/Puzzle / Fall	SEGA	1-2
franticf	Frantic Fred	1996	Platform/Platform / Run & Jump	The Game Room	
freekick	Free Kick	1987	Action/Action / Breakout games	Nihon Systems	1-2
freeze	Freeze	1984	Platform	Cinematronics	1-2
freezeat	Freeze	1996	Puzzle/Puzzle / Throw/Action / Labyrinth/Action	Cinematronics	1-2
frenzy	Frenzy	1981	Action / Labyrinth/Action	Stern	1-2
fresh	Fruit Fresh	1996	Casino/Casino / Slot machine		1
friskyt	Frisky Tom	1981	Action / Climbing/Action	Nichibutsu	1
frogger	Frogger	1981	Platform	Konami	1-2
frogs	Frogs	1978	Platform/Platform / Run & Jump	Gremlin Industries	1
froman2b	Idol Mahjong Final Romance 2	1995	Asiatic board game/Mahjong		1-2
fromanc2	Idol Mahjong Final Romance 2	1995	Asiatic board game/Mahjong		1-2
fromanc4	Taisen Mahjong Finalromance 4	1998	Asiatic board game/Mahjong		1-2
fromance	Idol-Mahjong Final Romance	1991	Asiatic board game/Mahjong		1
fromancr	Taisen Mahjong Finalromance R	1995	Asiatic board game/Mahjong		1-2
frontlin	Front Line	1982	Shooter/Shooter / Run and Gun	Taito	1-2
fround	The Final Round	1988	Sports/Sports / Boxing	Konami	1-2
frtgenie	ZZZ(notgame):Fruit Genie				
fruitpc	Fruit Land	2006	Casino		
fshark	Sky Shark	1987	Shoot'em Up / Vertical/Shoot'em Up	Toaplan	1-2
fsoccer	Fighting Soccer	1988	Sports/Sports / Football (Soccer)	SNK	1-4
fspiderb	Frog & Spiders	1981	Shooter/Shooter / Space Invaders Like	Taito	1-2
fstarfrc	Final Star Force	1992	Shoot'em Up / Vertical/Shoot'em Up	Tecmo	1-2
fstation	Fun Station Spielekoffer 9 Spiele	2000	Casino/Casino / Cards	ADP	1
ftimpcta	Fighters' Impact A	1997	Fighting/Fighting / Versus	Taito	1-2
fts2in1	Super Two In One	1993			
ftspeed	Faster Than Speed	2004	Racing, Driving/Racing FPV	Sammy Corporation	1
funcube	Funcube	2000	Compilation		1
funcube2	Funcube 2	2001	Compilation	Namco	1
funcube3	Funcube 3	2001	Compilation		1
funcube4	Funcube 4	2001	Compilation	Namco	1
funcube5	Funcube 5	2002	Compilation		1
funkybee	Funky Bee	1982	Shoot'em Up / Vertical/Shoot'em Up	Orca	1-2
funkyfig	The First Funky Fighter	1993	Fighting/Various	Nakanihon	1-2
funkyjet	Funky Jet	1992	Platform/Platform / Run & Jump	Data East	1-2
funquiz	Fun World Quiz		Quiz/Quiz / German		1
funquiza	Fun World Quiz		Quiz/Quiz / German		1
funquizb	Fun World Quiz		Quiz/Quiz / German		1
funriver	Fun River	2005	Casino/Casino / Slot machine	Amcoe	1
funybubl	Funny Bubble	1999	Adults/Puzzle/Puzzle / Throw		1-2
funystrp	Funny Strip		Adults/Action / Labyrinth/Action		1-2
futari15	Mushihime-Sama Futari	2006	Shoot'em Up / Vertical/Shoot'em Up	Cave	1-2
futaribl	Mushihime-Sama Futari Black Label	2007	Shoot'em Up / Vertical/Shoot'em Up	Cave	1-2
futflash	Future Flash	1980	Shooter / Space Invaders Like/Shooter	Hoei	1-2
futspy	Future Spy	1984	Shoot'em Up / Diagonal/Shoot'em Up	SEGA	1-2
fuudol	Fuudol	2000	Asiatic board game/Mahjong		
fvipers	Fighting Vipers	1995	Fighting / Versus/Fighting/Fighting / 3D	SEGA	2
fvipers2	Fighting Vipers 2	1998	Fighting/Fighting / 3D	SEGA	1-2
fvrpitch	Fever Pitch	1986	Casino/Casino / Slot machine	Ainsworth Nominees	1
g13knd	Golgo 13 Kiseki no Dandou	1999	Shooter/Lightgun Shooter	Eighting	1
ga2	Golden Axe: The Revenge of Death Adder	1992	Beat'em Up/Fighting/Fighting / 2.5D	SEGA	1-4
gahaha	GAHAHA Ippatsudou	2000		Namco	1-2
gahaha2	GAHAHA Ippatsudou 2	2001		Namco	1-2
gaia	Gaia Crusaders	1999	Beat'em Up/Fighting/Fighting / 2.5D	Noise Factory	1-2
gaialast	Gaia: The Last Choice of Earth	1999	Shoot'em Up / Vertical/Shoot'em Up	SemiCom	1-2
gaiapols	Gaiapolis	1993	Fighting/Fighting / Vertical	Konami	1-2
gakupara	Quiz Gakuen Paradise	1991	Quiz/Quiz / Japanese		1-2
gakusai	Mahjong Gakuensai	1997	Asiatic board game/Mahjong		1
gakusai2	Mahjong Gakuensai 2	1998	Asiatic board game/Mahjong		1
gal10ren	Mahjong Gal 10-renpatsu	1993	Asiatic board game/Mahjong		1
galactic	Galactica - Batalha Espacial	1980	Shooter/Shooter / Space Invaders Like		1-2
galaga	Galaga	1981	Shoot'em Up / Vertical/Shooter/Shooter / Space Invaders Like/Shoot'em Up	Namco	1-2
galaga88	Galaga ´88	1987	Shoot'em Up/Shoot'em Up / Vertical	Namco	1-2
galastrm	Galactic Storm	1992	Shooter/Shooter / Vehicle, TPV	Taito	1
galaxi	Galaxi	2000	Casino/Casino / Cards	B.R.L.	1
galaxia	Galaxia	1979	Shooter/Shooter / Space Invaders Like	Zaccaria	1-2
galaxian	Galaxian	1979	Shooter / Space Invaders Like/Shooter	Namco	1-2
galaxyfg	Galaxy Fight: Universal Warriors	1995	Fighting/Fighting / Versus	Sunsoft	1-2
galaxygn	Galaxy Gunners	1989	Shoot'em Up / Vertical/Shoot'em Up	Electronic Devices Italy	1-2
galaxyr	Galaxy Ranger	1983	Shooter/Shooter / Plane, FPV	SEGA	1
galeone	Il Galeone	2000			
galgame	Galaxy Game	1971	Shooter/Shooter / Plane		1-2
galgame2	Galaxy Games Starpak 2	1998	Compilation	Creative Electronics And Software	1-2
galgame3	Galaxy Games Starpak 3	1998			
galgame4	Galaxy Games Starpak 4	1998			
galivan	Cosmo Police Galivan	1985	Platform/Platform / Fighter Scrolling	Nichibutsu	1-2
galkaika	Mahjong Gal No Kaika	1989	Asiatic board game/Mahjong		1
galkoku	Mahjong Gal No Kokuhaku	1989	Asiatic board game/Mahjong		1
gallag50	Gallag Video Game / Petalouda		Casino/Casino / Slot machine	bootleg	
gallgall	Gallagher's Gallery V2.2	1992	Shooter/Lightgun Shooter		1-2
galmedes	Galmedes	1992	Shoot'em Up / Vertical/Shoot'em Up	Visco	1-2
galpani2	Gals Panic II	1993	Adults/Puzzle	Kaneko	1-2
galpani3	Gals Panic 3	1995	Adults/Puzzle	Kaneko	1-2
galpani4	Gals Panic 4	1996	Adults/Puzzle	Kaneko	1-2
galpanic	Gals Panic	1990	Adults/Puzzle	Kaneko	1-2
galpanis	Gals Panic S - Extra Edition	1997	Adults/Puzzle	Kaneko	1-2
galpans2	Gals Panic S2	1999	Adults/Puzzle	Kaneko	1-2
galpans3	Gals Panic S3	2002	Adults/Puzzle	Kaneko	1-2
galsnew	Gals Panic	1990	Adults/Puzzle	Kaneko	1-2
galspnbl	Gals Pinball	1996	Adults/Pinball	Comad	1
galxwars	Galaxy Wars	1979	Shooter/Shooter / Space Invaders Like	Universal	1-2
gambl186	Multi Game	1992	Compilation	Tung Sheng Electronics	1-2
gametngk	The Game Paradise - Master of Shooting!	1995	Shoot'em Up / Vertical/Shoot'em Up	Jaleco	1-2
gamshara	Gamshara	2002	Shooter/Shooter / TPV	Mitchell	1-2
ganbare	Ganbare! Marine Kun	2000	Shooter/Shooter / TPV	Capcom	1
gangwars	Gang Wars	1989	Beat'em Up	ADK	1-2
ganjaja	Ganbare Jajamaru Saisho Wa Goo / Ganbare Jajamaru Hop Step And Jump				
ganryu	Ganryu	1999	Platform / Fighter Scrolling/Platform	Visco	1-2
gaplus	Gaplus	1984	Shooter/Shooter / Space Invaders Like	Namco	1-2
gardia	Gardia	1986	Shoot'em Up / Vertical/Shoot'em Up	SEGA	1-2
garogun	Garogun Seroyang	2000	Puzzle	Yun Sung	1
garou	Garou: Mark of the Wolves	1999	Fighting / Versus/Fighting	SNK	1-2
garyoret	Garyo Retsuden	1987	Shooter/Shooter / Run and Gun	Data East	1-2
gaunt2	Gauntlet II	1986	Action / Labyrinth/Action	Atari	1-4
gauntdl	Gauntlet Dark Legacy	1999	Action / Labyrinth/Action	Midway	1-4
gauntleg	Gauntlet Legends	1998	Action / Labyrinth/Action	Atari	1-4
gauntlet	Gauntlet	1985	Action / Labyrinth/Action	Atari	1-4
gaxeduel	Golden Axe - The Duel	1994	Fighting/Fighting / Versus	SEGA	1-2
gbbchmp	Great Bishi Bashi Champ	2002	Various/Compilation	Konami	1-3
gberet	Green Beret		Platform/Platform / Shooter Scrolling	Konami	1-2
gbusters	Gang Busters	1988	Shooter/Shooter / Run and Gun	Konami	1-2
gchgchmp	Gachaga Champ	1999	Compilation		1-2
gcpinbal	Grand Cross	1994	Pinball	Excellent System	
gdarius2	G-darius Ver.2	1997	Shoot'em Up / Horizontal/Shoot'em Up	Taito	1-2
gdfs	Mobile Suit Gundam Final Shooting	1995	Shooter/Lightgun Shooter	Banpresto	1-2
geebee	Gee Bee	1978	Action/Action / Breakout games	Namco	1-2
gegege	Gegege No Kitarou Youkai Slot	1997	Casino/Casino / Slot machine	Banpresto	1
geimulti	Gei Multi Game	1992	Casino/Compilation	Grayhound Electronics	1
gekiretu	Quiz Gekiretsu Scramble	1992	Quiz/Quiz / Japanese	FACE	1-2
gekiridn	Gekirindan	1995	Shoot'em Up / Vertical/Shoot'em Up	Taito	1-2
gekisha	Mahjong Gekisha	1989	Asiatic board game/Mahjong		1
gekisou	Gekisou	1985	Racing, Driving/Racing, Driving / Racing	Eastern Micro Electronics	1-2
gemcrush	Gemcrush	1996	Action / Breakout games/Action	Star Fish	1
gemini	Gemini Wing	1987	Shoot'em Up / Vertical/Shoot'em Up	Tecmo	1-2
genie	Genie	1980			
genius6	Genius 6	1998	Casino	IGS	1-2
genix	Genix Family	1994	Shooter/Shooter / TPV	NIX	1-2
genpeitd	Genpei Toumaden	1986	Platform/Platform / Fighter Scrolling	Namco	1-2
getaway	Get A Way	1979	Racing, Driving / Racing/Racing, Driving	Universal	1
getrich	Get Rich		Casino/Casino / Slot machine		1
gfire2	Golden Fire II	1992	Adults/Asiatic board game/Various		1-2
gforce2	Galaxy Force 2	1988	Shoot'em Up/Shooter/Shooter / Plane, TPV	SEGA	1
ggconnie	Go! Go! Connie chan Jaka Jaka Janken	1996	Various		1
gghost	Goalie Ghost	1984	Sports/Sports / Football (Soccer)	Bally Midway	1-2
ggisuka	Guilty Gear Isuka	2004	Fighting / Versus/Fighting	Arc System Works	1-2
ggoemon	Ganbare Goemon	1997	Casino	Konami	1
ggram2	Giant Gram: All Japan Pro Wrestling 2	1999	Sports / Wrestling/Sports	Sega AM1	1-2
gground	Gain Ground	1988	Shooter/Shooter / Run and Gun	SEGA	1-3
ggx	Guilty Gear X	2000	Fighting / Versus/Fighting	Arc System Works	1-2
ggx15	Guilty Gear X Ver. 1.5	2003	Fighting/Fighting / Versus	Arc System Works	1-2
ggxx	Guilty Gear XX	2002	Fighting / Versus/Fighting	Arc System Works	1-2
ggxxac	Guilty Gear XX Accent Core	2006	Fighting / Versus/Fighting	Arc System Works	1-2
ggxxrl	Guilty Gear XX #Reload	2003	Fighting / Versus/Fighting	Arc System Works	1-2
ggxxsla	Guilty Gear XX Slash	2005	Fighting/Fighting / Versus	Arc System Works	1-2
ghlpanic	Ghoul Panic	1999	Shooter/Lightgun Shooter	Eighting	1-2
ghoshunt	Ghost Hunter	1996	Shooter/Lightgun Shooter	Hanaho Games	1-2
ghostb	The Real Ghostbusters	1987	Shooter/Shooter / Run and Gun	Data East	1-3
ghostlop	Ghostlop	1996	Puzzle/Puzzle / Throw	Data East	1-2
ghostsqu	Ghost Squad	2004	Shooter/Lightgun Shooter	SEGA	1-2
ghouls	Ghouls'n Ghosts	1988	Platform / Fighter Scrolling/Platform	Capcom	1-2
ghox	Ghox	1991	Action/Action / Breakout games	Toaplan	1-2
gigandes	Gigandes	1990	Shoot'em Up / Horizontal/Shoot'em Up	East Technology	1-2
gigas	Gigas	1986	Action/Action / Breakout games	SEGA	1-2
gigasm2	Gigas Mark II	1986	Action/Action / Breakout games	bootleg	1-2
gigawing	Giga Wing	1999	Shoot'em Up / Vertical/Shoot'em Up	Takumi	1-2
gijoe	G.I. Joe	1992	Shooter/Shooter / TPV	Konami	1-4
gimeabrk	Gimme A Break	1985	Sports / Pool/Sports/Sports / Swimming	Bally Midway	1-2
ginganin	Ginga Ninkyouden	1987	Platform/Platform / Fighter Scrolling	Jaleco	1-2
ginkun	Ganbare Ginkun	1995	Compilation	Tecmo	1-2
gionbana	Gionbana	1989	Asiatic board game/Hanafuda	Nichibutsu	1
girotutt	Girotutto	2000	Casino/Casino / Cards	High Video	1
gladiatr	Gladiator	1986	Beat'em Up/Fighting/Fighting / 2D	Taito	1-2
glass	Glass	1994	Adults/Shooter		1-2
gldarrow	Golden Arrow	1984	Casino/Casino / Slot machine		1
gldnpkr	Golden Poker	1986	Casino/Casino / Cards	Ainsworth Nominees P.L.	1
glfgreat	Golfing Greats	1991	Sports/Sports / Golf	Konami	1-4
gloc	G-loc Air Battle	1990	Shooter/Shooter / Plane, FPV	SEGA	1
glpracr	Gallop Racer	1996	Horse racing/Sports with animals	Tecmo	1
glpracr2	Gallop Racer 2	1997	Horse racing/Sports with animals	Tecmo	1-4
glpracr3	Gallop Racer 3	1999	Sports/Horse racing/Sports with animals	Tecmo	1-2
gluck2	Good Luck II	1992	Casino/Casino / Cards	Yung Yu / CYE	
gmgalax	Ghostmuncher Galaxian	1981	Compilation	bootleg	1-2
gmissile	Guided Missile	1977	Shooter/Shooter / Space Invaders Like	Midway	1-2
gnbarich	Gunbarich	2001	Action/Action / Breakout games	Psikyo	1
gng	Ghosts'n Goblins	1985	Platform	Capcom	1
go2000	Go 2000	2000	Asiatic board game/Hanafuda	Saba Videoplay	1
goalx3	Goal! Goal! Goal!	1995	Sports/Sports / Football (Soccer)	Visco	1-2
gobyrc	Go by RC	1999	Racing, Driving / Racing/Racing, Driving	Taito	1-4
gocowboy	Go Go Cowboy	2003			1
godzilla	Godzilla	1993	Fighting/Fighting / Versus	Banpresto	1-2
gogomile	Go Go! Mile Smile	1995	Action / Labyrinth/Action	Fuuki	1-2
goindol	Goindol	1987	Action/Action / Breakout games	SunA	1-2
goldbug	Gold Bug	1982	Action / Labyrinth/Action	Century Electronics	1-2
goldmedl	Gold Medalist	1988	Sports/Sports / Running trails	SNK	1-4
goldnaxe	Golden Axe	1989	Beat'em Up/Fighting	Team Shinobi	1-2
goldnpkr	Golden Poker Double Up	1981	Casino/Casino / Cards	Bonanza Enterprises	1
goldstar	Golden Star	2001	Casino/Casino / Slot machine		1
golgo13	Golgo 13	1999	Shooter/Lightgun Shooter	Eighting	1
gollygho	Golly! Ghost!	1990	Shooter/Lightgun Shooter	Namco	1-2
gomoku	Gomoku Narabe Renju	1981	Asiatic board game/Renju	Nichibutsu	1-2
gondo	Gondomania	1987	Shoot'em Up / Vertical/Shoot'em Up	Data East	1-2
good	Good	1998	Casino		1
goodejan	Good E Jong -kachinuki Mahjong Syoukin Oh!!-	1991	Asiatic board game/Mahjong		1
goonies	Vs. The Goonies	1986	Platform/Platform / Run & Jump Scrolling	Konami	1
goori	Goori Goori	1999	Adults/Puzzle	Unico	1-2
gorf	Gorf	1981	Shooter/Shooter / Space Invaders Like	Midway	1-2
gorodki	Gorodki		Various	Terminal	1
gostop	Kankoku Hanafuda Go-stop	2001	Asiatic board game/Hanafuda	Visco	
gotcha	Got-cha Mini Game Festival	1997	Compilation	Dong Sung	1-3
gowcaizr	Voltage Fighter Gowcaizer	1995	Fighting/Fighting / Versus	Technos Japan	1-2
gp2quiz	Gals Panic II - Quiz Version	1993	Quiz/Quiz / English	Kaneko	1-2
gp2se	Gals Panic II' - Special Edition	1994	Puzzle	Kaneko	1-2
gp98	Grand Prix '98	1998	Casino/Casino / Slot machine		1
gpgolf	Golden Par Golf	1992	Sports/Sports / Golf	Strata	1-4
gpilots	Ghost Pilots	1991	Shoot'em Up / Vertical/Shoot'em Up	SNK	1-2
gprider	Gp Rider	1990	Racing, Driving/Motorcycle race TPV	SEGA	1
gpworld	GP World	1984	Racing, Driving/Racing FPV	SEGA	1
gradius3	Gradius III	1989	Shoot'em Up / Horizontal/Shoot'em Up	Konami	1-2
gradius4	Gradius IV: Fukkatsu	1998	Shoot'em Up / Horizontal/Shoot'em Up	KCET	1-2
grainbow	SD Gundam Sangokushi Rainbow Tairiku Senki	1993	Shoot'em Up / Horizontal/Platform/Shoot'em Up/Platform / Shooter Scrolling	Banpresto	1-2
gram2000	Giant Gram 2000 - All Japan Pro Wrestling 3 Brave Men of Glory	2000	Sports/Sports / Wrestling	SEGA	1-2
grasspin	Grasspin	1983	Action / Labyrinth/Action	Jaleco	1-2
gratia	Gratia - Second Earth	1996	Shoot'em Up / Horizontal/Shoot'em Up	Jaleco	1-2
gravitar	Gravitar	1982	Shoot'em Up	Atari	1
grchamp	Grand Champion	1981	Racing, Driving/Racing, Driving / Racing	Taito	1
grdforce	Guardian Force	1998	Shoot'em Up / Vertical/Shoot'em Up	Success	1-4
grdian	Guardian	1986	Fighting	Toaplan	1-2
grdians	Guardians: Denjin Makai II	1995	Beat'em Up/Fighting / 2.5D/Fighting	Winky Soft	1-2
grdnstrm	Guardian Storm	1998	Shoot'em Up / Vertical/Shoot'em Up	Afega	1-2
greatgun	Great Guns	1983	Shooter/Lightgun Shooter	Stern	1-2
greenber	Green Beret	1980		Irem	1-2
gridiron	Gridiron Fight	1985	Sports/Sports / Football (American)	Tehkan	1-2
gridlee	Gridlee	1983	Shooter/Shooter / TPV	Videa	1-2
grindstm	Grind Stormer	1992	Shoot'em Up / Vertical/Shoot'em Up	Toaplan	1-2
grmatch	Grudge Match	1989	Sports / Fighting/Puzzle/Sports		1-2
grndtour	Grand Tour	1993	Puzzle/Puzzle / Fall		1-2
grobda	Grobda	1984	Shoot'em Up/Action / Labyrinth/Shooter Small/Action	Namco	1-2
groovef	Groove on Fight - Gouketsuji Ichizoku 3	1998	Fighting/Fighting / Versus	Atlus	1-2
groundfx	Ground Effects / Super Ground Effects	1992	Racing TPV/Racing, Driving	Taito	1
growl	Growl	1990	Beat'em Up/Fighting/Fighting / 2.5D	Taito	1-4
grudge	Grudge Match	1989	Racing, Driving/Racing, Driving / Racing/Sports/Sports / Wrestling	Bally Midway	1-3
gseeker	Grid Seeker: Project Storm Hammer	1992	Shoot'em Up / Vertical/Shoot'em Up	Taito	1-2
gslgr94u	Great Sluggers '94	1994	Sports/Sports / Baseball		1-2
gslugrsj	Great Sluggers	1993	Sports/Sports / Baseball	Namco	1-2
gstream	G-Stream G2020	2002	Shoot'em Up / Vertical/Shoot'em Up	Oriental Soft	1-2
gstrik2	Grand Striker 2	1996	Sports/Sports / Football (Soccer)	Human Amusement	1-2
gstriker	Grand Striker - Human Cup	1993	Sports/Sports / Football (Soccer)	Human Amusement	1-2
gsword	Great Swordsman	1984	Sports	Taito	1-2
gt2k	Golden Tee 2k	2000	Sports/Sports / Golf		1-4
gt3d	Peter Jacobsen's Golden Tee 3D Golf	1995	Sports/Sports / Golf		1-4
gt97	Golden Tee '97	1997	Sports/Sports / Golf		1-4
gt98	Golden Tee '98	1998	Sports/Sports / Golf		1-4
gt99	Golden Tee '99	1999	Sports/Sports / Golf		1-4
gtclassc	Golden Tee Classic	2001	Sports/Sports / Golf		1-4
gtfore01	Golden Tee Fore!	2000	Sports / Golf/Sports	Incredible Technologies	1-4
gtfore02	Golden Tee Fore! 2002	2001	Sports/Sports / Golf	Incredible Technologies	1-4
gtfore03	Golden Tee Fore! 2003	2002	Sports / Golf/Sports		
gtfore04	Golden Tee Fore! 2004 Extra	2003	Sports / Golf/Sports		
gtfore05	Golden Tee Fore! 2005 Extra	2004	Sports / Golf/Sports		
gtfore06	Golden Tee Fore! 2006 Complete	2005	Sports / Golf/Sports		1-4
gtfrk10m	Guitar Freaks 10th Mix	2003	Music/Rhythm/Music and Dancing	Konami	1-2
gtfrk11m	Guitar Freaks 11th Mix	2004	Music/Rhythm/Music and Dancing	Konami	1-2
gtg	Golden Tee Golf	1990	Sports/Sports / Golf	Strata	1-4
gtg2	Golden Tee Golf II	1992	Sports/Sports / Golf	Strata	1-4
gticlub	GTI Club : Rally Côte d'Azur	1996	Racing, Driving/Racing TPV	Konami	1
gticlub2	GTI Club : Rally Côte d'Azur	1996	Racing, Driving/Racing TPV	Konami	1
gtipoker	Gti Poker	1983	Casino/Casino / Cards	GTI Software	1
gtipokra	Gti Poker?	1983	Casino/Casino / Cards	GTI Software	
gtmr	1000 Miglia : Great 1000 Miles Rally	1994	Racing, Driving	Kaneko	1-2
gtmr2	Mille Miglia 2: Great 1000 Miles Rally	1995	Racing, Driving/Racing, Driving / Racing	Kaneko	1
gtrfrk2m	Guitar Freaks 2nd Mix Ver 1.01	1999	Music/Rhythm/Music and Dancing		1-2
gtrfrk3m	Guitar Freaks 3rd Mix	2000	Music/Rhythm/Music and Dancing	Konami	1-2
gtrfrk4m	Guitar Freaks 4th Mix	2000	Music/Rhythm/Music and Dancing	Konami	1-2
gtrfrk5m	Guitar Freaks 5th Mix	2001	Music/Rhythm/Music and Dancing	Konami	1-2
gtrfrk6m	Guitar Freaks 6th Mix	2001	Music/Rhythm/Music and Dancing	Konami	1-2
gtrfrk7m	Guitar Freaks 7th Mix	2001	Music/Rhythm/Music and Dancing	Konami	1-2
gtrfrk8m	Guitar Freaks 8th Mix Power-up Ver.	2002	Music/Rhythm/Music and Dancing		1-2
gtrfrk9m	Guitar Freaks 9th Mix	2003	Music/Rhythm/Music and Dancing	Konami	1-2
gtrfrks	Guitar Freaks	1999	Music/Rhythm/Music and Dancing	Konami	1-2
gtroppo	Gone Troppo	1986	Casino/Casino / Slot machine	Ainsworth Nominees P.L.	1
guardian	Guardians of the 'Hood	1992	Fighting/Fighting / 2.5D	Atari	1-3
gulfstrm	Gulf Storm	1991	Shooter/Shooter / Vertical/Shoot'em Up / Vertical/Shoot'em Up	Dooyong	1-2
gulfwar2	Gulf War II	1991	Shoot'em Up / Vertical/Shoot'em Up	Comad	1-2
gulunpa	Gulun.Pa!	1993	Puzzle	Capcom	1-2
gumbo	Gumbo	1994	Adults/Puzzle/Puzzle / Fall		1-2
gunbird	Gunbird	1994	Shoot'em Up / Vertical/Shoot'em Up	Psikyo	1-2
gunbird2	Gunbird 2	1998	Shoot'em Up / Vertical/Shoot'em Up	Psikyo	1-2
gunblade	Gunblade NY	1995	Shooter/Lightgun Shooter	SEGA	1-2
gunbustr	Gunbuster	1992	Shooter/Lightgun Shooter	Taito	1-2
gunchamp	Gun Champ	1980	Shooter/Lightgun Shooter		1
gundamex	Mobile Suit Gundam: EX Revue	1994	Fighting / 2D/Fighting/Fighting / Versus	Allumer	1-2
gundamos	Gundam Battle Operating Simulator	2005	Shooter / FPV/Shooter/Shooter / TPV	Banpresto	1
gundealr	Gun Dealer	1990	Puzzle/Casino / Cards/Casino	NMK	1-2
gundhara	Gundhara	1995	Shooter/Shooter / Run and Gun	Banpresto	1-2
gundl94	Gun Dealer '94	1994	Puzzle/Casino / Cards/Casino		1-2
gundmct	Mobile Suit Gundam: Federation Vs. Zeon	2001	Shooter	Capcom	1
gundmgd	Mobile Suit Gundam : Federation vs Zeon	2001	Shooter / TPV/Shooter	Capcom	1-2
gundmxgd	Mobile Suit Gundam : Federation vs Zeon DX	2001	Shooter / TPV/Shooter	Capcom	1
gunfight	Gun Fight	1975	Shooter/Fighting / Versus/Fighting		1-2
gunforc2	GunForce II	1994	Platform/Platform / Shooter Scrolling	Irem	1-2
gunforce	Gunforce - Battle Fire Engulfed Terror Island	1991	Platform/Platform / Shooter Scrolling	Irem	1-2
gunfront	Gun & Frontier	1991	Shoot'em Up / Vertical/Shoot'em Up	Taito	1-2
gunkids	GuHayauchi Gun Kids				
gunlock	Gunlock	1993	Shoot'em Up / Vertical/Shoot'em Up	Taito	1-2
gunmania	Gunmania	2000	Shooter/Lightgun Shooter	Konami	
gunmast	Gun Master	1994	Beat'em Up/Fighting/Fighting / Vs Co-op	Metro Corporation	1-2
gunnail	GunNail	1993	Shoot'em Up / Vertical/Shoot'em Up	NMK	1-2
gunpey	Gunpey	2000	Puzzle/Puzzle / Fall	Banpresto	1-2
gunsmoke	Gun.Smoke	1985	Shooter/Shooter / Run and Gun	Capcom	1-2
gunsur2	Gun Survivor 2: Biohazard CODE:Veronica	2001	Shooter/Lightgun Shooter	Capcom	1
gunwars	Gunmen Wars	1998	Shooter/Shooter / TPV	Namco	
gururin	Gururin	1994	Puzzle/Puzzle / Fall	FACE	1-2
guts	Guts N' Glory	1989	Shooter/Shooter / Space Invaders Like		1-2
gutsn	Guts'n	2000	Puzzle/Various	Kouyousha	1-2
guwange	Guwange	1999	Shoot'em Up	Cave	1-2
guzzler	Guzzler	1983	Action / Labyrinth/Action	Tehkan	1-2
gwar	Guerrilla War	1987	Shooter/Shooter / Run and Gun	SNK	1-2
gwarrior	Galactic Warriors	1985	Fighting/Fighting / Versus	Konami	1-2
gwing2	Giga Wing 2	2000	Shoot'em Up / Vertical/Shoot'em Up	Takumi	1-2
gypsyjug	Gypsy Juggler	1978	Action	Meadows	1-4
gyrodine	Gyrodine	1984	Shooter / Vertical/Shooter/Shoot'em Up / Vertical/Shoot'em Up	Crux	1-2
gyruss	Gyruss	1983	Shooter/Shooter / Plane, TPV	Konami	1-2
hachamf	Hacha Mecha Fighter	1991	Shoot'em Up / Horizontal/Shoot'em Up	NMK	1-2
hachoo	Hachoo!	1989	Beat'em Up/Fighting/Fighting / 2.5D	Jaleco	1-2
haekaka	Hae Hae Ka Ka Ka	2001	Casino/Casino / Slot machine		1
hal21	Hal21	1985	Shoot'em Up / Vertical/Shoot'em Up	SNK	1-2
halleysc	Halley's Comet	1986	Shoot'em Up / Vertical/Shoot'em Up		1-2
hamaway	Hammer Away	1991	Shoot'em Up / Vertical/Shoot'em Up	Santos	1-2
hamboy	Hammer Boy	1990	Platform	Dinamic Multimedia	1-2
hammer	Hammer	2000	Lightgun Shooter/Various	Andamiro	1
hanaawas	Hana Awase	1982	Asiatic board game/Hanafuda	SETA	1
hanagumi	Hanagumi Taisen Columns - Sakura Wars	1997	Puzzle/Puzzle / Fall	SEGA	1-4
hanakanz	Hana Kanzashi	1996	Asiatic board game/Hanafuda		1
hanamai	Hana Kochou	1989	Asiatic board game/Hanafuda		1
hanamomo	Mahjong Hana No Momoko Gumi	1988	Asiatic board game/Mahjong		1
hanaoji	Hana To Ojisan [bet]	1991	Asiatic board game/Hanafuda		1
hanaroku	Hanaroku	1988	Asiatic board game/Hanafuda	Alba	1
hanayara	Hana Wo Yaraneba!	1991	Asiatic board game/Hanafuda		1
hangon	Hang-on	1985	Racing, Driving/Motorcycle race TPV	SEGA	1
hangonjr	Hang-on Jr.	1985	Racing, Driving/Motorcycle race TPV	SEGA	1
hangplt	Hang Pilot	1997	Sports/Racing, Driving / Hang Gliding/Racing, Driving	Konami	1
hangzo	Hangzo	1992	Beat'em Up	Hot-B	
happy6	Happy 6-in-1	2004	Compilation	IGS	1-4
hapytour	Happy Tour	2005	Puzzle	GAV Company	1-2
harddriv	Hard Drivin'	1988	Racing, Driving/Racing FPV	Atari	1
harddunk	Hard Dunk	1994	Sports/Sports / Basketball	SEGA	1-6
hardhat	Hard Hat	1982	Action / Labyrinth/Action	Exidy	1-2
hardhea2	Hard Head 2	1991	Platform/Platform / Run & Jump Scrolling	SunA	1-2
hardhead	Hard Head	1988	Platform/Platform / Run & Jump Scrolling	SunA	1-2
hardyard	Hard Yardage	1993	Sports/Sports / Football (American)	Strata	1-4
harem	Harem	1983	Shooter	I.G.R.	1
harikiri	Harikiri Baseball				
harley	Harley-Davidson & L.A. Riders	1997	Racing, Driving/Motorcycle race TPV	SEGA	1
hasamu	Hasamu	1991	Mahjong/Asiatic board game/Puzzle/Puzzle / Equalize	Irem	1-2
hatena	Adventure Quiz 2 - Hatena? no Daibouken	1990	Quiz/Quiz / Japanese	Capcom	1-2
hatris	Hatris	1990	Puzzle/Puzzle / Fall	Bullet-Proof Software	1-2
hattrick	Hat Trick	1984	Sports/Sports / Hockey	Bally Midway	1-2
hayaosi1	Hayaoshi Quiz Ouza Ketteisen - The King Of Quiz	1993	Quiz/Quiz / Japanese	Jaleco	1-3
hayaosi2	Hayaoshi Quiz Ouza Ketteisen - The King Of Quiz	1993	Quiz/Quiz / Japanese	Jaleco	1-3
hayaosi3	Hayaoshi Quiz Nettou Namahousou	1994	Quiz/Quiz / Japanese	Jaleco	1-3
hbarrel	Heavy Barrel	1987	Shooter/Shooter / Run and Gun	Data East	1-2
hcastle	Haunted Castle	1988	Platform/Platform / Fighter Scrolling	Konami	1-2
hcrash	Hyper Crash	1987	Racing, Driving/Racing TPV	Konami	1
hdrivair	Hard Drivin's Airborne	1993	Racing, Driving/Racing FPV		1
headon	Head On	1979	Action / Labyrinth/Racing, Driving/Action	Gremlin Industries	1
headon2	Head On 2	1979	Action / Labyrinth/Racing, Driving/Action	SEGA	1-2
headonch	Monita to Rimoko no Head On Channel	1994	Casino / Slot machine/Casino	SEGA	1-2
headoni	Head On	1979	Action / Labyrinth/Action	Irem	1-2
heartatk	Heart Attack	1983	Action / Labyrinth/Action	Century Electronics	1-2
heatbrl	Heated Barrel	1992	Shooter/Shooter / Run and Gun	Tad	1-4
heberpop	Hebereke No Popoon	1994	Puzzle/Puzzle / Fall	Sunsoft	1-2
hedpanic	Head Panic	2000	Platform/Platform / Run & Jump	ESD	1-2
heiankyo	Heiankyo Alien	1979	Action / Labyrinth/Action	Theoretical Science Group	1-2
helifire	Helifire	1980	Shooter/Shooter / Space Invaders Like	Nintendo	1-2
hellfire	Hellfire	1989	Shoot'em Up / Horizontal/Shoot'em Up	Toaplan	1-2
hermit	The Hermit	1995	Casino/Casino / Cards	Dugamex	1
hero	Hero	1984	Action / Labyrinth/Action	Seatongrove	1-2
heuksun	Heuk Sun Baek Sa	1997	Asiatic board game/Go		1-2
hexa	Hexa	1990	Adults/Puzzle/Puzzle / Fall	D.R. Korea	1
hexion	Hexion	1992	Puzzle/Puzzle / Fall	Konami	1-2
hginga	Hanafuda Hana Ginga	1994	Asiatic board game/Hanafuda	Dynax	1
hgkairak	Taisen Hot Gimmick Kairakuten	1998	Asiatic board game/Mahjong		1-2
hgokou	Hanafuda Hana Gokou	1995	Asiatic board game/Hanafuda		1
hharry	Hammerin' Harry	1990	Platform/Platform / Fighter Scrolling	Irem	1-2
hidctch2	Hidden Catch 2	1999	Puzzle/Various	Eolith	1-2
hidctch3	Hidden Catch 3	2000	Puzzle/Various	Eolith	1-2
hidnc2k	Hidden Catch 2000	1999	Puzzle/Various	Eolith	
hidnctch	Hidden Catch	1998	Puzzle/Various	Eolith	1-2
higemaru	Pirate Ship Higemaru	1984	Action / Labyrinth/Action	Capcom	1-2
highroll	High Roller	1982	Casino / Cards/Casino	bootleg	1
highsplt	Space Fever High Splitter	1979	Shooter/Shooter / Space Invaders Like	Nintendo	1-2
hiimpact	High Impact Football	1990	Sports/Sports / Football (American)	Williams	1-4
himesiki	Himeshikibu	1989	Asiatic board game/Hanafuda	Hi-Soft	1-2
hipai	Hi Pai Paradise	2003	Asiatic board game/Mahjong	Aruze	1
hipai2	Hi Pai Paradise 2	2004	Mahjong/Asiatic board game	Aruze	1
hippodrm	Hippodrome	1989	Fighting/Fighting / Versus	Data East	1-2
histryma	The History of Martial Arts		Fighting/Fighting / Versus		1-2
hitice	Hit The Ice	1990	Sports/Sports / Hockey	Williams	1-4
hitme	Hit Me	1976	Casino/Casino / Cards		1-4
hitnmiss	Hit 'n Miss	1987	Shooter/Lightgun Shooter	Exidy	1-2
hjingi	Hana Jingi	1990	Asiatic board game/Hanafuda	Dynax	1
hkagerou	Hana Kagerou [bet]	1997	Asiatic board game/Hanafuda		1
hldspin1	Hold & Spin I	2000	Casino/Casino / Slot machine		1
hldspin2	Hold & Spin II	2000	Casino/Casino / Slot machine		1
hmgeo	Heavy Metal Geomatrix	2001	Shooter / TPV/Shooter	Capcom	1-4
hnageman	Av Hanafuda Hana No Ageman	1990	Asiatic board game/Hanafuda		
hnayayoi	Hana Yayoi	1987	Asiatic board game/Hanafuda		1
hnxmasev	Av Hanafuda Hana No Christmas Eve	1990	Asiatic board game/Hanafuda	Nichibutsu	
hoccer	Hoccer	1983	Sports/Sports / Hockey	Eastern Micro Electronics	1-2
hogalley	Vs. Hogan's Alley	1985	Shooter/Lightgun Shooter	Nintendo	1-2
holeland	Hole Land	1984	Shooter/Shooter / TPV	Tecfri	1-2
holo	Holosseum	1992	Fighting/Fighting / Versus	SEGA	1-2
honeydol	Honey Dolls	1995	Adults/Puzzle/Puzzle / Equalize	Barco	1-2
honeypot	ZZZ(notgame):Honey Pot				
hook	Hook	1992	Beat'em Up	Irem	1-4
hoops96	Hoops	1996	Sports/Sports / Basketball	Data East	1-4
hopmappy	Hopping Mappy	1986	Platform/Platform / Run & Jump	Namco	1-2
hopprobo	Hopper Robo	1983	Platform/Platform / Run & Jump	SEGA	1-2
horekid	Kid No Hore Hore Daisakusen	1987	Action / Labyrinth/Action	Nichibutsu	1-2
horizon	Horizon	1985	Shooter/Shooter / Vehicle, Horizontal	Irem	1-2
horshoes	American Horseshoes	1990	Sports	Taito	1-4
hotblock	Hot Blocks - Tetrix II	1993	Puzzle/Puzzle / Fall		1-2
hotbody	Hot Body 1	1995	Puzzle	Gameace	1-2
hotbody2	Hot Body 2	1995	Puzzle	Gameace	1-2
hotchase	Hot Chase	1988	Racing, Driving/Racing TPV	Konami	1
hotd	The House of the Dead	1997	Shooter/Lightgun Shooter	SEGA	1-2
hotd2	The House of the Dead 2	1998	Shooter/Lightgun Shooter	SEGA	1-2
hotd3	The House of the Dead III	2002	Shooter/Lightgun Shooter	SEGA	1-2
hotdebut	Quiz De Idol! Hot Debut	2000	Quiz/Quiz / Japanese		1-4
hotdogst	Hotdog Storm	1996	Shoot'em Up / Vertical/Shoot'em Up	Marble	1-2
hotgm4ev	Taisen Hot Gimmick 4 Ever	2000	Asiatic board game/Mahjong		1-2
hotgmck	Taisen Hot Gimmick	1997	Asiatic board game/Mahjong		1-2
hotgmck3	Taisen Hot Gimmick 3 Digital Surfing	1999	Asiatic board game/Mahjong		1-2
hotgmcki	Mahjong Hot Gimmick Integral	2001	Adults/Asiatic board game/Mahjong		1-2
hotmind	Hot Mind	1995	Puzzle/Various	Playmark	1
hotpinbl	Hot Pinball	1995	Adults/Pinball	Comad	1
hotrod	Hot Rod	1988	Racing, Driving	SEGA	1-3
hotshock	Hot Shocker	1982	Action / Labyrinth/Action	Midcoin	1-2
hotsmash	Vs. Hot Smash	1987	Sports/Various	Taito	1-2
hourouki	Mahjong Hourouki Part 1 - Seisyun Hen	1987	Asiatic board game/Mahjong		1
housemn2	House Mannequin Roppongi Live Hen	1987	Asiatic board game/Mahjong		1-2
housemnq	House Mannequin	1987	Asiatic board game/Mahjong		1-2
hparadis	Super Hana Paradise	1994	Asiatic board game/Hanafuda		1
hrdtimes	Hard Times	1994	Shooter/Shooter / TPV	Playmark	1-2
hsf2	Hyper Street Fighter II: The Anniversary Edition	2004	Fighting/Fighting / Versus	Capcom	1-2
hstennis	Hot Shots Tennis	1990	Sports/Sports / Tennis	Strata	1-2
htchctch	Hatch Catch	1995	Puzzle/Puzzle / Throw	SemiCom	1-2
htengoku	Hanafuda Hana Tengoku	1992	Asiatic board game/Hanafuda	Dynax	1
hunchbak	Hunchback	1983	Platform/Platform / Run & Jump Scrolling	Century Electronics	1-2
huncholy	Hunchback at the Olympics	1984	Sports / Multisports/Sports	Century Electronics	1-2
hustle	Hustle	1977	Action / Labyrinth/Action	Gremlin Industries	1-2
hustler	Video Hustler	1981	Sports / Pool/Sports/Sports / Swimming	Konami	1-2
hvnsgate	Heaven's Gate	1996	Fighting/Fighting / Versus	Racdym	1-2
hvoltage	High Voltage	1985	Shooter/Shooter / Missile Command Like	ADK	1-2
hvymetal	Heavy Metal	1985	Shooter/Shooter / Vehicle, Vertical	SEGA	1-2
hvysmsh	Heavy Smash	1993	Sports/Sports / Handball	Data East	1-2
hvyunit	Heavy Unit	1988	Shoot'em Up / Horizontal/Shoot'em Up	Kaneko	1-2
hwchamp	Heavyweight Champ	1987	Sports/Sports / Boxing	SEGA	1
hwrace	High Way Race	1983	Racing, Driving/Racing, Driving / Racing	Taito	1-2
hydra	Hydra	1990	Racing, Driving	Atari	1
hyhoo	Hayaoshi Taisen Quiz Hyhoo	1987	Quiz/Quiz / Japanese		1-4
hyhoo2	Hayaoshi Taisen Quiz Hyhoo 2	1987	Quiz/Quiz / Japanese		1-4
hypbbc2p	Hyper Bishi Bashi Champ	1998	Compilation	Konami	1-3
hyperath	Hyper Athlete	1996	Action/Sports/Sports / Running trails	Konami	1-4
hyperbbc	Hyper Bishi Bashi Champ	1998	Compilation	Konami	1-3
hyperpac	Hyper Pacman	1995	Action / Labyrinth/Action	SemiCom	1-2
hyperspt	Hyper Sports	1984	Action/Sports / Multisports/Sports/Sports / Running trails	Konami	1-4
hyprdriv	Hyperdrive	1998	Racing, Driving/Racing TPV	Midway	1
hyprduel	Hyper Duel	1993	Shoot'em Up / Horizontal/Shoot'em Up	Technosoft	1-2
hypreac2	Mahjong Hyper Reaction 2	1997	Asiatic board game/Mahjong		1
hypreact	Mahjong Hyper Reaction	1995	Asiatic board game/Mahjong		1
ibara	Ibara	2005	Shoot'em Up / Vertical/Shoot'em Up	Cave	1-2
ibarablk	Ibara Kuro Black Label	2006	Shoot'em Up / Vertical/Shoot'em Up	Cave	1-2
iceclimb	Vs. Ice Climber	1984	Platform/Platform / Run & Jump	Nintendo	1-2
iceclmrd	Vs. Ice Climber Dual	1984	Platform/Platform / Run & Jump	Nintendo	1-4
ichir	Puzzle & Action: Ichidant-R	1994	Compilation	SEGA	1-2
idhimitu	Idol No Himitsu [bet]	1989	Asiatic board game/Mahjong		1
idolmj	Idol-Mahjong Housoukyoku	1988	Asiatic board game/Mahjong		1
idsoccer	Indoor Soccer	1985	Sports/Sports / Football (Soccer)	Universal	1-2
iemoto	Iemoto	1987	Asiatic board game/Mahjong		1
igmo	Igmo	1984	Action / Labyrinth/Shooter Small/Action	Magic Conversations	1-2
igs_ncs	New Champion Skill	2000	Casino / Cards/Casino	IGS	1
igs_ncs2	New Champion Skill	2000	Casino / Cards/Casino	IGS	1
ikari	Ikari Warriors	1986	Shooter/Shooter / Run and Gun	SNK	1-2
ikari3	Ikari III - The Rescue	1989	Shooter/Shooter / Run and Gun	SNK	1-2
ikaruga	Ikaruga	2001	Shoot'em Up / Vertical/Shoot'em Up	Treasure	1-2
ikki	Ikki	1985	Action / Labyrinth/Fighting/Action	Sunsoft	1-2
illvelo	Illmatic Envelope	2008	Shoot'em Up / Vertical/Shoot'em Up	Milestone	1-2
ilpag	Il Pagliaccio		Casino/Casino / Cards		1
imago	Imago	1984	Shooter/Shooter / Space Invaders Like	Acom	1-2
imekura	Imekura Mahjong	1994	Asiatic board game/Mahjong		1
imgfight	Image Fight	1988	Shoot'em Up / Vertical/Shoot'em Up	Irem Corporation	1-2
imolagp	Imola Grand Prix	1983	Racing, Driving/Racing, Driving / Racing	Roberto Bacchilega	1
imsorry	I'm Sorry	1985	Action / Labyrinth/Action	Coreland	1-2
inca	Inca		Adults/Puzzle/Puzzle / Equalize		1-2
indianbt	Indian Battle	1980	Shooter/Shooter / TPV	Taito	1-2
indy500	Indy 500	1995	Racing, Driving/Racing, Driving	SEGA	1-2
indyheat	Danny Sullivan's Indy Heat	1991	Racing, Driving/Racing, Driving / Racing	Leland	1-3
indytemp	Indiana Jones And The Temple Of Doom	1985	Action / Labyrinth/Fighting/Action	Atari	1-2
inferno	Inferno	1984	Action / Labyrinth/Action	Williams	1-2
inidv3cy	Initial D: Version 3	2004	Racing TPV/Racing, Driving	SEGA	1-2
initd	Initial D: Arcade Stage	2002	Racing TPV/Racing, Driving	SEGA	1
initdexp	Initial D: Arcade Stage	2002	Racing TPV/Racing, Driving	SEGA	1
initdv2j	Initial D: Arcade Stage Ver. 2	2003	Racing TPV/Racing, Driving	SEGA	1-2
initdv3e	Initial D: Version 3	2004	Racing TPV/Racing, Driving	SEGA	1-2
initdv3j	Initial D: Version 3	2004	Racing TPV/Racing, Driving	SEGA	1-2
insector	Insector	1982	Shooter	Gottlieb	1-2
insectx	Insector X	1989	Shoot'em Up / Horizontal/Shoot'em Up	Hot-B	1-2
intcup94	Hat Trick Hero '94	1994	Sports/Sports / Football (Soccer)	Taito	1-4
inthunt	In the Hunt	1993	Shooter/Shooter / Horizontal/Shoot'em Up / Horizontal/Shoot'em Up	Irem	1-2
intrepid	Intrepid	1983	Action / Labyrinth/Action	Nova Games	1-2
intrgirl	Intergirl	1995			
intrgmes	Joker Card (Inter Games)	1991	Playing cards		
introdon	Karaoke Quiz Intro Don Don!	1996	Quiz/Quiz / Japanese	Success	1-2
inufuku	Quiz & Variety Sukusuku Inufuku	1998	Quiz/Quiz / Japanese		1-2
inunoos	Inu no Osanpo	2001	Simulation/Various	Wow Entertainment	1
invad2ct	Space Invaders II	1980	Shooter/Shooter / Space Invaders Like	Midway	1-2
invaders	Space Invaders	1978	Shooter / Space Invaders Like/Shooter	Taito	1-2
invadpt2	Space Invaders Part 2	1979	Shooter / Space Invaders Like/Shooter	Taito	1-2
invasnab	Invasion - The Abductors	1999	Shooter/Lightgun Shooter	Midway	1-2
invcarht	Invinco / Car Hunt	1979	Compilation	SEGA	1
invds	Car Hunt / Deep Scan	1979	Shooter/Compilation	SEGA	1-2
invho2	Invinco / Head On 2	1979	Compilation	SEGA	
invinco	Invinco	1979	Action/Compilation/Shooter / Space Invaders Like/Shooter	SEGA	1
invmulti	Space Invaders Multigame	2002	Compilation		1-2
invqix	Space Invaders / Qix Silver Anniversary Edition	2003	Compilation	Taito	1-2
invrvnge	Invader's Revenge	1979	Shooter/Shooter / Space Invaders Like	Zenitone	1-2
inyourfa	In Your Face	1991	Sports / Basketball/Sports	Jaleco	1-2
ipminvad	Ipm Invader	1979	Shooter/Shooter / Space Invaders Like	IPM	1-2
ippatsu	Ippatsu Gyakuten [bet]	1986	Asiatic board game/Mahjong		1
ippo2	Hard Puncher Hajime no Ippo 2 - The Fighting! - Ouja e no chousen	2002	Sports / Boxing/Sports	Taito	1
iqblock	Iq-block	1993	Puzzle/Puzzle / Fall	IGS	1-2
irobot	I, Robot	1984	Shooter/Various	Atari	1-2
iron	Iron	1996	Fighting/Fighting / 2.5D	bootleg	1-2
ironclad	Ironclad	1996	Shoot'em Up / Horizontal/Shoot'em Up	Saurus	1-2
ironfort	Iron Fortress	1998	Action / Labyrinth/Action	Eolith	1-2
ironhors	Iron Horse	1986	Platform/Platform / Shooter Scrolling	Konami	1-2
irrmaze	The Irritating Maze	1997	Action / Labyrinth/Action	Saurus	1-2
istellar	Interstellar Laser Fantasy	1983	Shooter	Funai	1
istreb	Istrebiteli				
itaten	Itazura Tenshi	1984	Puzzle	Nichibutsu	1-2
itazuram	Itazura Monkey	2000	Shooter/Various		1
ixion	Ixion	1983	Shooter	SEGA	1-2
jack	Jack the Giantkiller	1982	Action / Climbing/Action	Cinematronics	1-2
jackal	Jackal	1986	Shoot'em Up / Vertical/Shoot'em Up	Konami	1-2
jackie	Happy Jackie	1993	Casino/Casino / Slot machine	IGS	1
jackpool	Jackpot Cards / Jackpot Pool	1997			
jackpot	ZZZ(notgame):Jackpot				
jackrabt	Jack Rabbit	1984	Platform/Platform / Run & Jump	Zaccaria	1-2
jailbrek	Jail Break	1986	Platform/Platform / Shooter Scrolling	Konami	1-2
jajamaru	Vs. Ninja Jajamaru Kun	1985	Platform/Shooter	Jaleco	1-2
jambo	Jambo! Safari	1999	Racing, Driving	SEGA	1
janbari	Mahjong Janjan Baribari	1992	Asiatic board game/Mahjong		1
jangou	Jangou [bet]	1983	Asiatic board game/Mahjong		1
jangtaku	Jang Taku	1986			
janjans1	Lovely Pop Mahjong Jangjang Shimasho	1996	Adults/Asiatic board game/Mahjong		1
janjans2	Lovely Pop Mahjong Jangjang Shimasho 2	2000	Adults/Asiatic board game/Mahjong		1
jankenmn	Janken Man Kattara Ageru	1991	Various	Sunwise	
janoh	Jan Oh	1984	Asiatic board game/Mahjong	Toaplan	1-2
janptr96	Janputer '96	1996	Asiatic board game/Mahjong		1
janptrsp	Janputer Special	1997	Asiatic board game/Mahjong		1
janputer	New Double Bet Mahjong	1981	Asiatic board game/Mahjong		1
janshi	Janshi	1992	Asiatic board game/Mahjong		
janshin	Janshin Densetsu - Quest of Jongmaster	1994	Mahjong/Mahjong/Asiatic board game	Aicom Corporation	1
janshinp	Mahjong Janshin Plus	1996	Asiatic board game/Mahjong		1
jansou	Jansou	1985	Asiatic board game/Mahjong		1
jantotsu	4nin-uchi Mahjong Jantotsu	1983	Mahjong/Asiatic board game	Sanritsu Denki	1-2
jantouki	Jong Tou Ki	1990	Asiatic board game/Mahjong		1
janyuki	Jong Yu Ki	1988	Asiatic board game/Mahjong		1
jchan	Jackie Chan - The Kung-fu Master	1995	Fighting/Fighting / Versus	Kaneko	1-2
jchan2	Jackie Chan In Fists Of Fire	1995	Fighting/Fighting / Versus	Kaneko	1-2
jclub2v112	Jockey Club II		Casino/Casino / Race		1
jcross	Jumping Cross	1984	Racing, Driving/Racing, Driving / Motorcycle	SNK	1-2
jdredd	Judge Dredd	1997	Fighting / 3D/Fighting	Gremlin Interactive	1-2
jdreddp	Judge Dredd	1993	Beat'em Up	Midway	1-3
jedi	Return of the Jedi	1984	Shooter/Shooter / Vehicle, Diagonal	Atari	1
jetwave	Jet Wave	1996	Racing, Driving/Racing, Driving / Boat	Konami	1
jin	Jin	1982	Puzzle	Falcon	1-2
jingystm	Jingi Storm : The Arcade	2006	Fighting / Versus/Fighting	Atravia Japan	1-2
jitsupro	Jitsuryoku!! Pro Yakyuu	1989	Sports/Sports / Baseball		1-2
jituroku	Jitsuroku Maru-chi Mahjong	1993	Asiatic board game/Mahjong		1
jjack	Jumping Jack	1984	Platform/Platform / Run & Jump	Universal	1-2
jjparad2	Jan Jan Paradise 2	1997	Adults/Asiatic board game/Mahjong	Electro Design	1
jjparads	Jan Jan Paradise	1996	Adults/Asiatic board game/Mahjong	Electro Design	1
jjpoker	Jackpot Joker Poker	1983	Casino/Casino / Cards	Enteractive	1
jjsquawk	J. J. Squawkers	1993	Platform/Platform / Shooter Scrolling	Able	1-2
jkrmast	ZZZ(notgame):Joker Master		Casino/Casino / Cards		1
jmpbreak	Jumping Break	1999	Action/Action / Breakout games	F2 System	1-2
jngolady	Jangou Lady	1984	Asiatic board game/Mahjong		1
jockeyc	Jockey Club	1990	Casino/Casino / Race	SETA	1
jockeygp	Jockey Grand Prix	2001	Sports with animals/Horse racing	BrezzaSoft	1-2
joemacr	Joe & Mac Returns	1994	Platform/Platform / Run & Jump	Data East	1-2
jogakuen	Mahjong Jogakuen	1992	Asiatic board game/Mahjong		1
joinem	Joinem	1983	Action / Labyrinth/Action	Global	1-2
jojo	JoJo's Venture	1998	Fighting/Fighting / Versus	Capcom	1-2
jojoba	Jojo's Bizarre Adventure	1999	Fighting / Versus/Fighting	Capcom	1-2
jokcrdep	Joker Card / Multi Card	1991		Fun World	1
jokercrd	Joker Card	1993	Casino/Casino / Cards	Vesely Svet	1
jokrlady	Joker Lady			Videos A A	1
jollycrd	Jolly Card	1998	Casino / Cards/Casino	TAB Austria	1
jollyjgr	Jolly Jogger	1982	Action / Labyrinth/Action	Taito	1-2
jolyjokr	Jolly Joker				
jongbou	Mahjong Block Jongbou	1987	Mahjong/Action/Action / Breakout games/Asiatic board game	SNK	1-2
jongbou2	Mahjong Block Jongbou 2	1987	Action / Breakout games/Action	SNK	1-2
jongkyo	Jongkyo	1985	Asiatic board game/Mahjong		1
jongpute	Jongputer	1981	Mahjong/Asiatic board game	Alpha Denshi	1-2
jongshin	Jong Shin	1986	Mahjong/Asiatic board game	Dyna Electronics	1-2
jongtei	Mahjong Jong-tei	1999	Asiatic board game/Mahjong		1
josvolly	Joshi Volleyball	1983	Sports/Sports / Volleyball	Taito	1-2
journey	Journey	1983	Action / Labyrinth/Action	Bally Midway	1-2
joust	Joust	1982	Platform/Platform / Run & Jump	Williams	1-2
joust2	Joust 2: Survival of the Fittest	1986	Platform/Platform / Run & Jump	Williams	1-2
joyfulr	Joyful Road	1983	Racing, Driving	SNK	1-2
joyjoy	Puzzled	1991	Puzzle/Puzzle / Fall	SNK	1-2
joystand	Joy Stand Private	1997		Yuvo	
jpark	Jurassic Park	1993	Shooter	SEGA	1-2
jpark3	Jurassic Park 3	2001	Shooter/Lightgun Shooter	Konami	1-2
jparkmb	Jurassic Park	1993	Shooter	SEGA	1-2
jpjcoin	Jackpot Joker Poker	1983	Casino/Casino / Cards	Enteractive	1
jpopnics	Jumping Pop	1992	Action	Nics	1-2
jppyex98	Jikkyou Powerful Pro Yakyuu EX '98	1998	Sports / Baseball/Sports	Konami	1-2
jrpacman	Jr. Pac-Man	1983	Action / Labyrinth/Action	Bally Midway	1-2
jsk	Joryuu Syougi Kyoushitsu	1997	Asiatic board game/Shougi	Visco	1
jumbogod	Jumbo God				
jumpbug	Jump Bug	1981	Platform/Platform / Run & Jump Scrolling	Hoei	1-2
jumpcoas	Jump Coaster	1983	Platform/Platform / Run & Jump	Kaneko	1-2
jumpjoey	ZZZ(notgame):Jumpin' Joeys				
jumpjump	Jump Jump	1999	Platform/Platform / Run & Jump	dgPIX Entertainment	
jumpkids	Jump Kids	1993	Platform/Platform / Run & Jump	Comad	1-2
jumpkun	Jump Kun	1984	Platform/Platform / Run & Jump	Kaneko	1-2
jumppop	Jumping Pop	2001	Action/Platform / Run & Jump/Platform	bootleg	1-2
jumpshot	Jump Shot	1985	Sports/Sports / Basketball	Bally Midway	1-2
junai	Junai - Manatsu No First Kiss	1998	Asiatic board game/Mahjong		1
junai2	Junai 2 - White Love Story	1998	Asiatic board game/Mahjong		1
junglek	Jungle King	1982	Platform/Platform / Run & Jump Scrolling	Taito	1-2
jungler	Jungler	1981	Action / Labyrinth/Shooter Small/Action	Konami	1-2
junofrst	Juno First	1983	Shooter/Shooter / Space Invaders Like	Konami	1-2
jyangoku	Jyangokushi: Haoh no Saihai	1999	Asiatic board game/Mahjong	Capcom	1
jzth	Jue Zhan Tian Huang	2000	Fighting/Fighting / 2.5D		1-2
kabukikl	Far East of Eden: Kabuki Klash	1995	Fighting / Versus/Fighting	Racdym	1-2
kabukiz	Kabuki-Z	1988	Beat'em Up/Fighting/Fighting / 2.5D	Kaneko	1-2
kageki	Kageki	1988	Fighting/Fighting / Versus	Kaneko	1-2
kaguya	Mahjong Kaguyahime [bet]	1988	Asiatic board game/Mahjong		1
kaguya2	Mahjong Kaguyahime Sono2 [bet]	1989	Asiatic board game/Mahjong		1
kaiserkn	Global Champion	1994	Fighting/Fighting / Versus	Taito	1-2
kaitei	Kaitei Takara Sagashi	1980	Shooter/Various	K.K. Tokki	1-2
kaiunqz	Kaiun Quiz	1999	Quiz/Quiz / Japanese	Namco	
kakumei	Mahjong Kakumei	1990	Asiatic board game/Mahjong		1
kakumei2	Mahjong Kakumei 2 - Princess League	1992	Asiatic board game/Mahjong		1
kamenrid	Masked Riders Club Battle Race	1993	Racing, Driving/Racing, Driving / Motorcycle	Allumer	1-2
kamikaze	Astro Invader	1980	Shooter/Shooter / Space Invaders Like	Leijac	1-2
kamikcab	Kamikaze Cabbie	1984	Action / Labyrinth/Racing, Driving/Action	Data East	1-2
kanatuen	Kanatsuen No Onna [bet]	1988	Asiatic board game/Mahjong		1
kangaroo	Kangaroo	1982	Platform/Platform / Run & Jump	Sunsoft	1-2
kaos	Kaos	1981	Platform/Platform / Run & Jump	Game Plan	1-2
karatblz	Karate Blazers	1991	Beat'em Up/Fighting/Fighting / 2.5D	Video System	1-4
karatour	The Karate Tournament	1992	Fighting/Fighting / Versus	Mitchell	1-2
karianx	Karian Cross	1996	Puzzle/Puzzle / Fall	Deniam	1-2
karnov	Karnov	1987	Platform/Platform / Shooter Scrolling	Data East	1-2
karnovr	Karnov's Revenge	1994	Fighting / Versus/Fighting	Data East	1-2
karous	Karous	2006	Shoot'em Up / Vertical/Shoot'em Up	Milestone	1
kattobas	Kattobase Power Pro Kun	1998	Casino	Konami	1
kazaaan	ZZZ(notgame):100&Medal Kazaaan!!				
kazan	Ninja Kazan	1988	Platform/Platform / Fighter Scrolling	Jaleco	1-2
kbadlands	Badlands	1984	Shooter	Konami	1
kbash	Knuckle Bash	1993	Fighting/Fighting / Vs Co-op	Toaplan	1-2
kbash2	Knuckle Bash 2	1999	Fighting/Fighting / Vs Co-op	bootleg	1-2
kbm	Keyboardmania	2000	Rhythm/Music and Dancing	Konami	1-2
kbm2nd	Keyboardmania 2nd Mix	2000	Rhythm/Music and Dancing	Konami	1-2
kbm3rd	Keyboardmania 3rd Mix	2001	Rhythm/Music and Dancing	Konami	1-2
kchamp	Karate Champ	1984	Fighting/Fighting / Versus	Data East	1-2
kchampvs	Karate Champ	1984	Fighting/Fighting / Versus	Data East	1-2
kd2001	ZZZ(notgame):Knock Down 2001				
kdeadeye	Dead Eye	1996	Lightgun Shooter	Konami	1-2
kdynastg	King Of Dynast Gear	1999	Platform/Platform / Fighter Scrolling	EZ Graphics	1-2
keirinou	Keirin Ou	1987	Casino	Excellent System	1
keith	Keith Courage In Alpha Zones	1989	Platform/Platform / Run & Jump Scrolling		1
keithlcy	Dramatic Adventure Quiz Keith & Lucy	1993	Quiz/Quiz / Japanese		1-2
kenseim	Ken Sei Mogura: Street Fighter II	1994	Various	Capcom	1-2
keroppi	Kero Kero Keroppi's Let's Play Together	1995	Platform/Platform / Run & Jump	Sammy Corporation	1
keroro	ZZZ(notgame):Keroro Gunsou - Pekopon Shinryaku Shirei...De Arimasu!				
ket	Ketsui : Kizuna Jigoku Tachi	2002	Shoot'em Up / Vertical/Shoot'em Up	Cave	1-2
keyboard	La Keyboard	2001	Quiz/Quiz / Japanese/Educational	SEGA	1-2
kf2k3pcb	The King of Fighters 2003	2004	Fighting/Fighting / Versus	SNK	1-2
kick	Kick	1981	Action	Midway	1-2
kick4csh	Kick '4' Cash	2004	Sports / Football (Soccer)/Sports	SEGA	1-2
kickball	Kick Ball	1998		Seoung Youn	
kickboy	Kick Boy	1983	Action / Labyrinth/Shooter Small/Action	Nichibutsu	1-2
kicker	Kicker	1985	Platform/Fighting	Konami	1
kickgoal	Kick Goal	1995	Sports/Sports / Football (Soccer)	TCH	1-2
kicknkick	Kick & Kick	2001	Sports / Football (Soccer)/Sports	Konami	1
kicknrun	Kick And Run	1986	Sports/Sports / Football (Soccer)	Taito	1-4
kickoff	Kick Off	1988	Sports/Sports / Football (Soccer)	Jaleco	1-2
kickridr	Kick Rider	1984	Racing, Driving/Racing, Driving / Motorcycle		1-2
kidniki	Kid Niki - Radical Ninja	1986	Platform/Platform / Fighter Scrolling	Data East	1-2
kikcubic	Kickle Cubicle / Meikyu Jima	1988	Puzzle	Nanao	1-2
kikikai	KiKi KaiKai	1986	Shooter/Shooter / Run and Gun	Taito	1-2
kikstart	Kick Start - Wheelie King	1984	Racing, Driving/Racing, Driving / Motorcycle	Taito	1-2
killbld	The Killing Blade	1998	Fighting/Fighting / Versus	IGS	1-2
killbldp	The Killing Blade Plus	2005	Fighting/Fighting / Versus	IGS	1-2
killcom	Killer Comet	1981	Shooter	Game Plan	1-2
kingball	King & Balloon	1980	Shooter/Shooter / Space Invaders Like	Namco	1-2
kingdmgp	Kingdom Grandprix	1994	Shoot'em Up / Vertical/Shoot'em Up	Raizing	1-2
kingdrby	King Derby	1981	Casino/Casino / Race	Tazmi	1-2
kingofb	King Of Boxer	1985	Sports / Boxing/Sports	Wood Place	1-2
kingpin	Kingpin	1983	Sports/Sports / Bowling	Capcom Coin-Op	1
kingrt66	The King of Route 66	2002	Racing, Driving	SEGA	1-2
kinst	Killer Instinct	1994	Fighting/Fighting / Versus	Rareware	1-2
kinst2	Killer Instinct 2	1995	Fighting/Fighting / Versus	Rareware	1-2
kinstb	Killer Instinct		Fighting/Fighting / Versus	Rareware	1-2
kirameki	Kirameki Star Road	1997	Quiz/Quiz / Japanese	Taito	1-2
kirarast	Ryuusei Janshi Kirara Star	1996	Asiatic board game/Mahjong		1
kisekaeh	Kisekae Hanafuda	1995	Asiatic board game/Hanafuda	I'Max	
kisekaem	Kisekae Mahjong	1995	Asiatic board game/Mahjong		
kittenk	Kitten Kaboodle	1988	Puzzle	Konami	1-2
kiwame	Pro Mahjong Kiwame	1994	Asiatic board game/Mahjong		1
kiwames	Pro Mahjong Kiwame S	1995	Asiatic board game/Mahjong	Athena	1
kizuna	Kizuna Encounter : Super Tag Battle	1996	Fighting / Versus/Fighting	SNK	1-2
kkotnoli	Kkot No Li		Casino / Slot machine/Casino		1
klax	Klax	1989	Puzzle/Puzzle / Fall	Atari	1-2
klondkp	Klondike+	1999	Asiatic board game/Casino / Cards/Casino		1
knckhead	Knuckle Heads	1992	Fighting/Fighting / Versus	Namco	1-4
kncljoe	Knuckle Joe	1985	Platform/Fighting/Beat'em Up	Seibu Kaihatsu	1-2
kngtmare	Knightmare	1983	Action / Labyrinth/Fighting/Action	Gottlieb	1-2
knights	Knights of the Round	1991	Beat'em Up	Capcom	1-3
kod	The King of Dragons	1991	Beat'em Up/Fighting / 2.5D/Fighting	Capcom	1-3
kof2000	The King of Fighters 2000	2000	Fighting/Fighting / Versus	SNK	1-2
kof2001	The King of Fighters 2001	2002	Fighting/Fighting / Versus	SNK	1-2
kof2002	The King of Fighters 2002	2002	Fighting / Versus/Fighting	SNK	1-2
kof2003	The King of Fighters 2003	2004	Fighting/Fighting / Versus	SNK	1-2
kof94	The King of Fighters '94	1994	Fighting/Fighting / Versus	SNK	1-2
kof95	The King of Fighters '95	1995	Fighting/Fighting / Versus	SNK	1-2
kof96	The King of Fighters '96	1996	Fighting/Fighting / Versus	SNK	1-2
kof97	The King of Fighters '97	1997	Fighting/Fighting / Versus	SNK	1-2
kof98	The King of Fighters '98 : The Slugfest	1998	Fighting/Fighting / Versus	SNK	1-2
kof98umh	King of Fighters '98 - Ultimate Match HERO	2009	Fighting / Versus/Fighting	SNK Playmore	1-2
kof99	The King of Fighters '99 : Millennium Battle	1999	Fighting/Fighting / Versus	SNK	1-2
kofnw	The King of Fighters Neowave	2004	Fighting/Fighting / Versus	SNK Playmore	1-2
kofxi	The King of Fighters XI	2005	Fighting/Fighting / Versus	SNK Playmore	1-2
koikoi	Koi Koi Part 2	1982	Asiatic board game/Hanafuda		
koikois	Koi Koi Shimasho	1995	Asiatic board game/Hanafuda	Visco	1
koikois2	Koi Koi Shimasho 2 - Super Real Hanafuda	1997	Asiatic board game/Hanafuda	Visco	1
koinomp	Mahjong Koi No Magic Potion	1992	Asiatic board game/Mahjong		1
kok	Povar / Sobrat' Buran / Agroprom	2019			
kokoroj	Soreike Kokology	1992	Quiz / Japanese/Quiz	SEGA	1-4
kokoroj2	Soreike Kokology Vol. 2 - Kokoro No Tanteikyoku	1993	Quiz / Japanese/Quiz		
kollon	Kollon	2003	Puzzle / Fall/Puzzle	CyberFront	1-2
konam80s	Konami 80's AC Special	1998	Compilation	Konami	1-2
konamigt	Konami Gt	1985	Racing, Driving/Racing FPV	Konami	1
konek	Konek-gorbunok	1988	Platform/Platform / Run & Jump Scrolling	Terminal Reality	1
kong	Kong		Platform/Platform / Run & Jump		1-2
konhaji	Konnano Hajimete!	2001			
konotako	ZZZ(notgame):Kono Tako	2003	Puzzle/Puzzle / Fall	Mitchell	
kookabuk	ZZZ(notgame):Kooka Bucks				
korinai	Mahjong-zukino Korinai Menmen	1988	Asiatic board game/Mahjong		1
korokoro	Koro Koro Quest	1999	Role Playing Game/Various	Takumi	1
koroleva	Snezhnaja Koroleva	1988	Action / Labyrinth/Action	Terminal Reality	1
koropens	Korokoro Pensuke	1997	Casino	Konami	1
koshien	Ah Eikou No Koshien	1991	Sports/Sports / Baseball	Taito	1-2
kot	Kot-rybolov	1988			
kotbinsp	Kkot Bi Nyo Special	1997	Asiatic board game/Hanafuda		1
kothello	Kyuukyoku No Othello	1990	Asiatic board game/Othello	Success	1
kotm	King of the Monsters	1991	Fighting/Beat'em Up	SNK	1-2
kotm2	King of the Monsters 2 : The Next Thing	1992		SNK	1-2
kouyakyu	The Koukou Yakyuu	1985	Sports/Sports / Baseball	ADK	1-2
kov	Knights of Valour	1999	Beat'em Up/Fighting / 2.5D/Fighting	IGS	1-4
kov2	Knights of Valour 2	2000	Fighting / 2.5D/Fighting/Beat'em Up	IGS	1-4
kov2nl	Knights Of Valour 2 New Legend	2008	Fighting/Fighting / 2.5D	IGS	1-4
kov2p	Knights of Valour 2 Plus - Nine Dragons	2001	Fighting / 2.5D/Fighting/Beat'em Up	IGS	1-4
kov3	Knights Of Valour 3	2011	Fighting/Fighting / 2.5D	IGS	1-2
kov7sprt	Knights of Valour : The Seven Spirits	2003	Beat'em Up/Fighting / 2.5D/Fighting	IGS	1-2
kovplus	Knights of Valour Plus	1999	Fighting / 2.5D/Fighting/Beat'em Up	IGS	1-4
kovsh	Knights of Valour Super Heroes	1999	Fighting / 2.5D/Fighting/Beat'em Up	IGS	1-4
kovshp	Knights of Valour Super Heroes Plus	2004	Fighting / 2.5D/Fighting/Beat'em Up	IGS	1-4
kovytzy	Knights of Valour: Yi Tong Zhong Yuan	1999	Fighting / 2.5D/Fighting/Beat'em Up	IGS	1-4
kozure	Kozure Ookami	1987	Fighting/Fighting / 2.5D/Beat'em Up	Nichibutsu	1-2
kram	Kram	1982	Action / Labyrinth/Action	Taito	1-2
kroozr	Kozmik Kroozr	1982	Shooter	Bally Midway	1-2
krull	Krull	1983	Shooter	Gottlieb	1-2
krzybowl	Krazy Bowl	1994	Sports/Sports / Bowling	Sammy USA Corporation	1-4
ksayakyu	Kusayakyuu	1985	Sports/Sports / Baseball	Taito	1-2
kungfu	Kung Fu	1992			
kungfum	Kung-fu Master	1984	Beat'em Up	Irem	1-2
kungfut	Kung-fu Taikun	1984	Platform/Fighting	Seibu Kaihatsu	1-2
kurikint	Kuri Kinton	1988	Platform/Platform / Fighter Scrolling	Taito	1-2
kurucham	Kuru Kuru Chameleon	2006	Puzzle / Equalize/Puzzle	Starfish	1-2
kurufev	Kurukuru Fever	2003	Puzzle/Puzzle / Fall	Aruze	
kurukuru	Kuru Kuru Pyon Pyon	1990	Casino/Casino / Slot machine		1
kyros	Kyros	1987	Beat'em Up	ADK	1-2
kyukaidk	Kyuukai Douchuuki	1990	Sports/Sports / Baseball	Namco	1-2
kyustrkr	Last Striker	1989	Sports/Sports / Football (Soccer)	East Technology	1-2
kzaurus	Pittanko Zaurus	1995		Konami	1
lacrazyc	Let's Attack Crazy Cross	1996	Puzzle/Puzzle / Fall	Konami	
ladybug	Lady Bug	1981	Action / Labyrinth/Action	Universal	1-2
ladyfrog	Lady Frog	1990	Action / Labyrinth/Action	Mondial Games	1-2
ladygum	Lady Gum			Videos A A	1
ladykill	Lady Killer	1993	Adults/Various		1
ladymstr	Lady Master of Kung Fu	1985	Platform/Platform / Fighter Scrolling	Kaneko	1-2
lagunar	Laguna Racer	1977	Racing, Driving/Racing, Driving / Racing	Midway	1
lamachin	L.A. Machineguns	1998	Lightgun Shooter/Shooter	SEGA	1-2
landbrk	Land Breaker	1999	Adults/Puzzle	Eolith	1
landgear	Landing Gear	1995	Racing, Driving/Racing, Driving / Plane	Taito	1
landhigh	Landing High Japan	1999	Racing, Driving/Racing, Driving / Plane	Taito	1
landmakr	Land Maker	1998	Puzzle/Puzzle / Throw	Taito	1-2
laserbat	Lazarian	1981	Shooter	Zaccaria	1-2
lasso	Lasso	1982	Shooter/Various	SNK	1-2
lastapos	The Last Apostle Puppetshow	1988	Fighting/Fighting / Versus	Home Data	1-2
lastbank	Last Bank	1994	Casino/Casino / Race	Excellent Systems	
lastbh	The Last Bounty Hunter	1994	Lightgun Shooter	American Laser Games	1-2
lastblad	The Last Blade	1998	Fighting/Fighting / Versus	SNK	1-2
lastbld2	The Last Blade 2	1999	Fighting/Fighting / Versus	SNK	1-2
lastbrnx	Last Bronx	1996	Fighting / Versus/Fighting	SEGA	2
lastday	The Last Day	1990	Shoot'em Up / Vertical/Shoot'em Up	Dooyong	1-2
lastduel	Last Duel	1988	Shoot'em Up / Vertical/Shoot'em Up/Shooter / Vehicle, Vertical/Shooter	Capcom	1-2
lastfort	Last Fortress - Toride	1994	Mahjong/Asiatic board game/Puzzle/Puzzle / Equalize	Metro Corporation	1-2
lastfour	Last Four	2001			
lasthope	Last Hope	2006	Shoot'em Up / Horizontal/Shoot'em Up	NG:Dev.Team	1
lastkm	Last Km	1995	Sports / Cycling/Sports		1
lastmisn	Last Mission	1986	Shoot'em Up/Shooter	Data East	1-2
lastsurv	Last Survivor	1989	Shooter/Shooter / TPV	SEGA	1-2
lazercmd	Lazer Command	1976	Action / Labyrinth/Shooter Small/Action		1-2
lbeach	Long Beach	1979	Action / Labyrinth/Racing, Driving/Action	Olympia / Seletron	
lbgrande	Libero Grande	1997	Sports/Sports / Football (Soccer)	Namco	1
lbowling	League Bowling	1990	Sports / Bowling/Sports	SNK	1-4
ldquiz4	ZZZ(notgame):LD Quiz dai 4-dan - Kotaetamon Gachi!				
ldrun	Lode Runner	1984	Platform/Platform / Run & Jump	Irem	1-2
ldrun2	Lode Runner II - The Bungeling Strikes Back	1984	Platform/Platform / Run & Jump	Irem	1-2
ldrun3	Lode Runner III - The Golden Labyrinth	1985	Platform/Platform / Run & Jump	Irem	1-2
ldrun4	Lode Runner IV - Teikoku Karano Dasshutsu	1986	Platform/Platform / Run & Jump	Irem	1-2
le2	Lethal Enforcers II: Gun Fighters	1994	Shooter/Lightgun Shooter		1-2
leader	Leader	1995	Casino/Casino / Slot machine	bootleg	1
leds2011	Led Storm Rally 2011	1988	Racing, Driving	Capcom	1
legend	Legend	1986	Fighting/Fighting / 2D	Coreland	1-2
legendoh	Legend Of Heroes	2000	Fighting/Fighting / 2.5D/Beat'em Up	Limenko	1-4
legendos	Legend of Success Joe	1991	Beat'em Up/Fighting / 2D/Fighting	Wave	1-2
legendsb	Legend	1996	Platform / Fighter Scrolling/Platform	Great	1-2
legion	Legion: Spinner-87	1987	Shoot'em Up / Vertical/Shoot'em Up		1-2
legionna	Legionnaire	1992	Fighting/Fighting / 2.5D/Beat'em Up	Tad	1-2
lemans24	Le Mans 24	1997	Racing, Driving	SEGA	1
lemmings	Lemmings	1991	Puzzle/Various	Data East	1-2
lemnangl	Mahjong Lemon Angel	1990	Asiatic board game/Mahjong		1
lependu	Pendu, Le			Avenir Amusement	1
leprechn	Leprechaun	1982	Platform/Platform / Run & Jump	Moppet Video	1-2
lespendu	Super Pendu, Le			Voyageur de L'Espace	1
lespenduj	Super Pendu, Le			Voyageur de L'Espace	1
lethalen	Lethal Enforcers	1992	Lightgun Shooter	Konami	1-2
lethalj	Lethal Justice	1996	Shooter/Lightgun Shooter	The Game Room	1-2
lethalth	Lethal Thunder	1991	Shoot'em Up / Vertical/Shoot'em Up	Irem	1-2
letsdnce	Let's Dance	1999	Music and Dancing	dgPIX Entertainment	1-2
levers	Levers	1983	Platform/Platform / Run & Jump	Rocket Science Games	1-2
lghost	Laser Ghost	1990	Shooter/Lightgun Shooter	SEGA	1-3
lgp	Laser Grand Prix	1983	Racing, Driving/Racing TPV	Taito	
lgtnfght	Lightning Fighters	1990	Shoot'em Up / Vertical/Shoot'em Up	Konami	1-2
lhb	Long Hu Bang	1995	Asiatic board game/Mahjong		1
lhb2	Long Hu Bang II	1996	Asiatic board game/Mahjong		1
lhzb2	Mahjong Long Hu Zheng Ba 2	1998	Asiatic board game/Mahjong		
liberate	Liberation	1984	Shooter/Shooter / Plane	Data East	1-2
liberatr	Liberator	1982	Shooter/Shooter / Missile Command Like	Atari	1-2
liblrabl	Libble Rabble	1983	Puzzle	Namco	1-2
lightbr	Dungeon Magic	1994	Beat'em Up	Taito	1-4
linkypip	Linky Pipe	1998	Puzzle/Puzzle / Fall		1-2
liquidk	Liquid Kids	1990	Platform/Platform / Fighter Scrolling	Taito	1-2
littlerb	Little Robin	1994	Platform/Platform / Run & Jump	TCH	1-2
livegal	Live Gal [bet]	1987			
livequiz	Live Quiz Show	1999	Quiz/Quiz / Japanese	Andamiro	1-3
lizwiz	Lizard Wizard	1985	Shooter	Techstar	1-2
lkage	The Legend of Kage	1984	Platform / Fighter Scrolling/Fighting/Fighting / 2D/Platform	Taito	1-2
llander	Lunar Lander	1979	Simulation / Vehicle/Simulation	Atari	1
lnc	Lock 'n' Chase	1981	Action / Labyrinth/Action	Data East	1-2
lockload	Locked 'n Loaded	1994	Shooter/Lightgun Shooter		1-2
lockon	Lock-on	1986	Shooter/Shooter / Plane, FPV	Tatsumi	1
lockonph	Lock On	1991	Shoot'em Up / Horizontal/Shoot'em Up	Philko	1-2
locoloot	ZZZ(notgame):Loco Loot				
locomotn	Loco-motion	1982	Puzzle/Puzzle / Glide	Konami	1-2
loderndf	Lode Runner: The Dig Fight	2000	Platform/Platform / Run & Jump	Psikyo	1-2
loffire	Line Of Fire / Bakudan Yarou	1989	Shooter / FPV/Lightgun Shooter/Shooter	SEGA	1-2
logger	Logger	1982	Platform/Platform / Run & Jump	Century Electronics	1-2
logicpr2	Logic Pro 2	1997	Puzzle/Various	Deniam	1-2
loht	Legend of Hero Tonma	1989	Platform/Fighting/Fighting / 2D	Irem	1-2
lomakai	Legend of Makai	1988	Platform / Fighter Scrolling/Action / Adventure/Platform/Fighting/Fighting / 2D/Action	NMK	1-2
lonewolf	ZZZ(notgame):Lone Wolf				
looping	Looping	1982	Shooter/Shooter / Plane		1-2
lordgun	Lord Of Gun	1994	Shooter/Lightgun Shooter	IGS	1-2
losttomb	Lost Tomb	1982	Action / Labyrinth/Action	Stern Electronics	1-2
lostwsga	The Lost World: Jurassic Park	1997	Lightgun Shooter/Shooter	SEGA	1-2
lotlot	Lot Lot	1985	Puzzle/Various	Irem	1-2
lottof2	Lotto Fun 2	1993	Casino/Casino / Lottery	HARD	1
lottofun	Lotto Fun	1987	Casino/Casino / Lottery	H.A.R. Management	1
loverboy	Lover Boy	1983	Adults/Action / Labyrinth/Action	Global Tokyo	1-2
lpadv	Logic Pro Adventure	1999	Puzzle/Various	Deniam	1-2
lrescue	Lunar Rescue	1979	Action / Labyrinth/Shooter Small/Action	Taito	1-2
lresort	Last Resort	1992	Shoot'em Up / Horizontal/Shoot'em Up	SNK	1-2
lsasquad	Land Sea Air Squad	1986	Shooter / Vertical/Shooter	Taito	1-2
ltcasino	Little Casino	1984	Compilation/Casino	Digital Controls	1
ltswords	Lightning Swords	1991	Beat'em Up/Action / Adventure/Action	Irem	1-2
luckboom	Lucky Boom	1996	Shooter/Shooter / TPV		1
luckgrln	Lucky Girl	1991	Casino/Casino / Cards	Wing	1
lucky74	Lucky 74	1988	Casino/Casino / Cards		1
lucky8	New Lucky 8 Lines	1989	Casino/Casino / Slot machine	Wing	1
luckybar	ZZZ(notgame):Lucky Bar				
luckylad	ZZZ(notgame):Lucky Lady	1985	Casino/Casino / Slot machine	Wing	1
luckywld	Lucky & Wild	1992	Lightgun Shooter/Racing, Driving/Racing FPV	Namco	1-2
luctoday	Lucky Today	2019	Casino/Casino / Slot machine	Sigma Enterprises	1
lufykzku	Otakara Itadaki Luffy Kaizoku-Dan!	2001	Action/Casino	Banpresto	1
lunapark	Luna Park	1998	Casino/Casino / Cards		
lunaprk	Luna Park	1998	Casino/Casino / Cards		
lupin3	Lupin III	1980	Action / Labyrinth/Action	Taito	1-2
lupinsho	Lupin The 3rd : The Shooting	2001	Lightgun Shooter/Shooter	Wow Entertainment	1-2
luptype	Lupin The 3rd : The Typing	2002	Various	Wow Entertainment	1-2
lvcards	Lovely Cards	1985	Casino/Casino / Cards		1
lvgirl94	Las Vegas Girl	1994	Adults/Puzzle/Puzzle / Fall	Comad	1-2
lwings	Legendary Wings	1986	Shoot'em Up / Vertical/Shoot'em Up	Capcom	1-2
m4	M-4	1977	Shooter/Fighting / Versus/Fighting	Midway	1-2
m660	Mission 660	1986	Shoot'em Up / Vertical/Shoot'em Up	Kaneko	1-2
m79amb	M-79 Ambush	1977	Shooter/Shooter / Space Invaders Like		1-2
m_tppokr	Top Poker	1996	Casino/Casino / Cards		1
mace	Mace: The Dark Age	1996	Fighting/Fighting / Versus	Atari	1-2
mach3	M.A.C.H. 3	1983	Shoot'em Up	Mylstar Electronics	1
macha	Monoshiri Quiz Osyaberi Macha	1983	Quiz/Quiz / Japanese	Logitec	1
machbrkr	Mach Breakers	1995	Sports	Namco	1-4
machomou	Macho Mouse	1982	Action / Labyrinth/Action	Techstar	1-2
macross	Super Spacefortress Macross	1992	Shoot'em Up/Shoot'em Up / Vertical	NMK	1-2
macross2	Super Spacefortress Macross II	1993	Shoot'em Up/Shoot'em Up / Horizontal	NMK	1-2
macrossp	Macross Plus	1996	Shoot'em Up / Vertical/Shoot'em Up	Banpresto	1-2
madalien	Mad Alien	1980	Shooter/Shooter / Vehicle, Vertical	Data East	1-2
madball	Mad Ball V2.0	1998	Action/Action / Breakout games		1-2
madcrash	Mad Crasher	1984	Shooter/Shooter / Vehicle, Diagonal	SNK	1-2
maddog	Mad Dog McCree	1990	Lightgun Shooter/Shooter	American Laser Games	1
maddog2	Mad Dog II : The Lost Gold	1992	Lightgun Shooter	American Laser Games	
maddonna	Mad Donna	1995	Action / Labyrinth/Shooter Small/Action		1-2
madgear	Led Storm	1988	Racing, Driving/Racing, Driving / Racing	Capcom	1-2
madmotor	Mad Motor	1989	Beat'em Up/Fighting/Fighting / 2.5D	Mitchell	1-2
madshark	Mad Shark	1993	Shoot'em Up / Vertical/Shoot'em Up	Allumer	1-2
madzoo	Mad Zoo	1995	Casino/Casino / Slot machine	Bordun International	1
mag_burn	The Burning Cavern	1987	Platform / Shooter Scrolling/Platform	EFO SA / Cedar	1-2
mag_day	A Day In Space	1987	Shoot'em Up / Horizontal/Shoot'em Up	EFO SA / Cedar	1-2
mag_drac	Haunted Castle	1988	Platform/Platform / Fighter Scrolling	Konami	1-2
mag_exzi	Exzisus	1987	Shoot'em Up / Horizontal/Shoot'em Up	Taito	1-2
mag_pdak	Paris Dakar	1987	Motorcycle race TPV/Racing, Driving	EFO SA / Cedar	1-2
mag_time	Time Scanner	1987	Pinball	SEGA	1-2
mag_war	War Mission	1987	Shoot'em Up / Vertical/Shoot'em Up	EFO SA / Cedar	1-2
mag_xain	Xain'd Sleena	1986	Shooter/Platform	Technos Japan	1-2
magdrop2	Magical Drop II	1996	Puzzle/Puzzle / Throw	Data East	1-2
magdrop3	Magical Drop III	1997	Puzzle/Puzzle / Throw	Data East	1-2
magerror	Magical Error Wo Sagase	1994	Puzzle/Various	Technosoft	1-2
magic10	Magic's 10	1995	Casino/Casino / Cards		1
magic102	Magic's 10 2	1997	Casino/Casino / Cards		1
magicard	Magic Card		Casino/Casino / Cards	Impera	1
magicbal	Magicball Fighting	1994	Sports/Sports / Baseball		1-2
magicbub	Magic Bubble	1998	Puzzle/Puzzle / Throw		1-2
magicfly	Magic Fly		Casino/Casino / Cards		1
magicpop	ZZZ(notgame):Magical Poppins				
magicrd2	Magic Card II	1996	Casino/Casino / Cards	Impera	1
magicstk	Magic Sticks	1995	Casino	Playmark	1
magipur	Magic Purple	1996	Platform / Run & Jump/Platform	Unico	1-2
magix	Magix / Rock	1995	Adults/Puzzle		
magjoker	Magic Joker	2000	Casino/Casino / Cards	B.R.L.	1
maglord	Magician Lord	1990	Platform / Shooter Scrolling/Platform	ADK	1-2
magmax	Mag Max	1985	Shooter/Shooter / Horizontal		1-2
magodds	Magical Odds	1992	Casino/Casino / Slot machine	PAL Developments	
magspeed	Magical Speed	1994	Asiatic board game/Casino / Cards/Casino	Allumer	1-2
magspot	Magical Spot	1980	Shooter/Shooter / Space Invaders Like	Universal	1-2
magspot2	Magical Spot II	1980	Shooter/Shooter / Space Invaders Like	Universal	1-2
magtcha5	ZZZ(notgame):Magic Touch				
magtouch	Magical Touch	1995	Casino	Micro Manufacturing	
magtruck	Magical Truck Adventure	1998	Adventure/Platform / Run & Jump Scrolling/Platform	SEGA	1-2
magzun	Magical Zunou Power	1996	Quiz/Quiz / Japanese	SEGA	
mahjngoh	Mahjong Oh	1999	Mahjong/Asiatic board game/Asiatic board game	Warashi	1
mahmajn	Tokoro San No Mahmahjan	1992	Asiatic board game/Mahjong	SEGA	1
mahmajn2	Tokoro San No Mahmahjan 2	1994	Asiatic board game/Mahjong	SEGA	1
mahretsu	Mahjong Kyo Retsuden	1990	Mahjong/Asiatic board game	SNK	1
maiko	Maikobana	1990	Asiatic board game/Hanafuda	Nichibutsu	1
mainevt	The Main Event	1988	Sports/Sports / Wrestling	Konami	1-4
mainline	Mainline Double Joker Poker		Casino/Casino / Cards	Mainline London	
mainsnk	Main Event	1984	Sports/Sports / Boxing	SNK	1-2
majorpkr	Major Poker	1994	Casino/Casino / Cards	PAL System	
majrjhdx	ZZZ(notgame):Mahjong Raijinhai Dx	1996	Asiatic board game/Mahjong		1
majs101b	Mahjong Studio 101 [bet]	1988	Mahjong/Asiatic board game		
majtitl2	Major Title 2	1992	Sports/Sports / Golf	Irem	1-4
majtitle	Major Title	1990	Sports/Sports / Golf	Irem	1-4
makaijan	Makaijan [bet]	1987	Asiatic board game/Mahjong	Dynax	1
maletmad	Mallet Madness	1999	Shooter/Lightgun Shooter	Hanaho Games	1
malzak	Malzak	2019	Shoot'em Up / Horizontal/Shoot'em Up	Kitronix	1-2
mamboagg	Mambo A Go-go	2001	Rhythm/Music and Dancing	Konami	1
mamonoro	Mamoru-kun wa Norowarete Shimatta!	2008	Shoot'em Up	G.Rev	1-2
mangchi	Mang-Chi	2000	Puzzle/Puzzle / Equalize	Afega	1-2
maniach	Mania Challenge	1986	Sports/Sports / Wrestling	Technos Japan	1-2
maniacsp	Maniac Square	1996	Puzzle/Puzzle / Fall	Gaelco	1-2
maniacsq	Maniac Square	1996	Puzzle/Puzzle / Fall	Gaelco	1-2
manicpnc	Manic Panic Ghosts	2007	Lightgun Shooter/Shooter	SEGA	1-2
manpuku	ZZZ(notgame):Manpuku Suizokukan				
manxtt	Manx TT SuperBike	1995	Motorcycle race FPV/Motorcycle race TPV/Racing, Driving	SEGA	1
manybloc	Many Block	1991	Puzzle/Puzzle / Glide	Bee-Oh	1-2
mappy	Mappy	1983	Platform/Platform / Run & Jump	Namco	1-2
marble	Marble Madness	1984	Action / Labyrinth/Action	Atari	1-2
marblmd2	Marble Madness 2	1991	Action / Labyrinth/Action	Atari	1-3
marineb	Marine Boy	1982	Shooter/Shooter / Plane	Orca	1-2
marinedt	Marine Date	1981	Action / Labyrinth/Action	Taito	1-2
mariner	800 Fathoms	1982	Shooter/Shooter / Horizontal	Amenip	1-2
mario	Mario Bros.	1983	Platform	Nintendo	1-2
mariorou	Mario Roulette				
marioun	Super Mario World - Mario Undoukai				
markham	Markham	1983	Shoot'em Up / Horizontal/Shoot'em Up	Sunsoft	1-2
mars	Mars	1981	Shoot'em Up / Horizontal/Shoot'em Up	Artic Computing	1-2
marstv	Kasei Channel Mars TV	1999	Quiz/Quiz / Japanese	SEGA	1-3
martmast	Martial Masters	2001	Fighting/Fighting / Versus	IGS	1-2
maruchan	Maru-Chan de Goo!	1997	Compilation	SEGA	1-2
marukin	Super Marukin-ban	1990	Asiatic board game/Mahjong	Yuga	1
marukodq	Chibi Marukochan Deluxe Quiz	1995	Quiz/Quiz / Japanese	Takara	1-2
marvins	Marvin's Maze	1983	Action / Labyrinth/Action	SNK	1-2
marvland	Marvel Land	1989	Platform/Platform / Fighter Scrolling	Namco	1-2
masmario2	ZZZ(notgame):Super Mario Fushigi no Korokoro Party 2				
mastboy	Master Boy	1991	Quiz/Quiz / Spanish	Gaelco	1-2
mastboyo	Master Boy	1991	Quiz/Quiz / Spanish	Gaelco	1-2
masterw	Master of Weapon	1989	Shoot'em Up / Vertical/Shoot'em Up	Taito	1-2
mastfury	Master's Fury	1996	Fighting / Versus/Fighting	Unico Electronics	1-2
mastkin	The Masters of Kin	1988	Beat'em Up/Fighting/Fighting / 2D	Du Tech	1
match98	Match '98	1998	Casino	Amcoe	
matchit	Match It	1989	Asiatic board game	Tamtex	1-2
matchit2	Match It II	1993	Puzzle/Puzzle / Equalize	Tamtex	1-2
matmania	Mat Mania	1985	Sports/Sports / Wrestling	Technos Japan	1-2
matrim	Matrimelee	2002	Fighting / Versus/Fighting	Noise Factory	1-2
mausuke	Mausuke no Ojama the World	1996	Puzzle / Fall/Puzzle	Data East	1-2
maverik	Maverik		Casino/Casino / Cards		
mawasunda	Mawasunda!! Turn it Around	2000	Casual Game	Taito	1-2
maxforce	Maximum Force	1996	Lightgun Shooter	Atari	1-2
maxideal	Maxi-dealer	1983	Casino/Casino / Cards	ACL Manufacturing	
maxrpm	Max Rpm	1986	Racing, Driving/Racing TPV	Bally Midway	1-2
maxspeed	Maximum Speed	2003	Racing FPV/Racing, Driving	Sims	1
maya	Maya	1994	Mahjong/Puzzle/Puzzle / Equalize/Asiatic board game	Promat	1-2
mayday	Mayday	1980	Shoot'em Up / Horizontal/Shoot'em Up	Hoei	1-2
mayhem	Mayhem 2002	1985	Sports/Various	Cinematronics	1-2
mayjin3	Mayjinsen 3	2000	Asiatic board game/Shougi	SETA	1-2
mayjinsn	Mayjinsen	1994	Asiatic board game/Shougi	SETA	1-2
mayjisn2	Mayjinsen 2	1994	Asiatic board game/Shougi	SETA	1-2
mayumi	Kiki-ippatsu Mayumi-chan	1988		Sanritsu Denki	
mazan	Mazan: Flash of the Blade	2002	Beat'em Up	Namco	1
maze	Amazing Maze	1976	Action / Labyrinth/Action	Midway	1-2
mazeinv	Maze Invaders	1981	Action / Labyrinth/Action	Atari	1-2
mazerbla	Mazer Blazer	1983	Action / Labyrinth/Action	Stern	1
mazinger	Mazinger Z	1994	Shoot'em Up / Vertical/Shoot'em Up	Dynamic PL	1-2
mbaa	Melty Blood: Actress Again	2008	Fighting / Versus/Fighting	Ecole	1-2
mbombrd	Muscle Bomber Duo : Ultimate Team Battle	1993	Sports / Wrestling/Sports	Capcom	1-4
mbs2euro	ZZZ(notgame):Mega Bonus Star 2	2002			
mbutrfly	Magical Butterfly	1999	Casino/Casino / Slot machine	Bordun International	
mcatadv	Magical Cat Adventure	1993	Platform/Platform / Shooter Scrolling	Wintechno	1-2
mchampdx	Multi Champ Deluxe	2000	Compilation	ESD	1-2
mcheonru	Ma Cheon Ru	1999	Mahjong/Asiatic board game	SemiCom	
mcircus	Merry Circus				
mcnpshnt	Mahjong Campus Hunting	1990	Asiatic board game/Mahjong		1
mcolors	Magic Colors	1999	Casino/Casino / Cards		
mcontest	Miss Mahjong Contest	1989	Asiatic board game/Mahjong	Nichibutsu	1
mdhorse	Derby Quiz My Dream Horse	1998	Quiz/Quiz / Japanese	Namco	1-2
mdrawpkr	Draw Poker - Joker's Wild	1984	Casino/Casino / Cards	Meyco Games	
mechatt	Mechanized Attack	1989	Shooter/Lightgun Shooter	SNK	1-2
medlanes	Meadows Lanes	1977	Sports/Sports / Bowling	Meadows Games	1-2
megablst	Mega Blast	1989	Shoot'em Up / Horizontal/Shoot'em Up	Taito	1-2
megadon	Megadon	1982	Shooter	Epos Corporation (Photar Industries license)	1-2
megadpkr	Mega Double Poker	1990	Casino/Casino / Cards	Blitz Systems	
megaman	Mega Man: The Power Battle	1995	Fighting / Vs Co-op/Fighting	Capcom	1-2
megaman2	Mega Man 2: The Power Fighters	1996	Fighting / Vs Co-op/Fighting	Capcom	1-2
megaphx	Mega Phoenix	1991	Shoot'em Up / Vertical/Shoot'em Up	Dinamic Software	1-2
megat7e	Megatouch 7 Encore Edition	2000	Compilation	Merit Software	1
megatack	Megatack	1980	Shooter/Shooter / Space Invaders Like	Game Plan (Centuri license)	1-2
megazone	Mega Zone	1983	Shoot'em Up / Vertical/Shoot'em Up	Konami	1-2
megrescu	Megumi Rescue	1987	Action	SEGA	1-2
meijinsn	Meijinsen	1986	Asiatic board game/Shougi	SNK	1-2
meikyuh	The Real Ghostbusters	1987	Shooter/Shooter / Run and Gun	Data East	1-3
meltyb	Melty Blood : Act Cadenza Version B	2006	Fighting / Versus/Fighting	Ecole	1-2
meltybld	Melty Blood: Act Cadenza Ver. A	2005	Fighting / Versus/Fighting	Ecole	1-2
menghong	Meng Hong Lou				
meosism	Meosis Magic	1996	Casino/Casino / Slot machine		1
mercs	Mercs	1990	Shooter / Run and Gun/Shooter	Capcom	1-3
merlinmm	Merlin's Money Maze	1986	Action / Labyrinth/Action	Zilec Games	1
mermaid	Mermaid	1982	Sports/Various	Sanritsu Denki	1-2
metabee	Metabee Shot	2001	Casino	Banpresto	1-2
metafox	Meta Fox	1989	Shoot'em Up / Vertical/Shoot'em Up	SETA	1-2
metalb	Metal Black	1991	Shoot'em Up / Horizontal/Shoot'em Up	Taito	1-2
metalmx	Metal Maniax	1994	Racing, Driving/Racing TPV	Atari	1
metamrph	Metamorphic Force	1993	Beat'em Up	Konami	1-4
metlclsh	Metal Clash	1985	Fighting/Various	Data East	1-2
metlfrzr	Metal Freezer	1989	Action / Labyrinth/Action	Seibu	1-2
metlhawk	Metal Hawk	1988	Shooter/Shooter / Plane	Namco	1
metlsavr	Metal Saver	1994	Platform/Platform / Run & Jump	First Amusement	1-2
metmqstr	Metamoqester	1995	Fighting / Vs Co-op/Fighting	Banpresto	1-2
metrocrs	Metro-cross	1985	Platform/Platform / Run & Jump Scrolling	Namco	1-2
mf_achas	Astro Chase	1982	Shoot'em Up / Horizontal/Shoot'em Up	First Star Software	1
mf_bdash	Boulder Dash	1984	Action / Labyrinth/Action	First Star Software	1
mf_brist	Bristles	1983	Platform/Platform / Run & Jump	First Star Software	1
mf_flip	Flip and Flop	1983	Platform/Platform / Run & Jump		1
mfjump	Monster Farm Jump	2001	Platform/Platform / Run & Jump	Tecmo	1-2
mfunclub	Mahjong Fun Club - Idol Saizensen	1989	Asiatic board game/Mahjong		1
mgakuen	Mahjong Gakuen	1988	Asiatic board game/Mahjong		1
mgakuen2	Mahjong Gakuen 2 Gakuen-chou No Fukushuu	1989	Asiatic board game/Mahjong		1
mgcldtex	Magical Date Ex / Magical Date - Sotsugyou Kokuhaku Daisakusen	1996	Simulation / Life/Simulation	Taito	1-2
mgcrystl	Magical Crystals	1991	Action / Labyrinth/Action	Kaneko	1-2
mgcs	Mahjong Man Guan Cai Shen	1998	Asiatic board game/Mahjong		
mgdh	Mahjong Man Guan Da Heng	1997	Asiatic board game/Mahjong		1
mgfx	Man Guan Fu Xing	2000	Asiatic board game/Mahjong	IGS	
mgion	Gionbana	1989	Asiatic board game/Hanafuda	Nichibutsu	1
mgmen89	Mahjong G-men'89	1989	Asiatic board game/Mahjong		1
mgolf	Atari Mini Golf	1978	Sports/Sports / Golf	Atari	1
mhavoc	The Adventures of Major Havoc	1983	Shoot'em Up	Atari	1-2
mhgaiden	Mahjong Hourouki Gaiden	1987	Asiatic board game/Mahjong		1
mhhonban	Mahjong Housoukyoku Honbanchuu	1994	Asiatic board game/Mahjong		1
mia	M.I.A.: Missing in Action	1989	Platform/Platform / Fighter Scrolling	Konami	1-2
miaction	M.I.A.: Missing in Action	1989	Platform/Platform / Fighter Scrolling	Konami	1-2
micon2	ZZZ(notgame):Micon-Kit Part 2				
micrombc	Microman Battle Charge	1999	Various	SEGA	1-4
midnrun	Midnight Run: Road Fighters 2	1995	Racing, Driving/Racing FPV	Konami	1
midres	Midnight Resistance	1989	Platform/Platform / Shooter Scrolling	Data East	1-2
miexchng	Money Puzzle Exchanger	1997	Puzzle / Throw/Puzzle	SNK	1-2
mightguy	Mighty Guy	1986	Fighting/Fighting / Vertical	Nichibutsu	1-2
mikie	Mikie	1984	Action / Labyrinth/Fighting/Action	Konami	1-2
mil4000	Millennium Nuovo 4000	2000	Casino/Casino / Cards	Sure Milano	
milliped	Millipede	1982	Shooter/Shooter / Space Invaders Like	Atari	1-2
mimonkey	Mighty Monkey	1982	Shoot'em Up / Horizontal/Shoot'em Up	Yih Lung	1-2
minasan	Minasan no Okagesamadesu! Dai Sugoroku Taikai	1990	Asiatic board game	Monolith	1
minefld	Minefield	1983	Shooter/Shooter / Vehicle, Horizontal	Stern	1-2
mineswpr	Minesweeper	1977	Action / Labyrinth/Action	Amutech	1-2
minferno	Inferno (Meadows)	1978	Shoot'em Up	Meadows Games	1-2
miniboy7	Mini-boy 7	1983	Casino	Bonanza Enterprises	
minigolf	Mini Golf	1985	Sports/Sports / Golf	Bally Sente	1-4
minivadr	Mini Vaders	1990	Shooter/Shooter / Space Invaders Like	Taito	1
mirage	Mirage Youjuu Mahjongden	1994	Asiatic board game/Mahjong	Mitchell	1
mirax	Mirax	1985	Shooter/Shooter / Plane, TPV	Current Technologies	1-2
mirderby	ZZZ(notgame):Miracle Derby - Ascot	1988	Sports/Horse racing/Sports with animals	Home Data	
mirninja	Mirai Ninja	1988	Platform/Platform / Shooter Scrolling	Namco	1-2
mirworld	ZZZ(notgame):Mirage World				
misdraw	Michigan Super Draw	1986			
misncrft	Mission Craft	2000	Shoot'em Up / Vertical/Shoot'em Up	Sunsoft	1-2
missb2	Miss Bubble II	1996	Adults/Platform/Platform / Run & Jump	Alpha	1-2
missile	Missile Command	1980	Shooter/Shooter / Missile Command Like	Atari	1-2
missw02	Miss World 2002	2002	Puzzle/Adults	Daigom	1-2
missw96	Miss World '96	1996	Adults/Puzzle	Comad	1-2
mj1	Sega Yonin Uchi Mahjong MJ	2002	Asiatic board game	SEGA	1-2
mj4simai	Wakakusamonogatari Mahjong Yonshimai	1996	Asiatic board game/Mahjong	Maboroshi Ware	1
mjangels	Mahjong Angels - Comic Theater Vol.2	1991	Asiatic board game/Mahjong		1
mjapinky	Almond Pinky [bet]	1988	Asiatic board game/Mahjong	Dynax	1
mjcamera	Mahjong Camera Kozou	1988	Asiatic board game/Mahjong		1
mjchuuka	Mahjong Chuukanejyo	1998	Asiatic board game/Mahjong		1
mjclinic	Mahjong Clinic	1988	Asiatic board game/Mahjong		1
mjclub	Mahjong Club [bet]		Mahjong/Asiatic board game		
mjcomv1	Mahjong Comic Gekijou Vol.1	1991	Asiatic board game/Mahjong		1
mjdchuka	Mahjong The Dai Chuuka Ken	1995	Asiatic board game/Mahjong		1
mjdejavu	Mahjong Shinkirou Deja Vu	1989	Asiatic board game/Mahjong		1
mjderngr	Mahjong Derringer	1989	Asiatic board game/Mahjong		1
mjdialq2	Mahjong Dial Q2	1991	Asiatic board game/Mahjong		1
mjdiplob	Mahjong Diplomat [bet]	1987	Mahjong/Asiatic board game		
mjegolf	Mahjong Erotica Golf	1994	Adults/Asiatic board game/Mahjong		1
mjelctrn	Mahjong Electron Base	1993	Asiatic board game/Mahjong	Dynax	1
mjflove	Mahjong Fantasic Love	1996	Asiatic board game/Mahjong		1
mjfocus	Mahjong Focus	1989	Asiatic board game/Mahjong	Nichibutsu	1
mjfriday	Mahjong Friday	1989	Asiatic board game/Mahjong		1
mjgaiden	Mahjong Gaiden [bet]	1987	Mahjong/Asiatic board game		
mjgalpri	Mahjong Gal-pri - World Gal-con Grandprix	1998	Mahjong/Asiatic board game		
mjgnight	Mahjong Gorgeous Night	2000		Techno-Top	
mjgottsu	Mahjong Gottsu Ee-kanji	1991	Asiatic board game/Mahjong		1
mjgottub	Medal Mahjong Gottsu Ee-kanji [bet]	1991	Asiatic board game/Mahjong	Nichibutsu	1
mjgtaste	Mahjong G-taste	2002	Adults/Asiatic board game/Mahjong		1
mjhokite	Mahjong Hourouki Okite	1988	Asiatic board game/Mahjong		1
mjifb	Mahjong If...? [bet]	1990	Mahjong/Asiatic board game		
mjikaga	Mahjong Ikaga Desu Ka	1991	Asiatic board game/Mahjong		1
mjjoship	Mahjong Joshi Pro-wres -give Up 5 Byou Mae-	1988	Mahjong/Asiatic board game		
mjkinjas	Mahjong Kinjirareta Asobi	1991	Asiatic board game/Mahjong		1
mjkjidai	Mahjong Kyou Jidai	1986	Asiatic board game/Mahjong		1
mjkoiura	Mahjong Koi Uranai	1992	Asiatic board game/Mahjong		1
mjkojink	Mahjong Kojinkyouju	1989	Asiatic board game/Mahjong		1
mjlaman	Mahjong La Man	1993	Asiatic board game/Mahjong		1
mjleague	Major League	1985	Sports/Sports / Baseball	SEGA	1-2
mjlstory	Mahjong Jikken Love Story	1991	Asiatic board game/Mahjong		1
mjmaglmp	Mahjong Magic Lamp	2000		BMC	
mjmania	Mahjong Mania - Kairakukan E Youkoso	1999	Asiatic board game/Mahjong		
mjmyorn2	Mahjong The Mysterious Orient Part 2 - Exotic Drea	1993		Dynax	
mjmyorntr	Mahjong The Mysterious Orient Part 2 - Exotic Drea	1993		Dynax	
mjmyster	Mahjong The Mysterious World	1994	Asiatic board game/Mahjong		1
mjmyuniv	Mahjong The Mysterious Universe	1994	Asiatic board game/Mahjong		1
mjnanpas	Mahjong Nanpa Story	1989	Asiatic board game/Mahjong	Brooks	1
mjnatsu	Mahjong Natsu Monogatari	1989	Asiatic board game/Mahjong		1
mjnquest	Mahjong Quest	1990	Asiatic board game/Mahjong	Taito	1
mjprivat	Mahjong Private	1991	Asiatic board game/Mahjong		1
mjreach	Mahjong Reach	1994	Asiatic board game/Mahjong		1
mjreach1	Mahjong Reach Ippatsu	1998	Asiatic board game/Mahjong		1
mjschuka	Mahjong Super Dai Chuuka Ken	1995		Dynax	
mjsenpu	Mahjong Senpu	2002	Mahjong/Asiatic board game	Oriental Soft	1
mjsikaku	Mahjong Shikaku	1988	Asiatic board game/Mahjong	Nichibutsu	1
mjsister	Mahjong Sisters	1986	Asiatic board game/Mahjong	Toaplan	1
mjtensin	Mahjong Tensinhai	1995	Asiatic board game/Mahjong		1
mjuraden	Mahjong Uranai Densetsu	1992	Asiatic board game/Mahjong		1
mjvegasa	Mahjong Vegas	1991	Asiatic board game/Mahjong	Dynax	
mjyarou	Mahjong Yarou [bet]	1986	Mahjong/Asiatic board game		
mjyougo	Mahjong-yougo No Kisotairyoku	1989	Asiatic board game/Mahjong		1
mjyuugi	Mahjong Yuugi	1990	Asiatic board game/Mahjong		1
mjzoomin	Mahjong Channel Zoom In	1990	Asiatic board game/Mahjong		1
mk	Mortal Kombat	1992	Fighting/Fighting / Versus	Midway	1-2
mk2	Mortal Kombat II	1993	Fighting / 2D/Fighting	Midway	1-2
mk3	Mortal Kombat 3	1995	Fighting/Fighting / Versus	Midway	1-2
mk3mdb	Mortal Kombat 3 (bootleg of Mega Drive version)	1996	Fighting / Versus/Fighting	bootleg	1-2
mk4	Mortal Kombat 4	1997	Fighting/Fighting / Versus	Midway	1-2
mkeibaou	Mahjong Keibaou	1993	Asiatic board game/Mahjong		1
mladyhtr	Mahjong The Lady Hunter	1990	Asiatic board game/Mahjong		1
mlanding	Midnight Landing	1987	Racing, Driving/Racing, Driving / Plane	Taito	1
mmagic	Monkey Magic	1979	Action / Breakout games/Action	Nintendo	2
mmaiko	Maikobana	1990	Asiatic board game/Hanafuda	Nichibutsu	1
mmatrix	Mars Matrix: Hyper Solid Shooting	2000	Shoot'em Up / Vertical/Shoot'em Up	Takumi	1-2
mmaulers	Monster Maulers	1993	Fighting/Fighting / Vs Co-op	Konami	1-2
mmaze	Marchen Maze	1988	Shooter/Action / Labyrinth/Action	Namco	1-2
mmehyou	Medal Mahjong Circuit No Mehyou [bet]	1992	Asiatic board game/Mahjong	Nichibutsu	1
mmmbanc	Medal Mahjong Moukari Bancho	2007	Asiatic board game/Mahjong	Cave	1
mmonkey	Minky Monkey	1982	Puzzle/Various	Technos Japan	1-2
mmpanic	Monkey Mole Panic	1992	Various	Nakanihon	1-2
mmpork	Muchi Muchi Pork!	2007	Shoot'em Up/Shoot'em Up / Vertical	Cave	1-2
mnight	Mutant Night	1987	Platform/Platform / Shooter Scrolling	UPL	1-2
mnrockman	MnMedal Network - Rockman EXE rockman				
mocapb	Mocap Boxing	2001	Sports/Sports / Boxing	Konami	1
moeru	Moeru Casinyo	2002	Playing cards/Casino / Cards/Casino	Altron	1
mofflott	Maze Of Flott	1989	Action / Labyrinth/Racing, Driving/Action	Taito	1-2
mogitate	Mahjong Mogitate	1998	Mahjong/Asiatic board game		
moguchan	Mogu Chan	1982	Action / Labyrinth/Action	Orca	1-2
mogura	Mogura Desse	1991	Shooter	Konami	1-4
mok	The Maze of the Kings	2002	Adventure/Lightgun Shooter/Shooter	Hitmaker	2
mole	Mole Attack	1982	Various	Yachiyo Denki	1-2
momoko	Momoko 120%	1986	Platform/Platform / Run & Jump	Jaleco	1-2
momotaro	Mahjong Momotarou	2004	Asiatic board game/Mahjong		
moneymac	Money Machine	2005	Casino/Casino / Slot machine	Amcoe	
mongolnw	Mongolfier New		Casino/Casino / Cards		
monkeyba	Monkey Ball	2001	Action / Labyrinth/Puzzle/Action	Amusement Vision	1
monmouse	ZZZ(notgame):Money Mouse				
monsterb	Monster Bash	1982	Platform	SEGA	1-2
monsterz	Monster Zero	1982	Shooter/Shooter / Space Invaders Like	Nihon Game	1-2
montecar	Monte Carlo	1979	Various / Electro- Mechanical/Casino / Slot machine/Casino/Various		1
monymony	Money Money	1983	Action / Labyrinth/Action	Zaccaria	1-2
moomesa	Wild West C.O.W.-Boys of Moo Mesa	1992	Platform/Platform / Shooter Scrolling	Konami	1-4
moonal2	Moon Alien Part 2	1980	Shoot'em Up	Nichibutsu	1
mooncrst	Moon Cresta	1980	Shoot'em Up / Vertical/Shooter/Shooter / Space Invaders Like/Shoot'em Up	Nichibutsu	1-2
moonqsr	Moon Quasar	1980	Shooter/Shooter / Space Invaders Like	Nichibutsu	1-2
moonwar	Moonwar	1981	Shooter/Shooter / Plane	Stern	1-2
moonwarp	Moon War	1981	Shooter/Shooter / Plane	Stern	1-2
moremore	More More	1999	Compilation	SemiCom	1-2
moremorp	More More Plus	1999	Compilation	SemiCom	1-2
mortalr	Mortal Race	1995	Racing, Driving / Racing/Racing, Driving	New Dream Games	1-2
mosaic	Mosaic	1990	Puzzle/Puzzle / Glide	Space	1-2
mosaicf2	Mosaic (F2 System)	1999	Puzzle	F2 System	1-2
moshougi	Syougi No Tatsujin - Master of Syougi	1995	Thinking/Shougi/Asiatic board game	ADK	1-2
motofren	Moto Frenzy	1992	Racing, Driving/Motorcycle race TPV	Atari	1
motoraid	Motor Raid	1997	Motorcycle race TPV/Racing, Driving/Motorcycle race FPV	SEGA	1
motos	Motos	1985	Puzzle/Various	Namco	1-2
motoxgo	Motocross Go!	1997	Racing, Driving/Motorcycle race TPV	Namco	1
mouja	Mouja	1996	Puzzle/Puzzle / Fall	Etona	1-2
mountmon	ZZZ(notgame):Mountain Money				
mouseatk	Mouse Attack	1996	Fighting/Shooter	International Computer Entertainment	1
mouser	Mouser	1983	Action / Labyrinth/Action	UPL	1-2
mp_bio	Bio-hazard Battle (Mega Play)	1993	Shoot'em Up / Horizontal/Shoot'em Up	SEGA	1-2
mp_col3	Columns III (Mega Play)	1993	Puzzle/Puzzle / Fall	SEGA	1-2
mp_gaxe2	Golden Axe II (Mega Play)	1993	Beat'em Up	SEGA	1-2
mp_gslam	Grand Slam (Mega Play)	1993	Sports/Sports / Tennis	SEGA	1-2
mp_gunhe	Gunstar Heroes (Mega Play)	1993	Platform / Shooter Scrolling/Platform	Treasure	1-2
mp_mazin	Mazin Wars (Mega Play)	1993	Fighting/Fighting / 2.5D	SEGA	1
mp_shnb3	Shinobi III (Mega Play)	1993	Platform/Platform / Shooter Scrolling	SEGA	1
mp_soni2	Sonic The Hedgehog 2 (Mega Play)	1993	Platform	SEGA	1-2
mp_sonic	Sonic The Hedgehog (Mega Play)	1993	Platform	SEGA	1
mp_sor2	Streets of Rage II (Mega Play)	1993	Fighting/Fighting / 2.5D	SEGA	1-2
mp_twcup	Tecmo World Cup (Mega Play)	1993	Sports/Sports / Football (Soccer)	SEGA	1-2
mpang	Mighty! Pang	2000	Puzzle	Mitchell	1-2
mpatrol	Moon Patrol	1982	Shooter / Vehicle, Horizontal/Shooter	Irem	1-2
mplanets	Mad Planets	1983	Shooter	Gottlieb	1-2
mpumpkin	Magical Pumpkin : Puroland de Daibouken	1996	Racing, Driving	Capcom	1
mrdig	Mr. Dig	2000	Puzzle/Various	Sun	1
mrdo	Mr. Do!	1982	Action / Labyrinth/Action	Universal	1-2
mrdrillr	Mr. Driller	1999	Puzzle/Various	Namco	1
mrdrilr2	Mr. Driller 2	2000	Puzzle/Various	Namco	1-2
mrdrilrg	Mr. Driller G	2001	Puzzle/Various	Namco	1-2
mrflea	The Amazing Adventures of Mr. F. Lea	1982	Platform/Platform / Run & Jump	Pacific Novelty	1-2
mrgoemon	Mr. Goemon	1986	Platform/Platform / Fighter Scrolling	Konami	1-2
mrjong	Mr. Jong	1983	Puzzle/Action / Labyrinth/Action	Kiwako	1-2
mrkicker	Mr. Kicker	2001	Action / Labyrinth/Action	SemiCom	1-2
mrkougar	Mr. Kougar	1984	Platform/Platform / Run & Jump	ATW	1-2
mrokumei	Mahjong Rokumeikan	1988	Asiatic board game/Mahjong		1
mroundup	The Round Up	1984		Merit Software	
mrsdyna	Mrs. Dynamite	1982	Action / Labyrinth/Action	Universal	1
mrtnt	Mr. TNT	1983	Action / Labyrinth/Action	Techstar (Telko license)	1-2
mrviking	Mister Viking	1984	Shooter/Shooter / Run and Gun	SEGA	1-2
ms5pcb	Metal Slug 5	2003	Shooter / Run and Gun/Shooter/Platform/Platform / Shooter Scrolling	SNK	1-2
msbingo	Miss Bingo	1994	Adults/Puzzle/Puzzle / Glide	Min	1-2
mscoutm	Mahjong Scout Man	1994	Asiatic board game/Mahjong		1
msgogo	Mouse Shooter Gogo	1995	Puzzle/Puzzle / Throw	Metro Corporation	1-2
msgundam	Mobile Suit Gundam	1993	Fighting / 2D/Fighting/Fighting / Versus	Allumer	1-2
msh	Marvel Super Heroes	1995	Fighting/Fighting / Versus	Capcom	1-2
mshuttle	Moon Shuttle	1981	Shoot'em Up / Horizontal/Shoot'em Up	Nichibutsu	1-2
mshvsf	Marvel Super Heroes vs. Street Fighter	1997	Fighting/Fighting / Versus	Capcom	1-2
msisaac	Metal Soldier Isaac II	1985	Shooter/Shooter / Vertical	Taito	1-2
msjiken	Mahjong Satsujin Jiken	1988	Asiatic board game/Mahjong	Nichibutsu	1
mslider	Monster Slider	1997	Puzzle/Puzzle / Fall	Visco	1-2
mslug	Metal Slug : Super Vehicle-001	1996	Shooter / Run and Gun/Shooter/Platform/Platform / Shooter Scrolling	Nazca	1-2
mslug2	Metal Slug 2 : Super Vehicle-001/II	1998	Shooter / Run and Gun/Shooter/Platform/Platform / Shooter Scrolling	SNK	1-2
mslug3	Metal Slug 3	2001	Shooter / Run and Gun/Shooter	SNK	1-2
mslug4	Metal Slug 4	2002	Shooter / Run and Gun/Shooter/Platform/Platform / Shooter Scrolling	MEGA Enterprise	1-2
mslug5	Metal Slug 5	2003	Shooter / Run and Gun/Shooter/Platform/Platform / Shooter Scrolling	SNK	1-2
mslug6	Metal Slug 6	2006	Shooter / Run and Gun/Shooter	SNK Playmore	1-2
mslugx	Metal Slug X : Super Vehicle-001	1999	Shooter / Run and Gun/Shooter/Shoot'em Up/Shoot'em Up / Horizontal/Platform/Platform / Shooter Scrolling	SNK	1-2
mspacman	Ms. Pac-Man	1981	Action/Action / Labyrinth	Coleco Industries	1-2
mspactwin	Ms Pac Man Twin	1992		Susilu	1-2
mspuzzle	Miss Puzzle	1994	Adults/Puzzle/Puzzle / Glide	Min	1
mstworld	Monsters World	1994	Shooter/Shooter / TPV	bootleg	1-2
msword	Magic Sword: Heroic Fantasy	1990	Platform/Platform / Fighter Scrolling	Capcom	1-2
mt_aftrb	After Burner (mega-tech)	1987	Shooter/Shooter / Plane, TPV	SEGA	1
mt_arrow	Arrow Flash (mega-tech)	1990	Shoot'em Up / Horizontal/Shoot'em Up	SEGA	1
mt_astrm	Alien Storm (mega-tech)	1990	Platform/Platform / Shooter Scrolling	SEGA	1-2
mt_astro	Astro Warrior (mega-tech)	1986	Shoot'em Up / Vertical/Shoot'em Up	SEGA	1
mt_asyn	Alien Syndrome (mega-tech)	1987	Shooter / Run and Gun/Shooter/Action/Action / Labyrinth	SEGA	1-2
mt_bbros	Bonanza Bros. (mega-tech)	1991	Platform / Shooter Scrolling/Platform/Platform / Run & Jump Scrolling	SEGA	1-2
mt_beast	Altered Beast (mega-tech)	1988	Beat'em Up/Platform/Platform / Fighter Scrolling	Team Shinobi	1-2
mt_calga	California Games (mega-tech)	1991	Sports / Multisports/Sports/Compilation	SEGA	1-2
mt_cols	Columns (mega-tech)	1990	Puzzle/Puzzle / Fall	SEGA	1-2
mt_crack	Crack Down (mega-tech)	1990	Shooter / TPV/Shooter	SEGA	1-2
mt_eswat	Cyber Police Eswat: Enhanced Special Weapons And Tactics (mega-tech)	1990	Platform/Platform / Shooter Scrolling	Sega AM1	1
mt_fshrk	Fire Shark (mega-tech)	1990	Shoot'em Up / Vertical/Shoot'em Up	Toaplan	1-2
mt_fwrld	Forgotten Worlds (mega-tech)	1989	Shoot'em Up / Horizontal/Shoot'em Up	SEGA	1-2
mt_fz	Fantasy Zone (mega-tech)	1987	Shoot'em Up / Horizontal/Shoot'em Up	SEGA	1-2
mt_gaxe	Golden Axe (mega-tech)	1989	Beat'em Up	Team Shinobi	1-2
mt_gaxe2	Golden Axe II (mega-tech)	1991	Beat'em Up/Fighting/Fighting / 2.5D	SEGA	1-2
mt_gfoot	Great Football (mega-tech)	1987	Sports/Sports / Football (American)	Sega CS	1-2
mt_ggolf	Great Golf (mega-tech)	1987	Sports/Sports / Golf	Whiteboard	1-4
mt_gng	Ghouls'n Ghosts (mega-tech)	1989	Platform/Platform / Fighter Scrolling/Action/Action / Adventure	Capcom	1-2
mt_gsocr	Great Soccer (mega-tech)		Sports/Sports / Football (Soccer)	Sega CS	1-2
mt_kcham	Kid Chameleon (mega-tech)	1992	Platform/Platform / Fighter Scrolling	SEGA	1-2
mt_lastb	Last Battle (mega-tech)	1989	Fighting/Fighting / 2D	SEGA	1
mt_mlh	Mario Lemieux Hockey (mega-tech)	1991	Sports/Sports / Hockey	SEGA	1-2
mt_mwalk	Michael Jackson's Moonwalker (mega-tech)	1990	Platform / Fighter Scrolling/Platform	SEGA	1-2
mt_mystd	Mystic Defender (mega-tech)	1989	Platform/Platform / Fighter Scrolling	SEGA	1
mt_orun	OutRun (mega-tech)	1987	Racing TPV/Racing, Driving	SEGA	1-2
mt_parlg	Parlour Games (mega-tech)	1987	Compilation	SEGA	1-2
mt_revsh	The Revenge of Shinobi (mega-tech)	1989	Platform / Fighter Scrolling/Platform	SEGA	1
mt_shado	Shadow Dancer (mega-tech)	1990	Platform / Fighter Scrolling/Beat'em Up/Platform	SEGA	1-2
mt_shang	Super Hang-on (mega-tech)	1989	Motorcycle race TPV/Racing, Driving	SEGA	1-2
mt_shar2	Space Harrier II (mega-tech)	1988	Shooter / TPV/Shooter/Shooter / Plane, TPV	SEGA	1
mt_shnbi	Shinobi (mega-tech)	1987	Platform/Platform / Fighter Scrolling	SEGA	1-2
mt_smgp	Super Monaco GP (mega-tech)	1990	Racing FPV/Racing, Driving	SEGA	1-2
mt_soni2	Sonic The Hedgehog 2 (mega-tech)	1992	Platform / Run & Jump Scrolling/Platform	SEGA	1-2
mt_sonic	Sonic The Hedgehog (mega-tech)	1991	Platform	Sonic Team	1
mt_spman	Spider-man Vs The Kingpin (mega-tech)	1991	Fighting/Fighting / 2D	SEGA	1
mt_srage	Streets Of Rage (mega-tech)	1991	Fighting/Fighting / 2.5D	SEGA	1-2
mt_srbb	Super Real Basketball (mega-tech)	1989	Sports/Sports / Basketball	SEGA	1-2
mt_stbld	Super Thunder Blade (mega-tech)	1988	Shoot'em Up/Shooter/Shooter / Plane, TPV	SEGA	1
mt_stf	Joe Montana II: Sports Talk Football (mega-tech)	1991	Sports/Sports / Football (American)	Blue Sky Software	1-2
mt_tetri	Tetris (mega-tech)	1989	Puzzle / Fall/Puzzle	SEGA	1
mt_tfor2	Thunder Force II MD (mega-tech)	1989	Shoot'em Up / Horizontal/Shoot'em Up	SEGA	1
mt_tgolf	Arnold Palmer Tournament Golf (mega-tech)	1989	Sports/Sports / Golf	SEGA	1-2
mt_tlbba	Tommy Lasorda Baseball (mega-tech)	1989	Sports/Sports / Baseball	SEGA	1-2
mt_tout	Turbo Outrun (mega-tech)	1992	Racing, Driving/Racing TPV	SEGA	1-2
mt_wcsoc	World Championship Soccer (mega-tech)	1989	Sports/Sports / Football (Soccer)	SEGA	1-2
mt_wwar	Wrestle War (mega-tech)	1991	Sports/Sports / Wrestling	SEGA	1-2
mtetrisc	Magical Tetris Challenge	1998	Puzzle/Puzzle / Fall	Capcom	1-2
mtlchamp	Martial Champion	1993	Fighting/Fighting / Versus	Konami	1-2
mtonic	Magical Odds	1992	Casino/Casino / Slot machine	PAL Developments	
mtrap	Mouse Trap	1981	Action / Labyrinth/Action	Exidy	1-2
mtwins	Mega Twins	1990	Platform / Fighter Scrolling/Platform	Capcom	1-2
mugsmash	Mug Smashers	1990	Fighting/Fighting / 2.5D/Beat'em Up	Electronic Devices Italy / 3D Games England	1-2
multchmp	Multi Champ	1999	Compilation	ESD	1-2
multidrw	ZZZ(notgame):Multidraw - Free Games				
multigam	Multi Game	1992	Compilation	Tung Sheng Electronics	1-2
multigm2	Multi Game 2	1992	Compilation	Seo Jin	1
multigm3	Multi Game III	2000	Compilation	Amatic Trading	1
multigmt	Multi Game	1992	Compilation	Tung Sheng Electronics	1-2
multiped	Multipede	2002	Shoot'em Up/Compilation	Infogrames	1-2
murogem	Muroge Monaco		Casino/Casino / Cards		
musclem	Muscle Master	1997		Inter Geo	1
musclhit	Muscle Ranking Kinniku Banzuke Spray Hitter	2000	Sports / Baseball/Sports	Konami	1
mushi2k4	Mushiking The King Of Beetles 2004	2004	Playing cards	SEGA	1-2
mushi2k5	Mushiking The King Of Beetles 2005	2005	Playing cards	SEGA	1-2
mushi2k61	Mushiking The King Of Beetles 2006	2006	Playing cards	SEGA	1-2
mushi2k62	Mushiking The King Of Beetles 2006	2006	Playing cards	SEGA	1-2
mushik2e	Mushiking The King Of Beetles - Mushiking II / III / III+	2005	Playing cards	SEGA	1-2
mushik4e	Mushiking The King Of Beetles : Mushiking IV / V / VI	2006	Playing cards	SEGA	1-2
mushike	Mushiking - The King Of Beetle	2004	Playing cards	SEGA	1-2
mushisam	Mushihime-Sama	2004	Shoot'em Up / Vertical/Shoot'em Up	Cave	1-2
mushitam	Puzzle! Mushihime-Tama	2005	Puzzle / Equalize/Puzzle	Cave	1-2
musicbal	Music Ball	1988	Pinball	Tecfri / Desystem S.A.	
musicsrt	Music Sort	1995	Casino/Casino / Cards	ABM Games	
musobana	Musoubana	1995	Asiatic board game/Hanafuda	Nichibutsu	1
mustache	Mustache Boy	1987	Action / Labyrinth/Action	Seibu Kaihatsu	1-2
mustang	USAAF Mustang	1990	Shoot'em Up / Horizontal/Shoot'em Up	NMK	1-2
mutantf	Mutant Fighter	1992	Fighting/Fighting / Versus	Data East	1-2
mutnat	Mutation Nation	1992	Beat'em Up	SNK	1-2
mv4in1	Little Casino	1984	Compilation/Casino	Digital Controls	1
mvp	Mvp	1989	Sports/Sports / Baseball	SEGA	1-2
mvsc	Marvel vs. Capcom : Clash of Super Heroes	1998	Fighting/Fighting / Versus	Capcom	1-2
mvsc2	Marvel vs. Capcom 2: New Age of Heroes	2000	Fighting / Versus/Fighting	Capcom	1-2
mwalk	Michael Jackson's Moonwalker	1990	Beat'em Up	SEGA	1-3
mwarr	Mighty Warriors		Fighting/Fighting / Versus	Elettronica Video-Games	1-2
mwskins	Skins Game	2000			
mx5000	MX5000	1987	Shoot'em Up / Vertical/Shoot'em Up	Konami	1-2
myangel	Kosodate Quiz My Angel	1996	Quiz/Quiz / Japanese	Namco	1-2
myangel2	Kosodate Quiz My Angel 2	1997	Quiz/Quiz / Japanese	Namco	1-2
myangel3	Kosodate Quiz My Angel 3	1998	Quiz/Quiz / Japanese	Namco	1-2
myfairld	Virtual Mahjong 2 - My Fair Lady	1998	Asiatic board game/Mahjong	Micronet	1
myhero	My Hero	1985	Fighting/Fighting / 2D	SEGA	1-2
mystgard	ZZZ(notgame):Mystic Garden				
mysticm	Mystic Marathon	1983	Sports/Sports / Running trails	Williams	1-2
mysticri	Mystic Riders	1992	Shoot'em Up / Horizontal/Shoot'em Up	Irem	1-2
mystston	Mysterious Stones - Dr. John's Adventure	1984	Action / Labyrinth/Action	Tecmo	1-2
mystwarr	Mystic Warriors	1993	Platform / Shooter Scrolling/Platform	Konami	1-4
nagano98	Hyper Olympics in Nagano	1998	Action/Sports / Multisports/Sports	Konami	1-4
nam1975	NAM-1975	1990	Shooter/Shooter / TPV	SNK	1-2
namenayo	Namennayo	1982	Motorcycle race TPV/Racing, Driving	Cat's	1-2
nametune	Name That Tune	1986	Quiz/Quiz / Music English	Bally Sente	1-2
naname	Naname De Magic!	1994	Puzzle/Puzzle / Fall	Atlus	1-2
narc	NARC	1988	Platform/Platform / Shooter Scrolling	Williams	1-2
nastar	Nastar Warrior	1988	Platform/Platform / Fighter Scrolling/Platform/Platform / Fighter Scrolling	Taito	1-2
natodef	NATO Defense	1982	Action / Labyrinth/Shooter Small/Action	Pacific Novelty	1-2
naughtyb	Naughty Boy	1982	Action / Labyrinth/Action	Jaleco	1-2
navarone	Navarone	1980	Shooter	Namco	1-2
nbagold	Nba Showtime Gold / Nfl Blitz 2000	2000	Sports / Basketball/Sports / Football (American)/Sports	Midway	4
nbahangt	Nba Hangtime	1996	Sports/Sports / Basketball	Midway	1-4
nbajam	NBA Jam	1993	Sports/Sports / Basketball	Midway	1-4
nbajamex	Nba Jam Extreme	1996	Sports/Sports / Basketball	Acclaim Entertainment	1-4
nbajamte	NBA Jam Tournament Edition	1994	Sports/Sports / Basketball	Midway	1-4
nbanfl	Nba Showtime / Nfl Blitz 2000	1999	Sports/Sports / Basketball	Midway	1-4
nbapbp	Nba Play By Play	1998	Sports/Sports / Basketball	Konami	1-2
nbashowt	NBA Showtime: NBA on NBC	1998	Sports/Sports / Basketball	Midway	1-4
nbbatman	Ninja Baseball Bat Man	1993	Beat'em Up/Fighting/Fighting / 2.5D	Irem	1-4
nc96	New Cherry '96 Special Edition	1996	Casino/Casino / Slot machine	Amcoe	
ncombat	Ninja Combat	1990	Beat'em Up	Alpha Denshi	1-2
ncommand	Ninja Commando	1992	Shooter / Run and Gun/Shooter	ADK	1-2
ncv1	Namco Classic Collection Vol.1	1995	Compilation	Namco	1-2
ncv2	Namco Classic Collection Vol.2	1996	Compilation	Namco	1-2
ndxron10	Royal On Ten	2005	Casino/Casino / Cards		
nebulray	Nebulas Ray	1994	Shoot'em Up / Vertical/Shoot'em Up	Namco	1-2
neckneck	Neck-n-neck	1992	Sports/Horse racing/Sports with animals	Bundra Games	1-6
nekkyoku	Rettou Juudan Nekkyoku Janshi - Higashi Nippon Hen	1988	Asiatic board game/Mahjong	Video System	1
nemesis	Nemesis	1985	Shoot'em Up / Horizontal/Shoot'em Up	Konami	1-2
nemo	Nemo	1990	Platform/Platform / Fighter Scrolling	Capcom	1-2
neobattl	SD Gundam Neo Battling	1992	Shoot'em Up / Vertical/Shoot'em Up	Allumer	1-2
neobombe	Neo Bomberman	1997	Action/Action / Labyrinth	SNK	1-2
neocup98	Neo Geo Cup '98 : The Road to the Victory	1998	Sports/Sports / Football (Soccer)	SNK	1-2
neodrift	Neo Drift Out : New Technology	1996	Racing, Driving/Racing, Driving / Racing	SNK	1
neomrdo	Neo Mr. Do!	1997	Puzzle/Action / Labyrinth/Action	Visco	1-2
neraidou	Neraidoula		Casino/Casino / Slot machine	bootleg	
neruton	Mahjong Neruton Haikujiradan	1990	Asiatic board game/Mahjong		1
nettoqc	Nettoh Quiz Champion	1995	Quiz/Quiz / Japanese	Nakanihon	1-2
netwars	Net Wars	1983	Action / Labyrinth/Shooter Small/Action	Orca (Esco Trading Co license)	1-2
nevadafw	Nevada				1
new2001	New 2001	2000	Casino / Slot machine/Casino	Subsino	1
newfant	New Fantasia	1995	Adults/Puzzle	Comad	1-2
newmcard	New Magic Card	2000	Casino/Casino / Cards	High Video	
news	News	1993	Puzzle/Puzzle / Fall	Poby / Virus	1
newsin7	New Sinbad 7	1983	Action / Labyrinth/Action	ATW	1-2
newtiger	ZZZ(notgame):New Tiger				
newxpang	New Cross Pang	1999	Puzzle	F2 System	1-2
nfb96	New Fruit Bonus '96 Special Edition	1996	Casino/Casino / Slot machine	Amcoe	
nflfoot	Nfl Football	1983	Sports/Sports / Football (American)	Bally Midway	1-2
nfm	New Fruit Machine	2003	Casino/Casino / Slot machine	Ming-Yang Electronic	
ngalsumr	Night Gal Summer [bet]	1985			
ngbc	NeoGeo Battle Coliseum	2005	Fighting	SNK Playmore	1-2
ngpgal	Nekketsu Grand-prix Gal	1991	Asiatic board game/Mahjong	Nichibutsu	1
ngtbunny	Night Bunny	1984	Asiatic board game/Mahjong	Nichibutsu	1
nhidctch	New Hidden Catch	1999	Puzzle/Various	Eolith	1-2
nhomerun	Moero!! Pro Yakyuu Homerun Kyousou	1988	Sports/Sports / Baseball		1
nibbler	Nibbler	1982	Action / Labyrinth/Action	Rock-Ola	1-2
nicetsuk	Tsukkomi Yousei Gips Nice Tsukkomi	2002	Casino	Namco	1
nichisel	Dvd Select	2000			
nightgal	Night Gal	1984	Asiatic board game/Mahjong	Nichibutsu	1
nightlov	Night Love	1986	Asiatic board game/Mahjong	Central Denshi	1
nightmare	Night Mare	1982	Action / Labyrinth/Action	E.F.O.	1-2
nightrai	Night Raid	2001	Shoot'em Up / Vertical/Shoot'em Up	Takumi	1-2
nightstr	Night Striker	1989	Shooter/Shooter / Plane, TPV	Taito	1
ninclown	Ninja Clowns	1991	Fighting/Fighting / 2.5D	Incredible Technologies	1-2
ninjak	The Ninja Kids	1990	Beat'em Up/Fighting/Fighting / 2.5D	Taito	1-4
ninjakd2	Rad Action	1987	Platform/Platform / Shooter Scrolling	UPL	1-2
ninjakun	Ninja-kun: Adventure of Devil Castle	1984	Platform/Platform / Shooter Scrolling	UPL	1-2
ninjamas	Ninja Master's: Haō Ninpō Chō	1996	Fighting/Fighting / Versus	ADK	1-2
ninjaslt	Ninja Assault	2000	Shooter/Lightgun Shooter	Namco	1-2
ninjaw	The Ninja Warriors	1987	Beat'em Up/Fighting/Fighting / 2D	Taito	1-2
ninjemak	Ninja Emaki	1986	Shooter/Shooter / Vertical	Nichibutsu	1-2
nitd	Nightmare in the Dark	2001	Platform/Platform / Run & Jump	AM Factory	1-2
nitedrvr	Night Driver	1976	Racing, Driving/Racing FPV	Atari	1
nitrobal	Nitro Ball	1992	Shooter/Shooter / Run and Gun	Data East	1-3
nmg5	Multi 5 / New Multi Game 5	1998	Compilation	Yun Sung	1-2
nmouse	Naughty Mouse	1981	Platform/Platform / Run & Jump	Amenip	1-2
nmsengen	Nekketsu Mahjong Sengen! AFTER 5	1991	Asiatic board game/Mahjong	Video System	1
nndmseal	Nandemo Seal 2nkai	1997	Various / Print Club/Various	I'Max	1
noahsark	Noah's Ark	1983	Puzzle/Puzzle / Equalize	Enter-Tech	1-2
nob	Zippy Bug	1986	Shoot'em Up / Vertical/Shoot'em Up	Coreland	1-2
nomnlnd	No Man's Land	1980	Shooter	Universal	1-2
noraut3a	Noraut Joker Poker	2002	Casino/Casino / Cards	Noraut	
noraut3b	Noraut Joker Poker	2002	Casino/Casino / Cards	Noraut	
norautdx	Noraut Deluxe Poker		Casino/Casino / Cards	Noraut	
norautjo	Noraut Joker Poker	2002	Casino/Casino / Cards	Noraut	
norautp	Noraut Poker	1988	Casino/Casino / Cards	Noraut	
norautpl	Noraut Joker Poker	2002	Casino/Casino / Cards	Noraut	
norautra	Noraut Red Hot Joker Poker		Casino/Casino / Cards	Noraut	
norautrh	Noraut Red Hot Joker Poker		Casino/Casino / Cards	Noraut	
norautu	Noraut Poker	1988	Casino/Casino / Cards	Noraut	
norautua	Noraut Unknown Set 1		Casino/Casino / Cards	Noraut	
nost	Nostradamus	1993	Shoot'em Up / Vertical/Shoot'em Up	FACE	1-2
nostromo	Nostromo		Shooter/Shoot'em Up	bootleg	1
nouryoku	Nouryoku Koujou 2nkai	1995	Quiz/Quiz / Japanese	Tecmo	1-2
nova2001	Nova 2001	1983	Shooter	UPL	1-2
novoplay	Novo Play Multi Card / Club Card	1986	Casino/Casino / Cards	Admiral/Novomatic	
npeurver	ZZZ(notgame):Neo Print - European Version				
nppopeye	ZZZ(notgame):Neo Print - Popeye				
nprsp	ZZZ(notgame):Neoprisp Retro Collection	1996	Various / Print Club/Various	SNK	1
nrallyx	New Rally X	1981	Action / Labyrinth/Racing, Driving/Action	Namco	1-2
nratechu	Neratte Chu	1996	Puzzle/Puzzle / Throw	SETA	1-2
ns8lines	New Lucky 8 Lines / New Super 8 Lines		Casino/Casino / Slot machine		
nslasher	Night Slashers	1994	Beat'em Up/Fighting/Fighting / 2.5D	Data East	1-3
nspirit	Ninja Spirit	1988	Platform/Fighting	Irem	1-2
nss_actr	Act Raiser	1992	Platform/Platform / Fighter Scrolling	Enix	1
nss_adam	The Addams Family	1992	Action / Adventure/Action	Ocean	1
nss_aten	David Crane's Amazing Tennis	1992	Sports/Sports / Tennis		1-2
nss_con3	Contra 3: The Alien Wars	1992	Platform / Shooter Scrolling/Platform		1-2
nss_fzer	F-zero	1991	Racing, Driving/Racing TPV		1
nss_lwep	Lethal Weapon	1992	Platform/Platform / Shooter Scrolling		1
nss_ncaa	Ncaa Basketball	1992	Sports/Sports / Basketball	Sculptured Software	1-2
nss_rob3	Robocop 3	1992	Platform/Platform / Shooter Scrolling	Ocean	1
nss_skin	Skins Game	2000	Sports/Sports / Golf	Midway	1-2
nss_smw	Super Mario World	1991	Platform/Platform / Run & Jump Scrolling	Nintendo	1-2
nss_ssoc	Super Soccer	1992	Sports / Football (Soccer)/Sports	Human Entertainment	
nss_sten	Super Tennis	1991	Sports/Sports / Tennis	Nintendo	1-2
nstocker	Night Stocker	1986	Shooter/Shooter / Vehicle, FPV	Bally Sente	1
nsub	N-sub	1980	Shooter/Shooter / Space Invaders Like	SEGA	1-2
ntopstar	Mahjong Nerae! Top Star	1990	Asiatic board game/Mahjong		1
numanath	Numan Athletics	1993	Sports/Sports / Running trails	Namco	1-4
number1	Number One	1996			
number10	Number Dieci	2000	Casino/Casino / Cards	PlayMark SRL	
numcrash	Number Crash	1983		Hanshin Goraku	
nuretemi	Nurete Mitaino... - Net Idol Hen	2000			
nvs_machrider	Vs. Mach Rider	1985	Shooter/Shooter / Vehicle, TPV	Nintendo	1
nvs_mightybj	Vs. Mighty Bomb Jack	1986	Platform/Platform / Run & Jump Scrolling	Tecmo	1-2
nvs_platoon	Vs. Platoon	1987	Platform/Platform / Shooter Scrolling	Sunsoft	1-2
nwarr	Night Warriors: Darkstalkers' Revenge	1995	Fighting/Fighting / Versus	Capcom	1-2
nycaptor	N.y. Captor	1985	Shooter/Lightgun Shooter	Taito	1
nyjoker	New York Joker	2000	Casino/Casino / Cards	High Video	
nyny	New York! New York!	1980	Shooter/Shooter / Space Invaders Like	Sigma Enterprises	1-2
oceanhun	The Ocean Hunter	1998	Shooter	SEGA	1-2
officeye	Office Yeo In Cheon Ha	2001	Compilation	Danbi System	
offroad	Ironman Ivan Stewart's Super Off-road	1989	Racing, Driving/Racing, Driving / Racing	Leland	1-3
offroadc	Off Road Challenge	1997	Racing, Driving	Midway	1
offroadt	Ironman Ivan Stewart's Super Off-road Track-pak	1989	Racing, Driving/Racing, Driving / Racing	Leland	1-3
offtwall	Off The Wall	1991	Action/Action / Breakout games	Atari	1-3
ohmygod	Oh My God!	1993	Puzzle/Puzzle / Fall	Atlus	1-2
ohpaipee	Oh! Paipee	1989	Puzzle/Puzzle / Fall	Nichibutsu	1
oinori	Oinori-daimyoujin Matsuri	2003	Casino	SEGA	1-10
oisipuzl	Triple Fun	1993	Puzzle/Various	Sunsoft	1-2
ojanko2	Ojanko Yakata 2bankan	1987	Asiatic board game/Mahjong	V-System Co.	1
ojankoc	Ojanko Club	1986	Asiatic board game/Mahjong	V-System Co.	1
ojankohs	Ojanko High School	1988	Asiatic board game/Mahjong	V-System Co.	1
ojankoy	Ojanko Yakata	1986	Asiatic board game/Mahjong	V-System Co.	1
ojousan	Ojousan	1987	Asiatic board game/Mahjong	Nichibutsu	1
olds	Oriental Legend Special / Xi You Shi E Zhuan Super	1998	Fighting/Fighting / 2.5D/Beat'em Up	IGS	1-4
oldsplus	Oriental Legend Special Plus / Xi You Shi E Zhuan	2004	Fighting/Fighting / 2.5D/Beat'em Up	IGS	1-4
olibochu	Oli-boo-chu	1981	Action / Labyrinth/Action	Irem	1-2
ollie	Ollie King	2004	Sports/Sports / Skateboard	SEGA	1
omega	Omega	1986	Action / Breakout games/Action	Nihon Systems	1-2
omegaf	Omega Fighter	1989	Shoot'em Up / Vertical/Shoot'em Up	UPL	1-2
omegrace	Omega Race	1981		Midway	1-2
omotesnd	Omotesandou	1989	Asiatic board game/Hanafuda	Anime Tec	1
one4all	ZZZ(notgame):One For All				
oneshot	One Shot One Kill	1996	Shooter/Lightgun Shooter	Promat	1-2
onetwo	One + Two	1997	Puzzle/Puzzle / Equalize	Barko	1-2
onna34ro	Onna Sanshirou - Typhoon Gal	1985	Fighting	Taito	1-2
ooparts	OOPArts	1992	Action / Breakout games/Action	Success	1-2
opaopa	Opa Opa	1987	Shoot'em Up / Horizontal/Shoot'em Up	SEGA	1-2
opengolf	Konami's Open Golf Championship	1994	Sports/Sports / Golf	Konami	1-2
openice	2 On 2 Open Ice Challenge	1995	Sports/Sports / Hockey	Midway	1-4
optiger	Operation Tiger	1998	Shooter/Lightgun Shooter	Taito	1-2
opwolf	Operation Wolf	1987	Shooter / FPV/Shooter/Lightgun Shooter	Taito	1
opwolf3	Operation Wolf 3	1994	Shooter / FPV/Shooter/Lightgun Shooter	Taito	1-2
orangec	Orange Club - Maruhi Kagai Jugyou	1988	Asiatic board game/Mahjong	Daiichi Denshi	1
orbit	Orbit	1978	Shooter	Atari	1-2
orbitron	Orbitron	1982	Shooter/Shooter / Missile Command Like	Signatron USA	1-2
orbs	Orbs	1994	Puzzle/Puzzle / Glide	Sammy USA Corporation	1
ordyne	Ordyne	1988	Shoot'em Up / Horizontal/Shoot'em Up	Namco	1-2
orleg2	Oriental Legend 2	2007	Fighting/Fighting / 2.5D	IGS	1-4
orlegend	Oriental Legend / Xi You Shi E Zhuan	1997	Fighting/Fighting / 2.5D/Beat'em Up	IGS	1-4
orunners	OutRunners	1992	Racing, Driving/Racing TPV	SEGA	1
oscar	Psycho-Nics Oscar	1987	Platform/Platform / Shooter Scrolling	Data East	1-2
osman	Osman	1996	Platform/Platform / Fighter Scrolling	Mitchell	1
otatidai	Disco Mahjong Otachidai No Okite	1995	Asiatic board game/Mahjong		1
otenamhf	Otenami Haiken Final	2005	Asiatic board game/Board game	Warashi	1-2
otenamih	Otenami Haiken	1999	Asiatic board game	Success	1-2
otenki	Otenki Kororin Weather Tales	2001	Puzzle	Takumi	1-2
othello	Othello	1984	Asiatic board game/Othello	Success	1-2
othellos	Othello Shiyouyo	1998	Asiatic board game/Othello	Success	1-2
othldrby	Othello Derby	1995	Asiatic board game/Othello	Sunwise	1-2
othunder	Operation Thunderbolt	1988	Shooter/Lightgun Shooter	Taito	1-2
otonano	Otona No Mahjong	1988	Asiatic board game/Mahjong	Apple	1
otrigger	Outtrigger	1999	Shooter / TPV/Shooter / FPV/Shooter	SEGA	1-4
otwalls	Off The Wall	1984	Sports / Tennis/Sports	Bally Sente	1-2
ougonhai	ZZZ(notgame):Mahjong Ougon No Pai	1991	Asiatic board game/Mahjong	Dynax	
outfxies	The Outfoxies	1994	Platform/Fighting	Namco	1-2
outr2	OutRun 2	2003	Racing, Driving/Racing TPV	SEGA	1
outr2st	OutRun 2 Special Tours	2004	Racing, Driving/Racing TPV	SEGA	1
outrun	Out Run	1986	Racing, Driving/Racing TPV	SEGA	1
outzone	Out Zone	1990	Shooter/Shooter / Run and Gun	Toaplan	1-2
overdriv	Over Drive	1990	Racing, Driving/Racing FPV	Konami	1
overrev	Over Rev	1997	Racing, Driving/Racing TPV	Jaleco	1-2
overtop	Over Top	1996	Racing, Driving / Racing/Racing, Driving	ADK	1-2
ozmawars	Ozma Wars	1979	Shooter/Shooter / Space Invaders Like	SNK	1-2
ozon1	Ozon I	1983	Shooter/Shooter / Space Invaders Like	Proma	1-2
p47	P-47 - The Phantom Fighter	1988	Shoot'em Up / Horizontal/Shoot'em Up	NMK	1-2
p47aces	P-47 Aces	1995	Shoot'em Up / Horizontal/Shoot'em Up	NMK	1-2
p911	Police 911	2000	Shooter/Lightgun Shooter	Konami	1
p9112	Police 911 2	2001	Shooter/Lightgun Shooter	Konami	1
pacapp	Paca Paca Passion	1999	Rhythm/Various/Music and Dancing	Produce	1-2
pacapp2	Paca Paca Passion 2	1999	Rhythm/Various/Music and Dancing	Produce	1-2
pacappsp	Paca Paca Passion Special	1999	Rhythm/Various/Music and Dancing	Produce	1-2
paceight	Pac-Eight	1996	Casino / Slot machine/Casino	Namco	1
pachifev	Pachifever	1983	Pachinko	Sanki Denshi Kogyo	
pachiten	Medal Mahjong Pachi-slot Tengoku [bet]	1993	Asiatic board game/Mahjong	Nichibutsu	1
packbang	Pack'n Bang Bang	1994	Action / Breakout games/Action	Kaneko	1-2
pacland	Pac-Land	1984	Platform/Platform / Run & Jump Scrolling	Namco	1-2
paclandp	Pac-Land	1984	Platform/Platform / Run & Jump Scrolling	Namco	1-2
pacmania	Pac-Mania	1987	Action / Labyrinth/Action	Namco	1-2
pacnpal	Pac & Pal	1983	Action / Labyrinth/Action	Namco	1-2
pacplus	Pac-Man Plus	1982	Action / Labyrinth/Action	Namco	1-2
pacslot	Pac-slot	1996	Casino/Casino / Slot machine	Namco	
paddlema	Paddle Mania	1988	Sports/Sports / Tennis	SNK	1-4
pairlove	Pairs Love	1991	Adults/Puzzle/Puzzle / Equalize	Athena	1-2
pairs	Pairs - Featuring The Giffy Girls	1994	Adults/Puzzle/Casino / Cards/Casino		1-2
pairsnb	Pairs	1989	Adults		
pairsred	Pairs Redemption	1994	Puzzle/Puzzle / Equalize		1
palamed	Palamedes	1990	Puzzle/Puzzle / Throw	Taito	1-2
pandoras	Pandora's Palace	1984	Platform/Platform / Run & Jump	Konami	1-2
pang	Pang	1989	Shooter/Shooter / TPV	Mitchell	1-2
pang3	Pang! 3	1995	Puzzle	Mitchell	1-2
pangpang	Pang Pang	1994	Platform/Platform / Run & Jump	Dong Gue La Mi	1-2
pangpoms	Pang Pom's	1992	Platform/Platform / Run & Jump	Metro Corporation	1-2
panic	Space Panic	1980	Platform/Platform / Run & Jump	Universal	1-2
panicbom	Panic Bomber	1995	Puzzle / Fall/Puzzle	SNK	1-2
panicr	Panic Road	1986	Pinball	Seibu Kaihatsu	1-2
panicstr	Panic Street	1999	Puzzle	Kaneko	1-2
panther	Panther	1981	Shooter/Shooter / Space Invaders Like	Irem	1
paperboy	Paperboy	1984		Atari	1-2
paprazzi	Paparazzi	1996	Adults		
para2dx	Paradise 2 Deluxe		Puzzle	Yun Sung	1-2
paradar	ZZZ(notgame):Paradar				
paradise	Paradise	1994	Puzzle	Yun Sung	1-2
paradlx	Paradise Deluxe		Puzzle	Yun Sung	1-2
parentj	Parent Jack	1989	Casino/Casino / Cards	Taito	
parodius	Parodius Da!	1990	Shoot'em Up / Horizontal/Shoot'em Up	Konami	1-2
parrot3	Parrot Poker III	2004	Casino/Casino / Cards	Amcoe	
pasha2	Pasha Pasha 2	1998	Compilation	Dong Sung	1-3
pass	Pass	1992	Action / Labyrinth/Action	Oksan	1-2
passsht	Passing Shot	1988	Sports/Sports / Tennis	SEGA	1-4
pastelg	Pastel Gal	1985	Asiatic board game/Mahjong	Nichibutsu	1
pastelis	Pastel Island	1993	Action / Labyrinth/Action	Visco	1-2
patapata	Pata Pata Panic	1993	Thinking	Atlus	1
patimono	Mahjong Pachinko Monogatari	1992	Asiatic board game/Mahjong		1
patocar	Hashire Patrol Car	2001	Racing, Driving	SEGA	1
pbaction	Pinball Action	1985	Pinball	Tehkan	1-2
pballoon	Pioneer Balloon	1982	Shoot'em Up / Horizontal/Shoot'em Up	SNK	1-2
pbancho	Gyakuten!! Puzzle Bancho	1996	Puzzle/Puzzle / Fall	Fuuki	1-2
pbillian	Prebillian	1986	Sports/Sports / Swimming	Kaneko	1-2
pbillrd	Perfect Billiard	1987	Sports / Pool/Sports	Nihon Systems	1-2
pblbeach	Pebble Beach - The Great Shot	1995	Sports/Sports / Golf	T&E Soft	1-2
pbobbl2n	Puzzle Bobble 2	1999	Puzzle / Throw/Puzzle	Taito	1-2
pbobble	Puzzle Bobble	1994	Puzzle / Throw/Puzzle	Taito	1-2
pbobble2	Puzzle Bobble 2	1995	Puzzle/Puzzle / Throw	Taito	1-2
pbobble3	Puzzle Bobble 3	1996	Puzzle/Puzzle / Throw	Taito	1-2
pbobble4	Puzzle Bobble 4	1997	Puzzle/Puzzle / Throw	Taito	1-2
pbobblen	Puzzle Bobble	1994	Puzzle / Throw/Puzzle	Taito	1-2
pc_1942	1942 (playchoice-10)	1987	Shoot'em Up / Vertical/Shoot'em Up	Capcom	1-2
pc_bball	Baseball	1984	Sports / Baseball/Sports	Nintendo of America	1-2
pc_bfght	Balloon Fight (PlayChoice-10)	1984	Platform/Platform / Run & Jump	Nintendo	1-2
pc_bload	Bases Loaded (PlayChoice-10)	1990	Sports/Sports / Baseball	Jaleco	
pc_bstar	Baseball Stars: Be a Champ! (PlayChoice-10)	1989	Sports/Sports / Baseball	SNK	1-2
pc_cntra	Contra	1988	Shoot'em Up / Horizontal/Shoot'em Up/Shoot'em Up	Konami	
pc_cshwk	Captain Sky Hawk (PlayChoice-10)	1989	Shoot'em Up / Vertical/Shoot'em Up	Milton Bradley Co.	1
pc_cvnia	Castlevania (PlayChoice-10)	1987	Platform/Platform / Fighter Scrolling		1
pc_dbldr	Double Dribble	1987	Sports / Basketball/Sports		
pc_ddrgn	Double Dragon	1988	Beat'em Up	Technos Japan	
pc_drmro	Dr. Mario (PlayChoice-10)	1990	Puzzle/Puzzle / Fall	Nintendo	1-2
pc_duckh	Duck Hunt (PlayChoice-10)	1984	Shooter/Lightgun Shooter	Nintendo	1
pc_ebike	Excite Bike (PlayChoice-10)	1984	Racing, Driving/Racing, Driving / Motorcycle	Nintendo	1
pc_ftqst	Uncle Fester's Quest: The Addams Family (PlayChoic	1989	Action / Labyrinth/Action	Sunsoft	1
pc_gntlt	Gauntlet	1985	Action / Labyrinth/Action	Atari	1-4
pc_golf	Golf (PlayChoice-10)	1984	Sports/Sports / Golf	Nintendo	1-2
pc_goons	The Goonies (PlayChoice-10)	1986	Platform/Platform / Run & Jump Scrolling	Konami	1
pc_grdus	Gradius (PlayChoice-10)	1986	Shoot'em Up / Horizontal/Shoot'em Up	Konami	1-2
pc_hgaly	Hogan's Alley (PlayChoice-10)	1984	Shooter/Lightgun Shooter	Nintendo	1
pc_kngfu	Kung Fu	1985		Irem	
pc_mario	Mario Bros.	1983	Platform	Nintendo	
pc_miket	Mike Tyson's Punch-Out!! (PlayChoice-10)	1987	Sports/Sports / Boxing	Nintendo	1
pc_mman3	Mega Man III (PlayChoice-10)	1990	Platform/Platform / Shooter Scrolling	Capcom	1
pc_moglf	Mario's Open Golf (PlayChoice-10)	1991	Sports/Sports / Golf	Nintendo	1-2
pc_mtoid	Metroid (PlayChoice-10)	1986	Platform/Platform / Run & Jump Scrolling	Nintendo	1
pc_ngai2	Ninja Gaiden Episode II: The Dark Sword of Chaos (	1990	Platform/Platform / Fighter Scrolling	Tecmo	1
pc_ngai3	Ninja Gaiden Episode III: The Ancient Ship of Doom	1991	Platform/Platform / Fighter Scrolling	Tecmo	1
pc_ngaid	Ninja Gaiden (PlayChoice-10)	1989	Platform/Platform / Fighter Scrolling	Tecmo	1-2
pc_pinbt	PinBot (PlayChoice-10)	1988		Rareware	1-4
pc_pwbld	Power Blade (PlayChoice-10)	1991	Platform/Fighting	Taito	1
pc_pwrst	Pro Wrestling (PlayChoice-10)	1986	Sports/Sports / Wrestling	Nintendo	1-2
pc_radr2	Rad Racer II (PlayChoice-10)	1990	Racing, Driving/Racing TPV	Square	1
pc_radrc	Rad Racer (PlayChoice-10)	1987	Racing, Driving/Racing TPV	Square	1
pc_rcpam	R.C. Pro-Am (PlayChoice-10)	1987	Racing, Driving/Racing, Driving / Racing	Rareware	1
pc_rkats	Rockin' Kats (PlayChoice-10)	1991	Platform/Platform / Fighter Scrolling	Atlus	1
pc_rnatk	Rush'n Attack (PlayChoice-10)	1987	Platform/Platform / Shooter Scrolling	Konami	1-2
pc_rrngr	Chip'n Dale: Rescue Rangers (PlayChoice-10)	1987	Platform/Platform / Run & Jump Scrolling		1-2
pc_rygar	Rygar	1986	Platform / Fighter Scrolling/Platform	Tecmo	
pc_sjetm	Solar Jetman (PlayChoice-10)	1990	Action / Labyrinth/Action	Rareware	1
pc_smb	Super Mario Bros.	1985	Platform/Platform / Run & Jump Scrolling/Platform / Run & Jump	Nintendo	1-2
pc_smb2	Super Mario Bros. 2	1988	Platform/Platform / Run & Jump Scrolling/Platform / Run & Jump	Nintendo	1
pc_smb3	Super Mario Bros. 3	1988	Platform/Platform / Run & Jump Scrolling/Platform / Run & Jump	Nintendo	1-2
pc_suprc	Super C (PlayChoice-10)	1990	Platform/Platform / Shooter Scrolling	Konami	1-2
pc_tbowl	Tecmo Bowl	1989	Sports / Football (American)/Sports	Tecmo	
pc_tenis	Tennis	1983	Sports / Tennis/Sports	Nintendo	1-2
pc_tkfld	Track And Field	1987	Action/Sports / Multisports/Sports		
pc_tmnt	Teenage Mutant Ninja Turtles	1989			
pc_tmnt2	Teenage Mutant Ninja Turtles II: The Arcade Game (	1990	Fighting/Fighting / 2.5D	Konami	1-2
pc_trjan	Trojan	1986			
pc_ttoon	Tiny Toon Adventures	1991	Platform / Run & Jump Scrolling/Platform	Konami	1-2
pc_vball	Volley Ball (PlayChoice-10)	1986	Sports/Sports / Volleyball	Nintendo	1-2
pc_wcup	Nintendo World Cup (PlayChoice-10)	1990	Sports/Sports / Football (Soccer)	Technos Japan	1-2
pc_wgnmn	Wild Gunman (PlayChoice-10)	1984	Shooter/Lightgun Shooter	Nintendo	1
pc_ynoid	Yo! Noid (PlayChoice-10)	1990	Platform/Platform / Fighter Scrolling	Capcom	1
pcktgal	Pocket Gal	1987	Adults/Sports / Pool/Sports	Data East	1-2
pclubys	Puzzle Club	2000	Adults/Action / Breakout games/Action	Yun Sung	1-2
pcnfrk	Drummania	1999	Rhythm/Music and Dancing	Konami	1
pcnfrk2m	Drummania 2nd Mix	1999	Rhythm/Music and Dancing	Konami	1
pcnfrk3m	Percussion Freaks 3rd Mix	2000	Rhythm/Music and Dancing	Konami	1
pcnfrk4m	Percussion Freaks 4th Mix	2000			
pcnfrk5m	Percussion Freaks 5th Mix	2001			
pdrift	Power Drift	1988	Racing, Driving/Racing TPV	SEGA	1
pdriftl	Power Drift	1988	Racing, Driving/Racing TPV	SEGA	1
peekaboo	Peek-a-boo!	1993	Adults/Action/Action / Breakout games	Jaleco	1-2
peggle	Peggle	1991	Action		1-2
peip0028	Player's Edge	1987	Casino/Casino / Cards	IGT	1
peip0031	Player's Edge	1987	Casino/Casino / Cards	IGT	1
peip0041	Player's Edge	1987	Casino/Casino / Cards	IGT	1
peivc006	Player's Edge	1987	Casino/Casino / Cards	IGT	1
peke1001	Player's Edge	1987	Casino/Casino / Cards	IGT	1
pekoc766	Player's Edge	1987	Casino/Casino / Cards	IGT	1
pekoc801	Player's Edge	1987	Casino/Casino / Cards	IGT	1
pekoc802	Player's Edge	1987	Casino/Casino / Cards	IGT	1
pekoc803	Player's Edge	1987	Casino/Casino / Cards	IGT	1
pekoc804	Player's Edge	1987	Casino/Casino / Cards	IGT	1
pekoc806	Player's Edge	1987	Casino/Casino / Cards	IGT	1
pekoc818	Player's Edge	1987	Casino/Casino / Cards	IGT	1
pekoc819	Player's Edge	1987	Casino/Casino / Cards	IGT	1
pekoc822	Player's Edge	1987	Casino/Casino / Cards	IGT	1
pekoc825	Player's Edge	1987	Casino/Casino / Cards	IGT	1
pemg0025	Montana Choice	1994	Casino/Casino / Cards	IGT	1
pemg0182	Montana Choice	1994	Casino/Casino / Cards	IGT	1
pemg0183	Montana Choice	1994	Casino/Casino / Cards	IGT	1
pemg0213	Player's Choice	1983	Casino/Casino / Cards	IGT	1-2
pemg0252	Player's Choice	1983	Casino/Casino / Cards	IGT	1-2
penbros	Penguin Brothers	2000	Platform	Ago	1-2
penfan	Penfan Girls - Step1. Mild Mind	1999	Puzzle/Puzzle / Glide	Eolith	1-2
pengadvb	Penguin Adventure	1988	Platform/Platform / Run & Jump Scrolling	bootleg	1
pengo	Pengo	1982	Action / Labyrinth/Action	Coreland	1-2
penky	Penky	1996	Action / Labyrinth/Action	Yun Sung	1-2
pepk1024	Player's Edge	1987	Casino/Casino / Cards	IGT	1
pepk1069	Player's Edge	1987	Casino/Casino / Cards	IGT	1
pepp0048	Player's Edge	1987	Casino/Casino / Cards	IGT	1
pepp0120	Player's Edge	1987	Casino/Casino / Cards	IGT	1
pepp0127	Player's Edge	1987	Casino/Casino / Cards	IGT	1
pepp0130	Player's Edge	1987	Casino/Casino / Cards	IGT	1
pepp0158	Player's Edge	1987	Casino/Casino / Cards	IGT	1
pepp0232	Player's Edge	1987	Casino/Casino / Cards	IGT	1
pepp0250	Player's Edge	1987	Casino/Casino / Cards	IGT	1
pepp0294	Player's Edge	1987	Casino/Casino / Cards	IGT	1
pepp0295	Player's Edge	1987	Casino/Casino / Cards	IGT	1
pepp0434	Player's Edge	1987	Casino/Casino / Cards	IGT	1
pepp0452	Player's Edge	1987	Casino/Casino / Cards	IGT	1
pepp0514	Player's Edge	1987	Casino/Casino / Cards	IGT	1
pepp0542	Player's Edge	1987	Casino/Casino / Cards	IGT	1
pepp0596	Player's Edge	1987	Casino/Casino / Cards	IGT	1
pepp0733	Player's Edge	1987	Casino/Casino / Cards	IGT	1
pepp0775	Player's Edge	1987	Casino/Casino / Cards	IGT	1
pepp0816	Player's Edge	1987	Casino/Casino / Cards	IGT	1
pepper2	Pepper II	1982	Action / Labyrinth/Action	Exidy	1-2
peps0014	Player's Edge	1987	Casino/Casino / Cards	IGT	1
peps0021	Player's Edge	1987	Casino/Casino / Cards	IGT	1
peps0042	Player's Edge	1987	Casino/Casino / Cards	IGT	1
peps0047	Player's Edge	1987	Casino/Casino / Cards	IGT	1
peps0090	Player's Edge	1987	Casino/Casino / Cards	IGT	1
peps0308	Player's Edge	1987	Casino/Casino / Cards	IGT	1
peps0366	Player's Edge	1987	Casino/Casino / Cards	IGT	1
peps0470	Player's Edge	1987	Casino/Casino / Cards	IGT	1
peps0615	Player's Edge	1987	Casino/Casino / Cards	IGT	1
peps0628	Player's Edge	1987	Casino/Casino / Cards	IGT	1
peps0629	Player's Edge	1987	Casino/Casino / Cards	IGT	1
peps0708	Player's Edge	1987	Casino/Casino / Cards	IGT	1
peps0716	Player's Edge	1987	Casino/Casino / Cards	IGT	1
percuss	The Percussor	1981	Shooter	Orca	1-2
perestro	Perestroika Girls	1994	Puzzle	Promat	1-2
perfrman	Performan	1985	Action / Labyrinth/Shooter Small/Action	Toaplan	1-2
pesadelo	Pesadelo	1989	Shooter/Shooter / Run and Gun	bootleg	1
peset001	Player's Edge	1987	Casino/Casino / Cards	IGT	1
peset004	Player's Edge	1987	Casino/Casino / Cards	IGT	1
peset022	Player's Edge	1987	Casino/Casino / Cards	IGT	1
peset033	Player's Edge	1987	Casino/Casino / Cards	IGT	1
peset038	Player's Edge	1987	Casino/Casino / Cards	IGT	1
peset117	Player's Edge	1987	Casino/Casino / Cards	IGT	1
peterpak	Peter Pack Rat	1984	Platform	Atari	1
pex0002p	Player's Edge	1987	Casino/Casino / Cards	IGT	1
pex0006p	Player's Edge	1987	Casino/Casino / Cards	IGT	1
pex0040p	Player's Edge	1987	Casino/Casino / Cards	IGT	1
pex0042p	Player's Edge	1987	Casino/Casino / Cards	IGT	1
pex0045p	Player's Edge	1987	Casino/Casino / Cards	IGT	1
pex0046p	Player's Edge	1987	Casino/Casino / Cards	IGT	1
pex0053p	Player's Edge	1987	Casino/Casino / Cards	IGT	1
pex0054p	Player's Edge	1987	Casino/Casino / Cards	IGT	1
pex0055p	Player's Edge	1987	Casino/Casino / Cards	IGT	1
pex0057p	Player's Edge	1987	Casino/Casino / Cards	IGT	1
pex0060p	Player's Edge	1987	Casino/Casino / Cards	IGT	1
pex0124p	Player's Edge	1987	Casino/Casino / Cards	IGT	1
pex0150p	Player's Edge	1987	Casino/Casino / Cards	IGT	1
pex0158p	Player's Edge	1987	Casino/Casino / Cards	IGT	1
pex0171p	Player's Edge	1987	Casino/Casino / Cards	IGT	1
pex0188p	Player's Edge	1987	Casino/Casino / Cards	IGT	1
pex0190p	Player's Edge	1987	Casino/Casino / Cards	IGT	1
pex0197p	Player's Edge	1987	Casino/Casino / Cards	IGT	1
pex0203p	Player's Edge	1987	Casino/Casino / Cards	IGT	1
pex0224p	Player's Edge	1987	Casino/Casino / Cards	IGT	1
pex0225p	Player's Edge	1987	Casino/Casino / Cards	IGT	1
pex0242p	Player's Edge	1987	Casino/Casino / Cards	IGT	1
pex0265p	Player's Edge	1987	Casino/Casino / Cards	IGT	1
pex0291p	Player's Edge	1987	Casino/Casino / Cards	IGT	1
pex0417p	Player's Edge	1987	Casino/Casino / Cards	IGT	1
pex0426p	Player's Edge	1987	Casino/Casino / Cards	IGT	1
pex0430p	Player's Edge	1987	Casino/Casino / Cards	IGT	1
pex0434p	Player's Edge	1987	Casino/Casino / Cards	IGT	1
pex0447p	Player's Edge	1987	Casino/Casino / Cards	IGT	1
pex0449p	Player's Edge	1987	Casino/Casino / Cards	IGT	1
pex0451p	Player's Edge	1987	Casino/Casino / Cards	IGT	1
pex0452p	Player's Edge	1987	Casino/Casino / Cards	IGT	1
pex0454p	Player's Edge	1987	Casino/Casino / Cards	IGT	1
pex0455p	Player's Edge	1987	Casino/Casino / Cards	IGT	1
pex0458p	Player's Edge	1987	Casino/Casino / Cards	IGT	1
pex0459p	Player's Edge	1987	Casino/Casino / Cards	IGT	1
pex0489p	Player's Edge	1987	Casino/Casino / Cards	IGT	1
pex0508p	Player's Edge	1987	Casino/Casino / Cards	IGT	1
pex0514p	Player's Edge	1987	Casino/Casino / Cards	IGT	1
pex0515p	Player's Edge	1987	Casino/Casino / Cards	IGT	1
pex0516p	Player's Edge	1987	Casino/Casino / Cards	IGT	1
pex0536p	Player's Edge	1987	Casino/Casino / Cards	IGT	1
pex0537p	Player's Edge	1987	Casino/Casino / Cards	IGT	1
pex0550p	Player's Edge	1987	Casino/Casino / Cards	IGT	1
pex0557p	Player's Edge	1987	Casino/Casino / Cards	IGT	1
pex0568p	Player's Edge	1987	Casino/Casino / Cards	IGT	1
pex0578p	Player's Edge	1987	Casino/Casino / Cards	IGT	1
pex0581p	Player's Edge	1987	Casino/Casino / Cards	IGT	1
pex0588p	Player's Edge	1987	Casino/Casino / Cards	IGT	1
pex0725p	Player's Edge	1987	Casino/Casino / Cards	IGT	1
pex0726p	Player's Edge	1987	Casino/Casino / Cards	IGT	1
pex0727p	Player's Edge	1987	Casino/Casino / Cards	IGT	1
pex0763p	Player's Edge	1987	Casino/Casino / Cards	IGT	1
pex0764p	Player's Edge	1987	Casino/Casino / Cards	IGT	1
pex0838s	Player's Edge	1987	Casino/Casino / Cards	IGT	1
pex0846s	Player's Edge	1987	Casino/Casino / Cards	IGT	1
pex1087s	Player's Edge	1987	Casino/Casino / Cards	IGT	1
pex2002p	Player's Edge	1987	Casino/Casino / Cards	IGT	1
pex2010p	Player's Edge	1987	Casino/Casino / Cards	IGT	1
pex2016p	Player's Edge	1987	Casino/Casino / Cards	IGT	1
pex2017p	Player's Edge	1987	Casino/Casino / Cards	IGT	1
pex2018p	Player's Edge	1987	Casino/Casino / Cards	IGT	1
pex2021p	Player's Edge	1987	Casino/Casino / Cards	IGT	1
pex2024p	Player's Edge	1987	Casino/Casino / Cards	IGT	1
pex2025p	Player's Edge	1987	Casino/Casino / Cards	IGT	1
pex2026p	Player's Edge	1987	Casino/Casino / Cards	IGT	1
pex2027p	Player's Edge	1987	Casino/Casino / Cards	IGT	1
pex2028p	Player's Edge	1987	Casino/Casino / Cards	IGT	1
pex2029p	Player's Edge	1987	Casino/Casino / Cards	IGT	1
pex2031p	Player's Edge	1987	Casino/Casino / Cards	IGT	1
pex2033p	Player's Edge	1987	Casino/Casino / Cards	IGT	1
pex2034p	Player's Edge	1987	Casino/Casino / Cards	IGT	1
pex2035p	Player's Edge	1987	Casino/Casino / Cards	IGT	1
pex2036p	Player's Edge	1987	Casino/Casino / Cards	IGT	1
pex2037p	Player's Edge	1987	Casino/Casino / Cards	IGT	1
pex2038p	Player's Edge	1987	Casino/Casino / Cards	IGT	1
pex2039p	Player's Edge	1987	Casino/Casino / Cards	IGT	1
pex2040p	Player's Edge	1987	Casino/Casino / Cards	IGT	1
pex2042p	Player's Edge	1987	Casino/Casino / Cards	IGT	1
pex2043p	Player's Edge	1987	Casino/Casino / Cards	IGT	1
pex2044p	Player's Edge	1987	Casino/Casino / Cards	IGT	1
pex2045p	Player's Edge	1987	Casino/Casino / Cards	IGT	1
pex2066p	Player's Edge	1987	Casino/Casino / Cards	IGT	1
pex2067p	Player's Edge	1987	Casino/Casino / Cards	IGT	1
pex2068p	Player's Edge	1987	Casino/Casino / Cards	IGT	1
pex2069p	Player's Edge	1987	Casino/Casino / Cards	IGT	1
pex2070p	Player's Edge	1987	Casino/Casino / Cards	IGT	1
pex2111p	Player's Edge	1987	Casino/Casino / Cards	IGT	1
pex2121p	Player's Edge	1987	Casino/Casino / Cards	IGT	1
pex2127p	Player's Edge	1987	Casino/Casino / Cards	IGT	1
pex2134p	Player's Edge	1987	Casino/Casino / Cards	IGT	1
pex2150p	Player's Edge	1987	Casino/Casino / Cards	IGT	1
pex2152p	Player's Edge	1987	Casino/Casino / Cards	IGT	1
pex2172p	Player's Edge	1987	Casino/Casino / Cards	IGT	1
pex2173p	Player's Edge	1987	Casino/Casino / Cards	IGT	1
pex2178p	Player's Edge	1987	Casino/Casino / Cards	IGT	1
pex2179p	Player's Edge	1987	Casino/Casino / Cards	IGT	1
pex2180p	Player's Edge	1987	Casino/Casino / Cards	IGT	1
pex2211p	Player's Edge	1987	Casino/Casino / Cards	IGT	1
pex2236p	Player's Edge	1987	Casino/Casino / Cards	IGT	1
pex2240p	Player's Edge	1987	Casino/Casino / Cards	IGT	1
pex2241p	Player's Edge	1987	Casino/Casino / Cards	IGT	1
pex2244p	Player's Edge	1987	Casino/Casino / Cards	IGT	1
pex2245p	Player's Edge	1987	Casino/Casino / Cards	IGT	1
pex2247p	Player's Edge	1987	Casino/Casino / Cards	IGT	1
pex2250p	Player's Edge	1987	Casino/Casino / Cards	IGT	1
pex2251p	Player's Edge	1987	Casino/Casino / Cards	IGT	1
pex2252p	Player's Edge	1987	Casino/Casino / Cards	IGT	1
pex2270p	Player's Edge	1987	Casino/Casino / Cards	IGT	1
pex2272p	Player's Edge	1987	Casino/Casino / Cards	IGT	1
pex2275p	Player's Edge	1987	Casino/Casino / Cards	IGT	1
pex2276p	Player's Edge	1987	Casino/Casino / Cards	IGT	1
pex2279p	Player's Edge	1987	Casino/Casino / Cards	IGT	1
pex2283p	Player's Edge	1987	Casino/Casino / Cards	IGT	1
pex2284p	Player's Edge	1987	Casino/Casino / Cards	IGT	1
pex2287p	Player's Edge	1987	Casino/Casino / Cards	IGT	1
pex2297p	Player's Edge	1987	Casino/Casino / Cards	IGT	1
pex2302p	Player's Edge	1987	Casino/Casino / Cards	IGT	1
pex2303p	Player's Edge	1987	Casino/Casino / Cards	IGT	1
pex2306p	Player's Edge	1987	Casino/Casino / Cards	IGT	1
pex2307p	Player's Edge	1987	Casino/Casino / Cards	IGT	1
pex2308p	Player's Edge	1987	Casino/Casino / Cards	IGT	1
pex2309p	Player's Edge	1987	Casino/Casino / Cards	IGT	1
pex2310p	Player's Edge	1987	Casino/Casino / Cards	IGT	1
pex2312p	Player's Edge	1987	Casino/Casino / Cards	IGT	1
pex2314p	Player's Edge	1987	Casino/Casino / Cards	IGT	1
pex2315p	Player's Edge	1987	Casino/Casino / Cards	IGT	1
pex2374p	Player's Edge	1987	Casino/Casino / Cards	IGT	1
pex2376p	Player's Edge	1987	Casino/Casino / Cards	IGT	1
pex2377p	Player's Edge	1987	Casino/Casino / Cards	IGT	1
pex2386p	Player's Edge	1987	Casino/Casino / Cards	IGT	1
pex2412p	Player's Edge	1987	Casino/Casino / Cards	IGT	1
pex2419p	Player's Edge	1987	Casino/Casino / Cards	IGT	1
pex2420p	Player's Edge	1987	Casino/Casino / Cards	IGT	1
pex2421p	Player's Edge	1987	Casino/Casino / Cards	IGT	1
pex2440p	Player's Edge	1987	Casino/Casino / Cards	IGT	1
pex2461p	Player's Edge	1987	Casino/Casino / Cards	IGT	1
pex2474p	Player's Edge	1987	Casino/Casino / Cards	IGT	1
pex2478p	Player's Edge	1987	Casino/Casino / Cards	IGT	1
pex2479p	Player's Edge	1987	Casino/Casino / Cards	IGT	1
pex2480p	Player's Edge	1987	Casino/Casino / Cards	IGT	1
pex2485p	Player's Edge	1987	Casino/Casino / Cards	IGT	1
pexm001p	Player's Edge	1987	Casino/Casino / Cards	IGT	1
pexm004p	Player's Edge	1987	Casino/Casino / Cards	IGT	1
pexm005p	Player's Edge	1987	Casino/Casino / Cards	IGT	1
pexm007p	Player's Edge	1987	Casino/Casino / Cards	IGT	1
pexm008p	Player's Edge	1987	Casino/Casino / Cards	IGT	1
pexm009p	Player's Edge	1987	Casino/Casino / Cards	IGT	1
pexm013p	Player's Edge	1987	Casino/Casino / Cards	IGT	1
pexmp011	Player's Edge	1987	Casino/Casino / Cards	IGT	1
pexmp013	Player's Edge	1987	Casino/Casino / Cards	IGT	1
pexmp017	Player's Edge	1987	Casino/Casino / Cards	IGT	1
pexmp022	Player's Edge	1987	Casino/Casino / Cards	IGT	1
pexmp026	Player's Edge	1987	Casino/Casino / Cards	IGT	1
pexmp030	Player's Edge	1987	Casino/Casino / Cards	IGT	1
pf2012	Psychic Force 2012	1997	Fighting/Fighting / Versus	Taito	1
pgalvip	Pocket Gals V.i.p	1996	Adults/Sports / Pool/Sports	Ace Enterprise	1-2
pgm3in1	Shan Liang San He Yi (Flash 3-in-1)	2004	Puzzle	IGS	1-2
pgoal	Pleasure Goal : 5 on 5 Mini Soccer	1996	Sports/Sports / Football (Soccer)	Saurus	1-2
phantom2	Phantom II	1979	Shoot'em Up / Vertical/Shoot'em Up	Midway	1
pharrier	Planet Harriers	2000	Shooter/Shooter / TPV	Amusement Vision	1
phelios	Phelios	1989	Shoot'em Up / Vertical/Shoot'em Up	Namco	1-2
phklad	Klad / Labyrinth	2019			
phoenix	Phoenix	1980	Shoot'em Up	Amstar	1-2
photoy2k	Photo Y2k	1999	Puzzle/Various	IGS	1-2
phozon	Phozon	1983	Puzzle/Various	Namco	1-2
phpython	Python	1989	Action / Labyrinth/Action		1
phtetris	Tetris		Puzzle / Fall/Puzzle	Penza	1
pickin	Pickin'	1983	Puzzle/Action / Labyrinth/Action	Valadon Automation	1-2
pickwin	Pick 'n Win	2001	Casino/Casino / Slot machine	Amcoe	1
pignewt	Pig Newton	1983	Platform/Platform / Run & Jump	SEGA	1-2
pigout	Pig Out: Dine Like a Swine!	1990	Platform/Platform / Run & Jump	Leland	1-3
pigskin	Pigskin 621ad	1990	Sports / Football (American)/Sports	Midway	1-2
pikkaric	ZZZ(notgame):Pikkari Chance				
pinbo	Pinbo	1984	Pinball	Jaleco	1-2
pingpong	Konami's Ping-pong	1985	Sports/Sports / Table tennis		1-2
pinkiri8	Pinkiri 8	1994	Asiatic board game/Hanafuda	Alta	1-2
pinkswts	Pink Sweets: Ibara Sorekara	2006	Shoot'em Up / Vertical/Shoot'em Up	Cave	1-2
pipedrm	Pipe Dream	1990	Puzzle/Puzzle / Glide	Video System	1-2
pipeline	Pipeline	1990	Puzzle/Puzzle / Glide	Daehyun Electronics	1
pipibibs	Pipi & Bibi's	1991	Adults/Platform / Run & Jump/Platform	Toaplan	1-2
pir2001	Pirate 2001	2001	Casino/Casino / Slot machine	Amcoe	1
pir2002	Pirate 2002	2001	Casino/Casino / Slot machine	Amcoe	1
pirate2	Pirate 2	2006	Casino/Casino / Slot machine	Igrosoft	1
pirates	Pirates	1994	Shooter/Shooter / TPV	NIX	1-2
piratesh	Pirate Ship	1995			
piratetr	Pirate Treasure	1982	Action / Labyrinth/Action	Tong Electronic	1-2
pirpok2	Pirate Poker II	2003	Casino/Casino / Cards	Amcoe	1
pisces	Pisces	1982	Shooter/Shooter / Space Invaders Like		1-2
pistoldm	Pistol Daimyo no Bōken	1990	Shoot'em Up / Horizontal/Shoot'em Up	Namco	1-2
pitapat	Pitapat Puzzle	1997	Puzzle / Fall/Puzzle	F2 System	1-2
pitboss	The Pit Boss	1983	Casino/Compilation	Merit Software	1-2
pitfall2	Pitfall II	1985	Platform/Platform / Run & Jump Scrolling	SEGA	1-2
pitfight	Pit Fighter	1990	Fighting/Fighting / Versus	Atari	1-3
pitnrun	Pit & Run - F-1 Race	1984	Racing, Driving/Racing, Driving / Racing	Taito	1-2
pjustic	Project Justice	2000	Fighting / 3D/Fighting	Capcom	1-2
pkgnsh	Pachinko Gindama Shoubu	1998	Casino/Pachinko		1
pkgnshdx	Pachinko Gindama Shoubu Dx	1998	Casino/Pachinko		1
pkladies	Poker Ladies	1989	Casino/Casino / Cards		1
pkrmast	ZZZ(notgame):Joker Master		Casino/Casino / Cards		1
pkscram	Pk Scramble	1993	Sports/Sports / Football (Soccer)	Cosmo Electronics	1
pktet346	Pk Tetris	1993	Casino	IGS	1
pktgaldx	Pocket Gal Deluxe	1992	Adults/Sports / Pool/Sports	Data East	1-2
pkunwar	Penguin-kun Wars	1985	Sports / Dodgeball/Sports/Various	UPL	1-2
play2000	Play 2000	1999	Casino		
playball	Playball!	1983	Action		1-2
plegends	Power Instinct Legends	1995	Fighting/Beat'em Up/Fighting / Versus	Atlus	1-2
pleiads	Pleiads	1981	Shooter/Shooter / Space Invaders Like	Tehkan	1-2
plgirls	Play Girls	1992	Adults/Action/Action / Breakout games		1-2
plgirls2	Play Girls 2	1993	Adults/Shooter/Shooter / Space Invaders Like		1
plotting	Plotting	1989	Puzzle/Puzzle / Throw	Taito	1-2
plsmaswd	Star Gladiator 2: Nightmare of Bilstein	1998	Fighting/Fighting / Versus	Capcom	1-2
pltkids	Pilot Kids	1998	Shoot'em Up / Horizontal/Shoot'em Up	Psikyo	1
plumppop	Plump Pop	1987	Action / Breakout games/Action	Taito	1-2
plusalph	Plus Alpha	1989	Shoot'em Up / Vertical/Shoot'em Up	Jaleco	1-2
plutus	ZZZ(notgame):Plutus				
plygonet	Polygonet Commanders	1993	Shooter/Shooter / Vehicle, FPV	Konami	1
pma	Pma Poker	1983	Casino/Casino / Cards	PMA	1
pmpoker	Playman Poker	1981	Casino/Casino / Cards	PlayMan	1
pnchmn2	Punch Mania 2: Hokuto No Ken	2000	Sports/Sports / Boxing		1
pnickj	Pnickies	1994	Puzzle/Puzzle / Fall	Capcom	1-2
pntnpuzl	Paint & Puzzle		Puzzle/Puzzle / Glide		1
pnyaa	Pochi and Nyaa	2003	Puzzle/Puzzle / Fall	Aiky	1-2
pocketrc	Pocket Racer	1996	Racing, Driving/Racing TPV	Namco	1
poitto	Poitto!	1993	Puzzle/Puzzle / Fall	Metro Corporation	1-2
poizone	Poizone	1991	Action / Labyrinth/Action	Eterna	1-2
pokechmp	Poke Champ	1995	Sports/Sports / Swimming	D.G.R.M.	1-2
poker91	Poker 91	1991	Casino/Casino / Cards		1
pokeresp	Poker	1984	Casino / Cards/Casino	Greyhound Electronics	1
pokermon	Mundial/mondial	1987	Casino/Casino / Cards		1
pokerout	Potten's Poker stealth with Breakout front game		Action / Breakout games/Action		1
pokersis	Good Luck! poker		Casino/Casino / Cards	Sisteme France	1
pokoachu	Pokoapoka Onsen De Chu - Bijin 3 Shimai Ni Kiotsukete!	1999			
pokonl97	Poker Only '97	1997	Casino/Casino / Cards		1
pokonyan	Pokonyan! Balloon	1994	Shoot'em Up	Capcom	1
pokrdice	Poker Dice	1991	Casino	Strata	1
pokrwild	ZZZ(notgame):Poker's Wild				
polaris	Polaris	1980	Shooter/Shooter / Space Invaders Like	Taito	1-2
polepos	Pole Position	1982	Racing, Driving/Racing TPV	Namco	1
polepos2	Pole Position II	1983	Racing, Driving/Racing TPV	Namco	1
policetr	Police Trainer	1996	Shooter/Lightgun Shooter	P&P Marketing	1-2
pollux	Pollux	1991	Shoot'em Up / Vertical/Shoot'em Up	Dooyong	1-2
polynetw	Poly-net Warriors	1993	Fighting / Versus/Fighting	Konami	1
polyplay	Poly-play	1985	Compilation	VEB Polytechnik Karl	1
polyplay2	Poly-play	1985	Compilation	VEB Polytechnik Karl	1
polystar	Tobe! Polystars	1997	Shooter/Shooter / Plane, TPV		1-2
ponchin	Mahjong Pon Chin Kan	1991	Asiatic board game/Mahjong		1
pong	Pong	1972	Action/Action / Breakout games	Atari	1-2
ponpoko	Ponpoko	1982	Platform/Platform / Run & Jump	Sigma Enterprises	1-2
pontoon	Pontoon	1985	Casino/Casino / Cards	Tehkan	1
ponttehk	Pontoon	1985	Casino/Casino / Cards	Tehkan	1
pool10	Pool 10	1996	Casino/Casino / Cards	C.M.C.	1
poolshrk	Poolshark	1977	Sports / Pool/Sports		1-2
poosho	Poosho Poosho	1999	Action / Breakout games/Action	F2 System	1-2
pooyan	Pooyan	1982	Shooter/Shooter / TPV	Konami	1-2
popbingo	Pop Bingo	1996	Puzzle/Puzzle / Fall		1-2
popbounc	Pop 'n Bounce	1997	Action/Action / Breakout games	SNK	1-2
popflame	Pop Flamer	1982	Action / Labyrinth/Shooter Small/Action	Jaleco	1-2
popn1	Pop'n Music 1	1998	Rhythm/Various/Music and Dancing	Konami	1
popn2	Pop'n Music 2	1998	Rhythm/Various/Music and Dancing		1
popn3	Pop'n Music 3	1998	Rhythm/Various/Music and Dancing	Konami	1
popnpop	Pop'n Pop	1997	Puzzle/Puzzle / Throw	Taito	1-2
popnrun	Pop'n Run - The Videogame	1987	Platform/Platform / Run & Jump Scrolling	Seibu Kaihatsu	1-2
popnstex	Pop'n Stage Ex				
popobear	Popo Bear	2000	Puzzle/Various	BMC	1-2
popper	Popper	1983	Platform/Platform / Run & Jump	bootleg	1-2
popspops	Pop's Pop's	1999	Quiz/Quiz / English		1-2
porky	Porky	1985	Shooter/Shooter / Vehicle, Horizontal	Shinkai	1-2
portrait	Portraits	1983	Action / Labyrinth/Action	Olympia	1-2
potgame	Pot Game	1996	Casino/Casino / Cards	C.M.C.	1
potopoto	Poto Poto	1994	Puzzle/Puzzle / Fall	SEGA	1-2
pottnpkr	Jack Potten's Poker		Casino/Casino / Cards		1
poundfor	Pound For Pound	1990	Sports / Boxing/Sports	Irem	1-2
pow	P.O.W.: Prisoners of War	1988	Fighting/Fighting / 2.5D/Beat'em Up	SNK	1-2
powerbal	Power Balls	1994	Action	Playmark	1-2
powerdrv	Power Drive	1986	Racing, Driving/Racing, Driving / Racing	Bally Midway	1-3
powerins	Power Instinct	1993	Fighting/Fighting / Versus	Atlus	1-2
powrplay	Power Play	1985	Sports / Football (Soccer)/Sports	Cinematronics	1-2
powyak96	Jikkyou Powerful Pro Yakyuu '96	1996	Sports / Baseball/Sports/Sports/Sports / Baseball	Konami	1-2
powyakex	Jikkyou Powerful Pro Yakyuu Ex	1998	Sports/Sports / Baseball	Konami	1-2
ppcar	Pang Pang Car	1999	Action / Labyrinth/Racing, Driving/Action	Icarus	1
ppd	Paraparadancing	2000	Rhythm/Music and Dancing	Konami	1
ppj	Pyon Pyon Jump	1991			
ppking	Ping-pong King	1985	Sports/Sports / Table tennis		
ppmast93	Ping Pong Masters '93	1993	Sports/Sports / Table tennis		1-2
ppp	Paraparaparadise	2000	Rhythm/Music and Dancing	Konami	1
ppp11	Paraparaparadise V1.1	2000	Rhythm/Music and Dancing		1
ppp2nd	Paraparaparadise 2nd Mix	2001	Action	Konami	1
pprobe	Planet Probe	1985	Shooter/Shooter / Space Invaders Like		1-2
ppsatan	Poka Poka Satan	1996	Various	Kato Seisakujo	1-2
prehisle	Prehistoric Isle in 1930	1989	Shoot'em Up / Horizontal/Shoot'em Up	SNK	1-2
preisle2	Prehistoric Isle 2	1999	Shoot'em Up/Shoot'em Up / Horizontal	Yumekobo	1-2
prikura	Princess Clara Daisakusen	1996	Shoot'em Up/Action / Adventure/Action	Atlus	1-4
primglex	Prime Goal Ex	1996	Sports/Sports / Football (Soccer)	Namco	1-2
primrag2	Primal Rage II	1996	Fighting/Fighting / Versus	Atari	1-2
primrage	Primal Rage	1994	Fighting/Fighting / Versus	Atari	1-2
prmrsocr	Premier Soccer	1993	Sports/Sports / Football (Soccer)	Konami	1-2
profpac	Professor Pac-man	1983	Quiz/Quiz / English	Bally Midway	1-2
progear	Progear	2001	Shoot'em Up / Horizontal/Shoot'em Up	Cave	1-2
progolf	18 Holes Pro Golf	1981	Sports/Sports / Golf	Data East	1-2
progress	Progress	1984	Shooter/Shooter / Vehicle, Vertical	Chuo	1-2
promutrv	Progressive Music Trivia	1985	Quiz/Quiz / English	Enerdyne Technologies	1-4
propcycl	Prop Cycle	1996	Sports/Racing, Driving / Hang Gliding/Racing, Driving	Namco	1
prosoccr	Pro Soccer	1983	Sports/Sports / Football (Soccer)	Data East	1-2
prosport	Pro Sports - Bowling, Tennis, And Golf	1983	Sports / Golf/Sports/Compilation	Nichibutsu	1-2
protenn	Pro Tennis	1982	Sports/Sports / Tennis	Data East	1-2
prtytime	Party Time: Gonta the Diver II	1995	Adults/Various	Mitchell	1
przfight	ZZZ(notgame):Prize Fight				
psailor1	Bishoujo Janshi Pretty Sailor 18-kin	1994	Asiatic board game/Mahjong		1
psailor2	Bishoujo Janshi Pretty Sailor 2	1994	Asiatic board game/Mahjong		1
pspikes	Power Spikes	1991	Sports/Sports / Volleyball	Video System	1-2
pspikes2	Power Spikes II	1994	Sports/Sports / Volleyball	Video System	1-2
pstadium	Mahjong Panic Stadium	1990	Asiatic board game/Mahjong		1
pstone	Power Stone	1999	Fighting/Fighting / 3D	Capcom	1-2
pstone2	Power Stone 2	2000	Fighting/Fighting / 3D	Capcom	1-4
psurge	Power Surge	1988	Action / Labyrinth/Action		1-2
psychic5	Psychic 5	1987	Platform/Platform / Fighter Scrolling	NMK	1-2
psychos	Psycho Soldier	1987	Platform/Platform / Fighter Scrolling	SNK	1-2
psyforce	Psychic Force	1995	Fighting/Fighting / Versus	Taito	1-2
psyvar2	Psyvariar II : The Will To Fabricate	2003	Shoot'em Up / Vertical/Shoot'em Up	Success	1
ptblank	Point Blank	1994	Shooter/Lightgun Shooter	Namco	1-2
ptblank2	Point Blank 2	1999	Shooter/Lightgun Shooter	Namco	1-2
ptblank3	Point Blank 3	2000	Shooter/Lightgun Shooter	Namco	1-2
ptrain	Panda Train	1999	Casino / Slot machine/Casino	Subsino	1
ptrmj	Pt Reach Mahjong	1979	Asiatic board game/Mahjong		1
pturn	Parallel Turn	1984	Sports/Sports / Skiing	Jaleco	1-2
pubball	Power Up Baseball	1996	Sports / Baseball/Sports	Incredible Technologies	1-2
puchicar	Puchi Carat	1997	Action/Action / Breakout games	Taito	1-2
puckman	Puck Man	1980	Action / Labyrinth/Action	Namco	1-2
puckpkmn	Puckman Pockimon	2000	Action / Labyrinth/Action	Genie	1-2
pulirula	Pu·Li·Ru·La	1991	Beat'em Up	Taito	1-2
pulsar	Pulsar	1981	Action / Labyrinth/Action	SEGA	1-2
pulstar	Pulstar	1995	Shoot'em Up / Horizontal/Shoot'em Up	Aicom Corporation	1-2
punchout	Punch-Out!!	1984	Sports/Sports / Boxing	Nintendo	1
punisher	The Punisher	1993	Beat'em Up	Capcom	1-2
punkshot	Punk Shot	1990	Sports/Sports / Basketball	Konami	1-4
pururun	Pururun	1995	Puzzle/Various	Metro Corporation	1-2
pushman	Pushman	1990	Puzzle/Various	Comad	1-2
pushover	Push Over	1981	Casino/Casino / Slot machine		1
puyo	Puyo Puyo	1992	Puzzle/Puzzle / Fall	SEGA	1-2
puyoda	Puyo Puyo Da! Featuring Ellena System	1999	Rhythm/Music and Dancing	Compile	1-2
puyofev	Puyo Pop Fever	2003	Puzzle / Fall/Puzzle	Sonic Team	1-2
puyopuy2	Puyo Puyo 2	1994	Puzzle/Puzzle / Fall	Compile	1-2
puyosun	Puyo Puyo Sun	1996	Puzzle/Puzzle / Fall	Compile	1-4
puzlclub	Puzzle Club	1990	Compilation	Namco	1-2
puzlstar	Puzzle Star	1999	Puzzle / Equalize/Puzzle/Puzzle / Glide	IGS	1-2
puzzldpr	Puzzle De Pon! R!	1996	Puzzle / Throw/Puzzle	Visco	1-2
puzzledp	Puzzle De Pon!	1995	Puzzle/Puzzle / Throw	Visco	1-2
puzzlekg	Puzzle King (Dance & Puzzle)	1998	Puzzle	Eolith	1-2
puzzleme	ZZZ(notgame):Puzzle Me!				
puzzlet	Puzzlet	2000	Adults/Puzzle/Puzzle / Glide	Unies	1-2
puzzli	Puzzli	1995	Puzzle/Puzzle / Fall	Metro Corporation	1-2
puzzli2	Puzzli 2	1999	Puzzle/Puzzle / Fall	IGS	1-2
puzzloop	Puzz Loop	1998	Puzzle/Puzzle / Throw	Mitchell	1-2
puzzlove	Puzzlove	1994	Compilation	Para	1-2
puzznic	Puzznic	1989	Puzzle	Taito	1-2
pwrflip	Power Flipper Pinball Shooting V1.33	1994	Pinball	Excellent System	1-2
pwrgoal	Taito Power Goal	1994	Sports/Sports / Football (Soccer)	Taito	1-4
pwrinst2	Power Instinct 2	1994	Fighting/Fighting / Versus	Atlus	1-2
pwrkick	Power Kick	1994	Sports/Sports / Football (Soccer)	Sunwise	1
py2k2	Photo Y2k 2	2001	Puzzle/Various	IGS	
pyenaget	Pye-nage Taikai	2000	Shooter/Various		1
pzlbowl	Puzzle De Bowling	1999	Puzzle/Puzzle / Throw	MOSS	1-2
pzlbreak	Puzzle Break	1997	Action / Breakout games/Puzzle/Various/Action	SemiCom	1-2
pzlestar	Puzzle Star (Sang Ho Soft)	1991	Puzzle / Glide/Puzzle	Sang Ho Soft	1-2
pzletime	Puzzle Time		Puzzle/Puzzle / Glide		1-2
pzloop2	Puzz Loop 2	2001	Puzzle/Puzzle / Throw	Mitchell	1-2
qad	Quiz & Dragons: Capcom Quiz Game	1992	Quiz/Quiz / English	Capcom	1-2
qb3	Qb-3	1982	Shooter	Rock-Ola	1-2
qbert	Q*bert	1982	Platform/Platform / Run & Jump/Puzzle	D. Gottlieb & Co.	1-2
qbertqub	Q-bert's Qubes	1983	Platform/Platform / Run & Jump	Mylstar Electronics	1-2
qc	Quarter Horse Classic	1995	Casino	ArJay Exports	1
qcrayon	Quiz Crayon Shinchan	1993	Quiz/Quiz / Japanese	Taito	1-2
qcrayon2	Crayon Shinchan Orato Asobo	1993	Compilation	Taito	1-2
qdrmfgp	Quiz Do Re Mi Fa Grand Prix	1994	Quiz/Quiz / Music Japanese	Konami	1-2
qdrmfgp2	Quiz Do Re Mi Fa Grand Prix 2 - Shin-Kyoku Nyuukad	1995	Quiz/Quiz / Music Japanese		1-2
qgakumon	Quiz Gakumon No Susume	1993	Quiz/Quiz / Japanese	Konami	1-2
qgh	Quiz Ghost Hunter	1994	Quiz/Quiz / Japanese	SEGA	1-2
qix	Qix	1981	Puzzle	Taito	1-2
qjinsei	Quiz Jinsei Gekijoh	1992	Quiz/Quiz / Japanese	Taito	1-2
qmegamis	Quiz Aa! Megami-sama: Tatakau Tsubasa to Tomoni	2000	Quiz/Quiz / Japanese	Wow Entertainment	1-2
qmhayaku	Quiz-mahjong Hayaku Yatteyo!	1991	Asiatic board game/Mahjong		1
qndream	Quiz Nanairo Dreams: Nijiirochou no Kiseki	1996	Quiz/Quiz / Japanese	Capcom	1-2
qrouka	Quiz Rouka Ni Tattenasai	1991	Quiz/Quiz / Japanese	SEGA	1-2
qsangoku	Quiz Sangokushi	1991	Quiz/Quiz / Japanese	Capcom	1-2
qsww	Quiz Syukudai Wo Wasuremashita	1991	Quiz/Quiz / Japanese	SEGA	1-2
qtheater	Quiz Theater - 3tsu No Monogatari	1994	Quiz/Quiz / Japanese		1-2
qtono1	Quiz Tonosama no Yabou	1991	Quiz/Quiz / Japanese	Capcom	1-2
qtono2j	Quiz Tonosama no Yabou 2: Zenkoku-ban	1995	Quiz/Quiz / Japanese	Capcom	1-2
qtorimon	Quiz Torimonochou	1990	Quiz/Quiz / Japanese	Taito	1-2
quantum	Quantum	1982	Puzzle	General Computer Corporation	1
quarterb	Quarterback	1987	Sports/Sports / Football (American)	Leland	1-2
quartet	Quartet	1986	Action / Labyrinth/Action	SEGA	1-4
quasar	Quasar	1980	Shooter/Various	Zelco	1-2
queenbee	Queen Bee	2001	Casino / Slot machine/Casino	Subsino	1
quester	Quester	1987	Action/Action / Breakout games	Namco	1-2
quickjac	Quick Jack	1993	Casino	ADP	1
quickp5	Quick Pick 5	1991	Casino / Slot machine/Casino	Konami	1
quiz	Quiz	1986	Quiz/Quiz / Italian	bootleg	1-2
quiz18k	Miyasu Nonki no Quiz 18-Kin	1992	Quiz/Quiz / Japanese		1-2
quiz211	Quiz	1986	Quiz/Quiz / Italian	bootleg	1-2
quiz365	Quiz 365	1994	Quiz/Quiz / Japanese	Nakanihon	1-2
quizard	Quizard	1995	Quiz / German/Quiz	TAB Austria	1
quizard2	Quizard 2	1995	Quiz / German/Quiz	TAB Austria	1
quizard3	Quizard 3	1995	Quiz / German/Quiz	TAB Austria	1
quizchq	Quiz Channel Question	1993	Quiz/Quiz / Japanese	Nakanihon	1-2
quizdai2	Quiz Meitantei Neo&Geo - Quiz Daisousa Sen part 2	1992	Quiz/Quiz / Japanese	SNK	1
quizdais	Quiz Daisousa Sen - The Last Count Down	1991	Quiz/Quiz / Japanese	SNK	1-2
quizdna	Quiz DNA no Hanran	1992	Quiz/Quiz / Japanese	FACE	1-2
quizf1	Quiz F1 1-2 Finish	1992	Quiz/Quiz / Japanese	Irem	1-2
quizhq	Quiz H.q.	1990	Quiz/Quiz / Japanese		1-2
quizhuhu	Moriguchi Hiroko No Quiz De Hyuu!hyuu!	1995	Quiz/Quiz / Japanese		1-2
quizkof	Quiz King of Fighters	1995	Quiz/Quiz / Japanese	Saurus	1-2
quizmeku	Quiz Mekurumeku Story	1992	Quiz/Quiz / Japanese	SEGA	1-4
quizmoon	Quiz Bisyoujo Senshi Sailor Moon - Chiryoku Tairyo	1997	Quiz/Quiz / Japanese	Gazelle	1-2
quizmstr	Quizmaster	1985	Quiz/Quiz / German	Loewen Spielautomaten	1-2
quizo	Quiz Olympic	1985	Quiz/Quiz / Korean	Seoul Coin	1
quizpani	Quiz Panicuru Fantasy	1993	Quiz/Quiz / Japanese		1-2
quizqgd	Quiz Keitai Q mode	2002	Quiz/Quiz / Japanese	Amedio	1-2
quizshow	Quiz Show	1976	Quiz/Quiz / English		
quiztou	Nettou! Gekitou! Quiztou!!	1993	Quiz/Quiz / Japanese	Namco	1-2
quiztvqq	Quiz TV Gassyuukoku Q&Q	1992	Quiz/Quiz / Japanese		1-2
quizvid	Video Quiz	1986	Quiz/Quiz / Italian	bootleg	1-2
qwak	Qwak	1982	Puzzle/Puzzle / Glide	Atari	1-2
qzchikyu	Quiz Chikyu Bouei Gun	1991	Quiz/Quiz / Japanese	Taito	1-2
qzkklgy2	Quiz Kokology 2	1993	Quiz/Quiz / Japanese	Tecmo	1-2
qzkklogy	Quiz Kokology	1992	Quiz/Quiz / Japanese	Tecmo	1-2
qzquest	Quiz Quest - Hime To Yuusha No Monogatari	1991	Quiz/Quiz / Japanese	Taito	1-2
qzshowby	Quiz Sekai Wa Show By Shobai	1993	Quiz/Quiz / Japanese	Taito	1-4
r2dtank	R2D Tank	1980	Shooter	Sigma Enterprises	1-2
r2dx_v33	Raiden II New / Raiden DX	1996	Shoot'em Up / Vertical/Shoot'em Up	Seibu Kaihatsu	1-2
rabbit	Rabbit	1997	Fighting/Fighting / Versus	Aorn	1-2
rabiolep	Rabio Lepus	1987	Shoot'em Up / Horizontal/Shoot'em Up	V-System Co.	1-2
raccoon	Raccoon World	1998	Platform/Platform / Run & Jump/Action	Eolith	1-2
racedriv	Race Drivin'	1990	Racing, Driving	Atari	1-2
raceon	Race On!	1998	Racing, Driving/Racing TPV		
rachero	Racing Hero	1989	Racing, Driving/Motorcycle race TPV	SEGA	1
racinfrc	Racin' Force	1994	Racing, Driving/Racing TPV		1
racingb	Racing Beat	1991	Racing, Driving/Racing TPV	Taito	1
racingj	Racing Jam	1998	Racing, Driving/Racing TPV	Konami	1
racingj2	Racing Jam	1998	Racing, Driving/Racing TPV	Konami	1
rackemup	Rack 'Em Up	1987	Sports / Pool/Sports	Konami	1-2
racknrol	Rack + Roll	1986	Sports / Pool/Sports		1-2
radarscp	Radar Scope	1980	Shooter/Shooter / Space Invaders Like	Nintendo	1-2
radarzon	Radar Zone	1982	Action / Labyrinth/Action	Century Electronics	1-2
radikalb	Radikal Bikers	1998	Motorcycle race TPV/Racing, Driving	Gaelco	1
radirgy	Radirgy	2005	Shoot'em Up / Vertical/Shoot'em Up	Milestone	1
radirgyn	Radirgy Noa	2009	Shoot'em Up/Shoot'em Up / Vertical	Milestone	1-2
radm	Rad Mobile	1990	Racing, Driving/Racing FPV	SEGA	1
radr	Rad Rally	1991	Racing, Driving/Racing FPV	SEGA	1
radrad	Radical Radial	1982	Shooter/Shooter / Vehicle, Vertical	Nichibutsu	1-2
raflesia	Rafflesia	1986	Shoot'em Up / Vertical/Shoot'em Up	Coreland	1-2
ragnagrd	Ragnagard	1996	Fighting/Fighting / Versus	Saurus	1-2
raiden	Raiden	1990	Shoot'em Up / Vertical/Shoot'em Up	Seibu Kaihatsu	1-2
raiden2	Raiden II	1993	Shoot'em Up / Vertical/Action/Shoot'em Up	Seibu Kaihatsu	1-2
raidendx	Raiden DX	1994	Shoot'em Up / Vertical/Shoot'em Up	Seibu Kaihatsu	1-2
raiders	Raiders	1983	Shooter/Shooter / Space Invaders Like	Century Electronics	1-2
raiders5	Raiders5	1985	Action / Labyrinth/Action	UPL	1-2
raimais	Raimais	1988	Action / Labyrinth/Action	Taito	1-2
raizpin	Raizin Ping Pong	2002	Sports/Sports / Table tennis		1
rallybik	Rally Bike	1988	Racing, Driving/Racing, Driving / Motorcycle	Toaplan	1-2
rallyx	Rally X	1980	Action / Labyrinth/Racing, Driving/Action	Namco	1-2
rambo3	Rambo III	1989	Shooter/Shooter / TPV	Ocean	1-2
rampage	Rampage	1986	Fighting	Bally Midway	1-3
rampart	Rampart	1990	Shooter/Shooter / Missile Command Like	Atari	1-3
rangrmsn	Ranger Mission	2004	Lightgun Shooter	RIZ	1-2
rapidfir	Rapid Fire V1.1	1998	Shooter/Lightgun Shooter		1-2
rascot	Royal Ascot	1991	Casino/Casino / Race		1
rascot2	Royal Ascot 2	1997			
rastan	Rastan	1987	Platform/Platform / Fighter Scrolling	Taito	1-2
raverace	Rave Racer	1995	Racing, Driving/Racing FPV	Namco	1
raycris	Ray Crisis : Series Termination	1998	Shoot'em Up / Vertical/Shoot'em Up	Taito	1-2
raystorm	Ray Storm	1996	Shoot'em Up / Vertical/Shoot'em Up	Taito	1-2
razmataz	Razzmatazz	1983	Shooter/Shooter / Space Invaders Like	SEGA	1-2
rbff1	Real Bout Fatal Fury	1996	Fighting/Fighting / Versus	SNK	1-2
rbff2	Real Bout Fatal Fury 2 : The Newcomers	1998	Fighting/Fighting / Versus	SNK	1-2
rbffspec	Real Bout Fatal Fury Special	1997	Fighting/Fighting / Versus	SNK	1-2
rbibb	Vs. Atari R.b.i. Baseball	1986	Sports / Baseball/Sports	Namco	1-2
rbisland	Rainbow Islands	1987	Platform/Platform / Run & Jump	Taito	1-2
rbislande	Rainbow Islands - Extra Version	1988	Platform / Run & Jump/Platform	Taito	1-2
rblaster	Road Blaster	1985	Racing, Driving	Data East	1
rbmk	Real Battle Mahjong King	1998	Asiatic board game/Mahjong		1
rcdino4	Royal Card	1991	Casino/Casino / Cards	Nichibutsu	1
rchase	Rail Chase	1991	Shooter/Lightgun Shooter	SEGA	1-2
rchase2	Rail Chase 2	1995	Shooter/Lightgun Shooter	SEGA	1-2
rdft	Raiden Fighters	1996	Shoot'em Up / Vertical/Shoot'em Up	Seibu Kaihatsu	1-2
rdft2	Raiden Fighters 2 : Operation Hell Dive	1997	Shoot'em Up / Vertical/Shoot'em Up	Seibu Kaihatsu	1-2
reactor	Reactor	1982	Action / Labyrinth/Action	Gottlieb	1
reaktor	Reaktor	1987	Action/Action / Breakout games	Zilec Games	1-2
realbrk	Billiard Academy Real Break	1998	Sports / Pool/Sports		1-2
realbrod	The Real Broadway	1995	Casino/Casino / Cards	Merit Software	1-2
recalh	Recalhorn	1994	Platform/Platform / Run & Jump Scrolling	Taito	1-2
record	Record	2000	Casino/Casino / Cards	High Video	1
recordbr	Recordbreaker	1988	Sports/Sports / Running trails	Taito	1-2
redalert	Red Alert	1981	Shooter	Irem	1-2
redbaron	Red Baron	1981	Shooter / TPV/Shooter	Atari	1
redclash	Red Clash	1982	Shoot'em Up / Vertical/Shoot'em Up	Tehkan	1-2
redearth	Red Earth	1996	Fighting/Fighting / Vs Co-op	Capcom	1-2
redlin2p	Redline Racer	1987	Racing, Driving/Racing, Driving / Racing	Cinematronics	1-2
redrobin	Red Robin	1986	Platform/Platform / Run & Jump Scrolling	Elettronolo	1-2
redufo	Defend the Terra Attack on the Red UFO	1981	Shooter/Shooter / Space Invaders Like	Artic Computing	1-2
reelfun	Reel Fun	1986	Quiz/Quiz / English	Grayhound Electronics	1-4
reelquak	Reel'n Quake!	1997	Casino/Casino / Slot machine		1
regulus	Regulus	1983	Shooter/Shooter / Vehicle, Vertical	SEGA	1-2
relief	Relief Pitcher	1992	Sports/Sports / Baseball	Atari	1-2
renaiclb	Mahjong Ren-ai Club	1993	Asiatic board game/Mahjong		1
renaimj	Renai Mahjong Idol Gakuen	1999	Mahjong/Asiatic board game		
renegade	Renegade	1986	Beat'em Up	Technos Japan	1-2
renju	Renju Kizoku	1994	Asiatic board game/Renju	Visco	1-2
repulse	Repulse	1985	Shooter/Shooter / Space Invaders Like	SEGA	1-2
rescraid	Rescue Raider	1987	Shooter/Racing, Driving	Bally Midway	1-2
rescue	Rescue	1982	Shooter/Shooter / Plane	Stern	1-2
retofinv	Return of the Invaders	1985	Shooter/Shooter / Space Invaders Like	Taito	1-2
revngr84	Revenger '84	1984	Action	Magic Electronics	1-2
revx	Revolution X	1994	Shooter/Lightgun Shooter	Midway	1-3
rezon	Rezon	1991	Shoot'em Up / Horizontal/Shoot'em Up	Allumer	1-2
rfjet	Raiden Fighters Jet	1998	Shoot'em Up / Vertical/Shoot'em Up	Seibu Kaihatsu	1-2
rhytngk	Rhythm Tengoku	2007	Rhythm/Music and Dancing	SEGA	1-2
ribbit	Ribbit!	1991	Action / Labyrinth/Action	SEGA	1-2
ridgera2	Ridge Racer 2	1994	Racing, Driving/Racing FPV	Namco	1
ridgerac	Ridge Racer	1993	Racing, Driving/Racing FPV	Namco	1
ridgeracf	Ridge Racer	1993	Racing, Driving/Racing FPV	Namco	1
ridhero	Riding Hero	1990	Racing, Driving/Motorcycle race TPV	SNK	1-2
ridingf	Riding Fight	1992	Fighting/Fighting / Vertical	Taito	1-2
ridleofp	Riddle Of Pythagoras	1986	Action/Action / Breakout games	SEGA	1
rimrockn	Rim Rockin' Basketball	1991	Sports/Sports / Basketball		1-4
ringdest	Ring of Destruction: Slam Masters II	1994	Fighting	Capcom	1-2
ringout	Ring Out 4x4	1999	Racing, Driving/Racing, Driving / Racing	SEGA	1-4
ringrage	Ring Rage	1992	Sports/Sports / Wrestling	Taito	1-4
riot	Kamniari Kishi Riot	1992	Shooter/Shooter / TPV	Tecmo	1-2
riotcity	Riot City	1991	Fighting/Fighting / 2.5D/Beat'em Up	SEGA	1-2
ripcord	Rip Cord	1979	Sports/Sports / Skydiving	Exidy	1-2
ripoff	Rip Off	1980	Shoot'em Up	Cinematronics	1-2
ripribit	Ripper Ribbit	1997	Shooter/Shooter / TPV	LAI Games	1
riskchal	Risky Challenge	1993	Puzzle/Puzzle / Fall	Irem	1-2
rjammer	Roller Jammer	1984	Fighting/Fighting / Vertical	Nichibutsu	1-2
rltennis	Reality Tennis	1993	Sports/Sports / Tennis	TCH	1-2
rmhaihai	Real Mahjong Haihai	1985	Asiatic board game/Mahjong		1
rmhaijin	Real Mahjong Haihai Jinji Idou Hen	1986	Asiatic board game/Mahjong		1
rmhaisei	Real Mahjong Haihai Seichouhen	1986	Asiatic board game/Mahjong		1
rmpgwt	Rampage: World Tour	1997	Fighting	Game Refuge	1-3
roadblst	RoadBlasters	1987	Shooter/Shooter / Vehicle, TPV	Atari	1
roadburn	Road Burners	1999	Racing, Driving/Motorcycle race TPV	Atari	1
roadedge	Roads Edge	1997	Racing TPV/Racing, Driving	SNK	1-4
roadf	Road Fighter	1984	Racing, Driving/Racing, Driving / Racing	Konami	1-2
roadriot	Road Riot 4wd	1991	Racing, Driving/Racing TPV/Various / Electro- Mechanical/Casino / Slot machine/Various/Casino	Atari	1
roadrunn	Road Runner	1985	Racing, Driving	Atari	1
robadv	Robin's Adventure	2004	Casino/Casino / Slot machine		1
robadv2	Robin's Adventure 2	2004	Casino/Casino / Slot machine		1
robby	The Adventures of Robby Roto!	1981	Action / Labyrinth/Action		1-2
roboarmy	Robo Army	1991	Beat'em Up	SNK	1-2
robocop	RoboCop	1988	Shooter / Run and Gun/Platform/Platform / Shooter Scrolling/Shooter	Data East	1
robocop2	RoboCop 2	1991	Fighting/Fighting / 2.5D/Beat'em Up	Data East	1-2
robokid	Atomic Robo-Kid	1988	Shoot'em Up / Horizontal/Shoot'em Up	UPL	1-2
robotbwl	Robot Bowl	1977	Sports/Sports / Bowling		1-2
robotron	Robotron: 2084	1982	Shooter	Vid Kidz	1-2
robowres	Robo Wres 2001	1986	Sports/Sports / Wrestling	Sanritsu Denki	1-2
rockclim	Rock Climber	1981	Action / Climbing/Action	Taito	1
rockduck	Rock Duck	1983	Action / Labyrinth/Action	Datel	1-2
rockn	Rock'n Tread	1999	Rhythm/Various/Music and Dancing		1
rockn2	Rock'n Tread 2	1999	Rhythm/Various/Music and Dancing		1
rockn3	Rock'n 3	1999	Rhythm/Various/Music and Dancing	Jaleco	1
rockn4	Rock'n 4	2000	Rhythm/Various/Music and Dancing	Jaleco	1
rocknms	Rock'n Megasession	1999	Rhythm/Various/Music and Dancing		1-2
rockrage	Rock'n Rage	1986	Action / Labyrinth/Fighting/Action	Konami	1-2
rocktris	Rock Tris	1994	Adults/Puzzle/Puzzle / Fall	Yun Sung	1-2
rocktrv2	Mtv Rock-n-roll Trivia	1986	Quiz/Quiz / Music English	Triumph Software	1-2
rocnrope	Roc'n Rope	1983	Platform/Platform / Run & Jump	Konami	1-2
rodland	Rod Land	1990	Platform/Platform / Run & Jump	Jaleco	1-2
rohga	Rohga Armor Force	1991	Platform/Platform / Shooter Scrolling	Data East	1-2
roishtar	The Return of Ishtar	1986	Action / Labyrinth/Fighting/Action	Namco	1-2
rolcrush	Rolling Crush	1999	Puzzle/Puzzle / Throw	SemiCom	1-2
roldfrog	The Return of Lady Frog	1993	Adults/Shooter		1-2
rollerg	Rollergames	1991	Sports	Konami	1-2
rollingc	Rolling Crash / Moon Base	1979	Action / Labyrinth/Action	Nichibutsu	
rompers	Rompers	1989	Action / Labyrinth/Action	Namco	1-2
ron2	Futari Mahjong Ron II	1981	Mahjong/Asiatic board game	Sanritsu Denki	1-2
rongrong	Puzzle Game Rong Rong	1994	Adults/Puzzle/Puzzle / Equalize		1-2
ronjans	Ron Jan Super	1991			
rotaryf	Rotary Fighter	1979	Shooter/Shooter / Space Invaders Like	Kasco	1-2
rotd	Rage of the Dragons	2002	Fighting/Fighting / Versus	Evoga / Playmore	1-2
rotr	Rise Of The Robots	1994	Fighting/Fighting / Versus	Bell-Fruit	1-2
roughrac	Rough Racer	1990	Racing, Driving/Racing, Driving / Racing	SEGA	1-2
rougien	Rougien	1982	Shooter/Various	Sanritsu Denki	1-2
roul	Super Lucky Roulette	1990	Casino/Casino / Roulette	bootleg	1
roundup	Round-up	1981	Action / Labyrinth/Action	Taito	1-2
roundup5	Round Up 5 - Super Delta Force	1989	Racing, Driving/Racing TPV		1
route16	Route 16	1981	Action / Labyrinth/Action	Tehkan	1-2
royalcrd	Royal Card	1991	Casino/Casino / Cards	Nichibutsu	1
royale	Royale		Casino/Casino / Cards		1
royalmj	Royal Mahjong	1981	Mahjong/Asiatic board game		
royalpk2	Royal Poker 2	1999	Casino / Cards/Casino	F2 System	1
royalqn	Royal Queen [bet]	1984	Asiatic board game/Mahjong		1-2
roylcrdn	Royal Card	1991	Casino/Casino / Cards	Nichibutsu	1
roypok96	Royal Poker '96	1996	Casino/Casino / Slot machine		1
rpatrol	River Patrol	1981	Racing, Driving/Racing, Driving / Boat	Orca	1-2
rrreveng	Road Riot's Revenge	1993	Racing, Driving/Racing TPV		1
rsgun	Radiant Silvergun	1998	Shoot'em Up / Vertical/Shoot'em Up	Treasure	1-4
rshark	R-Shark	1995	Shoot'em Up / Vertical/Shoot'em Up	Dooyong	1-2
rthun2	Rolling Thunder 2	1990	Shooter / Run and Gun/Platform/Platform / Shooter Scrolling/Shooter	Namco	1-2
rthunder	Rolling Thunder	1986	Shooter / Run and Gun/Platform/Platform / Shooter Scrolling/Shooter	Namco	1-2
rtriv	Romar Triv		Quiz/Quiz / French		1-2
rtype	R-Type	1987	Shoot'em Up / Horizontal/Shoot'em Up	Irem	1-2
rtype2	R-Type II	1989	Shoot'em Up / Horizontal/Shoot'em Up	Irem	1-2
rtypeleo	R-Type Leo	1992	Shoot'em Up / Horizontal/Shoot'em Up	Irem	1-2
rumba	Rumba Lumber	1984	Action / Labyrinth/Action	Taito	
rumblef	The Rumble Fish	2004	Fighting/Fighting / Versus	Dimps	1-2
rumblef2	The Rumble Fish 2	2005	Fighting/Fighting / Versus	Dimps	1-2
runaway	Runaway	1982	Action / Labyrinth/Action	Atari	1-2
runaways	Runaway	1982	Action / Labyrinth/Action	Atari	1-2
rungun	Run And Gun	1993	Sports/Sports / Basketball	Konami	1-4
rungun2	Run And Gun 2	1996	Sports/Sports / Basketball	Konami	1-4
runpuppy	Run Run Puppy	2000	Action	Konami	1
rushbets	Rushing Beat Shura (SNES bootleg)	1997	Fighting / 2.5D/Fighting	bootleg	1-2
rushhero	Rushing Heroes	1996	Sports/Sports / Football (American)	Konami	1-4
rvschool	Rival Schools: United By Fate	1997	Fighting/Fighting / Versus	Capcom	1-2
rygar	Rygar	1986	Platform/Platform / Fighter Scrolling	Tecmo	1
ryorioh	Gourmet Battle Quiz Ryohrioh Cooking	1998	Quiz/Quiz / Japanese	Visco	1-2
ryouran	Vs Mahjong Otome Ryouran	1998	Asiatic board game/Mahjong	Electro Design	1
ryujin	Ryu Jin	1993	Shoot'em Up / Vertical/Shoot'em Up	Taito	1-2
ryukyu	Ryukyu	1990	Puzzle/Casino / Cards/Casino	ASCII	1
s1945	Strikers 1945	1995	Shoot'em Up / Vertical/Shoot'em Up	Psikyo	1-2
s1945ii	Strikers 1945 II	1997	Shoot'em Up / Vertical/Shoot'em Up	Psikyo	1-2
s1945iii	Strikers 1945 III	1999	Shoot'em Up / Vertical/Shoot'em Up	Psikyo	1-2
s1945p	Strikers 1945 Plus	1999	Shoot'em Up / Vertical/Shoot'em Up	Psikyo	1-2
sabotenb	Saboten Bombers	1992	Platform/Platform / Run & Jump	NMK	1-2
sadari	Sadari	1993	Puzzle/Puzzle / Fall		1-2
safarir	Safari Rally	1979	Action / Labyrinth/Racing, Driving/Action	SNK	1-2
sailormn	Pretty Soldier Sailor Moon	1995	Fighting/Fighting / 2.5D/Beat'em Up	Gazelle	1-2
sailorws	Mahjong Sailor Wars	1993	Asiatic board game/Mahjong		1
salamand	Salamander	1986	Shoot'em Up / Horizontal/Shoot'em Up	Konami	1-2
salarymc	Salary Man Champ	2000	Compilation	Konami	1-3
salmankt	Net@Select : Salaryman Kintaro	2004	Mahjong/Asiatic board game	Yuki Enterprise	1-2
salmndr2	Salamander 2	1996	Shoot'em Up / Horizontal/Shoot'em Up	Konami	1-2
samba	Samba de Amigo	1999	Music and Dancing/Rhythm	Sonic Team	1-2
samba2k	Samba de Amigo ver. 2000	2000	Music and Dancing	Sonic Team	1-2
sams64	Samurai Shodown 64	1998	Fighting/Fighting / Versus	SNK	1-2
sams64_2	Samurai Shodown 64 : Warriors Rage	1998	Fighting/Fighting / Versus	SNK	1-2
samsh5sp	Samurai Shodown V Special	2004	Fighting/Fighting / Versus	Yuki Enterprise	1-2
samsho	Samurai Shodown	1993	Fighting / Versus/Fighting	SNK	1-2
samsho2	Samurai Shodown II	1994	Fighting / Versus/Fighting	SNK	1-2
samsho3	Samurai Shodown III	1995	Fighting / Versus/Fighting	SNK	1-2
samsho4	Samurai Shodown IV : Amakusa's Revenge	1996	Fighting / Versus/Fighting	SNK	1-2
samsho5	Samurai Shodown V	2003	Fighting/Fighting / Versus	Yuki Enterprise	1-2
samsptk	Samurai Spirits Tenkaichi Kenkakuden	2005	Fighting / Versus/Fighting	SNK Playmore	1-2
samurai	Samurai	1980	Fighting	SEGA	1-2
samuraia	Sengoku Aces	1993	Shoot'em Up / Vertical/Shoot'em Up	Psikyo	1-2
sandor	Puzzle & Action: Treasure Hunt	1997	Puzzle/Compilation	SEGA	1-4
sandscrp	Sand Scorpion	1992	Shoot'em Up / Vertical/Shoot'em Up	FACE	1-2
sarge	Sarge	1985	Shooter	Bally Midway	1-2
sasissu	Taisen Tanto-R Sashissu!!	1998		SEGA	1-2
sasuke	Sasuke Vs. Commander	1980	Shooter/Shooter / TPV	TOSE	1-2
satansat	Zarzon	1981	Shooter/Shooter / Space Invaders Like	SNK	1-2
satsf3d	ZZZ(notgame):Saturn - Space Fighter 3D				
saturnzi	Saturn	1983	Shoot'em Up	Jaleco	
sauro	Sauro	1987	Shoot'em Up / Horizontal/Shoot'em Up	Tecfri	1-2
savagere	Savage Reign	1995	Fighting/Fighting / Versus	SNK	1-2
sb2003	Super Bubble 2003	2003	Platform/Platform / Run & Jump	Limenko	1-2
sbagman	Super Bagman	1984	Platform/Platform / Run & Jump	Valadon Automation	1-2
sbasebal	Super Champion Baseball	1989	Sports / Baseball/Sports	SNK	1-2
sbasketb	Super Basketball	1984	Sports/Sports / Basketball	Konami	1-2
sbhoei	Space Battle	1980	Shooter / Space Invaders Like/Shooter	Hoei Manufacturing	1-2
sbishi	Super Bishi Bashi Championship	1998	Compilation	Konami	1-3
sblast2b	Sonic Blast Man 2 Special Turbo	1997	Fighting/Fighting / 2.5D	Akira	1-2
sbmjb	Sonic Blast Man	1990	Various / Electro- Mechanical/Various	Taito	1
sbomber	Space Bomber	1998	Shooter/Shooter / Space Invaders Like	Psikyo	1-2
sbowling	Strike Bowling	1982	Sports/Sports / Bowling	Taito	1-2
sbp	Super Bubble Pop	2004	Puzzle/Puzzle / Throw	Vektorlogic	1-2
sbrkout	Super Breakout	1978	Action/Action / Breakout games	Atari	1-2
sbubsm	Super Bubble Bobble	1996	Platform/Platform / Run & Jump	Sun Mixing	1-2
sbugger	Space Bugger	1981	Shooter/Shooter / Space Invaders Like	Game Arts	1-2
sc2in1	ZZZ(notgame):Super Card 2 in 1				
sc4brix	ZZZ(notgame):Brix		Casino / Slot machine/Various/Casino		1-2
scandal	Scandal Mahjong	1989	Asiatic board game/Mahjong		1
scessjoe	Success Joe	1990	Sports/Sports / Boxing	Wave	1-2
scfinals	Super Cup Finals	1993	Sports/Sports / Football (Soccer)	Taito	1-4
schamp	Sonic Championship	1996	Fighting/Fighting / Versus	SEGA	1-2
schaser	Space Chaser	1979	Action / Labyrinth/Action	Taito	1-2
schmeisr	Schmeiser Robo	1993	Fighting/Fighting / Versus	Hot Lava Games	1-2
sci	Special Criminal Investigation	1988	Shooter/Shooter / Vehicle, TPV	Taito	1
scion	Scion	1984	Shoot'em Up / Vertical/Shoot'em Up	Seibu Denshi	1-2
scobra	Super Cobra	1981	Shoot'em Up / Horizontal/Shoot'em Up	Konami	1-2
scontra	Super Contra	1988	Shoot'em Up / Horizontal/Platform/Platform / Shooter Scrolling/Shoot'em Up	Konami	1-2
scorpion	Scorpion	1982	Shoot'em Up / Horizontal/Shoot'em Up	Zaccaria	1-2
scotrsht	Scooter Shooter	1985	Shooter/Shooter / Plane	Konami	1-2
scramble	Scramble	1981	Shoot'em Up / Horizontal/Shoot'em Up	Konami	1-2
scregg	Scrambled Egg	1983	Action / Labyrinth/Action	Technos Japan	1-2
screwloo	Screw Loose	1983	Shooter	Mylstar Electronics	1-2
scross	Stadium Cross	1992	Racing, Driving/Motorcycle race TPV	SEGA	1-2
scud	Scud Race	1996	Racing TPV/Racing, Driving	SEGA	1-8
scudhamm	Scud Hammer	1994	Fighting/Various	Jaleco	1
scyclone	Space Cyclone	1980		Taito	
sderby	Super Derby	1996	Casino/Casino / Race	Playmark	1
sderbys	Super Derby	1996	Casino/Casino / Race	Playmark	1
sdfight	Sd Fighters	1996	Fighting/Fighting / Versus	SemiCom	1-2
sdgndmps	SD Gundam Psycho Salamander no Kyoui	1991	Shoot'em Up / Horizontal/Shoot'em Up/Shooter/Shooter / Run and Gun	Banpresto	1-2
sdi	SDI - Strategic Defense Initiative	1987	Shoot'em Up	SEGA	1-2
sdmg2	Mahjong Super Da Man Guan II	1997	Asiatic board game/Mahjong		1
sdodgeb	Super Dodge Ball	1996	Sports / Dodgeball/Sports	Tecmo	1-2
sdtennis	Super Doubles Tennis	1983	Sports/Sports / Tennis	Data East	1-2
sdungeon	Space Dungeon	1982	Shooter	Taito	1-2
seabass	Sea Bass Fishing	1997	Fishing/Hunting and Fishing	A Wave Inc	1
searchar	SAR: Search And Rescue	1989	Shooter/Shooter / Run and Gun	SNK	1-2
searchey	Search Eye	1999	Puzzle/Various	Yun Sung	1-2
searchp2	Search Eye Plus V2.0	1999	Puzzle/Various	Yun Sung	1-2
seawld	Sea World	2005	Casino/Casino / Slot machine	Amcoe	1
seawolf	Sea Wolf	1976	Shooter/Shooter / Space Invaders Like	Dave Nutting Associates	1
seawolf2	Sea Wolf II	1978	Shooter/Shooter / Space Invaders Like	Midway	1-2
secolove	Second Love	1986	Asiatic board game/Mahjong		1
secondch	Second Chance	1985	Casino/Casino / Cards	SMS Manufacturing	1
secretag	Secret Agent	1989	Shooter / Run and Gun/Shooter	Data East	1-2
sectionz	Section Z	1985	Shoot'em Up / Horizontal/Shoot'em Up/Shooter / Plane/Shooter	Capcom	1-2
segajw	Joker's Wild	1991	Casino	Meyco Games	1
seganinj	Sega Ninja	1985	Shooter/Shooter / Run and Gun	SEGA	1-2
segawski	Sega Water Ski	1997	Sports/Sports / Skiing	SEGA	1-2
seicross	Seicross	1984	Shooter/Shooter / Vehicle, Horizontal	Nichibutsu	1-2
seiha	Seiha	1987	Asiatic board game/Mahjong		1
selfeena	Sel Feena	1991	Action / Labyrinth/Action	East Technology	1-2
seljan	Sel-jan [bet]	1983			
seljan2	Return Of Sel Jan II	1996	Asiatic board game/Mahjong		1
semibase	Muhanseungbu	1997	Sports/Sports / Baseball	SemiCom	1-2
sengekis	Sengeki Striker	1997	Shoot'em Up / Vertical/Shoot'em Up	Warashi	1-2
sengokmj	Sengoku	1991	Fighting/Fighting / Versus/Beat'em Up	SNK	1-2
sengoku	Sengoku	1991	Fighting/Fighting / Versus/Beat'em Up	SNK	1-2
sengoku2	Sengoku 2	1993	Fighting/Fighting / 2D/Beat'em Up	SNK	1-2
sengoku3	Sengoku 3	2001	Fighting/Fighting / 2D/Beat'em Up	Noise Factory	1-2
senjyo	Senjyo	1983	Shooter	Tehkan	1-2
senknow	Sen-know	1999	Puzzle/Puzzle / Fall	Kouyousha	1-2
senko	Senko no Ronde	2005	Shoot'em Up	G.Rev	1-2
senkosp	Senko no Ronde SP	2006	Shoot'em Up	G.Rev	1-2
senkyu	Battle Balls	1995	Puzzle/Puzzle / Fall	Seibu Kaihatsu	1-2
setaroul	The Roulette		Casino / Roulette/Casino		
sexappl	Sex Appeal	1992	Quiz/Quiz / English	Grayhound Electronics	1
sextriv1	Sexual Trivia	1985	Quiz/Quiz / English		1-2
sexyboom	Sexy Boom	1992	Puzzle/Puzzle / Glide		1-2
sexygal	Sexy Gal	1985	Asiatic board game/Mahjong		
sexyparo	Sexy Parodius	1996	Shoot'em Up / Horizontal/Shoot'em Up	Konami	1-2
sf	Street Fighter	1987	Fighting/Fighting / Versus	Capcom	1-2
sf2	Street Fighter II : The World Warrior	1991	Fighting / Versus/Fighting	Capcom	1-2
sf2049	San Francisco Rush 2049	1998	Racing, Driving/Racing TPV	Atari	1
sf2049se	San Francisco Rush 2049	1998	Racing, Driving/Racing TPV	Atari	1
sf2049te	San Francisco Rush 2049	1998	Racing, Driving/Racing TPV	Atari	1
sf2ce	Street Fighter II' : Champion Edition	1992	Fighting/Fighting / Versus	Capcom	1-2
sf2hf	Street Fighter II' : Hyper Fighting	1992	Fighting/Fighting / Versus	Capcom	1-2
sfa	Street Fighter Alpha : Warriors' Dreams	1995	Fighting / Versus/Fighting	Capcom	1-2
sfa2	Street Fighter Alpha 2	1996	Fighting/Fighting / Versus	Capcom	1-2
sfa3	Street Fighter Alpha 3	1998	Fighting/Fighting / Versus	Capcom	1-2
sfchamp	Super Football Champ	1995	Sports/Sports / Football (Soccer)	Taito	1-2
sfex	Street Fighter EX	1996	Fighting/Fighting / Versus	Capcom	1-2
sfex2	Street Fighter EX2	1998	Fighting/Fighting / Versus	Capcom	1-2
sfex2p	Street Fighter EX2 Plus	1999	Fighting/Fighting / Versus	Arika	1-2
sfexp	Street Fighter EX Plus	1997	Fighting/Fighting / Versus	Capcom	1-2
sfiii	Street Fighter III : New Generation	1997	Fighting/Fighting / Versus	Capcom	1-2
sfiii2	Street Fighter III : 2nd Impact - Giant Attack	1997	Fighting/Fighting / Versus	Capcom	1-2
sfiii3	Street Fighter III : 3rd Strike - Fight for the Future	1999	Fighting/Fighting / Versus	Capcom	1-2
sfish2	Sport Fishing 2	1995	Sports/Fishing/Hunting and Fishing	SEGA	1
sfkick	Super Free Kick	1988	Action/Action / Breakout games	Haesung	1-2
sflush	Straight Flush	1979	Action/Action / Breakout games	Taito	1-2
sfootbal	Street Football	1986	Sports/Sports / Football (American)	Bally Midway	1-2
sfposeid	Sea Fighter Poseidon	1984	Shooter/Shooter / Horizontal	Taito	1-2
sfrush	San Francisco Rush	1996	Racing, Driving/Racing TPV	Atari	1
sfrushrk	San Francisco Rush: The Rock	1996	Racing, Driving/Racing TPV		1
sftm	Street Fighter: The Movie	1995	Fighting/Fighting / Versus	Incredible Technologies	1-2
sfx	SF-X	1983	Shoot'em Up / Horizontal/Shoot'em Up	Nichibutsu	1-2
sfz2al	Street Fighter Zero 2 Alpha	1996	Fighting/Fighting / Versus	Capcom	1-2
sfz3ugd	Street Fighter Zero 3 Upper	2001	Fighting/Fighting / Versus	Capcom	1-2
sgaltrop	Sexy Gal Tropical [bet]	1985			
sgemf	Super Gem Fighter: Mini Mix	1997	Fighting / Versus/Fighting	Capcom	1-2
sgladiat	Gladiator 1984	1984	Platform/Platform / Run & Jump	SNK	1-2
sgmast	Super Masters Golf	1989	Sports/Sports / Golf	SEGA	1
sgmt1	Super Game Mega Type 1	1994	Compilation		1-2
sgnascar	NASCAR Arcade	2000	Racing, Driving	SEGA	1
sgsafari	Super Gran Safari	1996	Casino/Casino / Cards	New Impeuropex	1
sgt24h	Super GT 24h	1996	Racing, Driving/Racing TPV	Jaleco	1
sgtetris	Sega Tetris	1999	Puzzle/Puzzle / Fall	SEGA	1-2
sgunner	Steel Gunner	1990	Shooter/Lightgun Shooter	Namco	1-2
sgunner2	Steel Gunner 2	1991	Shooter/Lightgun Shooter	Namco	1-2
shackled	Shackled	1986	Action / Labyrinth/Action	Data East	1-2
shadfgtr	Shadow Fighters	1993	Fighting/Fighting / Versus	Dutech	
shadfrce	Shadow Force	1993	Fighting/Fighting / 2.5D/Beat'em Up	Technos Japan	1-2
shadowld	Shadowland	1987	Platform/Platform / Shooter Scrolling	Namco	1-2
shadoww	Ninja Gaiden	1988	Beat'em Up/Fighting/Fighting / 2.5D	Tecmo	1-2
shaktam	Shakatto Tambourine!	2001	Music and Dancing/Rhythm	SEGA	1-2
shaktamb	Shakatto Tambourine : Cho Powerup Chu	2001	Music and Dancing	SEGA	1-2
shaktmsp	Shakatto Tambourine : Motto Norinori Shinkyoku Tsuika	2001	Music and Dancing	SEGA	1-2
shangha2	Shanghai II	1989	Mahjong/Asiatic board game	Sunsoft	1-2
shangha3	Shanghai III	1993	Mahjong/Asiatic board game/Puzzle/Puzzle / Equalize	Sunsoft	1-2
shanghai	Shanghai	1988	Mahjong/Asiatic board game		
shanghss	Shanghai Shoryu Sairin	2000	Mahjong/Asiatic board game	Warashi	1-2
shangkid	Shanghai Kid	1985	Fighting / Versus/Fighting / 2D/Fighting	Taiyo	1-2
shangon	Super Hang-On	1987	Motorcycle race TPV/Racing, Driving	SEGA	1
shangril	Dengen Tenshi Taisen Mahjong Shangri-La	1999	Asiatic board game/Mahjong	Marvelous Interactive	1
shangtou	Shanghai Sangokuhai Tougi	2002	Mahjong/Asiatic board game	Warashi	1-2
shanhigw	Shanghai - The Great Wall / Shanghai Triple Threat	1995	Mahjong/Asiatic board game	Activision	1-2
sharkatt	Shark Attack	1980	Action / Labyrinth/Action	Pacific Novelty	1-2
sharrier	Space Harrier	1985	Shooter / TPV/Shooter	SEGA AM2	1
shdancer	Shadow Dancer	1990	Beat'em Up/Platform/Platform / Fighter Scrolling	SEGA	1-2
sheriff	Sheriff	1979	Shooter	Nintendo	1-2
shienryu	Shienryu	1997	Shoot'em Up/Shoot'em Up / Vertical	Warashi	1-2
shikgam2	Shikigami no Shiro II	2003	Shoot'em Up/Shoot'em Up / Vertical	Alfa System	1-2
shikigam	Shikigami no Shiro	2001	Shoot'em Up / Vertical/Shoot'em Up	Alfa System	1-2
shimpact	Super High Impact	1991	Sports/Sports / Football (American)	Midway	1-4
shinfz	Shinobi	1987	Platform / Fighter Scrolling/Platform	SEGA	1-2
shinobi	Shinobi	1987	Platform / Fighter Scrolling/Platform	SEGA	1-2
shinygld	Shiny Golds	1996	Casino / Slot machine/Casino		
shngmtkb	Shanghai Matekibuyuu	1998	Mahjong/Puzzle/Puzzle / Equalize/Asiatic board game	Sunsoft	1-2
shocking	Shocking	1997	Action / Labyrinth/Fighting/Action	Yun Sung	1-2
shocktr2	Shock Troopers : 2nd Squad	1999	Shooter / Run and Gun/Shooter	Saurus	1-2
shocktro	Shock Troopers	1997	Shooter / Run and Gun/Shooter	Saurus	1-2
shogwarr	Shogun Warriors	1992	Fighting/Fighting / Versus	Kaneko	1-2
shollow	Satan's Hollow	1982	Shooter/Shooter / Space Invaders Like	Arcade Engineering	1-2
shootbul	Shoot The Bull	1985	Sports/Sports / Darts	Bally Midway	1-4
shootgal	Shooting Gallery	1984	Shooter/Lightgun Shooter	Seatongrove	1
shootopl	Shootout Pool	2002	Sports / Pool/Sports	SEGA	1-2
shootout	Shoot Out	1985	Shooter/Shooter / TPV	Data East	1-2
shootpl	Shootout Pool	2002	Sports / Pool/Sports	SEGA	1-2
shootplm	Shootout Pool	2002	Sports / Pool/Sports	SEGA	1-2
shoottv	Must Shoot TV		Lightgun Shooter/Shooter	Incredible Technologies	1-2
shors2k1	Star Horse 2001 : Triumph at the track	2001	Sports with animals	SEGA	1-10
shors2k2	Star Horse 2002 : Dream at the track	2002	Sports with animals	SEGA	1-10
shors2k2l	Star Horse 2002 : Dream at the track	2002	Sports with animals	SEGA	1-10
shors2k2m	Star Horse 2002 : Dream at the track	2002	Sports with animals	SEGA	1-10
shors2k2s	Star Horse 2002 : Dream at the track	2002	Sports with animals	SEGA	1-10
shorse	Star Horse	2000	Sports with animals	SEGA	1-10
shorsep	Star Horse Progress : Glory at the track	2003	Sports with animals/Horse racing	SEGA	1-10
shorsepr	Star Horse Progress Returns	2009	Sports with animals	SEGA	1-16
shougi	Shougi	1980	Asiatic board game/Shougi	ADK	1-2
shougi2	Shougi Part 2	1982	Shougi/Asiatic board game	ADK	1-2
showdown	Showdown	1988	Casino/Casino / Cards	Exidy	1
shpeng	Sea Hunter Penguin	1995	Platform/Platform / Run & Jump	WSAC Systems	
shrike	Shrike Avenger	1986	Shooter/Shooter / Plane, FPV	Bally Midway	1
shtngmst	Shooting Master	1985	Shooter/Lightgun Shooter	SEGA	1
shtrider	Shot Rider	1985	Racing, Driving/Racing, Driving / Motorcycle	Seibu Kaihatsu	1-2
shuffle	Shuffleboard	1978	Sports/Sports / Shuffleboard	Midway	1-2
shufshot	Shuffleshot	1997	Sports/Sports / Shuffleboard	Strata	1-4
shuriboy	Shuriken Boy	1993	Casino	Konami	1
shuttlei	Shuttle Invader	1979	Shooter/Shooter / Space Invaders Like	Omori Electric	1-2
shuuz	Shuuz	1990	Sports	Atari	1-4
sianniv	Space Invaders Anniversary	2003	Compilation/Shooter / Space Invaders Like/Shooter	Taito	1-2
sidampkr	Unknown Sidam Poker	1984	Casino/Casino / Cards	Sidam	1
sidearms	Side Arms - Hyper Dyne	1986	Shoot'em Up / Horizontal/Shoot'em Up	Capcom	1-2
sidebs	Side By Side	1996	Racing, Driving/Racing TPV	Taito	1
sidebs2	Side By Side 2	1997	Racing, Driving/Racing TPV	Taito	1
sidepckt	Side Pocket	1986	Sports / Pool/Sports	Data East	1-2
sidetrac	Side Trak	1979		Exidy	1-2
sigma2k	Sigma Poker 2000	1998	Casino/Casino / Cards	Sigma Enterprises	1
sigmapkr	Sigma Poker	1995	Casino/Casino / Cards	Sigma Enterprises	1
silentd	Silent Dragon	1992	Fighting/Fighting / 2.5D/Beat'em Up	Taito	1-4
silkroad	The Legend of Silkroad	1999	Beat'em Up/Fighting/Fighting / 2.5D	Unicorn Group	1-2
silkworm	Silk Worm	1988	Shoot'em Up / Horizontal/Shooter/Shooter / Horizontal/Shoot'em Up	Tecmo	1-2
silvmil	Silver Millennium	1995	Shoot'em Up / Vertical/Shoot'em Up		1-2
simpbowl	Simpsons Bowling	2000	Sports/Sports / Bowling	Konami	1-4
simpsons	The Simpsons	1991	Beat'em Up/Fighting / 2.5D/Fighting	Konami	1-4
sindbadm	Sindbad Mystery	1983	Puzzle/Action / Labyrinth/Action	SEGA	1-2
sinistar	Sinistar	1982	Shoot'em Up/Shooter	Williams	1-2
sjryuko	Sukeban Jansi Ryuko	1988	Asiatic board game/Mahjong	White Board	1
skichamp	Ski Champ	1998	Sports/Sports / Skiing	SEGA	1
skimaxx	Skimaxx	1996	Sports/Sports / Skiing	Kyle Hodgetts	1
skisuprg	Sega Ski Super G	1996	Sports/Sports / Skiing	SEGA	1
skullfng	Skull Fang	1996	Shoot'em Up / Vertical/Shoot'em Up	Data East	1-2
skullxbo	Skull & Crossbones	1989	Fighting/Fighting / 2.5D/Beat'em Up	Atari	1-2
skyadvnt	Sky Adventure	1989	Shoot'em Up / Vertical/Shoot'em Up	ADK	1-2
skyalert	Sky Alert	1992	Shoot'em Up / Vertical/Shoot'em Up	Metro Corporation	1-2
skyarmy	Sky Army	1982	Shoot'em Up / Horizontal/Shoot'em Up	Shoeisha	1-2
skybase	Sky Base	1982	Shooter/Shooter / Space Invaders Like	Omori Electric	1-2
skybump	Sky Bumper	1982	Shooter/Shooter / Plane	Venture Line	1-2
skychal	Sky Challenger	2000	Racing, Driving / Plane/Racing, Driving	SEGA	1
skychut	Sky Chuter	1980	Shooter/Shooter / Space Invaders Like	Irem	1-2
skydest	Sky Destroyer	1985	Shooter/Shooter / Plane	Taito	1-2
skydiver	Sky Diver	1978	Sports/Sports / Skydiving	Atari	1-2
skyfox	Sky Fox	1987	Shooter/Shooter / Space Invaders Like	Jaleco	1-2
skykid	Sky Kid	1985	Shoot'em Up / Horizontal/Shoot'em Up	Namco	1-2
skykiddx	Sky Kid Deluxe	1986	Shoot'em Up / Horizontal/Shoot'em Up	Namco	1-2
skylancr	Sky Lancer	1983	Shooter/Various/Casino/Casino / Slot machine	Bordun International	1-2
skylncr	Sky Lancer (Bordun)	1995	Casino / Slot machine/Casino	Bordun International	1
skylove	Sky Love	1979	Shooter/Shooter / Space Invaders Like	Omori Electric	1-2
skyraid	Sky Raider	1978	Shooter/Shooter / Missile Command Like	Atari	1
skyrobo	Sky Robo	1989	Shooter/Shooter / Run and Gun	Nichibutsu	1-2
skyskipr	Sky Skipper	1981	Shooter/Shooter / Plane	Nintendo	1-2
skysmash	Sky Smasher	1990	Shoot'em Up / Vertical/Shoot'em Up	Tad	1-2
skysoldr	Sky Soldiers	1988	Shoot'em Up / Vertical/Shoot'em Up	ADK	1-2
skytargt	Sky Target	1995	Shooter/Shooter / Plane, TPV	SEGA	1
sl2007	Shooting Love 2007	2007	Shoot'em Up/Shoot'em Up / Vertical	Triangle Service	1-2
slammast	Saturday Night Slam Masters	1993	Sports / Wrestling/Sports	Capcom	1-4
slapshot	Slap Shot	1994	Sports/Sports / Hockey	Taito	1-2
slapshtr	Slap Shooter	1986	Sports / Hockey/Sports	SEGA	1-2
slasho	Slashout	2000	Fighting / 3D/Fighting/Adventure/Beat'em Up	Amusement Vision	1-2
slashout	Slashout	2000	Beat'em Up/Adventure/Fighting/Fighting / 3D	Amusement Vision	1
slipstrm	Slip Stream	1995	Racing, Driving/Racing TPV	Capcom	1
slither	Slither	1982	Shooter/Shooter / Space Invaders Like	Century II	1-2
sliver	Sliver	1996	Puzzle/Various/Adults		1-2
sloco93	Super Loco 93	1993	Casino/Casino / Cards		1
slrasslt	Solar Assault	1997	Shooter/Shooter / Plane, TPV	Konami	1
slspirit	Solite Spirits	1999	Shoot'em Up / Vertical/Shoot'em Up	Promat	1-2
smarinef	Sega Marine Fishing	2000	Fishing/Hunting and Fishing	SEGA	1
smashtv	Smash T.V.	1990	Shooter / Run and Gun/Shoot'em Up/Shooter	Williams	1-2
smf	Super Medal Fighters	1997			
smgolf	Stroke And Match Golf	1984	Sports / Golf/Sports	Nintendo	1-2
smgp	Super Monaco GP	1989	Racing, Driving/Racing FPV	SEGA	1
smiconk	Space Micon Kit	1978		SNK	1-2
sminiboy	Super Mini-Boy	1984	Casino / Cards/Casino	Bonanza Enterprises	1
smissw	Super Miss World	1996	Adults/Puzzle	Comad	1-2
smleague	Super Major League	1995	Sports/Sports / Baseball	SEGA	1-2
smlg99	World Series 99	1999	Sports/Sports / Baseball	Sega CS1	1-2
smotor	Super Motor		Motorcycle race TPV/Racing, Driving	Duintronic	1
sms4in1	4-in-1	1984	Casino	SMS Manufacturing	1
smsjoker	Joker Poker With Hi-Lo Double-Up	1985	Casino / Cards/Casino	SMS Manufacturing	1
snakepit	Snake Pit	1984	Fighting/Shooter	Bally Sente	1-2
snakjack	Snacks'n Jaxson	1984	Action	Bally Sente	1-2
snapjack	Snap Jack	1982	Platform/Platform / Run & Jump Scrolling	Universal	1-2
snapper	Snapper	1990	Action / Labyrinth/Action	Philko	1
snookr10	Snooker 10	1998	Casino/Casino / Cards	Sandii'	1
snowboar	Snow Board Championship	1996	Sports/Sports / Skiing	Gaelco	1-2
snowbro2	Snow Bros. 2 : With New Elves	1994	Platform/Platform / Run & Jump	Toaplan	1-4
snowbro3	Snow Brothers 3 - Magical Adventure	2002	Platform/Platform / Run & Jump	Syrmex	1-2
snowbros	Snow Bros. : Nick & Tom	1990	Platform/Platform / Run & Jump	Toaplan	1-2
socbrawl	Soccer Brawl	1991	Sports/Sports / Football (Soccer)	SNK	1-2
soccer	Atari Soccer	1980	Sports/Sports / Football (Soccer)	Atari	1-4
soccerss	Soccer Superstars	1994	Sports/Sports / Football (Soccer)	Konami	1-4
sokonuke	Sokonuke Taisen Game	1995	Platform/Platform / Run & Jump	Sekarabe	1-2
sokyugrt	Soukyugurentai / Terra Diver	1996	Shoot'em Up / Vertical/Shoot'em Up	Raizing	1-2
solarfox	Solar Fox	1981	Action / Labyrinth/Shooter Small/Action	Bally Midway	1-2
solarq	Solar Quest	1981	Shoot'em Up	Cinematronics	1
solarwar	Solar War	1979	Pinball	Atari	1-4
soldam	Soldam	1992	Puzzle/Puzzle / Fall	Jaleco	1-2
soldivid	Sol Divide: Sword of Darkness	1997	Shoot'em Up / Horizontal/Shoot'em Up	Psikyo	1-2
solfigtr	Solitary Fighter	1991	Fighting/Fighting / Versus	Taito	1-2
solomon	Solomon's Key	1986	Puzzle/Action / Labyrinth/Action	Tecmo	1-2
solvalou	Solvalou	1991	Shooter/Shooter / Plane, FPV	Namco	1
sonic	Segasonic The Hedgehog	1992	Platform/Platform / Run & Jump Scrolling	SEGA	1-3
sonic2mb	Sonic The Hedgehog 2	1993	Platform / Run & Jump/Platform	SEGA	1-2
sonicbom	Sonic Boom	1987	Shoot'em Up / Vertical/Shoot'em Up	SEGA	1-2
soniccar	Waku Waku Sonic Patrol Car	1991	Racing, Driving / Racing/Racing, Driving	SEGA	1
sonicfgt	Sega Sonic Cosmo Fighter	1993	Shoot'em Up / Vertical/Shoot'em Up	SEGA	1
sonicwi2	Aero Fighters 2	1994	Shoot'em Up/Shoot'em Up / Vertical	Video System	1-2
sonicwi3	Aero Fighters 3	1995	Shoot'em Up / Vertical/Shoot'em Up	Video System	1-2
sonson	Son Son	1984	Platform/Platform / Shooter Scrolling	Capcom	1-2
sos	Sos	1980	Shoot'em Up / Vertical/Shoot'em Up	Namco	1-2
sosterm	S.o.s.	1988	Platform/Platform / Run & Jump Scrolling		1
sothello	Super Othello	1986	Asiatic board game/Othello	Success	1-2
sotsugyo	Sotsugyo Shousho	1995	Compilation	Mitchell	1-2
soulclbr	Soul Calibur	1998	Fighting/Fighting / Versus	Namco	1-2
souledge	Soul Edge Ver. II	1996	Fighting/Fighting / Versus	Project Soul	1-2
soulsurf	Soul Surfer	2002	Sports / Water/Sports	Sega rosso	1-2
soutenry	Soutenryu	2000	Mahjong/Asiatic board game	Warashi	1-2
spacbeam	Space Beam	1979	Shooter/Shooter / Space Invaders Like	Irem	1-2
spacduel	Space Duel	1982	Shoot'em Up	Atari	1-2
spaceace	Space Ace	1983	Platform/Platform / Run & Jump/Action	Advanced Microcomputer Systems	1
spacecr	Space Cruiser	1981	Shooter/Shooter / Space Invaders Like	Taito	1-2
spacedx	Space Invaders DX	1994	Shooter/Shooter / Space Invaders Like	Taito	1-2
spacefb	Space Firebird	1980	Shooter/Shooter / Space Invaders Like	Nintendo	1-2
spacefev	Space Fever	1979	Shooter/Shooter / Space Invaders Like	Nintendo	1-2
spacefrt	Space Fortress	1981	Shooter	Cinematronics	1-2
spaceg	Space Guerrilla	1979	Shooter/Shooter / Space Invaders Like	Omori Electric	1-2
spacegun	Space Gun	1990	Shooter/Lightgun Shooter	Taito	1-2
spaceint	Space Intruder	1980	Shooter/Shooter / Space Invaders Like	Shoeisha	1-2
spacelnc	Space Launcher	1979	Action / Labyrinth/Action	Nintendo	1-2
spaceod	Space Odyssey	1981	Shooter/Shooter / Plane	SEGA	1-2
spacepir	Space Pirates	1992	Shooter / FPV/Shooter		1
spaceskr	Space Seeker	1981	Shooter/Shooter / Plane, FPV	Taito	1-2
spacetrk	Space Trek	1980	Shooter/Shooter / Space Invaders Like	SEGA	1-2
spacewar	Space Wars	1977	Shoot'em Up	Cinematronics	1-2
spacewin	Scacco Matto / Space Win	1996	Casino / Slot machine/Casino		
spacezap	Space Zap	1980	Shooter/Shooter / Space Invaders Like	Midway	1-2
spacfury	Space Fury	1981	Shoot'em Up	SEGA	1-2
spacwalk	Space Walk	1978	Action	Midway	1-2
spang	Super Pang	1990	Shooter/Shooter / TPV	Capcom	1-2
sparkman	Spark Man	1989	Platform/Platform / Shooter Scrolling	SunA	1-2
sparkz	Sparkz	1992	Puzzle/Puzzle / Fall	Atari	1-2
spatter	Spatter	1984	Action / Labyrinth/Racing, Driving/Action	SEGA	1-2
spawn	Spawn - In The Demon's Hand	1999	Shooter / TPV/Shooter/Various/Beat'em Up	Capcom	1
spbactn	Super Pinball Action	1991	Pinball	Tecmo	1
spcenctr	Space Encounters	1980	Shooter/Shooter / Space Invaders Like	Midway	1
spcewarl	Space Laser	1980	Shooter/Shooter / Space Invaders Like	Game Plan	1-2
spcforce	Space Force	1980	Shooter	Venture Line	1-2
spcfrcii	Special Forces II	1985	Shooter/Shooter / Run and Gun	Senko	1-2
spcinv95	Space Invaders '95: The Attack Of Lunar Loonies	1995	Shooter/Shooter / Space Invaders Like	Taito	1-2
spcking2	Space King 2	1979	Shooter/Shooter / Space Invaders Like	Konami	1-2
spclforc	Special Forces	1985	Shooter/Shooter / Run and Gun	Senko	1-2
spclords	Space Lords	1992	Shooter/Shooter / Plane, FPV	Atari	1-2
spcpostn	Space Position	1986	Racing, Driving/Racing, Driving / Racing	SEGA	1-2
spcwarp	Space Warp?	1983	Shooter/Shooter / Space Invaders Like	Century Electronics	1-2
spdball	Speed Ball	1985	Pinball	Tecfri	1-2
spdcoin	Speed Coin	1984	Puzzle	Stern	1-2
spdheat	Super Dead Heat	1985	Racing, Driving / Racing/Racing, Driving	Taito	1-4
spdodgeb	Super Dodge Ball	1987	Sports / Dodgeball/Sports	Technos Japan	1-2
speakres	Stratovox	1980	Shooter/Shooter / Space Invaders Like	Sun Electronics	1-2
spec2k	Fire Hawk	2001	Shoot'em Up / Vertical/Shoot'em Up	Yona Tech	1-2
spectar	Spectar	1980	Action / Labyrinth/Shooter Small/Action	Exidy	1-2
speedatk	Speed Attack!	1984	Casino/Casino / Cards		1-2
speedbal	Speed Ball	1985	Pinball	Tecfri	1-2
speedfrk	Speed Freak	1978	Racing, Driving	Vectorbeam	1-2
speedrcr	Speed Racer	1995	Racing, Driving/Racing TPV	Namco	1
speedrs	Speed Race	1980	Racing, Driving / Racing/Racing, Driving	Olympia / Seletron	1
speedspn	Speed Spin	1994	Sports/Sports / Table tennis	TCH	1-2
speedup	Speed Up	1996	Racing, Driving/Racing TPV	Gaelco	1
speglsht	Super Eagle Shot	1994	Sports/Sports / Golf	SETA	1-4
spelunk2	Spelunker II	1986	Platform / Run & Jump Scrolling/Platform	Irem	1-2
spelunkr	Spelunker	1985	Platform/Platform / Run & Jump Scrolling	Irem	1-2
spetrix	ZZZ(notgame):Super Petrix				
spf2t	Super Puzzle Fighter II Turbo	1996	Puzzle / Fall/Puzzle	Capcom	1-2
spfghmk2	Space Fighter Mark II	1979	Shooter/Shooter / Space Invaders Like	Data East	1-2
spider	Spider	1994	Puzzle	Buena Vision	1-2
spiders	Spiders	1981	Shooter/Shooter / Space Invaders Like	Sigma Enterprises	1-2
spidman	Spider-Man: The Videogame	1991	Beat'em Up/Platform/Platform / Fighter Scrolling	SEGA	1-4
spielbud	Spiel Bude	1985	Casino/Casino / Cards	ADP	1
spikeofe	Spikeout: Final Edition	1998	Beat'em Up/Fighting/Fighting / 3D	SEGA	1
spikeout	Spikeout: Digital Battle Online	1998	Beat'em Up	SEGA	1
spiker	Spiker	1986	Sports/Sports / Volleyball	Bally Midway	1-2
spinlbrk	Spinal Breakers	1990	Shooter/Shooter / TPV	V-System Co.	1-2
spinmast	Spin Master	1994	Platform/Platform / Shooter Scrolling/Platform	Data East	1-2
spkrbtl	Spikers Battle	2001	Beat'em Up/Fighting/Fighting / 3D	Amusement Vision	1-2
splash	Splash!	1992	Various	Gaelco	1-2
splat	Splat!	1982	Shooter		1-2
splatter	Splatter House	1988	Fighting/Fighting / 2D/Beat'em Up	Namco	1-2
splndrbt	Splendor Blast	1985	Racing, Driving/Shoot'em Up/Shoot'em Up / Vertical	ADK	1-2
splndrbt2	Splendor Blast 2	1985	Shoot'em Up/Shoot'em Up / Vertical	ADK	1-2
spnchout	Super Punch-Out!!	1984	Sports/Sports / Boxing	Nintendo IRD	1
spooky	Spooky Night 2nd Edition				
spool99	Super Pool 99	1998	Casino/Casino / Cards	Electronic Projects	1
spotty	Spotty	2001	Casino/Casino / Cards	Prince	1
sprcros2	Super Cross II	1986	Racing, Driving/Racing, Driving / Motorcycle	GM Shoji	1-2
springer	Springer	1982	Platform/Platform / Run & Jump	Orca	1-2
sprint1	Sprint 1	1978	Racing, Driving/Racing, Driving / Racing	Atari	1
sprint4	Sprint 4	1977	Racing, Driving/Racing, Driving / Racing		1-4
sprint8	Sprint 8	1977	Racing, Driving/Racing, Driving / Racing	Atari	1-8
sprtauth	Sports Authority	1992	Quiz/Quiz / English	Classic Games	1-2
sprtjam	Sports Jam	2000	Sports / Multisports/Sports/Compilation	Wow Entertainment	1-2
sprtshot	Sports Shooting USA	2003	Shooter/Lightgun Shooter	Sammy Corporation	1-2
spuzbobl	Super Puzzle Bobble	1999	Puzzle / Throw/Puzzle	Taito	1-2
spy	S.P.Y. - Special Project Y	1989	Shooter/Fighting/Fighting / 2.5D	Konami	1-2
spyhunt	Spy Hunter	1983	Racing, Driving	Bally Midway	1
spyhunt2	Spy Hunter II	1987	Shooter/Shooter / Vehicle, TPV	Bally Midway	1-2
sqbert	Faster, Harder, More Challenging Q*bert	1983	Platform/Platform / Run & Jump	Mylstar Electronics	1-2
sqix	Super Qix	1987	Puzzle	Taito	1-2
squaitsa	Squash	1984	Sports / Tennis/Sports	Itisa	1-2
squash	Squash	1992	Sports/Sports / Tennis	Gaelco	1-2
squeenb	Super Queen Bee	2002	Casino / Slot machine/Casino	Subsino	1
squizchs	ZZZ(notgame):Seishun-Quiz Colorful High School				
sraider	Space Raider	1982	Shooter/Shooter / Space Invaders Like	Universal	1-2
srally2	Sega Rally 2	1998	Racing, Driving/Racing TPV	SEGA	1
srallyc	Sega Rally Championship	1995	Racing, Driving	SEGA	1
sranger	Rough Ranger	1988	Platform/Platform / Shooter Scrolling	SunA	1-2
srdarwin	Super Real Darwin	1987	Shoot'em Up / Vertical/Shoot'em Up	Data East	1-2
srdmissn	S.R.D. Mission	1986	Shoot'em Up / Vertical/Shoot'em Up	Taito	1-2
srmdb	Sunset Riders	1991	Shooter / Run and Gun/Shooter/Shooter / Horizontal/Platform/Platform / Shooter Scrolling	Konami	1-4
srmp1	Super Real Mahjong Part 1	1987	Asiatic board game/Mahjong		1
srmp2	Super Real Mahjong Part 2	1987	Adults/Asiatic board game/Mahjong		1
srmp3	Super Real Mahjong Part 3	1988	Adults/Asiatic board game/Mahjong		1
srmp4	Super Real Mahjong Piv	1993	Adults/Asiatic board game/Mahjong		1
srmp5	Super Real Mahjong P5	1994	Adults/Asiatic board game/Mahjong		1
srmp6	Super Real Mahjong P6	1995	Adults/Asiatic board game/Mahjong		1
srmp7	Super Real Mahjong P7	1997	Adults/Asiatic board game/Mahjong		1
srmvs	Super Real Mahjong Vs	1999	Adults/Asiatic board game/Mahjong		1
srollnd	Super Roller	1998	Casino/Casino / Slot machine	Nova Desitec	1
srumbler	The Speed Rumbler	1986	Shooter/Shooter / Vehicle, Vertical	Capcom	1-2
sryudens	Mahjong Seiryu Densetsu	1996	Asiatic board game/Mahjong		1
ss2005	Super Shanghai 2005	2005	Mahjong/Asiatic board game	Starfish	1-2
sscope	Silent Scope	2000	Shooter/Lightgun Shooter	Konami	1
sscope2	Silent Scope 2 - Dark Silhouette	2000	Lightgun Shooter	Konami	1-2
sscopex	Silent Scope Ex	2001	Shooter/Lightgun Shooter	Konami	1
ssf2	Super Street Fighter II: The New Challengers	1993	Fighting/Fighting / Versus	Capcom	1-2
ssf2mdb	Super Street Fighter II: The New Challengers	1993	Fighting/Fighting / Versus	Capcom	1-2
ssf2t	Super Street Fighter II Turbo	1994	Fighting/Fighting / Versus	Capcom	1-2
ssfindo	See See Find Out	1999	Puzzle/Puzzle / Equalize	Icarus	1-2
sshangha	Super Shanghai Dragon's Eye	1992	Mahjong/Asiatic board game/Puzzle/Puzzle / Equalize		1-2
sshooter	Sharpshooter	1998	Lightgun Shooter		1-2
sshot	Super Shot	1979	Shooter/Shooter / Space Invaders Like		1
ssi	Super Space Invaders '91	1990	Shoot'em Up / Vertical/Shooter/Shooter / Space Invaders Like/Shoot'em Up	Taito	1-2
ssideki	Super Sidekicks	1993	Sports/Sports / Football (Soccer)	SNK	1-2
ssideki2	Super Sidekicks 2 : The World Championship	1994	Sports/Sports / Football (Soccer)	SNK	1-2
ssideki3	Super Sidekicks 3 : The Next Glory	1995	Sports/Sports / Football (Soccer)	SNK	1-2
ssideki4	The Ultimate 11: SNK Football Championship	1996	Sports / Football (Soccer)/Sports	SNK	1-2
ssingles	Swinging Singles	1983	Action / Labyrinth/Action		
sslam	Super Slam	1993	Sports / Tennis/Sports		1-4
ssmissin	S.S. Mission	1992	Shoot'em Up / Vertical/Shoot'em Up	Comad	1-2
ssoldier	Superior Soldiers	1993	Fighting/Fighting / Versus	Irem	1-2
ssonicbr	SegaSonic Bros.	1992	Puzzle / Fall/Puzzle		1-2
ssozumo	Syusse Oozumou	1984	Sports/Sports / Sumo	Technos Japan	1-2
sspacaho	Space Attack / Head On	1979	Compilation		
sspaceat	Space Attack	1979	Compilation/Shooter/Shooter / Space Invaders Like	SEGA	1-2
sspeedr	Super Speed Race	1979	Racing, Driving/Racing, Driving / Racing	Midway	1
sspirits	Scramble Spirits	1988	Shoot'em Up / Vertical/Shoot'em Up	SEGA	1-2
ssprint	Super Sprint	1986	Racing, Driving/Racing, Driving / Racing	Atari	1-3
ssriders	Sunset Riders	1991	Shooter / Run and Gun/Shooter/Shooter / Horizontal/Platform/Platform / Shooter Scrolling	Konami	1-4
ssrj	Super Speed Race Junior	1985	Racing, Driving/Racing, Driving / Racing	Taito	1
sss	Steep Slope Sliders	1998	Sports/Sports / Skiing	Capcom	1
sstar97	Super Star 97 / Ming Xing 97		Casino/Casino / Slot machine	Bordun International	1
sstingry	Super Stingray	1986	Shooter/Shooter / Vehicle, Vertical	ADK	1-2
sstrangr	Space Stranger	1978	Shooter/Shooter / Space Invaders Like	Yachiyo Denki	1-2
sstriker	Sorcer Striker	1993	Shoot'em Up / Vertical/Shoot'em Up	Raizing	1-2
sstrkfgt	Sega Strike Fighter	2000	Simulation/Shooter/Shooter / Plane, FPV	SEGA	1
stactics	Space Tactics	1980	Shooter/Shooter / Space Invaders Like	SEGA	1
stadhero	Stadium Hero	1988	Sports/Sports / Baseball	Data East	1-2
stadhr96	Stadium Hero '96	1996	Sports/Sports / Baseball	Data East	1-2
stagger1	Red Hawk	1997	Shoot'em Up / Vertical/Shoot'em Up	Afega	1-2
stakwin	Stakes Winner	1995	Sports with animals/Horse racing	Saurus	1-2
stakwin2	Stakes Winner 2	1996	Sports with animals/Horse racing	Saurus	1-2
stankatk	Tank Battle	1992	Shooter	MicroProse	1-2
star100	Ming Xing 100		Casino/Casino / Slot machine	Sang Ho	1
staraudi	Star Audition	1997			
starblad	Starblade	1991	Shooter / Plane, FPV/Shooter	Namco	1
starcas	Star Castle	1980	Shoot'em Up	Cinematronics	1
starcrus	Star Cruiser	1977	Shooter	RamTek	1-2
starfigh	Star Fighter	1990	Shoot'em Up / Vertical/Shoot'em Up	SunA	1-2
starfir2	Star Fire 2	1979	Shooter/Shooter / Plane, FPV	Exidy	1
starfire	Star Fire	1979	Shooter/Shooter / Plane, FPV	Exidy	1
starforc	Star Force	1984	Shoot'em Up / Vertical/Shoot'em Up	Tehkan	1-2
stargate	Stargate	1981	Shoot'em Up / Horizontal/Shoot'em Up	Vid Kidz	1-2
starglad	Star Gladiator Episode I: Final Crusade	1996	Fighting/Fighting / Versus	Capcom	1-2
stargrds	Star Guards	1987	Shooter	Bally Midway	1-3
starhawk	Starhawk	1979	Shoot'em Up	Cinematronics	1-2
starjack	Star Jacker	1983	Shoot'em Up / Vertical/Shoot'em Up	SEGA	1-2
starlstr	Vs. Star Luster	1985	Shooter/Shooter / Plane, FPV	Namco	1
starseek	Doki Doki Idol Star Seeker	2001	Puzzle	G.Rev	1
starshp1	Starship 1	1977	Shooter/Shooter / Plane, FPV	Atari	1
starsldr	Star Soldier: Vanishing Earth	1998	Shoot'em Up / Vertical/Shoot'em Up	Hudson Soft	1
starswep	Star Sweep	1997	Puzzle/Various	Axela	1-2
startrek	Star Trek : Strategic Operations Simulator	1982		SEGA	1-2
startrgn	Star Trigon	2002	Puzzle/Various	Namco	1
starwars	Star Wars	1983	Shooter / Plane, FPV/Shooter	Atari	1
starzan	ZZZ(notgame):Super Tarzan	2000	Casino/Casino / Slot machine	IGS	1-2
stcc	Sega Touring Car Championship	1996	Racing, Driving/Racing TPV	SEGA	1-2
stdragon	Saint Dragon	1989	Shoot'em Up / Horizontal/Shoot'em Up	NMK	1-2
stealsee	Steal See	2000	Puzzle/Puzzle / Equalize		1-2
steeltal	Steel Talons	1991	Shooter/Shooter / Plane, TPV	Atari	1
steelwkr	Steel Worker	1980	Puzzle/Various	Taito	1-2
stepchmp	Step Champ	1999	Compilation	Konami	1-3
stg	Strike Gunner S.T.G	1991	Shoot'em Up / Vertical/Shoot'em Up	Athena	1-2
stinger	Stinger	1983	Shoot'em Up / Horizontal/Shoot'em Up	Seibu Denshi	1-2
stkclmns	Stack Columns	1994	Puzzle/Puzzle / Fall	SEGA	1-2
stlforce	Steel Force	1994	Action / Labyrinth/Action	Electronic Devices Italy	1-2
stmblade	Storm Blade	1996	Shoot'em Up / Vertical/Shoot'em Up	Visco	1-2
stocker	Stocker	1984	Racing, Driving/Racing, Driving / Racing	Bally Midway	1
stoffy	Super Toffy	1994	Action / Labyrinth/Action	Unico Electronics	1-2
stompin	Stompin'	1986	Action / Labyrinth/Action		1
stonebal	Stone Ball	1994	Sports / Football (Soccer)/Sports	Art & Magic	1-4
strahl	Koutetsu Yousai Strahl	1992	Shoot'em Up / Horizontal/Shoot'em Up	UPL	1-2
strain	Super Train	1996	Casino / Slot machine/Casino	Subsino	1
stratab	Strata Bowling	1990	Sports/Sports / Bowling	Incredible Technologies	1-4
stratgyx	Strategy X	1981	Shooter/Shooter / Vehicle, Vertical	Konami	1-2
stratof	Raiga - Strato Fighter	1991	Shoot'em Up / Horizontal/Shoot'em Up	Tecmo	1-2
streakng	Streaking	1980	Action / Labyrinth/Action	Shoeisha	1-2
streetg	Street Games	1993	Compilation	The New Image	
streetg2	Street Games II	1993	Compilation	The New Image	
streetsm	Street Smart	1989	Fighting/Fighting / Vs Co-op	SNK	1-2
stress	Stress Busters	1998	Various	SEGA	1-4
strgchmp	Steering Champ	1997			
strhoop	Street Hoop	1994	Sports/Sports / Basketball	Data East	1-2
strider	Strider	1989	Platform / Fighter Scrolling/Platform	Capcom	1-2
strider2	Strider 2	1999	Platform/Platform / Fighter Scrolling	Capcom	1
striv	Super Triv	1985	Quiz/Quiz / French	Hara	1-2
strkfgtr	Strike Fighter	1991	Shooter/Shooter / Plane, FPV	SEGA	1
strkforc	Strike Force	1991	Shooter/Shooter / Plane	Midway	1-2
strkzone	Strike Zone Baseball	1988	Sports/Sports / Baseball	Leland	1-2
strnskil	Strength & Skill	1984	Sports/Various		1-2
strtdriv	Street Drivin'	1993	Racing, Driving/Racing FPV	Atari	1
strtheat	Street Heat	1985	Shooter/Shooter / Vehicle, TPV	Epos	1-2
strvmstr	Super Trivia Master	1986	Quiz/Quiz / English	Enerdyne Technologies	1-4
stunrun	S.T.U.N. Runner	1989	Shooter/Shooter / Vehicle, TPV	Atari	1
stuntair	Stunt Air	1983	Shoot'em Up / Vertical/Shoot'em Up	Nuova Videotron	
stuntcyc	Stunt Cycle [ttl]	1976	Simulation / Vehicle/Simulation	Atari	1-2
sub	Submarine	1985	Shoot'em Up / Horizontal/Shoot'em Up	Sigma Enterprises	1-2
subroc3d	Subroc-3d	1982	Shooter/Shooter / Plane, FPV	SEGA	1
subs	Subs	1977	Shooter	Atari	1-2
sucasino	Super Casino	1984	Casino/Casino / Cards	Data Amusement	1-2
suchie2	Idol Janshi Suchie-pai 2	1994	Adults/Mahjong/Asiatic board game	Jaleco	1
suchie3	Idol Janshi Suchie-Pai III	1999	Asiatic board game/Mahjong	Jaleco	1
suchiesp	Idol Janshi Suchie-pai Special	1993	Asiatic board game/Mahjong	Jaleco	1
suikoenb	Suiko Enbu / Outlaws of the Lost Dynasty	1995	Fighting	Data East	1-2
sunaq	Suna Quiz 6000 Academy	1994	Quiz/Quiz / English	SunA	1-2
sundance	Sundance	1979	Puzzle	Cinematronics	1-2
supbtime	Super Burger Time	1990	Platform/Platform / Run & Jump	Data East	1-2
supduck	Super Duck	1992	Action / Labyrinth/Action	Comad	1-2
super21	Super Twenty One	1978	Casino/Casino / Cards	Mirco Games	1-4
superabc	Super Abc	1999	Compilation		1-2
superbik	Superbike	1983	Shooter/Shooter / Vehicle, Horizontal	Century Electronics	1-2
superbon	Agent Super Bond	1985	Action / Labyrinth/Shooter Small/Action	Signatron USA	1-2
superbug	Super Bug	1977	Racing, Driving		1
superchs	Super Chase - Criminal Termination	1992	Racing, Driving/Racing FPV	Taito	1
superdq	Super Don Quix-ote	1984	Platform/Platform / Run & Jump	Universal	1-2
supergm3	Super Game III	1996	Compilation		1-2
superman	Superman	1988	Beat'em Up/Fighting / 2D/Fighting	Taito	1-2
superpac	Super Pac-Man	1982	Action / Labyrinth/Action	Namco	1-2
superspy	The Super Spy	1991	Various/Fighting/Adventure/Beat'em Up	SNK	1
superten	Super Ten V8.3	1988	Various		1-4
supertnk	Super Tank	1981	Shooter		1-2
supertr2	Super Triv II	1986	Quiz/Quiz / English		1-2
supertr3	Super Triv III	1988	Quiz/Quiz / English		1-2
superwng	Super Wing	1985		Wing	1-2
superx	Super-x	1994	Shoot'em Up / Vertical/Shoot'em Up	NTC	1-2
supgoal	Nerae! Super Goal	1998	Casino/Sports / Football (Soccer)/Sports	SEGA	1
suplup	Super Lup Lup Puzzle	1999	Puzzle / Throw/Puzzle	Omega System	1-2
supmodel	Super Model	1994	Adults/Puzzle	Comad	1-2
supmodl2	Super Model 2	1997	Adults	Comad	1-2
suprball	Super Ball	2002	Casino/Casino / Slot machine	Amcoe	1
suprglob	Super Glob	1983	Platform/Platform / Run & Jump	Epos	1-2
suprgolf	Super Crowns Golf	1989	Sports/Sports / Golf	Nasco	1-2
suprleag	Super League	1987	Sports / Baseball/Sports	SEGA	1-2
suprloco	Super Locomotive	1982	Action / Labyrinth/Racing, Driving/Action	SEGA	1-2
suprmous	Super Mouse	1982	Platform/Platform / Run & Jump	Taito	1-2
suprmrio	Vs. Super Mario Bros.	1986	Platform/Platform / Run & Jump	Nintendo	1-2
suprpokr	Super Poker	1986	Casino/Casino / Cards	Grayhound Electronics	1
suprpool	Super Pool	1998	Casino/Casino / Cards	ABM Games	1
suprridr	Super Rider	1983	Platform/Platform / Run & Jump Scrolling	Venture Line	1-2
suprslam	From TV Animation Slam Dunk - Super Slams	1995	Sports/Sports / Basketball	Toei Animation	1-2
suprtrio	Super Trio	1994	Platform/Platform / Run & Jump Scrolling	Gameace	1-2
supxevs	Vs. Super Xevious	1986	Shoot'em Up / Vertical/Shoot'em Up	Namco	1
suratk	Surprise Attack	1990	Platform/Platform / Shooter Scrolling	Konami	1-2
sureshot	Sure Shot	1985	Casino/Casino / Cards	SMS Manufacturing	1
surfplnt	Surf Planet	1997	Sports/Sports / Skiing	Gaelco	1
survarts	Survival Arts	1993	Fighting/Fighting / Versus	Sekarabe	1-2
sushibar	Sushi Bar	2003	Puzzle	Sammy Corporation	1-2
suzuk8h2	Suzuka 8 Hours 2	1993	Racing, Driving/Motorcycle race TPV	Namco	1
suzuka8h	Suzuka 8 Hours	1992	Racing, Driving/Motorcycle race TPV	Namco	1
suzume	Watashiha Suzumechan	1986	Asiatic board game/Mahjong		1
svc	SNK vs. Capcom : SVC Chaos	2003	Fighting / Versus/Fighting	SNK Playmore	1-2
svcpcb	SNK vs. Capcom : SVC Chaos	2003	Fighting / Versus/Fighting	SNK Playmore	1-2
svf	Super Visual Football: European Sega Cup	1994	Sports/Sports / Football (Soccer)	SEGA	1-2
svg	S.v.g. - Spectral Vs Generation	2005	Fighting/Fighting / Versus	Idea Factory	1-2
svolley	Super Volleyball	1989	Sports/Sports / Volleyball	V-System Co.	1-2
swa	Star Wars Arcade	1993	Shooter/Shooter / Plane, FPV	SEGA	1-2
swat	SWAT	1984	Shooter	Coreland	1-2
swatpolc	SWAT Police	2001	Shooter/Shooter / TPV	ESD	1-2
swcourt	Super World Court	1992	Sports/Sports / Tennis	Namco	1-4
swimmer	Swimmer	1982	Sports/Sports / Swimming	Tehkan	1-2
swinggal	Swing Gal [bet]	1987			
swracer	Star Wars Racer Arcade	2000	Racing, Driving/Racing TPV	LucasArts	1
sws	Super World Stadium	1992	Sports/Sports / Baseball	Namco	1-2
sws92	Super World Stadium '92 Gekitouban	1992	Sports/Sports / Baseball		1-2
sws93	Super World Stadium '93	1993	Sports/Sports / Baseball	Namco	1-2
sws95	Super World Stadium '95	1995	Sports/Sports / Baseball	Namco	1-2
sws96	Super World Stadium '96	1996	Sports/Sports / Baseball	Namco	1-2
sws97	Super World Stadium '97	1997	Sports/Sports / Baseball	Namco	1-2
sws98	Super World Stadium '98	1998	Sports/Sports / Baseball	Namco	1-2
sws99	Super World Stadium '99	1999	Sports/Sports / Baseball		1-2
swtrilgy	Star Wars Trilogy Arcade	1998	Shoot'em Up	SEGA	1
sxevious	Super Xevious	1984	Shoot'em Up / Vertical/Shoot'em Up	Namco	1-2
sxyreac2	Pachinko Sexy Reaction 2	1999	Adults/Casino/Pachinko		1
sxyreact	Pachinko Sexy Reaction	1998	Adults/Casino/Pachinko		1
syvalion	Syvalion	1988	Shoot'em Up / Horizontal/Shoot'em Up	Taito	1-2
szaxxon	Super Zaxxon	1982	Shoot'em Up / Diagonal/Shoot'em Up	SEGA	1-2
tacscan	Tac/Scan	1982	Shoot'em Up/Shoot'em Up / Vertical	SEGA	1
tactcian	Tactician	1982	Shooter/Shooter / Space Invaders Like	Konami	1-2
taiko2	ZZZ(notgame):Taiko no Tatsujin 2				
taiko3	ZZZ(notgame):Taiko no Tatsujin 3				
taiko4	ZZZ(notgame):Taiko no Tatsujin 4				
taiko5	ZZZ(notgame):Taiko no Tatsujin 5				
taiko6	ZZZ(notgame):Taiko no Tatsujin 6				
tail2nos	Tail To Nose - Great Championship	1989	Racing, Driving/Racing, Driving / Racing		1
tailg	Tailgunner	1979	Shooter/Shooter / Plane, FPV	Cinematronics	1
taiwanmb	Taiwan Mahjong [bet]	1988	Asiatic board game/Mahjong	Miki Syouji	1
takoron	Noukone Puzzle Takoron	2006	Puzzle	Compile Heart	1-2
talbot	Talbot	1982	Action / Labyrinth/Action	ADK	1-2
tangramq	Tangram Q	1983	Puzzle	SNK	1-2
tangtang	Tang Tang	2000	Platform/Platform / Run & Jump	ESD	1-2
tank8	Tank 8	1976	Action / Labyrinth/Shooter Small/Action	Kee Games	1-8
tankbatl	Tank Battle	1992	Shooter	MicroProse	1-2
tankbatt	Tank Battalion	1980	Shooter/Action / Labyrinth/Shooter Small/Action	Namco	1-2
tankbust	Tank Busters	1985	Action / Labyrinth/Action	Valadon Automation	1-2
tankfrce	Tank Force	1991	Action / Labyrinth/Shooter Small/Action	Namco	1-4
tantr	Puzzle & Action: Tant-R	1992	Compilation	SEGA	1-2
taotaido	Tao Taido	1993	Fighting/Fighting / Versus	Video System	1-2
tapatune	Tap A Tune	1994	Various	Moloney Manufacturing	1
tapper	Tapper	1983	Strategy	Bally Midway	1-2
targ	Targ	1980	Action / Labyrinth/Shooter Small/Action	Exidy	1-2
targeth	Target Hits	1994	Shooter/Lightgun Shooter	Gaelco	1-2
tattack	Time Attacker		Action/Action / Breakout games		1
tattass	Tattoo Assassins	1994	Fighting/Fighting / Versus	Pesina	1-2
taxidriv	Taxi Driver	1984	Action / Labyrinth/Racing, Driving/Action	Graphic Techno	1-2
tazmania	Tazz-Mania	1982	Shooter/Shooter / Run and Gun	Stern	1-2
tbeastw2	Transformers Beast Wars II	1998	Casino	Sigma Enterprises	1
tblkkuzu	The Block Kuzushi	2000	Action/Action / Breakout games	Tamsoft	1-2
tbonusal	Treasure Bonus	1995	Casino / Slot machine/Casino	Subsino	1
tbowl	Tecmo Bowl	1987	Sports/Sports / Football (American)	Tecmo	1-2
tbyahhoo	Twin Bee Yahhoo!	1995	Shoot'em Up / Vertical/Shoot'em Up	Konami	1-2
tceptor	Thunder Ceptor	1986	Shooter/Shooter / Plane, TPV	Namco	1
tcobra2	Twin Cobra II	1995	Shoot'em Up / Vertical/Shoot'em Up	Takumi	1-2
tdfever	Touchdown Fever	1987	Sports/Sports / Football (American)	SNK	1-4
tdoboon	Taihou De Doboon	2000	Shooter/Various		1
tdpgal	Triple Draw Poker	1983	Casino/Casino / Cards	Design Labs	1
tdragon	Thunder Dragon	1991	Shoot'em Up / Vertical/Shoot'em Up	NMK	1-2
tdragon2	Thunder Dragon 2	1993	Shoot'em Up / Vertical/Shoot'em Up	NMK	1-2
tduno	Touch De Uno! / Unou Nouryoku Check Machine	1999	Compilation	SEGA	1-2
tduno2	Touch De Uno! 2	2000	Various/Compilation	SEGA	1-2
teamht	Team Hat Trick	1985	Sports / Hockey/Sports	Bally Sente	1-2
teamqb	John Elway's Team Quarterback	1988	Sports/Sports / Football (American)		1-4
techbowl	Technical Bowling	1997	Sports/Sports / Bowling	SEGA	1
technodr	Techno Drive	1998	Racing, Driving / Racing/Racing, Driving	Namco	
techromn	Tech Romancer	1998	Fighting/Fighting / Versus	Capcom	1-2
teddybb	Teddyboy Blues	1985	Platform/Shooter	SEGA	1-2
teedoff	Tee'd Off	1986	Sports/Sports / Golf	Tecmo	1-2
teetert	Teeter Torture	1982	Shooter/Shooter / Space Invaders Like	Exidy	1-2
tehkanwc	Tehkan World Cup	1985	Sports/Sports / Football (Soccer)	Tehkan	1-2
tekipaki	The Brain Washing Game	1991	Puzzle/Puzzle / Fall	Toaplan	1-2
tekken	Tekken	1994	Fighting/Fighting / Versus	Namco	1-2
tekken2	Tekken 2	1995	Fighting / 2.5D/Fighting/Fighting / Versus	Namco	1-2
tekken3	Tekken 3	1997	Fighting / 2.5D/Fighting/Fighting / Versus	Namco	1-2
tekkenbs	Tekken Battle Scratch				
tekkencw	Tekken Card World	1997	Casino / Cards/Casino	Namco	1
tektagt	Tekken Tag Tournament	1999	Fighting / 2.5D/Fighting/Fighting / Versus	Namco	1-2
teljan	Tel Jan	1999	Asiatic board game/Mahjong	Electro Design	1
telmahjn	Telephone Mahjong	1988	Asiatic board game/Mahjong	Nichibutsu	1
telpacfl	TelePachi Fever Lion	1996	Pachinko	Sunsoft	1
tempest	Tempest	1981	Shooter/Shooter / Space Invaders Like	Atari	1-2
tengai	Tengai	1996	Shoot'em Up / Horizontal/Shoot'em Up	Psikyo	1-2
tenkai	Mahjong Tenkaigen	1991	Asiatic board game/Mahjong		1
tenkomor	Tenkomori Shooting	1998	Compilation	Namco	1-2
tenspot	Ten Spot	1982	Action / Labyrinth/Shooter Small/Action	Thomas Automatics	
tenthdeg	Tenth Degree	1998	Fighting/Fighting / Versus	Atari	1-2
tenup	Ten Up	1988	Quiz/Quiz / English	JPM	1
terabrst	Teraburst	1998	Shooter/Lightgun Shooter	Konami	1-2
term2	Terminator 2 : Judgment Day	1991	Shooter/Lightgun Shooter	Midway	1-2
terracre	Terra Cresta	1985	Shoot'em Up / Vertical/Shoot'em Up	Nichibutsu	1-2
terraf	Terra Force	1987	Shoot'em Up/Shooter/Shooter / Plane	Nichibutsu	1-2
tetfight	Tetris Fighters	2001	Puzzle / Fall/Puzzle/Various	Sego	1
tetgiant	Tetris Giant / Tetris Dekaris	2009	Puzzle / Fall/Puzzle	SEGA	1-2
tetkiwam	Tetris Kiwamemichi	2004	Puzzle/Puzzle / Fall	Success	1-2
tetrbx	Tetris / Bloxeed	1990	Puzzle / Fall/Puzzle	SEGA	1-2
tetris	Tetris	1988	Puzzle / Fall/Puzzle	SEGA	1-2
tetriskr	Tetris (Korean bootleg of Mirrorsoft PC-XT Tetris)	1988	Puzzle / Fall/Puzzle	bootleg	1
tetrisp	Tetris Plus	1995	Puzzle/Puzzle / Fall	BPS	1-2
tetrisp2	Tetris Plus 2	1997	Puzzle/Puzzle / Fall	Jaleco	1-2
tetrisse	Tetris	1988	Puzzle / Fall/Puzzle	SEGA	1-2
tetrsark	Tetris		Puzzle / Fall/Puzzle		1-2
tfrceac	Thunder Force AC	1990	Shoot'em Up / Horizontal/Shoot'em Up	Technosoft	1
tgm2	Tetris The Absolute The Grand Master 2	2000	Puzzle/Puzzle / Fall	Arika	1-2
tgmj	Tetris The Grand Master	1998	Puzzle/Puzzle / Fall	Arika	1-2
tgtbal96	Target Ball '96	1995	Sports/Sports / Swimming	Yun Sung	1-2
tgtpanic	Target Panic	1996	Various	Konami	1
tharrier	Task Force Harrier	1989	Shoot'em Up / Vertical/Shoot'em Up	NMK	1-2
theboat	The Boat	1987	Casino	Hit Gun Co	1
thedealr	The Dealer	1984	Casino/Casino / Cards	Epos	1
thedeep	The Deep	1987	Shooter/Shooter / Space Invaders Like	Wood Place	1-2
theend	The End	1980	Shooter/Shooter / Space Invaders Like	Konami	1-2
theglad	The Gladiator / Road Of The Sword / Shen Jian	2003	Fighting / 2.5D/Fighting/Beat'em Up	IGS	1-4
thegrid	The Grid	2001	Shooter/Shooter / TPV	Midway	
thehand	The Hand	1981	Action / Labyrinth/Action	T.I.C.	1-2
themj	The Mah-jong	1987	Asiatic board game/Mahjong		1
thenanpa	The Nanpa	1999	Asiatic board game/Mahjong	Nichibutsu	
thepit	The Pit	1982	Action / Labyrinth/Action	Zilec Games	1-2
theroes	Thunder Heroes	2001	Beat'em Up	Primetek Investments	1-2
thief	Thief	1981	Action / Labyrinth/Action	Pacific Novelty	1-2
thndrbld	Thunder Blade	1987	Shoot'em Up/Shooter/Shooter / Plane	SEGA	1
thndrx2	Thunder Cross II	1991	Shoot'em Up / Horizontal/Shoot'em Up	Konami	1-2
thndzone	Thunder Zone	1991	Shooter/Shooter / Run and Gun	Data East	1-4
thoop	Thunder Hoop	1992	Platform/Platform / Shooter Scrolling	Gaelco	1-2
thoop2	Th Strikes Back	1994	Platform/Platform / Shooter Scrolling	Gaelco	1-2
threeds	Three Ds - Three Dealers Casino House	1985			1-2
thrild2	Thrill Drive 2	2001	Racing, Driving/Racing FPV	Konami	1
thrilld	Thrill Drive	1998	Racing, Driving/Racing TPV	Konami	1
thunderh	Operation Thunder Hurricane	1996	Shooter/Lightgun Shooter	Konami	1-2
thunderj	ThunderJaws	1990	Shooter/Shooter / Horizontal	Atari	1-2
thunderl	Thunder & Lightning	1990	Action/Action / Breakout games	Visco	1-2
thunderx	Thunder Cross	1988	Shoot'em Up / Horizontal/Shoot'em Up	Konami	1-2
thundfox	Thunder Fox	1990	Platform/Platform / Fighter Scrolling	Taito	1-2
tickee	Tickee Tickats	1994	Shooter/Lightgun Shooter	Raster Elite	1-2
tigerh	Tiger Heli	1985	Shoot'em Up / Vertical/Shoot'em Up	Toaplan	1-2
tigeroad	Tiger Road	1987	Platform/Platform / Fighter Scrolling	Capcom	1-2
tighook	Tiger Hook	2004	Casino/Casino / Slot machine	Amcoe	1
timber	Timber	1984	Platform/Platform / Run & Jump	Bally Midway	1-2
timecris	Time Crisis	1995	Shooter/Lightgun Shooter	Namco	1
timecrs2	Time Crisis II	1997	Shooter/Lightgun Shooter	Namco	1-2
timefgtr	Time Fighter	1982	Shooter/Shooter / Plane	Taito	1
timekill	Time Killers	1992	Fighting/Fighting / Versus	Strata	1-2
timelimt	Time Limit	1983	Platform/Shooter	Chuo	1-2
timeplt	Time Pilot	1982	Shooter	Konami	1-2
timescan	Time Scanner	1987	Pinball	SEGA	1-2
timesold	Time Soldiers	1987	Shooter/Shooter / Run and Gun	ADK	1-2
timetrv	Time Traveler	1991	Platform/Platform / Run & Jump	Virtual Image Productions	1-2
timetunl	Time Tunnel	1982	Action / Labyrinth/Action	Taito	1-2
tinklpit	Tinkle Pit	1993	Action / Labyrinth/Action	Namco	1-2
tinstar	The Tin Star	1983	Shooter/Shooter / TPV	Taito	1-2
tinv2650	The Invaders	1979	Shooter / Space Invaders Like/Shooter	Zaccaria	
tisland	Treasure Island	1981	Action / Labyrinth/Action	Subsino	1-2
tisub	Treasure Island	1992			
titlef	Title Fight	1990	Sports/Sports / Boxing	SEGA	1-2
tjsb	Mahjong Tian Jiang Shen Bing	1997	Asiatic board game/Various	IGS	1
tjumpman	Tobikose! Jumpman	1999	Sports	Namco	1
tkdensho	Toukidenshou - Angel Eyes	1996	Fighting/Fighting / Versus	Tecmo	1-2
tkmmpzdm	Tokimeki Memorial Taisen Puzzle-dama	1995	Puzzle/Puzzle / Fall	Konami	1-2
tkoboxng	Vs. T.k.o. Boxing	1987	Sports/Sports / Boxing	Namco	1-2
tm	Touchmaster	1996	Compilation	Midway	1-2
tm2k	Touchmaster 2000 Plus	1996	Compilation	Midway	1-2
tm3k	Touchmaster 3000	1997	Compilation	Midway	1-2
tm4k	Touchmaster 4000	1998	Compilation	Midway	1-2
tm5k	Touchmaster 5000	1998	Compilation	Midway	1-2
tm7k	Touchmaster 7000	1999	Compilation	Midway	1-2
tm8k	Touchmaster 8000	2000	Compilation	Midway	1-2
tmek	T-mek	1994	Shooter	Atari	1
tmmjprd	Tokimeki Mahjong Paradise - Dear My Love	1997	Asiatic board game/Mahjong		1-2
tmnt	Teenage Mutant Ninja Turtles	1989	Beat'em Up	Konami	1-4
tmnt2	Teenage Mutant Ninja Turtles: Turtles in Time	1991	Beat'em Up	Konami	1-4
tmosh	Tokimeki Memorial Oshiete Your Heart	1997	Casual Game		1
tmoshs	Tokimeki Memorial Oshiete Your Heart Seal Version	1997	Quiz/Quiz / Japanese/Casual Game	Konami	1
tmoshsp	Tokimeki Memorial Oshiete Your Heart Seal Version	1997	Quiz/Quiz / Japanese/Casual Game	Konami	1
tndrcade	Thundercade	1987	Shooter/Shooter / Vehicle, Vertical/Shoot'em Up / Vertical/Shoot'em Up	SETA	1-2
tnextspc	The Next Space	1989	Shoot'em Up / Vertical/Shoot'em Up	SNK	1-2
tnk3	T.N.K III	1985	Shooter/Shooter / Vehicle, Vertical	SNK	1-2
tnzs	The NewZealand Story	1988	Platform/Platform / Run & Jump Scrolling	Taito	1-2
todruaga	The Tower of Druaga	1984	Action / Labyrinth/Action	Namco	1-2
toffy	Toffy	1993	Action / Labyrinth/Action		1-2
togenkyo	Tougenkyou	1989	Puzzle/Puzzle / Equalize		1
toggle	Toggle	1985	Action / Labyrinth/Shooter Small/Action	Bally Midway	1-2
toki	Toki	1989	Platform/Platform / Shooter Scrolling	Tad	1-2
tokio	Tokio	1986	Shoot'em Up / Vertical/Shoot'em Up	Romstar	1-2
tokisens	Toki no Senshi: Chrono-Soldier	1987	Shooter/Shooter / Run and Gun	EXA Planning	1-2
tokkae	Taisen Tokkae-dama	1996	Puzzle	Konami	1-2
tokyobus	Tokyo Bus Guide	1999	Simulation	FortyFive	1
tokyogal	Tokyo Gal Zukan	1989	Asiatic board game/Mahjong		1
tokyowar	Tokyo Wars	1996	Shooter/Shooter / Vehicle, TPV	Namco	1
tomagic	Tom Tom Magic	1997	Pinball	Hobbitron T.K.Trading	1-2
tomahawk	Tomahawk 777	1980	Shooter/Shooter / Space Invaders Like	Data East	1-2
tomcatsw	Tomcat	1985	Shooter/Shooter / Plane	Atari	1
tondemo	Tondemo Crisis	1999	Compilation	Tecmo	1
tonton	Waku Waku Doubutsu Land Tonton	1987	Casino/Casino / Slot machine		1
tontonb	Tonton [bet]	1987	Asiatic board game/Mahjong		1
tonypok	Poker Master	1991	Casino/Casino / Cards	Corsica	1
toobin	Toobin'	1988	Sports/Sports / Swimming	Atari	1-2
top21	Top Xxi		Casino/Casino / Cards	Assogiochi Assago	1
topbladv	Top Blade V	2003	Fighting/Fighting / Versus	SonoKong	1-2
topdrive	Top Driving	1995	Racing, Driving / Racing/Racing, Driving	Proyesel	1-2
topgun	Vs. Top Gun	1987	Shooter/Shooter / Plane, FPV	Konami	1
topgunnr	Top Gunner	1986	Shooter/Shooter / Plane, FPV	Exidy	1-2
tophuntr	Top Hunter: Roddy & Cathy	1994	Beat'em Up/Platform/Platform / Fighter Scrolling	SNK	1-2
topland	Top Landing	1988	Racing, Driving/Racing, Driving / Plane	Taito	1
toppyrap	Tappy And Rappy	1996	Platform/Platform / Run & Jump	SemiCom	1-2
toprollr	Top Roller	1983	Platform/Platform / Run & Jump Scrolling	Jaleco	1-2
topsecex	Top Secret	1986	Shooter/Racing, Driving	Capcom	1
topshoot	Top Shooter	1995	Sports/Sports / Basketball	Sun Mixing	1
topskatr	Top Skater	1997	Sports/Sports / Skateboard	SEGA	1
topspeed	Top Speed	1987	Racing, Driving/Racing TPV	Taito	1
toratora	Tora Tora	1980	Shooter/Shooter / Space Invaders Like	Game Plan	1
toride2g	Toride II Adauchi Gaiden	1994	Mahjong/Asiatic board game/Puzzle/Puzzle / Equalize	Metro Corporation	1-2
tornbase	Tornado Baseball	1976	Sports / Baseball/Sports	Bally Midway	1-2
tortufam	Tortuga Family	1997	Casino/Casino / Cards	C.M.C.	1
torus	Torus	1996	Puzzle/Puzzle / Fall		1-2
toryumon	Toryumon	1994	Puzzle/Puzzle / Fall	SEGA	1-2
totcarn	Total Carnage	1992	Shooter/Shooter / Run and Gun	Midway	1-2
totd	The Typing of the Dead	2000	Educational/Shooter / FPV/Shooter	SEGA	1-2
totlvice	Total Vice	1997	Shooter/Lightgun Shooter		1-2
totmejan	Tottemo E Jong	1991	Asiatic board game/Mahjong		1
toto	Come Back Toto	1996	Platform/Platform / Run & Jump	SoftClub	1-2
toucheme	Touche Me	2019	Action / Labyrinth/Action		1-2
touchgo	Touch & Go	1995	Sports/Sports / Volleyball	Gaelco	1-4
toukon3	Shin Nihon Pro Wrestling Toukon Retsuden 3 Arcade	1997	Sports/Sports / Wrestling	Tomy	1-2
toukon4	Shin Nihon Pro Wrestling Toukon Retsuden 4 Arcade Edition	2000	Sports/Sports / Wrestling	Yuke's	1-2
tour4000	Tour 4000	2000	Casino/Casino / Cards	High Video	1
tour4010	Tour 4010	2000	Casino/Casino / Cards	High Video	1
tourpgum	ZZZ(notgame):unknown Paradise Automatique / TourVisión bowling themed poker game with gum prizes				
toursol	Tournament Solitaire	1995	Casino	Dynamo	1
tourtabl	Tournament Table	1978	Compilation	Atari	1-2
touryuu	Touryuumon	2005	Asiatic board game/Mahjong		1
toutrun	Turbo Out Run	1989	Racing, Driving/Racing TPV	SEGA	1
toyfight	Toy Fighter	1999	Fighting/Fighting / Versus	Anchor	1-2
toyland	Toy Land Adventure	2001	Platform/Platform / Run & Jump		1-2
toypop	Toypop	1986	Action / Labyrinth/Action	Namco	1-2
tp84	Time Pilot '84	1984	Shooter	Konami	1-2
tpgolf	Top Player's Golf	1991	Sports/Sports / Golf	SNK	1-2
trackfld	Track & Field	1983	Sports / Multisports/Sports	Konami	1-4
trally	Thrash Rally	1991	Racing, Driving / Racing/Racing, Driving	ADK	1
tranqgun	Tranquilizer Gun	1980	Shoot'em Up / Diagonal/Action / Labyrinth/Shooter Small/Action/Shoot'em Up	SEGA	1
transfrm	Transformer	1986	Shoot'em Up / Horizontal/Shoot'em Up	SEGA	1-2
trapeze	Trapeze				
travrusa	MotoRace USA	1983	Racing, Driving/Racing, Driving / Motorcycle	Irem	1-2
trckydoc	Tricky Doc	1987	Platform/Platform / Run & Jump Scrolling	Tecfri	1-2
treacity	Treasure City	1997	Casino / Slot machine/Casino	Subsino	1
trgheart	Trigger Heart Exelica	2006	Shoot'em Up/Shoot'em Up / Vertical	Warashi	1-2
tricktrp	Trick Trap	1987	Shooter/Shooter / Run and Gun	Konami	1-2
triothep	Trio The Punch - Never Forget Me...	1989	Platform/Platform / Fighter Scrolling	Data East	1-2
triplep	Triple Punch	1982	Action / Labyrinth/Action	KKI	1-2
triplew1	Mahjong Triple Wars	1989	Asiatic board game/Mahjong		1
triplew2	Mahjong Triple Wars 2	1990	Asiatic board game/Mahjong		1
triplhnt	Triple Hunt	1977	Shooter/Lightgun Shooter		1
tripool	Tri-pool	1981	Sports / Pool/Sports/Sports / Swimming	Noma	1-2
trisport	Tri-sports	1989	Compilation	Bally Midway	1-4
triviabb	Trivial Pursuit (Baby Boomer Edition)	1984	Quiz / Spanish/Casual Game/Quiz/Quiz / English	Bally Midway	1
triviaes	Trivial Pursuit (spanish)	1987	Quiz / Spanish/Quiz	Bally Sente	1
triviaes4	Trivial Pursuit (spanish)	1987	Quiz / Spanish/Quiz	Bally Sente	1
triviaes5	Trivial Pursuit (spanish)	1987	Quiz / Spanish/Quiz	Bally Sente	1
triviag1	Trivial Pursuit (Think Tank - Genus Edition)	1984	Quiz/Quiz / English	Bally Midway	1-4
triviag2	Trivial Pursuit (genus 2 Edition)	1984	Quiz	Bally Sente	1
triviasp	Trivial Pursuit (all Star Sports Edition)	1984	Quiz	Bally Sente	1
triviayp	Trivial Pursuit (young Players Edition)	1984	Quiz	Bally Sente	1
trivrus	Trivia R Us	2009	Quiz	AGT	1-2
trizeal	Trizeal	2004	Shoot'em Up / Vertical/Shoot'em Up	Triangle Service	1-2
troangel	Tropical Angel	1983	Sports / Water/Sports/Sports / Skiing	Irem	1-2
trog	Trog	1990	Adventure/Action / Labyrinth/Action	Midway	1-4
trojan	Trojan	1986	Platform/Platform / Fighter Scrolling	Capcom	1-2
trophyh	Trophy Hunting - Bear & Moose V1.0	2002	Hunting/Shooter/Lightgun Shooter/Hunting and Fishing		1-2
trstar	Top Ranking Stars	1993	Sports/Sports / Boxing	Taito	1-2
truco	Truco-tron	1985	Casino/Casino / Cards	Playtronic	1
trucocl	Truco Clemente	1991	Casino/Casino / Cards		1
truxton	Truxton	1988	Shoot'em Up / Vertical/Shoot'em Up	Toaplan	1-2
truxton2	Truxton II	1992	Shoot'em Up / Vertical/Shoot'em Up	Toaplan	1-2
trvchlng	Trivia Challenge	1985	Quiz/Quiz / English	Joyland (Senko license)	1-2
trvhang	Trivia Hangup	1984	Quiz/Quiz / English	SMS Manufacturing	1-2
trvmadns	Trivia Madness - Series A Question Set	1985			
trvmstr	Trivia Master	1985	Quiz/Quiz / English	Enerdyne Technologies	1-4
trvquest	Trivia Quest	1984	Quiz/Quiz / English	Sunn	1
tryout	Pro Baseball Skill Tryout	1985	Sports/Sports / Baseball	Data East	1-2
ts2	Battle Arena Toshinden 2	1996	Fighting/Fighting / Versus	Tamsoft	1-2
tsamurai	Samurai Nihon-ichi	1985	Fighting/Fighting / 2D	Kaneko	1-2
tshingen	Shingen Samurai-fighter	1988	Beat'em Up/Fighting/Shooter	Jaleco	1-2
tshoot	Turkey Shoot	1984	Shooter/Lightgun Shooter	Williams	1-2
tstrike	Thunder Strike	1991	Shoot'em Up / Horizontal/Shoot'em Up	East Coast Coin Company	1-2
tsukande	Tsukande Toru Chicchi	1995			
tsupenta	Tsurikko Penta	1991	Casino	Konami	1
tsuwaku	Tsuugakuro No Yuuwaku	2000			
ttchamp	Table Tennis Champions	1995	Sports/Sports / Table tennis		
tturf	Tough Turf	1989	Beat'em Up/Fighting/Fighting / 2.5D	SEGA	1-2
tubep	Tube Panic	1984	Shooter/Shooter / Plane, TPV	Nichibutsu	1-2
tugboat	Tugboat	1982	Racing, Driving/Racing, Driving / Boat	Enteractive	1-2
tumblep	Tumble Pop	1991	Platform/Platform / Run & Jump	Data East	1-2
tunhunt	Tunnel Hunt	1979	Shooter/Shooter / Plane, FPV	Atari	1
turbo	Turbo	1981	Racing, Driving/Racing TPV	SEGA	1
turbofrc	Turbo Force	1991	Shoot'em Up / Vertical/Shoot'em Up	Video System	1-3
turbosub	Turbo Sub	1985	Shooter/Shooter / Vehicle, FPV	Entertainment Sciences	1
turbotag	Turbo Tag	1985	Racing, Driving	Bally Midway	1-2
turfmast	Neo Turf Masters	1996	Sports / Golf/Sports	Nazca	1-2
turkhunt	Turkey Hunting Usa Outdoor	2001	Hunting/Shooter/Lightgun Shooter/Hunting and Fishing	Sammy Corporation	1-2
turrett	Turret Tower	2001	Shooter		1
turtles	Turtles	1981	Action / Labyrinth/Action	Konami	1-2
turtship	Turtle Ship	1988	Shoot'em Up / Horizontal/Shoot'em Up	Philko	1-2
tutankhm	Tutankham	1982	Action / Labyrinth/Action	Konami	1-2
tutstomb	Tut's Tomb	1996	Shooter/Lightgun Shooter		1-2
tvdenwad	ZZZ(notgame):Terebi Denwa Doraemon				
twcup90	Tecmo World Cup '90	1989	Sports / Football (Soccer)/Sports	Tecmo	1-2
twcup94	Tecmo World Cup '94	1994	Sports/Sports / Football (Soccer)	Tecmo	1-4
twcup98	Tecmo World Cup '98	1998	Sports/Sports / Football (Soccer)	Tecmo	1-4
twcupmil	Tecmo World Cup Millennium	2000	Sports/Sports / Football (Soccer)	Tecmo	1-2
twinactn	Twin Action	1995	Shoot'em Up / Horizontal/Shoot'em Up	Afega	1-2
twinadv	Twin Adventure	1995	Compilation	Barko	1-2
twinbee	Twinbee	1985	Shoot'em Up / Vertical/Shoot'em Up	Konami	1-2
twinbrat	Twin Brats	1995	Action / Labyrinth/Action		1-2
twincobr	Twin Cobra	1987	Shoot'em Up / Vertical/Shoot'em Up	Toaplan	1-2
twineag2	Twin Eagle II - The Rescue Mission	1994	Shoot'em Up / Vertical/Shoot'em Up		1-2
twineagl	Twin Eagle - Revenge Joe's Brother	1988	Shoot'em Up / Vertical/Shoot'em Up	SETA	1-2
twinfalc	Twin Falcons	1989	Shoot'em Up / Horizontal/Shoot'em Up	Philko	1-2
twinhawk	Twin Hawk	1989	Shoot'em Up / Vertical/Shoot'em Up	Taito	1-2
twinkle	Twinkle	1997	Action / Labyrinth/Action	SemiCom	1-2
twinqix	Twin Qix	1995	Puzzle	Taito	1-2
twins	Twins	1994	Adults/Puzzle/Puzzle / Equalize	Neo Art Deca Team	1-2
twinspri	Twinkle Star Sprites	1997	Shoot'em Up / Vertical/Shoot'em Up	ADK	1-2
twinsqua	Twin Squash	1991	Action/Action / Breakout games	SEGA	1-2
twotiger	Two Tigers	1984	Shooter	Bally Midway	1-2
twrshaft	Tower & Shaft	2003	Platform/Platform / Run & Jump		1
twsoc96	Tecmo World Soccer '96	1996	Sports/Sports / Football (Soccer)	Tecmo	1-2
tx1	Tx-1	1983	Racing, Driving/Racing TPV	Tatsumi	1
tylz	Tylz	1982	Action / Labyrinth/Action	Mylstar Electronics	1-2
uballoon	Ultra Balloon	1996	Platform/Platform / Run & Jump	SunA	1-2
uccops	Undercover Cops	1992	Beat'em Up	Irem	1-3
uchuuai	Mahjong Uchuu Yori Ai Wo Komete	1989	Asiatic board game/Mahjong		1
ufosensi	UFO Senshi Yoko-chan	1988	Action / Labyrinth/Action	SEGA	1-2
ultennis	Ultimate Tennis	1993	Sports/Sports / Tennis	Art	1-2
ultracin	Waku Waku Ultraman Racing	1996	Racing, Driving	SEGA	1
ultraman	Ultraman	1991	Fighting/Fighting / Versus	Banpresto	1-2
ultramhm	Ultra Maru-hi Mahjong	1993	Asiatic board game/Mahjong		1
ultratnk	Ultra Tank	1978	Shooter/Fighting / Versus/Fighting	Atari	1-2
ultrax	Ultra X Weapons	1995	Shoot'em Up / Vertical/Shoot'em Up	Banpresto	1-2
umanclub	Ultraman Club - Tatakae! Ultraman Kyoudai!!	1992	Shooter	Allumer	1-2
umipoker	Umi De Poker / Marine Paradise	1997		World Station	
umk3	Ultimate Mortal Kombat 3	1995	Fighting/Fighting / Versus	Midway	1-8
unclepoo	Uncle Poo	1983	Action / Labyrinth/Action	Diatec	1-2
undefeat	Under Defeat	2005	Shoot'em Up / Vertical/Shoot'em Up	G.Rev	1-2
undrfire	Under Fire	1993	Shooter/Lightgun Shooter	Taito	1-2
uniwars	UniWar S	1980	Shooter/Shooter / Space Invaders Like/Shoot'em Up / Vertical/Shoot'em Up	Irem	1-2
unkitpkr	unknown Italian poker game	1986	Casino		1
unkkonmd	ZZZ(notgame):unknown Konami medal game				
unkpacg	Unknown Pac-man Gambling Game		Casino/Casino / Cards		1
unksig	unknown 'Space Invaders' gambling game		Casino		1
unksmk	ZZZ(notgame):unknown SMK game				
unkzilec	ZZZ(notgame):unknown Zilec game on Blue Print hardware				
unsquad	U.N. Squadron	1989	Shoot'em Up/Shoot'em Up / Horizontal	Capcom	1-2
untoucha	Untouchable	1987	Casino/Casino / Cards		1
uopoko	Puzzle Uo Poko	1998	Puzzle/Puzzle / Fall	Cave	1-2
upndown	Up'n Down	1983	Racing, Driving	SEGA	1-2
upscope	Up Scope	1986	Shooter/Shooter / Space Invaders Like	Grand Products	1
upyoural	Up Your Alley	1987	Sports/Sports / Bowling	Cinematronics	1-2
urachamu	Urachacha Mudaeri	2002	Action	GamToU	1-3
urashima	Otogizoushi Urashima Mahjong	1989	Asiatic board game/Mahjong		1
usagi	Usagi	2001	Mahjong/Asiatic board game	Warashi	1
usagiym	Usagi - Yamashiro Mahjong Hen	2003	Asiatic board game/Mahjong	Warashi	1
usclssic	U.s. Classic	1989	Sports/Sports / Golf		1-2
usg32	Super Duper Casino	1987	Casino/Compilation		1-4
usgames	Games V25.4x	1992	Casino		1-4
usvsthem	Us vs Them	1984	Shoot'em Up/Shooter/Shooter / Plane, TPV	Mylstar Electronics	1
utoukond	Ultra Toukon Densetsu	1993	Beat'em Up/Fighting/Fighting / 2.5D	Banpresto	1-2
v4cmaze	The Crystal Maze	1993	Compilation	Barcrest	1
v4tetrs	Tetris Payout	1989	Casino		1
v4timebn	Time Bandit		Casino		1
valkyrie	Valkyrie no Densetsu	1989	Shooter/Shooter / Run and Gun	Namco	1-2
valtric	Valtric	1986	Shooter/Shooter / Vehicle, Vertical	NMK	1-2
vamphalf	Vamf X1/2	1999	Fighting/Fighting / 2.5D/Beat'em Up	Danbi System	1-2
vampire	Vampire	1983	Action / Labyrinth/Action	Entertainment Enterprises	1-2
vandyke	Vandyke	1990	Fighting/Fighting / Vertical	UPL	1-2
vangrd2	Vanguard II	1984	Shooter	SNK	1-2
vanguard	Vanguard	1981	Shoot'em Up / Horizontal/Shooter/Shooter / Plane/Shoot'em Up	TOSE	1-2
vanilla	Mahjong Vanilla Syndrome	1991	Adults/Asiatic board game/Mahjong	Nichibutsu	1
vanvan	Van-Van Car	1983	Action / Labyrinth/Action	Sanritsu Denki	1-2
vaportra	Vapor Trail: Hyper Offence Formation	1989	Shoot'em Up / Vertical/Shoot'em Up	Data East	1-2
vaportrx	Vapor Trx	1998	Racing, Driving/Racing TPV	Atari	1
varth	Varth: Operation Thunderstorm	1992	Shoot'em Up / Vertical/Shoot'em Up	Capcom	1-2
vasara	Vasara	2000	Shoot'em Up / Vertical/Shoot'em Up	Visco	1-2
vasara2	Vasara 2	2001	Shoot'em Up / Vertical/Shoot'em Up	Visco	1-2
vastar	Vastar	1983	Shoot'em Up / Horizontal/Shoot'em Up	Sesame Japan	1-2
vathlete	Virtua Athletics	2002	Sports / Multisports/Sports	Hitmaker	1-2
vball	U.s. Championship V'ball	1989	Sports/Sports / Volleyball	Technos Japan	1-4
vblokbrk	Vs Block Breaker	1997	Action/Action / Breakout games	Kaneko	1-2
vbowl	Virtua Bowling	1996	Sports/Sports / Bowling	IGS	1-4
vcarn	Video Carnival 1999 / Super Royal Card	1998			
vcircle	Vicious Circle	1996	Fighting/Fighting / Versus	Atari	1-2
vcombat	Virtual Combat	1993	Shooter/Lightgun Shooter	VR8	
vcop	Virtua Cop	1994	Lightgun Shooter	SEGA	1-2
vcop2	Virtua Cop 2	1995	Lightgun Shooter/Shooter	SEGA	1-2
vcop3	Virtua Cop 3	2003	Shooter/Lightgun Shooter	SEGA	1-2
vega	Vega	1982	Shooter/Shooter / Space Invaders Like	Olympia	
vegasslw	Royal Vegas Joker Card	1993	Casino/Casino / Cards	Funworld	1
vendetta	Vendetta	1991	Beat'em Up	Konami	1-4
venom	ZZZ(notgame):Venom & Spider-Man - Separation Anxiety (SNES bootleg)	1997			
venture	Venture	1981	Action / Labyrinth/Shooter Small/Action	Exidy	1-2
version4	Version 4	2006	Casino/Casino / Slot machine	Amcoe	1
vf	Virtua Fighter	1993	Fighting/Fighting / Versus	SEGA	1-2
vf2	Virtua Fighter 2	1995	Fighting / 3D/Fighting	SEGA	1-2
vf3	Virtua Fighter 3	1996	Fighting / Versus/Fighting/Fighting / 3D/Fighting	SEGA	1-2
vf4	Virtua Fighter 4	2002	Fighting/Fighting / Versus	SEGA	1-2
vf4cart	Virtua Fighter 4	2002	Fighting/Fighting / Versus	SEGA	1-2
vf4evo	Virtua Fighter 4 Evolution	2002	Fighting/Fighting / Versus	SEGA	1-2
vf4evoct	Virtua Fighter 4 Evolution	2002	Fighting/Fighting / Versus	SEGA	1-2
vf4tuned	Virtua Fighter 4 Final Tuned	2004	Fighting/Fighting / Versus	SEGA	1-2
vfkids	Virtua Fighter Kids	1996	Fighting/Fighting / Versus	SEGA	1-4
vfremix	Virtua Fighter Remix	1995	Fighting / 3D/Fighting	SEGA	1-4
vfurlong	Net@Select : Horse Racing - Victory Furlong	2005	Horse racing/Sports with animals	Progress	8+
vgoalsoc	V Goal Soccer	1994	Sports/Sports / Football (Soccer)	Tecmo	1-2
vhunt2	Vampire Hunter 2: Darkstalkers' Revenge	1997	Fighting/Fighting / Versus	Capcom	1-2
victlap	Ace Driver : Victory Lap	1996	Racing, Driving	Namco	1
victnine	Victorious Nine	1984	Sports/Sports / Baseball	Taito	1-2
victor21	Victor 21	1990	Casino/Casino / Cards	Subsino	1
victor6	Victor 6	1995	Casino/Casino / Cards	American Alpha	1
victory	Victory	1982	Shoot'em Up	Exidy	1-2
victoryc	Victory (Comsoft)	1982	Shooter/Shoot'em Up	Comsoft	1-2
victroad	Victory Road	1986	Shooter/Shooter / Run and Gun	SNK	1-2
videight	Video Eight	2001	Compilation	Macro	1-2
videopin	Video Pinball	1979	Pinball	Atari	1-4
videtron	Videotron Poker		Casino/Casino / Cards		1
vidvince	Video Vince And The Game Factory	1984	Platform/Platform / Run & Jump	Mylstar Electronics	1
viewpoin	Viewpoint	1992	Shoot'em Up / Diagonal/Shoot'em Up	Sammy Corporation	1-2
vigilant	Vigilante	1988	Beat'em Up	Irem	1-2
vimana	Vimana	1991	Shoot'em Up / Vertical/Shoot'em Up	Toaplan	1-2
vindctr2	Vindicators Part II	1988	Shooter/Shooter / Vehicle, Vertical	Atari	1-2
vindictr	Vindicators	1988	Shooter / Vehicle, TPV/Shooter	Atari	1-2
viofight	Violence Fight	1989	Fighting/Fighting / Versus	Taito	1-2
viostorm	Violent Storm	1993	Beat'em Up	Konami	1-3
viper	Viper	1988	Shooter/Shooter / Plane, FPV	Leland	1-2
viprp1	Viper Phase 1	1995	Shoot'em Up / Vertical/Shoot'em Up	Seibu Kaihatsu	1-2
virnba	Virtua NBA	2000	Sports/Sports / Basketball	SEGA	1-2
virtpool	Virtual Pool	1998	Sports / Pool/Sports	Incredible Technologies	1
vitaminc	Mahjong Vitamin C	1989	Asiatic board game/Mahjong		1
vivdolls	Vivid Dolls	1998	Puzzle	Visco	1-2
vliner	V-Liner	2001	Casino/Casino / Slot machine	Dyna	1
vmahjong	Virtual Mahjong	1997	Asiatic board game/Mahjong	Micronet	1
vmetal	Varia Metal	1995	Shoot'em Up / Vertical/Shoot'em Up	Excellent System	1-2
volfied	Volfied	1989	Puzzle	Taito	1-2
von	Cyber Troopers Virtual-on	1996	Fighting/Fighting / Versus/Shooter	SEGA	2
von2	Virtual On 2: Oratorio Tangram	1998	Fighting	SEGA	1
von4	Cyber Troopers Virtual-on	1996	Fighting/Fighting / Versus/Shooter	SEGA	2
vonot	Cyber Troopers Virtual-On: Oratorio Tangram M.S.B.S. Ver. 5.66	2000	Fighting / Versus/Fighting	Hitmaker	1-2
vortex	Vortex	1980	Shoot'em Up / Vertical/Shoot'em Up	Zilec Games	1-2
vpoker	Videotronics Draw Poker				
vr	Virtua Racing	1992	Racing, Driving/Racing FPV	SEGA	1
vroulet	Vegas Roulette	1989	Casino/Casino / Roulette	World Game	1
vs2	Virtua Striker 2	1997	Sports/Sports / Football (Soccer)	SEGA	1-2
vs298	Virtua Striker 2 '98	1998	Sports/Sports / Football (Soccer)	SEGA	1-2
vs2_2k	Virtua Striker 2 Ver. 2000	1999	Sports/Sports / Football (Soccer)	SEGA	1-2
vs2v991	Virtua Striker 2 '99.1	1999	Sports/Sports / Football (Soccer)	Sega AM1	1-2
vsav	Vampire Savior: The Lord of Vampire	1997	Fighting / Versus/Fighting	Capcom	1-2
vsav2	Vampire Savior 2 : The Lord of Vampire	1997	Fighting/Fighting / Versus	Capcom	1-2
vsbball	Vs. Baseball	1984	Sports/Sports / Baseball	Nintendo	1-4
vsfdf	Vs. Freedom Force	1988	Shooter/Lightgun Shooter	Sunsoft	1-2
vsgongf	Vs Gong Fight	1984	Sports/Sports / Boxing	Kaneko	1-2
vsgradus	Vs. Gradius	1986	Shoot'em Up / Horizontal/Shoot'em Up	Konami	1-2
vsgshoe	Vs. Gumshoe	1986	Platform/Platform / Run & Jump	Nintendo	1
vshoot	J-league Soccer V-shoot	1994	Sports/Sports / Football (Soccer)	Namco	1-4
vsmahjng	Vs. Mahjong	1984	Asiatic board game/Mahjong		1-2
vsmjtria	VS Mahjong Triangle	1986	Mahjong/Asiatic board game	Dyna	1-2
vsnetscr	Versus Net Soccer	1996	Sports/Sports / Football (Soccer)	Konami	1-2
vspinbal	Vs. Pinball	1984	Pinball	Nintendo	1-2
vsskykid	Vs. Super Skykid	1985	Shoot'em Up / Horizontal/Shoot'em Up	Namco	1-2
vsslalom	Vs. Slalom	1986	Sports/Sports / Skiing	Rareware	1-2
vssoccer	Vs. Soccer	1985	Sports/Sports / Football (Soccer)	Nintendo	1-2
vstennis	Vs. Tennis	1984	Sports/Sports / Tennis	Nintendo	1-4
vstetris	Vs. Tetris	1987	Puzzle/Puzzle / Fall	Academy Software	1-2
vstrik3	Virtua Striker 3	2001	Sports / Football (Soccer)/Sports	SEGA	1-2
vstrik3c	Virtua Striker 3	2001	Sports / Football (Soccer)/Sports	SEGA	1-2
vstriker	Virtua Striker	1994	Sports	SEGA	1-2
vtenis2c	Virtua Tennis 2	2001	Sports/Sports / Tennis	Hitmaker	1-4
vtennis	Virtua Tennis	2000	Sports / Tennis/Sports	SEGA	1-4
vtennis2	Virtua Tennis 2	2001	Sports/Sports / Tennis	Hitmaker	1-4
vtennisg	Virtua Tennis	2000	Sports / Tennis/Sports	SEGA	1-4
vulcan	Vulcan Venture	1988	Shoot'em Up / Horizontal/Shoot'em Up	Konami	1-2
vulgus	Vulgus	1984	Shoot'em Up / Vertical/Shoot'em Up	Capcom	1-2
wacko	Wacko	1982	Shooter	Bally Midway	1-2
waidrive	WaiWai Drive	2005	Racing, Driving	MOSS	1-2
wakuwak7	Waku Waku 7	1996	Fighting/Fighting / Versus	Sunsoft	1-2
wallc	Wall Crash	1984	Action/Action / Breakout games	Midcoin	1
wallst	Wall Street	1982	Action	Century Electronics	1-2
wangmid	Wangan Midnight Maximum Tune	2004	Racing, Driving/Racing TPV		1
wangmid2	Wangan Midnight Maximum Tune 2	2005	Racing, Driving/Racing TPV		1
wanted	Wanted	1984	Shooter/Shooter / TPV	Sigma Enterprises	1-2
wantsega	Wanted	1982	Shooter	SEGA	1
warahana	Warai no Hana Tenshi	1991	Asiatic board game	Dynax	1-2
wardner	Wardner	1987	Platform/Platform / Fighter Scrolling	Toaplan	1-2
warfa	War: The Final Assault	1999	Shooter	Atari	1
wargods	War Gods	1995	Fighting	Midway	1-2
warlords	Warlords	1980	Action/Action / Breakout games	Atari	1-4
warofbug	War of the Bugs or Monsterous Manouvers in a Mushr	1981	Shooter/Shooter / Space Invaders Like	Armenia	1-2
warp1	Warp-1	1979	Shoot'em Up / Vertical/Shoot'em Up	Sun Electronics	1-2
warpsped	Warp Speed		Racing, Driving/Racing FPV		1
warpwarp	Warp & Warp	1981	Shooter/Various	Namco	1-2
warrior	Warrior	1979	Fighting	Vectorbeam	1-2
warriorb	Warrior Blade - Rastan Saga Episode III	1991	Beat'em Up/Fighting/Fighting / 2.5D	Taito	1-2
waterski	Water Ski	1983	Sports/Sports / Skiing	Taito	1-2
watrball	Water Balls	1996	Puzzle/Puzzle / Throw	ABM Games	1
waverunr	Wave Runner	1996	Sports/Racing, Driving/Racing, Driving / Boat	SEGA	1-2
wb3	Wonder Boy III - Monster Lair	1988	Platform/Platform / Shooter Scrolling	Westone	1-2
wbbc97	Beach Festival World Championship 1997	1997	Adults/Sports/Sports / Volleyball	Comad	1-2
wbeachvl	World Beach Volley	1995	Sports/Sports / Volleyball	Playmark	1-4
wbml	Wonder Boy In Monster Land	1987	Platform/Platform / Shooter Scrolling	SEGA	1-2
wboy	Wonder Boy	1986	Platform/Platform / Shooter Scrolling	Escape	1-2
wcat3	Wild Cat 3		Casino		1
wcatcher	Mahjong Wakuwaku Catcher	1993	Asiatic board game/Mahjong		1
wcbowl	World Class Bowling	1995	Sports/Sports / Bowling		1-4
wccf116	World Club Champion Football Serie A 2001-2002	2002	Sports / Football (Soccer)/Sports	AM3	1-8
wccf1dup	World Club Champion Football Serie A 2001-2002	2002	Sports / Football (Soccer)/Sports	AM3	1-8
wccf212e	World Club Champion Football Serie A 2002-2003	2002	Sports / Football (Soccer)/Sports	AM3	1-8
wccf234j	World Club Champion Football Serie A 2002-2003	2002	Sports / Football (Soccer)/Sports	AM3	1-8
wccf310j	World Club Champion Football European Clubs 2004-2005	2005	Sports / Football (Soccer)/Sports	SEGA	1-2
wccf322e	World Club Champion Football European Clubs 2004-2005	2005	Sports / Football (Soccer)/Sports	SEGA	1-2
wccf420e	World Club Champion Football European Clubs 2005-2006	2006	Sports / Football (Soccer)/Sports	SEGA	1-2
wcherry	Win Cherry	2001	Casino/Casino / Slot machine	bootleg	
wcombat	World Combat	2002	Shooter/Lightgun Shooter	Konami	1-2
wcvol95	World Cup Volley '95	1995	Sports/Sports / Volleyball	Data East	1-2
wecleman	Wec Le Mans 24	1986	Racing TPV/Racing, Driving	Konami	1
weddingr	Wedding Rhapsody	1997	Quiz/Quiz / Japanese	Konami	1-2
welltris	Alexey Pajitnov's Welltris	1991	Puzzle/Puzzle / Fall	Video System	1-2
wfortune	Wheel Of Fortune	1989	Quiz/Quiz / English	GameTek	1-3
wg3dh	Wayne Gretzky's 3d Hockey	1996	Sports/Sports / Hockey	Williams	1-4
wgp	World Grand Prix	1989	Racing, Driving/Motorcycle race FPV	Taito	1
wgp2	World Grand Prix	1989	Racing, Driving/Motorcycle race FPV	Taito	1
wh1	World Heroes	1992	Fighting / Versus/Fighting	ADK	1-2
wh2	World Heroes 2	1993	Fighting / Versus/Fighting	ADK	1-2
wh2j	World Heroes 2 Jet	1994	Fighting / Versus/Fighting	ADK	1-2
wheelfir	Wheels & Fire		Racing, Driving/Racing TPV		1
wheelrun	Wheels Runner	2019	Racing, Driving/Racing, Driving / Racing		1-2
whodunit	Who Dunit	1988	Shooter/Lightgun Shooter	Exidy	1-2
whp	World Heroes Perfect	1995	Fighting/Fighting / Versus	ADK	1-2
wiggie	Wiggie Waggie	1994	Action/Action / Breakout games	Promat	1-2
wildfang	Tecmo Knight	1989	Beat'em Up/Platform/Platform / Fighter Scrolling	Tecmo	1-2
wildplt	Wild Pilot	1992	Shooter/Lightgun Shooter	Jaleco	1-2
willow	Willow	1989	Platform/Platform / Shooter Scrolling	Capcom	1-2
wilytowr	Wily Tower	1984	Platform/Platform / Run & Jump Scrolling	Irem	1-2
winbingo	Win Win Bingo	2005	Casino	Astro	1
windheat	Winding Heat	1996	Racing, Driving/Racing TPV	Konami	1
wingforc	Wing Force	1993	Shoot'em Up / Vertical/Shoot'em Up	A.I	1-2
wingwar	Wing War	1994	Shooter/Shooter / Plane, FPV	SEGA	1
wink	Wink	1985	Action/Action / Breakout games	Midcoin	
winner	ZZZ(notgame):Winner				
winrun	Winning Run	1988	Racing, Driving/Racing FPV	Namco	1
winrun91	Winning Run '91	1991	Racing, Driving/Racing FPV	Namco	1
winrungp	Winning Run Suzuka Grand Prix	1989	Racing, Driving/Racing FPV	Namco	1
winspike	Winning Spike	1997	Sports/Sports / Volleyball	Konami	1-2
winterht	Winter Heat	1997	Sports/Sports / Skiing	SEGA	1-4
wiping	Wiping	1982	Action / Labyrinth/Action	Nichibutsu	1-2
witch	Witch	1992	Pinball	SEGA	1
witchcrd	Witch Card	1991	Casino/Casino / Cards	Video Klein	1
wits	Wit's	1989	Action / Labyrinth/Action	Athena	1-2
wivernwg	Wivern Wings	2001	Shoot'em Up / Vertical/Shoot'em Up	SemiCom	
wiz	Wiz	1985	Platform/Platform / Shooter Scrolling	Seibu Kaihatsu	1-2
wizdfire	Wizard Fire	1992	Role Playing Game/Fighting/Fighting / 2.5D	Data East	1-2
wizwarz	Wiz Warz	1984	Shooter/Shooter / Space Invaders Like	Mylstar Electronics	1-2
wizways	ZZZ(notgame):Wizard Ways				
wizzquiz	Wizz Quiz	1985	Quiz/Quiz / English	Zilec Games	1-2
wjammers	Windjammers	1994	Sports	Data East	1-2
wldarrow	Wild Arrow	1982	Casino/Casino / Slot machine	Meyco Games	1
wldcourt	World Court	1988	Sports/Sports / Tennis	Namco	1-2
wldgunsb	ZZZ(notgame):Wild Guns (SNES bootleg)	1996			
wldkicks	World Kicks	2000	Sports / Football (Soccer)/Sports	Namco	1-4
wldrider	Wild Riders	2001	Racing, Driving / Motorcycle/Racing, Driving	Wow Entertainment	1
wlstar	Wonder League Star - Sok-magicball Fighting	1995	Sports/Sports / Baseball		1-2
wmatch	Water Match	1984	Sports/Sports / Running trails	SEGA	1-2
wmg	Williams Multigame	2001	Compilation		1
wndrmomo	Wonder Momo	1987	Fighting/Fighting / 2D	Namco	1-2
wndrplnt	Wonder Planet	1987	Shoot'em Up / Vertical/Shoot'em Up	Data East	1-2
wof	Warriors of Fate	1992	Beat'em Up	Capcom	1-3
wolfpack	Wolf Pack	1978	Shooter/Shooter / Space Invaders Like	Atari	1
wondl96	Wonder League '96	1996	Sports/Sports / Baseball	SemiCom	1-2
wondstck	Wonder Stick		Puzzle		1-2
woodpeck	Woodpecker	1981	Platform/Platform / Run & Jump	Amenip	1-2
worldadv	World Adventure	1999	Asiatic board game/Puzzle	Logic / F2 System	1-2
worldwar	World Wars	1987	Shoot'em Up / Vertical/Shoot'em Up	SNK	1-2
wotw	War Of The Worlds	1982	Shoot'em Up	Cinematronics	1
wow	Wizard Of Wor	1980	Action / Labyrinth/Shooter Small/Action	Midway	1-2
wownfant	Wow New Fantasia	2002	Adults/Puzzle	Comad	1-2
wpksocv2	World Pk Soccer V2	1996	Sports/Sports / Football (Soccer)	Jaleco	1-2
wrally	World Rally	1993	Racing, Driving/Racing, Driving / Racing	Gaelco	1-2
wrally2	World Rally 2: Twin Racing	1995	Racing, Driving/Racing, Driving / Racing	Gaelco	1-2
wrecking	Vs. Wrecking Crew	1984	Platform/Platform / Run & Jump	Nintendo	1-2
wrestwar	Wrestle War	1989	Sports/Sports / Wrestling	SEGA	1-2
wrofaero	War of Aero: Project MEIOU	1993	Shoot'em Up / Vertical/Shoot'em Up	Allumer	1-2
wrungp	WaveRunner GP	2001	Racing, Driving/Racing, Driving / Boat	CRI	1-2
ws	World Stadium	1988	Sports/Sports / Baseball	Namco	1-2
wsbbgd	World Series Baseball	2001	Sports / Baseball/Sports	Wow Entertainment	1-2
wschamp	Wing Shooting Championship V2.00	2001	Shooter/Lightgun Shooter	Sammy USA Corporation	1-2
wseries	World Series: The Season	1985	Sports/Sports / Baseball	Cinematronics	1-2
wsf	World Soccer Finals	1990	Sports/Sports / Football (Soccer)	Leland	1-4
wsjr	Who Shot Johnny Rock?	1991	Lightgun Shooter	American Laser Games	1
wtennis	World Tennis	1982	Sports/Sports / Tennis	bootleg	1-2
wwallyj	Wally Wo Sagase!	1992	Compilation	SEGA	1-2
wwanpanm	Kiddie Ride: Waku Waku Anpanman	1992	Casino	SEGA	1
wwestern	Wild Western	1982	Shooter/Shooter / Vertical	Taito	1-2
wwfmania	WWF: Wrestlemania	1995	Sports / Fighting/Sports	Midway	1-2
wwfroyal	WWF Royal Rumble	2000	Sports / Fighting/Sports	SEGA	1-2
wwfsstar	WWF Superstars	1989	Sports / Fighting/Sports	Technos Japan	1-2
wwfwfest	WWF Wrestlefest	1991	Sports / Fighting/Sports	Technos Japan	1-4
wwjgtin	Wai Wai Jockey Gate-in!	1984	Sports/Horse racing/Sports with animals		1-2
wwmarine	Waku Waku Marine	1992		Sega AM1	1
wyvernf0	Wyvern F-0	1985	Shoot'em Up / Vertical/Shoot'em Up	Taito	1-2
x2222	X2222	2000	Shoot'em Up / Vertical/Shoot'em Up	Promat	1-2
xday2	X-day 2	1995	Quiz/Quiz / Japanese	Namco	1-2
xenophob	Xenophobe	1987	Platform/Platform / Shooter Scrolling	Bally Midway	1-3
xevi3dg	Xevious 3d/g	1995	Shoot'em Up / Vertical/Shoot'em Up	Namco	1-2
xevious	Xevious	1982	Shoot'em Up / Vertical/Shoot'em Up	Namco	1-2
xexex	Xexex	1991	Shoot'em Up / Horizontal/Shoot'em Up	Konami	1-2
xfiles	The X-Files	1999	Asiatic board game	dgPIX Entertainment	
xiistag	XII Stag	2002	Shoot'em Up / Vertical/Shoot'em Up	Triangle Service	1-2
xmcota	X-Men : Children of the Atom	1994	Fighting / Versus/Fighting	Capcom	1-2
xmen	X-Men	1992	Beat'em Up/Fighting/Fighting / 2.5D	Konami	1-6
xmultipl	X Multiply	1989	Shoot'em Up / Horizontal/Shoot'em Up	Irem	1-2
xmvsf	X-Men vs. Street Fighter	1996	Fighting	Capcom	1-2
xorworld	Xor World	1990	Puzzle/Various	Gaelco	1-2
xrally	Xtreme Rally	1998	Racing, Driving	SNK	1
xsedae	X Se Dae Quiz	1995	Quiz/Quiz / Korean	Dream Island	1-2
xsleena	Solar Warrior	1986	Platform/Platform / Shooter Scrolling	Technos Japan	1-2
xtheball	X The Ball	1991	Sports/Sports / Football (Soccer)	Rareware	1
xtrial	Xtrial Racing	2002	Racing, Driving/Racing TPV	Konami	1
xtrmhnt2	Extreme Hunting 2	2006	Hunting and Fishing/Lightgun Shooter	SEGA	1-2
xtrmhunt	Extreme Hunting	2004	Hunting and Fishing/Lightgun Shooter	Sammy Corporation	1-2
xxmissio	XX Mission	1986	Shoot'em Up / Vertical/Shoot'em Up	UPL	1-2
xybots	Xybots	1987	Shooter / TPV/Shooter	Atari	1-2
xymg	Xing Yun Man Guan	1996	Asiatic board game/Mahjong	IGS	1
xyonix	Xyonix	1989	Puzzle/Puzzle / Fall	Philko	1-2
yamagchi	Go Go Mr. Yamaguchi / Yuke Yuke Yamaguchi-kun	1985	Shoot'em Up / Vertical/Shoot'em Up	Kaneko	1-2
yamato	Yamato	1983	Shooter/Shooter / Space Invaders Like	SEGA	1-2
yamyam	Yam! Yam!?	1990	Puzzle/Various	NMK	1-2
yarunara	Mahjong Yarunara	1991	Asiatic board game/Mahjong	Dynax	1
yattrmnp	ZZZ(notgame):Yatterman Plus				
yesnoj	Yes/no Sinri Tokimeki Chart	1992	Quiz/Quiz / Japanese	Taito	1-2
yiear	Yie Ar Kung-Fu	1985	Fighting/Fighting / Versus	Konami	1-2
ymcapsul	Yu-Gi-Oh Monster Capsule				
yorijori	Yori Jori Kuk Kuk		Compilation	Golden Bell Entertainment	
yosakdon	Yosaku To Donbei	1979	Shooter/Shooter / Space Invaders Like	Wing	1-2
yosimoto	Mahjong Yoshimoto Gekijou	1994	Asiatic board game/Mahjong	Nichibutsu	1
youjyudn	Youjyuden	1986	Shooter/Shooter / Run and Gun	Irem	1-2
yujan	Yu-jan	1999	Asiatic board game/Mahjong	Yubis	1
yuka	Yu-ka	1999	Asiatic board game/Hanafuda	Yubis	1
yukon	Yukon	1989	Casino/Casino / Cards	Exidy	1
yumefuda	Yumefuda [bet]	1991	Asiatic board game/Hanafuda		1
yutnori	Puzzle Yutnori	1999			
yuyugogo	Yuuyu No Quiz De Go!go!	1990	Quiz/Quiz / Japanese	Taito	1-2
zaryavos	Zarya Vostoka	1984	Action / Labyrinth/Action	Nova Games	1-2
zaviga	Zaviga	1984	Shooter/Shooter / Vertical	Data East	1-2
zaxxon	Zaxxon	1982	Shoot'em Up / Diagonal/Shoot'em Up	SEGA	1-2
zedblade	Zed Blade	1994	Shoot'em Up/Shoot'em Up / Horizontal	NMK	1-2
zektor	Zektor	1982	Shoot'em Up	SEGA	1-2
zelos	ZZZ(notgame):Zelos	1994			
zerogu2	Zero Gunner 2	2001	Shoot'em Up	Psikyo	1-2
zerogun	Zero Gunner	1997	Shoot'em Up/Shooter/Shooter / Plane	Psikyo	1-2
zerohour	Zero Hour	1980	Shooter/Shooter / Space Invaders Like	Universal	1-2
zeropnt	Zero Point	1998	Shooter/Lightgun Shooter	Unicorn Group	1-2
zeropnt2	Zero Point 2	1999	Shooter/Lightgun Shooter	Unicorn Group	1-2
zeroteam	Zero Team Usa	1993	Beat'em Up/Fighting/Fighting / 2.5D	Seibu Kaihatsu	1-4
zerotrgt	Zero Target	1985	Shooter/Shooter / Plane, FPV	Data East	1-2
zerowing	Zero Wing	1989	Shooter / Horizontal/Shooter	Toaplan	1-2
zerozone	Zero Zone	1993	Adults/Puzzle/Puzzle / Fall	Comad	1-2
zigzagb	Zig Zag	1982	Action / Labyrinth/Action	LAX	1-2
zingzip	Zing Zing Zip	1992	Shoot'em Up / Vertical/Shoot'em Up	Allumer	1-2
zintrckb	Zintrick	1995	Puzzle/Puzzle / Throw	ADK	1-2
zipzap	Zip & Zap	1995	Adults/Action/Action / Breakout games		1-2
znpwfv	Zen Nippon Pro-Wrestling Featuring Virtua	1997	Sports/Sports / Wrestling	SEGA	1-4
zoar	Zoar	1982	Shoot'em Up / Vertical/Shoot'em Up	Data East	1-2
zodiack	Zodiack	1983	Shoot'em Up / Vertical/Shoot'em Up	Orca	1-2
zokuoten	Zoku Otenamihaiken	2001	Asiatic board game/Board game	Success	1-2
zombraid	Zombie Raid	1995	Shooter/Lightgun Shooter	Sammy USA Corporation	1-2
zombrvn	Zombie Revenge	1999	Shooter	SEGA	1-2
zookeep	Zoo Keeper	1982	Platform/Platform / Run & Jump	Taito	1-2
zooo	Zooo	2004	Puzzle	Buddiez	1-2
zortonbr	Zorton Brothers	1993	Shooter/Lightgun Shooter	Web Picmatic	1
zunkyou	Zunzunkyou no Yabou	1994	Shooter/Shooter / TPV	SEGA	1-2
zunou	Touch De Zunou	2006	Puzzle/Various	SEGA	1-2
zupapa	Zupapa!	2001	Platform/Platform / Run & Jump	FACE	1-2
zwackery	Zwackery	1984	Platform/Platform / Run & Jump	Bally Midway	1
zzyzzyxx	Zzyzzyxx	1982	Action / Labyrinth/Action	Advanced Microcomputer Systems	1-2
