#name	crc	size	key
005			005
005a			005
10yard			10yard
10yard85			10yard
10yardj			10yard
11beat			11beat
18wheelr			18wheelr
18wheelro			18wheelr
18wheelrt			18wheelr
18wheels			18wheelr
18wheelu			18wheelr
1941			1941
1941j			1941
1941r1			1941
1941u			1941
1942			1942
1942a			1942
1942abl			1942
1942b			1942
1942h			1942
1942iti			1942
1942p			1942
1942w			1942
1943			1943
1943b			1943
1943bj			1943
1943j			1943
1943ja			1943
1943jah			1943
1943kai			1943kai
1943mii			1943mii
1943u			1943
1943ua			1943
1944			1944
1944d			1944
1944j			1944
1944u			1944
1945kiii			1945kiii
1945kiiin			1945kiii
1945kiiio			1945kiii
1945kiiipt			1945kiii
19in1			39in1
19xx			19xx
19xxa			19xx
19xxar1			19xx
19xxb			19xx
19xxd			19xx
19xxh			19xx
19xxj			19xx
19xxjr1			19xx
19xxjr2			19xx
19xxu			19xx
1on1gov			1on1gov
2020bb			2020bb
2020bba			2020bb
2020bbh			2020bb
20pacgal			20pacgal
20pacgalr0			20pacgal
20pacgalr1			20pacgal
20pacgalr2			20pacgal
20pacgalr3			20pacgal
20pacgalr4			20pacgal
25pacman			25pacman
25pacmano			25pacman
280zzzap			280zzzap
280zzzapa			280zzzap
39in1			39in1
3bagfull			3bagfull
3bagfullnz			3bagfull
3bagfullu			3bagfull
3cdpoker			3cdpoker
3cdpokera			3cdpoker
3countb			3countb
3in1mbc			3in1mbc
3in1semi			3in1semi
3in1semia			3in1semi
3kokushi			3kokushi
3on3dunk			3on3dunk
3stooges			3stooges
3stoogesa			3stooges
3super8			3super8
3wonders			3wonders
3wondersb			3wonders
3wondersbi			3wonders
3wondersh			3wonders
3wondersr1			3wonders
3wondersu			3wonders
3x3puzzl			3x3puzzl
3x3puzzla			3x3puzzl
40love			40love
40lovebl			40love
40lovej			40love
48in1			39in1
48in1a			39in1
48in1b			39in1
48in1c			39in1
4dwarrio			4dwarrio
4enraya			4enraya
4enrayaa			4enraya
4in1			4in1
4in1a			39in1
4in1b			39in1
4in1boot			4in1boot
4psimasy			4psimasy
500gp			500gp
5acespkr			5acespkr
5clown			5clown
5clowna			5clown
5clownsp			5clown
600			turtles
60in1			39in1
64street			64street
64streetj			64street
64streetja			64street
720			720
720g			720
720gr1			720
720r1			720
720r2			720
720r3			720
7jigen			7jigen
7mezzo			7mezzo
7ordi			7ordi
7smash			7smash
7smasha			7smash
7toitsu			mgakuen
800fath			mariner
800fatha			mariner
88games			88games
8ball			8ball
8ball1			8ball
8ballact			8ballact
8ballact2			8ballact
8bpm			8ballact
99lstwar			repulse
99lstwara			repulse
99lstwarb			repulse
99lstwark			repulse
9ballsht			9ballsht
9ballsht2			9ballsht
9ballsht3			9ballsht
9ballshtc			9ballsht
a51mxr3k			area51mx
a51mxr3ka			area51mx
a51site4			a51site4
a51site4a			a51site4
aafb			aafb
aafbb			aafb
aafbc			aafb
aafbd2p			aafb
aafootb			gridiron
abaseb			abaseb
abaseb2			abaseb
abattle			astrof
abattle2			astrof
abcheck			abcheck
abcop			abcop
abcopd			abcop
abcopj			abcop
abcopjd			abcop
ablast			penbros
ablastb			penbros
abnudge			abnudge
abnudgeb			abnudge
abnudged			abnudge
abnudgeo			abnudge
abscam			puckman
abunai			abunai
aburner			aburner
aburner131			aburner
aburner2			aburner2
aburner2g			aburner2
acchi			acchi
ace			ace
aceattac			aceattac
aceattaca			aceattac
acedrive			acedrive
acitya			bwcasino
acombat			astrof
acombat3			astrof
acombat4			astrof
acombato			astrof
acrobatm			acrobatm
acrobatmbl			acrobatm
act2000			act2000
act2000b1			act2000
act2000bx			act2000
act2000d1			act2000
act2000dx			act2000
act2000o			act2000
act2000o2			act2000
act2000o3			act2000
act2000v1			act2000
act2000vx			act2000
actfancr			actfancr
actfancr1			actfancr
actfancr2			actfancr
actfancrj			actfancr
actionhw			actionhw
ad2083			ad2083
adcanoe			adcanoe
adillor			adillor
adillorj			adillor
adpoker			adpoker
aerfboo2			aerofgt
aerfboot			aerofgt
aeroboto			formatz
aerofgt			aerofgt
aerofgtb			aerofgt
aerofgtc			aerofgt
aerofgts			aerofgts
aerofgtst			aerofgts
aerolitol			asteroid
aerolitos			asteroid
afighter			afighter
afightera			afighter
afighterb			afighter
afighterc			afighter
afighterd			afighter
afightere			afighter
afighterf			afighter
afighterg			afighter
afighterh			afighter
afire			astrof
agallet			agallet
agalleta			agallet
agalletah			agallet
agalletaj			agallet
agalletak			agallet
agalletat			agallet
agalletau			agallet
agalleth			agallet
agalletj			agallet
agalletk			agallet
agallett			agallet
agalletu			agallet
agentx1			cloak
agentx2			cloak
agentx3			cloak
agentx4			cloak
agress			agress
agressb			agress
aimode			aimode
ainferno			ainferno
ainfernoj			ainferno
ainfernou			ainferno
airass			airass
airattck			airattck
airattcka			airattck
airbustr			airbustr
airbustrb			airbustr
airbustrj			airbustr
airco22b			airco22b
aircomb			aircomb
aircombj			aircomb
airduel			airduel
airdueljm72			airduel
airduelm72			airduel
airduelu			airduel
airraid			airraid
airtrix			airtrix
airtrixo			airtrix
airwlkrs			airwlkrs
airwolf			airwolf
airwolfa			airwolf
ajax			ajax
ajaxj			ajax
akamaru			akamaru
akamj			akamj
akazukin			akazukin
aking			aking
akiss			akiss
akissa			akiss
akkaarrh			akkaarrh
akkanvdr			spcinv95
akumajou			hcastle
akumajoun			hcastle
aladmdb			aladmdb
albatross			suprgolf
alchemst			alchemst
alcon			alcon
alexkidd			alexkidd
alexkidd1			alexkidd
alibaba			alibaba
alibabab			alibaba
alien3			alien3
alien3j			alien3
alien3u			alien3
alienar			alienar
alienaru			alienar
aliencha			aliencha
alienchac			aliencha
aliencr			aliencr
alienfnt			alienfnt
alienfnta			alienfnt
alieninv			invaders
alieninvp2			invaders
aliens			aliens
aliens2			aliens
aliens3			aliens
aliens4			aliens
aliensa			aliens
aliensec			aliensec
aliensj			aliens
aliensj2			aliens
aliensu			aliens
aliensyn			aliensyn
aliensyn2			aliensyn
aliensyn3			aliensyn
aliensyn5			aliensyn
aliensyn7			aliensyn
aliensynj			aliensyn
aliensynjo			aliensyn
aligator			aligator
aligatorp			aligator
aligators			aligator
aligatorun			aligator
aligatoruna			aligator
alinvade			alinvade
alleymas			upyoural
alpha1v			alpha1v
alphaho			alphaho
alphahob			alphaho
alpham2			alpham2
alpham2p			alpham2
alphamis			aso
alphaone			mhavoc
alphaonea			mhavoc
alphaxz			alphaxz
alpilot			alpilot
alpilotj			alpilotj
alpine			alpine
alpinea			alpine
alpinerc			alpinerd
alpinerd			alpinerd
alpinerjc			alpinerd
alpines			alpines
alpinr2a			alpinr2b
alpinr2b			alpinr2b
altair			altair
altair2			altair2
altbeast			altbeast
altbeast2			altbeast
altbeast4			altbeast
altbeast5			altbeast
altbeast5d			altbeast
altbeast6			altbeast
altbeastbl			altbeast
altbeastbl2			altbeast
altbeastj			altbeast
altbeastj1			altbeast
altbeastj3			altbeast
altbeastj3d			altbeast
amatelas			amazon
amazon			amazon
amazont			amazon
amaztsk			amaztsk
ambush			ambush
ambushh			ambush
ambushj			ambush
ambushv			ambush
amerdart			amerdart
amerdart2			amerdart
amerdart3			amerdart
amerug			atarifb
amidar			amidar
amidar1			amidar
amidarb			amidar
amidarb2			amidar
amidarc			amidar
amidaro			amidar
amidars			amidar
amidaru			amidar
amigo			amidar
amigo2			amidar
ampkr228			ampoker2
ampkr2b1			ampoker2
ampkr2b2			ampoker2
ampkr2b3			ampoker2
ampkr2b4			ampoker2
ampkr2b5			ampoker2
ampkr2jsp			ampoker2
ampkr2jspa			ampoker2
ampkr2jspb			ampoker2
ampkr95			ampoker2
ampoker2			ampoker2
amspdwy			amspdwy
amspdwya			amspdwy
amusco			amusco
androdun			androdun
androidp			androidp
androidpo			androidp
andromed			andromed
angelkds			angelkds
anibonus			anibonus
anibonusb1			anibonus
anibonusb2			anibonus
anibonusd1			anibonus
anibonusd2			anibonus
anibonuso			anibonus
anibonuso2			anibonus
anibonuso3			anibonus
anibonusv1			anibonus
anibonusv2			anibonus
anibonusxo			anibonus
anibonusxo2			anibonus
anibonusxo3			anibonus
animalc			animalc
animalhs			animalhs
animalhsa			animalhs
animaljr			animaljr
animaljrj			animaljr
animaljrs			animaljr
animalw			animalw
animalwbl			animalw
animechmp			animechmp
anithunt			anithunt
anithuntd1			anithunt
anithunto			anithunt
anithunto2			anithunt
anithuntv1			anithunt
anmlbskt			anmlbskt
anmlbskta			anmlbskt
anpanman2			anpanman2
anpanman2a			anpanman2
anteater			anteater
anteaterg			anteater
anteatergg			anteater
anteateruk			anteater
aodk			aodk
aof			aof
aof2			aof2
aof2a			aof2
aof3			aof3
aof3k			aof3
aoh			aoh
apache3			apache3
apache3a			apache3
apache3b			apache3
apb			apb
apb1			apb
apb2			apb
apb3			apb
apb4			apb
apb5			apb
apb6			apb
apbf			apb
apbg			apb
aplarail			aplarail
aplatoon			aplatoon
aponow			rescue
apparel			apparel
apple10			apple10
appoooh			appoooh
aquajack			aquajack
aquajackj			aquajack
aquajacku			aquajack
aquajet			aquajet
aquarium			aquarium
aquariumj			aquarium
aquarush			aquarush
ar_airh			ar_airh
ar_airh2			ar_airh
ar_argh			ar_argh
ar_blast			ar_blast
ar_bowl			ar_bowl
ar_dart			ar_dart
ar_dart2			ar_dart
ar_dlta			ar_dlta
ar_fast			ar_fast
ar_fasta			ar_fast
ar_ldrb			ar_ldrb
ar_ldrba			ar_ldrb
ar_ldrbb			ar_ldrb
ar_ninj			ar_ninj
ar_ninj2			ar_ninj
ar_pm			ar_pm
ar_rdwr			ar_rdwr
ar_sdwr			ar_sdwr
ar_sdwr2			ar_sdwr
ar_socc			ar_socc
ar_spot			ar_spot
ar_sprg			ar_sprg
ar_xeon			ar_xeon
arabfgt			arabfgt
arabfgtj			arabfgt
arabfgtu			arabfgt
arabian			arabian
arabiana			arabian
arabianm			arabianm
arabianmj			arabianm
arabianmu			arabianm
aracnis			scorpion
aracnisa			scorpion
arbalest			arbalest
arcadecl			arcadecl
arcadian			arcadian
archrivl			archrivl
archrivla			archrivl
archrivlb			archrivl
area51			area51
area51a			area51
area51mx			area51mx
area51t			area51
area51ta			area51
area88			unsquad
area88r			unsquad
arescue			arescue
arescuej			arescue
arescueu			arescue
argus			argus
argusg			argusg
arian			aso
arizna10			ampoker2
ark1ball			arkanoid
arkaboot			arkanoid
arkangc			arkanoid
arkangc2			arkanoid
arkanoid			arkanoid
arkanoidj			arkanoid
arkanoidja			arkanoid
arkanoidjb			arkanoid
arkanoidjbl			arkanoid
arkanoidjbl2			arkanoid
arkanoidpe			arkanoid
arkanoidu			arkanoid
arkanoiduo			arkanoid
arkarea			arkarea
arkatayt			arkanoid
arkatour			arkatour
arkatour2			arkatour
arkbloc2			arkanoid
arkbloc3			arkanoid
arkblock			arkanoid
arkgcbl			arkanoid
arkgcbla			arkanoid
arknoid2			arknoid2
arknoid2b			arknoid2
arknoid2j			arknoid2
arknoid2u			arknoid2
arkretrn			arkretrn
arkretrnj			arkretrn
arkretrnu			arkretrn
arktayt2			arkanoid
arlingtn			arlingtn
arlingtna			arlingtn
arlingtni			arlingtn
armedf			armedf
armedff			armedf
armora			armora
armorap			armora
armorar			armora
armorcar			armorcar
armorcar2			armorcar
armwar			armwar
armwar1d			armwar
armwara			armwar
armwarar1			armwar
armwarb			armwar
armwarr1			armwar
armwaru			armwar
armwaru1			armwar
armwrest			armwrest
ashnojoe			scessjoe
ashura			ashura
ashuraj			ashura
ashurau			ashura
asideral			uniwars
asndynmt			asndynmt
asndynmto			asndynmt
aso			aso
asoccer			idsoccer
assault			assault
assaultj			assault
assaultp			assault
astdelux			astdelux
astdelux1			astdelux
astdelux2			astdelux
asterion			astrof
asterix			asterix
asterixaad			asterix
asterixeaa			asterix
asterixeac			asterix
asterixj			asterix
asterock			asteroid
asterockv			asteroid
asteroid			asteroid
asteroid1			asteroid
asteroid2			asteroid
asteroidb1			asteroid
asteroidb2			asteroid
astinvad			kamikaze
astinvadb			kamikaze
astorm			astorm
astorm3			astorm
astorm3d			astorm
astormb2			astorm
astormbl			astorm
astormj			astorm
astormjd			astorm
astormu			astorm
astormud			astorm
astrass			astrass
astrians			galaxian
astroamb			scramble
astrob			astrob
astrob1			astrob
astrob2			astrob
astrob2a			astrob
astrob2b			astrob
astrobf			astrob
astrobg			astrob
astrof			astrof
astrof2			astrof
astrof3			astrof
astroff			astrof
astroff2			astrof
astrofl			transfrm
astroft			astrof
astron			astron
astronp			astron
astropal			astropal
astyanax			astyanax
astyanaxa			astyanax
asuka			asuka
asukaj			asuka
asukaja			asuka
asurabld			asurabld
asurabus			asurabus
asurabusj			asurabus
asurabusja			asurabus
asurabusjr			asurabus
asylum			asylum
ataqandr			mooncrst
atarifb			atarifb
atarifb1			atarifb
atarifb2			atarifb
atarifb4			atarifb
ataxx			ataxx
ataxxa			ataxx
ataxxe			ataxx
ataxxj			ataxx
atehate			atehate
atetb3482			atetris
atetb5205			atetris
atetris			atetris
atetrisa			atetris
atetrisb			atetris
atetrisb2			atetris
atetrisb3			atetris
atetrisb4			atetris
atetrisb5			atetris
atetrisbp			atetris
atetrisc			atetris
atetrisc2			atetris
athena			athena
athenab			athena
atlantis			atlantis
atlantis2			atlantis
atlantisb			atlantis
atlantol			trackfld
atombjt			bjtwin
atomboy			wilytowr
atomboya			wilytowr
atomicp			atomicp
atompunk			dynablst
attackf			defender
attackfc			attackfc
attackfcu			attackfc
attckufo			attckufo
atworld			atworld
atworldd1			atworld
atworlde1			atworld
au			au
aurail			aurail
aurail1			aurail
aurail1d			aurail
aurailj			aurail
aurailjd			aurail
ausfache			ausfache
automat			robocop
av2mj1bb			av2mj1bb
av2mj2rg			av2mj2rg
avalnche			avalnche
avefenix			phoenix
avefenixl			phoenix
avefenixrf			phoenix
avengers			avengers
avengersa			avengers
avengersb			avengers
avengersc			avengers
avengrgs			avengrgs
avengrgsj			avengrgs
avsp			avsp
avspa			avsp
avspd			avsp
avsph			avsp
avspirit			avspirit
avspj			avsp
avspu			avsp
avtbingo			avtbingo
aztarac			aztarac
azumanga			azumanga
azurian			azurian
b2b			b2b
babydad			fortune1
babypkr			fortune1
baccarsp			baccarsp
backfire			backfire
backfirea			backfire
backfirt			backfirt
backfirtb			backfirt
baddog			baddog
baddudes			baddudes
badlands			badlands
badlandsb			badlands
badlandsb2			badlands
bagman			bagman
bagmanf			bagman
bagmanj			bagman
bagmanm2			bagman
bagmanm3			bagman
bagmanmc			bagman
bagmans			bagman
bagmans3			bagman
bagmans4			bagman
bagnard			bagman
bagnarda			bagman
bagnardi			bagman
bagnardio			bagman
baile			baile
bakatono			bakatono
bakubaku			bakubaku
bakubrkr			explbrkr
bakuhatu			mjgottsu
bakutotu			bakutotu
balcube			balcube
ballbomb			ballbomb
ballboy			snowbro3
ballboy3p			snowbro3
ballbros			ballbros
balonfgt			balonfgt
baluba			baluba
bam2			bam2
bam2a			bam2
bananadr			bananadr
banbam			banbam
bandido			sheriff
bandit			bandit
bang			bang
banga			bang
bangb			bang
bangball			bangball
bangbead			bangbead
bangj			bang
bangja			bang
bangjb			bang
bankp			bankp
bankpt			bankp
baracuda			puckman
baraduke			aliensec
barek2ch			barek2ch
barek2mb			barek2mb
barek3mb			barek3mb
barek3mba			barek3mb
barek3mbc			barek3mbc
barekch			barekch
barline			barline
barricad			barricad
barrier			barrier
baryon			baryon
baryona			baryon
basebal2			basebal2
basketbal			archrivl
bassang2			fbait2bc
bassangl			fbaitbc
basschal			basschal
basschalo			basschal
bassdx			bassdx
batcir			batcir
batcira			batcir
batcird			batcir
batcirj			batcir
batlball			senkyu
batlballa			senkyu
batlballe			senkyu
batlballo			senkyu
batlballpt			senkyu
batlballu			senkyu
batlbubl			bangball
batlgear			batlgear
batlgr2			batlgr2
batlgr2a			batlgr2
batlzone			mayday
batman			batman
batman2			phoenix
batmanfr			batmanfr
batrider			batrider
batriderc			batrider
batriderhk			batrider
batriderj			batrider
batriderja			batrider
batriderk			batrider
batridert			batrider
batrideru			batrider
batsugun			batsugun
batsuguna			batsugun
batsugunb			batsugun
batsugunbl			batsugun
batsugunc			batsugun
batsugunsp			batsugun
battlane			battlane
battlane2			battlane
battlane3			battlane
battlcry			battlcry
battlcryc			battlcry
battlcryp			battlcry
battlera			battlera
battles			xevious
battles2			xevious
battlex			battlex
battlnts			battlnts
battlntsa			battlnts
battlntsj			battlnts
battroad			battroad
bayroute			bayroute
bayroute1			bayroute
bayrouteb1			bayroute
bayrouteb2			bayroute
bayrouted			bayroute
bayroutej			bayroute
bayroutejd			bayroute
bbakraid			bbakraid
bbakraidc			bbakraid
bbakraidj			bbakraid
bbakraidja			bbakraid
bballoon			bballoon
bballs			bballs
bballsa			bballs
bbbxing			bbbxing
bbh			bbh
bbh2sp			bbh2sp
bbh2spa			bbh2sp
bbh2spb			bbh2sp
bbhcotw			bbhcotw
bbhsc			bbhsc
bbhsca			bbhsc
bbmanw			bbmanw
bbmanwj			bbmanw
bbmanwja			bbmanw
bbonk			bbonk
bbprot			bbprot
bbredux			bublbobl
bbros			pang
bbust2			bbust2
bbusters			bbusters
bbustersj			bbusters
bbustersja			bbusters
bbustersu			bbusters
bbustersua			bbusters
bchopper			bchopper
bcrusher			kncljoe
bcruzm12			bcruzm12
bcstry			bcstry
bcstrya			bcstry
bdrdown			bdrdown
beachspi			beachspi
beaminv			beaminv
beastf			suprglob
beastfp			suprglob
beastfpa			suprglob
beastrzr			beastrzr
beastrzra			beastrzr
beastrzrb			beastrzr
beathead			beathead
beezer			beezer
beezer1			beezer
begas			begas
begas1			begas
bejpoker			bejpoker
bel			bel
benberob			benberob
berabohm			berabohm
berabohmb			berabohm
berenstn			berenstn
berlwall			berlwall
berlwallk			berlwall
berlwallt			berlwall
bermudat			bermudat
bermudata			worldwar
bermudatj			bermudat
berzerk			berzerk
berzerka			berzerk
berzerkb			berzerk
berzerkf			berzerk
berzerkg			berzerk
berzerks			berzerk
bestbest			bestbest
bestleag			bigstrik
bestleaw			bigstrik
bestri			bestri
bestria			bestri
betafrce			kamikaze
bgaregga			bgaregga
bgareggabl			bgaregga
bgareggabla			bgaregga
bgareggablj			bgaregga
bgareggacn			bgaregga
bgareggahk			bgaregga
bgareggak			bgaregga
bgaregganv			bgaregga
bgareggat			bgaregga
bgareggat2			bgaregga
bgareggatw			bgaregga
bigappg			bigappg
bigbang			tdragon2
bigbanga			tdragon2
bigbucks			bigbucks
bigcsino			bigcsino
bigevglf			bigevglf
bigevglfj			bigevglf
bigfghtr			skyrobo
bigfight			bigfight
bigfightj			bigfight
bigjoke			bigjoke
bigkarnk			bigkarnk
bigkarnka			bigkarnk
bigkarnkm			bigkarnk
bigkong			ckong
bigkonggx			ckong
bigprowr			bigprowr
bigprowra			bigprowr
bigrun			bigrun
bigrunu			bigrun
bigstrik			bigstrik
bigstrkb			bigstrik
bigstrkba			bigstrik
bigtwin			bigtwin
bigtwinb			bigtwin
bigtwinc			bigtwin
bijokkog			bijokkog
bijokkoy			bijokkoy
bikiniko			bikiniko
bikkuri			bikkuri
bikkuric			bikkuric
biliard			pool10
billiard			hustler
billlist			pokechmp
bilyard			bilyard
bingowng			bingowng
bingownga			bingowng
bioatack			bioatack
biofreak			biofreak
biohzdmb			biohzdmb
biomtoy			biomtoy
biomtoya			biomtoy
biomtoyb			biomtoy
biomtoyc			biomtoy
bionicc			bionicc
bionicc1			bionicc
bionicc2			bionicc
bioniccbl			bionicc
bioniccbl2			bionicc
bioplayc			biomtoy
bioship			bioship
birdiy			birdiy
birdtry			birdtry
birdtrya			birdtry
birdtryb			birdtry
bishi			bishi
bjourney			bjourney
bjourneyh			bjourney
bjpoker			bjpoker
bjtwin			bjtwin
bjtwina			bjtwin
bjtwinp			bjtwin
bjtwinpa			bjtwin
bk3ssrmb			bk3ssrmb
bking			bking
bking2			bking2
bking3			bking3
bkrtmaq			bkrtmaq
black			black
blackhol			blackhol
blackpnt			blackpnt
blackpntu			blackpnt
blackt96			blackt96
bladestl			bladestl
bladestle			bladestl
bladestll			bladestl
blandia			blandia
blandiap			blandia
blasted			blasted
blaster			blaster
blasterkit			blaster
blastero			blaster
blasto			blasto
blastoff			blastoff
blazeon			blazeon
blazeonj			blazeon
blazer			blazer
blazlaz			blazlaz
blazstar			blazstar
blckjack			fortune1
bldwolf			battlera
bldwolfj			battlera
bldyroar			beastrzr
bldyror2			bldyror2
bldyror2a			bldyror2
bldyror2j			bldyror2
bldyror2u			bldyror2
blitz			blitz
blitz2k			blitz2k
blitz99			blitz99
blitz99a			blitz99
blkbustr			mrjong
blkdrgon			blktiger
blkdrgonb			blktiger
blkheart			blkheart
blkheartj			blkheart
blkhole			blkhole
blkpnthr			blkpnthr
blktch2			blktch2
blktiger			blktiger
blktigera			blktiger
blktigerb1			blktiger
blktigerb2			blktiger
blktigerb3			blktiger
blktigerm			blktiger
blktouch			blktouch
blmbycar			blmbycar
blmbycaru			blmbycar
blnctry			blnctry
block			block
block2			arkanoid
blockade			blockade
blockbl			block
blockcar			blockcar
blockcarb			blockcar
blocken			blocken
blockgal			blockgal
blockgalb			blockgal
blockhl			blockhl
blockj			block
blockout			blockout
blockout2			blockout
blockout3			blockout
blockoutj			blockout
blockr1			block
blockr2			block
blokpong			blokpong
bloodbro			bloodbro
bloodbroj			bloodbro
bloodbroja			bloodbro
bloodbrok			bloodbro
bloodbrom			bloodbro
bloodbrou			bloodbro
bloodstm			bloodstm
bloodstm104			bloodstm
bloodstm110			bloodstm
bloodstm210			bloodstm
bloodstm216			bloodstm
bloodstm220			bloodstm
bloodstm221			bloodstm
bloodwar			bloodwar
bloxeed			bloxeed
bloxeeda			bloxeed
bloxeedbl			bloxeed
bloxeedc			bloxeed
bloxeedd			bloxeed
bloxeedu			bloxeed
blstroid			blstroid
blstroid2			blstroid
blstroid3			blstroid
blstroidg			blstroid
blstroidh			blstroid
blswhstl			blswhstl
blswhstla			blswhstl
bluehawk			bluehawk
bluehawkn			bluehawk
bluehawkna			bluehawk
blueprnt			blueprnt
blueprntj			blueprnt
blueshrk			blueshrk
blueshrkmr			blueshrk
blueshrkmr2			blueshrk
blzntrnd			blzntrnd
bm1stmix			bm1stmix
bm2ndmix			bm2ndmix
bm2ndmixa			bm2ndmix
bm3			bm3
bm36th			bm36th
bm37th			bm37th
bm3core			bm3core
bm3final			bm3final
bm3rdmix			bm3rdmix
bm3rdmixa			bm3rdmix
bm3rdmixe			bm3rdmix
bm4thmix			bm4thmix
bm5thmix			bm5thmix
bm6thmix			bm6thmix
bm7thmix			bm7thmix
bmanroul			bmanroul
bmaster			bmaster
bmcbowl			bmcbowl
bmclubmx			bmclubmx
bmcmxaac			bmcompmx
bmcompm2			bmcompm2
bmcompmx			bmcompmx
bmcompmxb			bmcompmx
bmcorerm			bmcorerm
bmcpokr			bmcpokr
bmdct			bmdct
bmfinal			bmfinal
bmiidx2			bmiidx2
bmiidx3			bmiidx3
bmiidx3a			bmiidx3
bmiidx3b			bmiidx3
bmiidx4			bmiidx4
bmiidx5			bmiidx5
bmiidx6			bmiidx6
bmiidx6a			bmiidx6
bmiidx7			bmiidx7
bmiidx7a			bmiidx7
bmiidx8			bmiidx8
bmiidxc			bmiidxc
bmiidxc2			bmiidxc2
bmiidxca			bmiidxc
bmiidxs			bmiidxs
bmiidxsa			bmiidxs
bmxstunts			bmxstunts
bnglngby			bnglngby
bngotime			bngotime
bnj			brubber
bnjm			brubber
bnstars			bnstars1
bnstars1			bnstars1
bnzabros			bnzabros
bnzabrosj			bnzabros
boblbobl			bublbobl
boblcave			bublbobl
bodyslam			bodyslam
bogeyman			bogeyman
boggy84			boggy84
boggy84b			boggy84
boggy84b2			boggy84
bombbee			bombbee
bomber			scramble
bombjack			bombjack
bombjack2			bombjack
bombjackbl			bombjack
bombjackt			bombjack
bombkick			bombkick
bombkicka			bombkick
bomblord			bbmanw
bombrman			dynablst
bombsa			bombsa
bonanza			bonanza
bonanzar2			bonanza
bongo			bongo
bongog			bongo
bonkadv			bonkadv
bonkadva			bonkadv
bonusch			bonusch
bonuscha			bonusch
bonzeadv			bonzeadv
bonzeadvo			bonzeadv
bonzeadvp			bonzeadv
bonzeadvp2			bonzeadv
bonzeadvu			bonzeadv
boobhack			horekid
boogwing			boogwing
boogwinga			boogwing
boogwingu			boogwing
boomrang			boomrang
boomranga			boomrang
boonggab			boonggab
bootcamp			combatsc
bootcampa			combatsc
boothill			boothill
borench			borench
borencha			borench
borenchj			borench
borntofi			borntofi
borntofia			borntofi
borntofiv			borntofi
bosco			bosco
bosco1			bosco
bosco1o			bosco
bosco3			bosco
boscomd			bosco
boscomdo			bosco
botanic			botanic
botanic2			botanic
botanicf			botanic
botss			botss
botss11			botss
bottl10b			bottle10
bottle10			bottle10
bottom9			bottom9
bottom9n			bottom9
bouldash			bouldash
bouldashj			bouldash
bounty			bounty
bounty2			bounty
bowl3d			bowl3d
bowler			bowler
bowlrama			bowlrama
bowmen			bowmen
boxer			boxer
boxingb			boxingb
boxyboy			boxyboy
boxyboya			boxyboy
bpoker			fortune1
bradley			bradley
brain			brain
brainbox2			brainbox2
brapboys			brapboys
brapboysp			brapboys
brapboysp2			brapboys
brapboyspj			brapboys
brapboyspu			brapboys
brasil			brasil
brasil86			brasil86
brasil87			brasil87
brasil89			brasil89
brasil89a			brasil89
brasil93			brasil93
braveff			braveff
brdrlinb			brdrline
brdrline			brdrline
brdrlinet			brdrline
brdrlins			brdrline
breakers			breakers
breakrev			breakrev
breywood			shackled
brickppl			brickppl
brickyrd			barricad
brickzn			brickzn
brickzn11			brickzn
brickznv4			brickzn
brickznv5			brickzn
brival			brival
brivalj			brival
brix			zzyzzyxx
brixian			brixian
brkball			brkball
brkblast			wallc
brkthru			brkthru
brkthruj			brkthru
brkthrut			brkthru
brkthruu			brkthru
brod			brod
bronx			cyclshtg
brubber			brubber
brutforc			brutforc
brvblade			brvblade
brvbladea			brvblade
brvbladej			brvblade
brvbladeu			brvblade
bs4thmix			bm4thmix
bscompmx			bmcompmx
bsebman			carrera
bsebmanbl			carrera
bsebmanbl2			carrera
bshark			bshark
bsharkj			bshark
bsharkjjs			bshark
bsharku			bshark
bsharkuo			bshark
bsktball			bsktball
bssoccer			bssoccer
bssoccera			bssoccer
bstars			bstars
bstars2			bstars2
bstarsh			bstars
bsuerte			bsuerte
bsuertea			bsuerte
bsuerteb			bsuerte
bsuertec			bsuerte
bsuerted			bsuerte
bsuertee			bsuerte
bsuertef			bsuerte
bsuerteg			bsuerte
bsuerteh			bsuerte
bsuertei			bsuerte
bsuertej			bsuerte
bsuertek			bsuerte
bsuertel			bsuerte
bsuertem			bsuerte
bsuerten			bsuerte
bsuerteo			bsuerte
bsuertep			bsuerte
bsuerteq			bsuerte
bsuerter			bsuerte
bsuertes			bsuerte
bsuertet			bsuerte
bsuerteu			bsuerte
bsuertev			bsuerte
btchamp			btchamp
btime			btime
btime2			btime
btime3			btime
btimem			btime
btlecity			btlecity
btlfield			timesold
btlfieldb			timesold
btlkroad			btlkroad
btlkroadk			btlkroad
btltryst			btltryst
btoads			btoads
bub68705			bublbobl
bub8749			bublbobl
bubblem			bubblem
bubblemj			bubblem
bubblemu			bubblem
bubbles			bubbles
bubblesp			bubbles
bubblesr			bubbles
bubbletr			bubbletr
bubbletrj			bubbletr
bubl2000			bubl2000
bubl2000a			bubl2000
bublbob2			bublbob2
bublbob2o			bublbob2
bublbob2p			bublbob2
bublbobl			bublbobl
bublbobl1			bublbobl
bublboblb			bublbobl
bublboblp			bublbobl
bublboblr			bublbobl
bublboblr1			bublbobl
bublbust			pbobble
bublcave			bublbobl
bublcave10			bublbobl
bublcave11			bublbobl
bublpong			missb2
bubsymphb			bublbob2
bubsymphba			bublbob2
bubsymphe			bublbob2
bubsymphj			bublbob2
bubsymphu			bublbob2
bucaner			puckman
bucanera			puckman
buccanrs			buccanrs
buccanrsa			buccanrs
buccanrsb			buccanrs
buckrog			buckrog
buckrogn			buckrog
buckrogn2			buckrog
bucky			bucky
buckyaa			bucky
buckyaab			bucky
buckyea			bucky
buckyjaa			bucky
buckyuab			bucky
bugfever			bugfever
bugfeverd			bugfever
bugfevero			bugfever
bugfeverv			bugfever
bugfeverv2			bugfever
buggyboy			buggyboy
buggyboyb			buggyboy
buggyboyjr			buggyboy
buggychl			buggychl
buggychlt			buggychl
bujutsu			bujutsu
bullet			bullet
bulletd			bullet
bullfgt			bullfgt
bullfgtr			bullfgtr
bullfgtrs			bullfgtr
bullsdrt			bullsdrt
bullsdrtg			bullsdrt
bumba			headon
buraiken			avengers
buraikenb			avengers
burglarx			burglarx
buriki			buriki
burnforc			burnforc
burnforco			burnforc
burningf			burningf
burningfh			burningf
burningfp			burningf
burningfpa			burningf
burningfpb			burningf
butasan			butasan
butasanj			butasan
butrfly			butrfly
butrflya			butrfly
butrflybl			butrfly
buttdeli			buttdeli
buttobi			buttobi
buzzard			gyrodine
bwcasino			bwcasino
bwidow			bwidow
bwidowp			bwidow
bwings			bwings
bwingsa			bwings
bwingso			bwings
bygone			bygone
bzone			bzone
bzonea			bzone
bzonec			bzone
cabal			cabal
cabala			cabal
cabalbl			cabal
cabalbl2			cabal
cabaluk			cabal
cabalukj			cabal
cabalus			cabal
cabalus2			cabal
cachat			cachat
cactus			sabotenb
cadanglr			cadanglr
cadash			cadash
cadashf			cadash
cadashg			cadash
cadashgo			cadash
cadashi			cadash
cadashj			cadash
cadashj1			cadash
cadashjo			cadash
cadashp			cadash
cadashs			cadash
cadashso			cadash
cadashu			cadash
cadashu1			cadash
cafebrk			cafebrk
cafedoll			cafedoll
cafedollg			cafedoll
cafepara			cafepara
cafetime			cafetime
cairblad			cairblad
calcune			calcune
calibr50			calibr50
calipso			calipso
calorie			calorie
calorieb			calorie
calspeed			calspeed
calspeeda			calspeed
calspeedb			calspeed
cameltry			cameltry
cameltrya			cameltry
cameltryau			cameltry
cameltryj			cameltry
cameltryu			cameltry
candance			osman
candory			ponpoko
candy			candy
cane			cane
cannball			cannball
cannballv			cannball
cannonb			cannonbp
cannonb2			cannonbp
cannonb3			cannonbp
cannonbp			cannonbp
canvas			canvas
canyon			canyon
canyonp			canyon
capbowl			capbowl
capbowl2			capbowl
capbowl3			capbowl
capbowl4			capbowl
capitol			pleiads
capsnk			capsnk
capsnka			capsnk
capsnkb			capsnk
captainx			buccanrs
captaven			captaven
captavena			captaven
captavene			captaven
captavenj			captaven
captavenu			captaven
captavenua			captaven
captavenuu			captaven
captcomm			captcomm
captcommb			captcomm
captcommb2			captcomm
captcommj			captcomm
captcommjr1			captcomm
captcommr1			captcomm
captcommu			captcomm
captflag			captflag
car2			headon2
caractn			brubber
caractn2			brubber
carb2002			nfb96
carb2003			nfb96
cardline			cardline
carhntds			carhntds
carjmbre			carjmbre
carket			carket
carnevil			carnevil
carnevil1			carnevil
carnival			carnival
carnivalb			carnival
carnivalc			carnival
carnivalca			carnival
carnivalh			carnival
carnivalha			carnival
carnivalmm			carnival
carnking			carnking
carpolo			carpolo
carrera			carrera
cartfury			cartfury
casanova			casanova
casbjack			casbjack
cascade			avalnche
cashquiz			cashquiz
caspoker			caspoker
caspokera			caspoker
caspokerb			caspoker
castfant			castfant
catacomb			catacomb
catapult			catapult
catch22			combat
catchp			catchp
caterplr			centiped
catnmous			catnmous
catnmousa			catnmous
catt			mcatadv
cavelon			cavelon
cavenger			cavenger
cawing			cawing
cawingb2			cawing
cawingbl			cawing
cawingj			cawing
cawingjr			cawing
cawingr1			cawing
cawingu			cawing
cawingur1			cawing
cbaj			cbaj
cbajbl			cbaj
cball			cball
cbasebal			cbasebal
cbdash			cbdash
cbnj			cburnrub
cbombers			cbombers
cbombersj			cbombers
cbombersp			cbombers
cbtime			cbtime
cburnrub			cburnrub
cburnrub2			cburnrub
cburnrubj			cburnrub
cbuster			cbuster
cbusterj			cbuster
cbusterw			cbuster
ccasino			ccasino
ccastles			ccastles
ccastles1			ccastles
ccastles2			ccastles
ccastles3			ccastles
ccastlesf			ccastles
ccastlesg			ccastles
ccastlesj			ccastles
ccastlesp			ccastles
ccboot			cclimber
ccboot2			cclimber
ccbootmm			cclimber
ccbootmr			cclimber
cchance			cchance
cchasm			cchasm
cchasm1			cchasm
cclimber			cclimber
cclimbera			cclimber
cclimberj			cclimber
cclimbr2			cclimbr2
cclimbr2a			cclimbr2
cclimbroper			cclimber
cclimbrrod			cclimber
cclownz			cclownz
cdiscon1			cdiscon1
cdracula			cdracula
cdsteljn			cdsteljn
cecmatch			cecmatch
cencourt			passsht
centipdb			centiped
centipdb2			centiped
centipdd			centiped
centiped			centiped
centiped1			centiped
centiped2			centiped
centiped3			centiped
centipedj			centiped
cerberus			cerberus
cexplore			cexplore
cfarm			cfarm
cfboy0a1			cfboy0a1
cfever1k			cfever1k
cfever40			cfever40
cfever50			cfever50
cfever51			cfever51
cfever61			cfever61
cfghtice			cfghtice
cfield			cfield
cfishing			cadanglr
cflyball			cflyball
cgangpzl			cgangpzl
cgangpzlj			cgangpzl
cgip23b			cgip30cs
cgip30b			cgip30cs
cgip30cs			cgip30cs
cgold			cgold
cgraplop			cgraplop
cgraplop2			cgraplop
cgraplopj			cgraplop
ch2000			ch2000
ch2000b1			ch2000
ch2000b2			ch2000
ch2000c1			ch2000
ch2000c2			ch2000
ch2000d1			ch2000
ch2000d2			ch2000
ch2000o			ch2000
ch2000o10			ch2000
ch2000o11			ch2000
ch2000o2			ch2000
ch2000o3			ch2000
ch2000o4			ch2000
ch2000o5			ch2000
ch2000o6			ch2000
ch2000o7			ch2000
ch2000o8			ch2000
ch2000o9			ch2000
ch2000v1			ch2000
ch2000v2			ch2000
chainrec			chainrec
chaknpop			chaknpop
chalgirl			chalgirl
challeng			challeng
chamburger			cbtime
chameleo			chameleo
champbas			champbas
champbasj			champbas
champbasja			champbas
champbasjb			champbas
champbb2			champbb2
champbb2j			champbb2
champbwl			champbwl
champbwla			champbwl
champwr			champwr
champwrj			champwr
champwru			champwr
chanbara			chanbara
chance32			chance32
changela			changela
changes			changes
changesa			changes
chaoshea			chaoshea
chaosheaj			chaoshea
charlien			charlien
chasehq			chasehq
chasehqj			chasehq
chasehqju			chasehq
chasehqu			chasehq
chboxing			chboxing
checkma5			checkma5
checkman			checkman
checkmanj			checkman
checkmat			checkmat
cheekyms			cheekyms
cheesech			cheesech
chelnov			chelnov
chelnovj			chelnov
chelnovjbl			chelnov
chelnovjbla			chelnov
chelnovu			chelnov
chewheel			chewheel
chewing			luctoday
cheyenne			cheyenne
chicgum			chicgum
chikij			mtwins
chiller			chiller
chimerab			chimerab
chimeraba			chimerab
chinagat			chinagat
chinatow			chinatow
chinatwn			chinatwn
chinhero			chinhero
chinhero2			chinhero
chinhero3			chinhero
chinherot			chinhero
chinmoku			chinmoku
chinsan			chinsan
chkndraw			chkndraw
chkndrawa			chkndraw
chkun			chkun
chleague			chleague
chleaguel			chleague
chleaguexa			chleague
chleaguexb			chleague
chmpnum			chsuper3
chmpnuma			chsuper3
chocomk			chocomk
chocovdr			chocovdr
chokchok			chokchok
choko			choko
chokop			choko
choplift			choplift
chopliftbl			choplift
chopliftu			choplift
chopper			chopper
choppera			chopper
chopperb			chopper
choroqhr			choroqhr
chqflag			chqflag
chqflagj			chqflag
chry10			chry10
chrygld			chrygld
chsuper2			chsuper3
chsuper3			chsuper3
chukatai			chukatai
chukataij			chukatai
chukataija			chukatai
chukataiu			chukatai
chwrestl			chwrestl
chwy			chwy
ciclone			ciclone
circus			circus
circusc			circusc
circusc2			circusc
circusc3			circusc
circusc4			circusc
circuscc			circusc
circusce			circusc
circuso			circus
cischeat			cischeat
citalcup			cpokerpk
cityatta			pleiads
citybomb			citybomb
citybombj			citybomb
citycon			citycon
citycona			citycon
citylove			citylove
cj3play			cj3play
cjdlz			cjdlz
cjffruit			cjffruit
ckong			ckong
ckongalc			ckong
ckongcv			ckong
ckongdks			ckong
ckongg			ckong
ckonggx			ckong
ckongis			ckong
ckongmc			ckong
ckongmc2			ckong
ckongo			ckong
ckongpt2			ckongpt2
ckongpt2a			ckongpt2
ckongpt2b			ckongpt2
ckongpt2b2			ckongpt2
ckongpt2j			ckongpt2
ckongpt2jeu			ckongpt2
ckongpt2ss			ckongpt2
ckongs			ckong
clapapa			clapapa
clapapa2			clapapa
classice			classice
classice1			classice
classice2			classice
classiced1			classice
classiced2			classice
classiceo			classice
classicev			classice
classicev1			classice
classicev2			classice
claybust			claybust
claychal			claychal
claypign			claypign
clayshoo			clayshoo
clbowl			capbowl
cleoftp			cleoftp
cleopatr			cleopatr
cleopatro			cleopatr
cliffhgr			cliffhgr
cliffhgra			cliffhgr
cliffhgra2			cliffhgr
cloak			cloak
cloakfr			cloak
cloakgr			cloak
cloaksp			cloak
clocknch			clocknch
clocknchj			clocknch
cloud9			cloud9
clowns			clowns
clowns1			clowns
clpoker			clpoker
clshroad			clshroad
clshroadd			clshroad
clshroads			clshroad
cltchitr			cltchitr
cltchitrbl			cltchitr
cltchitrd			cltchitr
cltchitrj			cltchitr
cltchitrjd			cltchitr
club90s			club90s
club90sa			club90s
clubk2k3			clubk2k3
clubk2kp			clubk2k3
clubk2kpa			clubk2k3
clubkprz			clubkprz
clubkpzb			clubkpzb
clubkpzbp			clubkpzb
clubkrt			clubkrt
clubkrta			clubkrt
clubkrtc			clubkrt
clubkrto			clubkrt
clubpacm			clubpacm
clubpacma			clubpacm
cluckypo			cluckypo
cluclu			cluclu
cmanhat			cmanhat
cmasteroid			cmtetris
cmehyou			cmehyou
cmissnx			cmissnx
cmmb103			cmmb103
cmmb162			cmmb162
cmpacman			cmpacman
cmpacmana			cmpacman
cmpacmanb			cmpacman
cmpap			cmpap
cmtetris			cmtetris
cmtetrisa			cmtetris
cmtetrisb			cmtetris
cmtetrisc			cmtetris
cmtetrisd			cmtetris
cmtetrise			cmtetris
cmtetrisf			cmtetris
cmtetriskr			cmtetris
cnebula			cnebula
cnightst			cnightst
cnightst2			cnightst
cninja			cninja
cninja1			cninja
cninjabl			cninja
cninjabl2			cninja
cninjau			cninja
cntrygrl			cntrygrl
cntrygrla			cntrygrl
cntsteer			cntsteer
cobra			cobra
cobraa			cobra
cobracom			cobracom
cobracoma			cobracom
cobracomb			cobracom
cobracomj			cobracom
cobracomjb			cobracom
cobram3			cobra
cobram3a			cobra
cobraseg			astron
cocean1a			cocean1a
cocean6b			cocean1a
cocoloco			cocoloco
cocolocoa			cocoloco
cocolocob			cocoloco
code1d			code1d
code1db			code1d
codemagik			codemagik
colision			headon
colmns97			colmns97
colony7			colony7
colony7a			colony7
colt			nycaptor
column2j			columns2
columns			columns
columns2			columns2
columnsj			columns
columnsu			columns
combat			combat
combatsc			combatsc
combatscb			combatsc
combatscj			combatsc
combatsct			combatsc
combh			combh
comg175			comg175
comg239			comg239
comg240			comg240
comg6004			comg6004
commando			commando
commandob			commando
commandob2			commando
commandob3			commando
commandoj			commando
commandou			commando
commandou2			commando
commandw			commandw
commsega			commsega
comotion			comotion
comotionp			comotion
compgolf			compgolf
compgolfo			compgolf
complexx			complexx
condor			phoenix
condorn			phoenix
condorva			phoenix
confmiss			confmiss
congo			congo
congoa			congo
contcirc			contcirc
contcircj			contcirc
contcircu			contcirc
contcircua			contcirc
contra			contra
contra1			contra
contrab			contra
contrabj			contra
contrabj1			contra
contrae			contra
contraj			contra
contraj1			contra
contrambc			contrambc
cookbib			cookbib
cookbib2			cookbib2
cookbib2a			cookbib2
cookbib2b			cookbib2
cookbib2c			cookbib2
cookbib3			cookbib3
cookbiba			cookbib
cookrace			btime
coolmini			coolmini
coolminii			coolmini
coolpool			coolpool
coolridr			coolridr
coozumou			coozumou
cop01			cop01
cop01a			cop01
cops			cops
copsnrob			copsnrob
copsuk			cops
cosmccop			cosmccop
cosmica			cosmica
cosmica1			cosmica
cosmica22			cosmica
cosmica23			cosmica
cosmica2a			cosmica
cosmicbat			invaders
cosmicg			cosmicg
cosmicgi			cosmicg
cosmicin			invaders
cosmicm2			invaders
cosmicmo			invaders
cosmo			cosmo
cosmogng			cosmogng
cosmogngj			cosmogng
cosmos			cosmos
cotton			cotton
cotton2			cotton2
cottonbm			cottonbm
cottond			cotton
cottong			locomotn
cottonj			cotton
cottonja			cotton
cottonjad			cotton
cottonjd			cotton
cottonu			cotton
cottonud			cotton
countrun			countrun
countrunb			countrun
countrunb2			countrun
countrunb3			countrun
countryc			countryc
cowrace			kingdrby
cpoker			cpoker
cpoker101			cpoker
cpoker201f			cpoker
cpoker210ks			cpoker
cpoker300us			cpoker
cpokerpk			cpokerpk
cpokerpkg			cpokerpk
cpokert			cpoker
cpokerx			cpoker
cppicf			cppicf
cppicf2			cppicf
cprobowl			cprobowl
cprogolf			cprogolf
cprogolf18			cprogolf
cprogolfj			cprogolf
cpsoccer			cpsoccer
cpsoccerj			cpsoccer
cptennis			cptennis
cptennisj			cptennis
cptshark			cptshark
crackndj			crackndj
cracksht			cracksht
crakndj2			crakndj2
crash			crash
crasha			crash
crashrd			schaser
crater			crater
crazyblk			mrjong
crazybon			crazybon
crazybona			crazybon
crazycop			gbusters
crazyfgt			crazyfgt
crazym			puckman
crazywar			crazywar
crbaloon			crbaloon
crbaloon2			crbaloon
crgolf			crgolf
crgolfa			crgolf
crgolfb			crgolf
crgolfbt			crgolf
crgolfc			crgolf
crgolfhi			crgolfhi
crimec			crimec
crimecj			crimec
crimecu			crimec
crimep2			crimep2
crimep2_11			crimep2
crimepat			crimepat
crimepat_10			crimepat
crimepat_12			crimepat
crimepat_14			crimepat
crimfght			crimfght
crimfghtj			crimfght
crimfghtu			crimfght
critcrsh			critcrsh
crkdown			crkdown
crkdownj			crkdown
crkdownu			crkdown
crockman			puckman
crockmnf			puckman
croquis			croquis
croquisg			croquis
crospang			crospang
crossbld			bmaster
crossbow			crossbow
croupier			croupier
croupiera			croupier
croupierb			croupier
crshrace			crshrace
crshrace2			crshrace
crshrace2a			crshrace
crswd2bl			crswd2bl
crsword			crsword
crszone			crszone
crszonev2a			crszone
crszonev2b			crszone
crszonev3a			crszone
crszonev3b			crszone
crszonev3b2			crszone
crszonev4a			crszone
crtaxihr			crtaxihr
cruisin			citycon
crush			crush
crush2			crush
crush3			crush
crush4			crush
crush5			crush
crushbl			crush
crushbl2			crush
crushbl3			crush
crusherm			crusherm
crushrlf			crush
crushs			crush
crusnexo			crusnexo
crusnexoa			crusnexo
crusnexoaa			crusnexo
crusnexob			crusnexo
crusnexoc			crusnexo
crusnexod			crusnexo
crusnexoe			crusnexo
crusnusa			crusnusa
crusnusa11			crusnusa
crusnusa20			crusnusa
crusnusa21			crusnusa
crusnusa40			crusnusa
crusnusa41			crusnusa
crusnusa44			crusnusa
crusnwld			crusnwld
crusnwld13			crusnwld
crusnwld17			crusnwld
crusnwld19			crusnwld
crusnwld20			crusnwld
crusnwld23			crusnwld
crusnwld24			crusnwld
cryptklr			cryptklr
crysking			crysking
crystal			crystal
crystal2			crystal2
crystalc			crystalc
crystalca			crystalc
crystalg			crystalg
crzcircus			crzcircus
crzcross			crzcross
crzrally			crzrally
crzrallya			crzrally
crzrallyg			crzrally
crzrallyrf			crzrally
crzytaxi			crzytaxi
csclub			csclub
csclub1			csclub
csclub1d			csclub
cscluba			csclub
csclubh			csclub
csclubj			csclub
csclubjy			csclub
cscrtry			cscrtry
cscrtry2			cscrtry
csdtenis			csdtenis
cshift			cshift
cshooter			airraid
cshootert			airraid
csilver			csilver
csilverj			csilver
csilverja			csilver
csk227it			csk227it
csk234it			csk227it
cskater			cskater
csmash			csmash
csmasho			csmash
cspike			cspike
csplayh5			csplayh5
csplayh6			csplayh6
csplayh7			csplayh7
csprint			csprint
csprint1			csprint
csprint2			csprint
csprintf			csprint
csprintg			csprint
csprintg1			csprint
csprints			csprint
csprints1			csprint
cstlevna			cstlevna
csuperas			csuperas
csweetht			cdiscon1
ct2k3sa			kof2001
ct2k3sp			kof2001
ctainv			beaminv
cterrani			cterrani
cthd2003			kof2001
ctisland			ctisland
ctisland2			ctisland
ctisland3			ctisland
ctomaday			ctomaday
ctornado			ctornado
ctower			ctower
ctribe			ctribe
ctribeb			ctribe
ctribeb2			ctribe
ctribej			ctribe
ctribeu1			ctribe
ctribeua			ctribe
ctrpllrp			puckman
cubeqst			cubeqst
cubeqsta			cubeqst
cubybop			cubybop
cuebrick			cuebrick
cuebrickj			cuebrick
cultname			cultname
cultures			cultures
cuoreuno			cuoreuno
cuoreunoa			cuoreuno
cuoreunob			cuoreuno
cuoreunoc			cuoreuno
cuoreunod			cuoreuno
cuoreunoe			cuoreuno
cuoreunof			cuoreuno
cupfinal			cupfinal
cupsoc			cupsoc
cupsoca			cupsoc
cupsocb			cupsoc
cupsocs			cupsoc
cupsocs2			cupsoc
cupsocsb			cupsoc
cupsocsb2			cupsoc
cupsocsb3			cupsoc
cupsocsb4			cupsoc
cupsocsb5			cupsoc
curvebal			curvebal
cutefght			cutefght
cutieq			cutieq
cvs2			cvs2
cvs2mf			cvs2
cvsgd			cvsgd
cworld			cworld
cworld2j			cworld2j
cworld2ja			cworld2j
cworld2jb			cworld2j
cybattlr			cybattlr
cyberbal			cyberbal
cyberbal1			cyberbal
cyberbal2			cyberbal
cyberbal2p			cyberbal
cyberbal2p1			cyberbal
cyberbal2p2			cyberbal
cyberbal2p3			cyberbal
cyberbalp			cyberbal
cyberbalt			cyberbal
cyberbalt1			cyberbal
cyberlip			cyberlip
cybertnk			cybertnk
cybots			cybots
cybotsj			cybots
cybotsjd			cybots
cybotsu			cybots
cybotsud			cybots
cybrcomm			cybrcomm
cybrcycc			cybrcycc
cybrcyccj			cybrcycc
cybsled			cybsled
cybsleda			cybsled
cybstorm			cybstorm
cyclemb			cyclemb
cyclshtg			cyclshtg
cyclwarr			cyclwarr
cyclwarra			cyclwarr
cyclwarrb			cyclwarr
cyvern			cyvern
cyvernj			cyvern
czeroize			czeroize
d9final			d9final
dacholer			dacholer
dadandrn			mmaulers
dai2kaku			dai2kaku
dai3wksi			dai3wksi
daikaiju			daikaiju
daimakai			ghouls
daimakair			ghouls
daimyojn			daimyojn
daioh			daioh
daioha			daioh
daiohc			daioh
daiohp			daioh
daiohp2			daioh
daiohp3			daioh
daireika			daireika
dairesya			ironhors
daisenpu			twinhawk
daiskiss			daiskiss
daisyari			daisyari
daitorid			daitorid
daitorida			daitorid
daiyogen			daiyogen
dakkochn			dakkochn
dambustr			dambustr
dambustra			dambustr
dambustruk			dambustr
danceyes			danceyes
danceyesj			danceyes
danceyesu			danceyes
danchih			danchih
danchiq			danchiq
dangar			dangar
dangara			dangar
dangarb			dangar
dangarbt			dangar
dangarj			dangar
dangcurv			dangcurv
dangcurvj			dangcurv
dangerex			dangerex
dangerz			dangerz
dangerz0			dangerz
dangseed			dangseed
dankuga			dankuga
daraku			daraku
darius			darius
darius2			darius2
darius2d			darius2
darius2do			darius2
dariuse			darius
dariusg			dariusg
dariusgj			dariusg
dariusgu			dariusg
dariusgx			dariusgx
dariusj			darius
dariuso			darius
dariusu			darius
darkadv			devilw
darkedge			darkedge
darkedgej			darkedge
darkhleg			darkhleg
darkhors			jclub2v112
darkmist			darkmist
darkplnt			darkplnt
darkseal			darkseal
darkseal1			darkseal
darkseal2			wizdfire
darksealj			darkseal
darktowr			darktowr
darkwar			darkwar
darthvdr			invaders
darwin			darwin
dassault			thndzone
dassault4			thndzone
dayto2pe			dayto2pe
daytona			daytona
daytona2			daytona2
daytona93			daytona
daytonagtx			daytona
daytonam			daytona
daytonas			daytona
daytonase			daytona
daytonat			daytona
daytonata			daytona
dazzler			dazzler
dbc			lhb
dblaxle			dblaxle
dblaxleu			dblaxle
dblaxleua			dblaxle
dblaxleul			dblaxle
dblchal			dblchal
dblchalc1			dblchal
dblchald1			dblchal
dblchalo			dblchal
dblchalv1			dblchal
dblcrown			dblcrown
dbldynj			dbldynj
dbldynu			dbldynj
dblewing			dblewing
dblewinga			dblewing
dblewingb			dblewing
dblplay			dblplay
dblpoint			dblpoint
dblpointd			dblpoint
dbreed			dbreed
dbreedjm72			dbreed
dbreedm72			dbreed
dbz			dbz
dbz2			dbz2
dbz2bl			dbz2
dbza			dbz
dbzvrvs			dbzvrvs
dcclub			dcclub
dcclubfd			dcclub
dcclubj			dcclub
dcheese			dcheese
dcon			dcon
dcrown			dcrown
dcrowna			dcrown
dday			dday
ddayc			dday
ddaydoo			lastday
ddayjlc			ddayjlc
ddayjlca			ddayjlc
ddboy			ddboy
ddboya			ddboy
ddcrew			ddcrew
ddcrew1			ddcrew
ddcrew1d			ddcrew
ddcrew2			ddcrew
ddcrew2d			ddcrew
ddcrewbl			ddcrew
ddcrewd			ddcrew
ddcrewj			ddcrew
ddcrewj2			ddcrew
ddcrewj2d			ddcrew
ddcrewjd			ddcrew
ddcrewu			ddcrew
ddcrewud			ddcrew
ddealer			ddealer
ddenlovj			ddenlovj
ddenlovr			ddenlovj
ddenlovrb			ddenlovj
ddenlovrk			ddenlovj
ddonpach			ddonpach
ddonpacha			ddonpach
ddonpachj			ddonpach
ddp2			ddp2
ddp2100			ddp2
ddp2100c			ddp2
ddp2100hk			ddp2
ddp2100j			ddp2
ddp2100k			ddp2
ddp2100t			ddp2
ddp2101			ddp2
ddp2101c			ddp2
ddp2101hk			ddp2
ddp2101j			ddp2
ddp2101k			ddp2
ddp2101t			ddp2
ddp2c			ddp2
ddp2hk			ddp2
ddp2j			ddp2
ddp2k			ddp2
ddp2t			ddp2
ddp3			ddp3
ddpdfk			ddpdfk
ddpdfk10			ddpdfk
ddpdoj			ddp3
ddpdoja			ddp3
ddpdojb			ddp3
ddpdojblk			ddp3
ddpdojblka			ddp3
ddpdojblkb			ddp3
ddpdojblkbl			ddp3
ddpdojp			ddp3
ddpdojt			ddpdojt
ddr2m			ddr2m
ddr2mc			ddr2m
ddr2mc2			ddr2m
ddr2ml			ddr2m
ddr2mla			ddr2m
ddr2mlb			ddr2m
ddr3ma			ddr3mk
ddr3mj			ddr3mk
ddr3mk			ddr3mk
ddr3mka			ddr3mk
ddr3mp			ddr3mp
ddr4m			ddr4m
ddr4mj			ddr4m
ddr4mp			ddr4mp
ddr4mps			ddr4mps
ddr4ms			ddr4ms
ddr4msj			ddr4ms
ddr5m			ddr5m
ddra			dstage
ddragon			ddragon
ddragon2			ddragon2
ddragon2bl			ddragon2
ddragon2j			ddragon2
ddragon2u			ddragon2
ddragon3			ddragon3
ddragon3b			ddragon3
ddragon3j			ddragon3
ddragon3p			ddragon3
ddragon6809			ddragon
ddragon6809a			ddragon
ddragon6809b			ddragon
ddragon6809c			ddragon
ddragona			ddragon
ddragonbl			ddragon
ddragonbl2			ddragon
ddragonbla			ddragon
ddragonj			ddragon
ddragonja			ddragon
ddragonu			ddragon
ddragonua			ddragon
ddragonub			ddragon
ddrbocd			ddr2m
ddream95			hoops96
ddrextrm			ddrextrm
ddribble			ddribble
ddribblep			ddribble
ddrj			dstage
ddrja			dstage
ddrjb			dstage
ddrkara			ddrkara
ddrkids			ddrkids
ddrmax			ddrmax
ddrmax2			ddrmax2
ddrs2k			ddrs2k
ddrs2kj			ddrs2k
ddrsbm			ddrsbm
ddru			dstage
ddrusa			ddrusa
ddsom			ddsom
ddsoma			ddsom
ddsomar1			ddsom
ddsomb			ddsom
ddsomh			ddsom
ddsomj			ddsom
ddsomjr1			ddsom
ddsomjr2			ddsom
ddsomr1			ddsom
ddsomr2			ddsom
ddsomr3			ddsom
ddsomu			ddsom
ddsomud			ddsom
ddsomur1			ddsom
ddtod			ddtod
ddtoda			ddtod
ddtodar1			ddtod
ddtodd			ddtod
ddtodh			ddtod
ddtodhr1			ddtod
ddtodhr2			ddtod
ddtodj			ddtod
ddtodjr1			ddtod
ddtodjr2			ddtod
ddtodr1			ddtod
ddtodu			ddtod
ddtodur1			ddtod
ddungeon			ddungeon
ddungeone			ddungeon
ddux			ddux
ddux1			ddux
dduxbl			ddux
dduxd			ddux
dduxj			ddux
dduxjd			ddux
deadang			deadang
deadconx			deadconx
deadconxj			deadconx
deadeye			deadeye
dealer			dealer
deathbrd			mutantf
deathcox			deathcox
deathcoxj			deathcox
deathcoxo			deathcox
deathsml			deathsml
decathlt			decathlt
decathlto			decathlt
deerhunt			deerhunt
deerhunta			deerhunt
deerhuntb			deerhunt
deerhuntc			deerhunt
deerhuntd			deerhunt
deerhunte			deerhunt
deerhuntj			deerhunt
defcmnd			defender
defence			defender
defender			defender
defenderb			defender
defenderg			defender
defenderj			defender
defenderom			defender
defenderw			defender
defense			sdi
defenseb			defender
defndjeu			defender
deltrace			omegrace
deluxe4u			deluxe5
deluxe5			deluxe5
deluxe5a			deluxe5
deluxe5b			deluxe5
demndrgn			demndrgn
demoderb			demoderb
demoderbc			demoderb
demoderm			demoderb
demofist			demofist
demon			demon
demoneye			demoneye
demonwld			demonwld
demonwld1			demonwld
demonwld2			demonwld
demonwld3			demonwld
demonwld4			demonwld
demonwld5			demonwld
dendego			dendego
dendego2			dendego2
dendego23k			dendego2
dendegoa			dendego
dendegox			dendego
denjinmk			denjinmk
denjinmka			denjinmk
denseib			denseib
denseib2			denseib
depthch			depthch
depthcho			depthch
derbyo2k			derbyo2k
derbyoc			derbyoc
derbyoc2			derbyoc2
derbyocw			derbyocw
deroon			deroon
deroon2			deroon
deroona			deroon
desert			desert
desertbr			desertbr
desertbrd			desertbr
desertbrj			desertbr
desertbrjd			desertbr
desertdn			desertdn
desertgu			desertgu
desertwr			desertwr
desterth			lrescue
destroyr			destroyr
destroyr1			destroyr
destryer			destryer
destryera			destryer
detatwin			blswhstl
deucesw2			deucesw2
devilfsh			devilfsh
devilfshg			devilfsh
devilfshgb			devilfsh
devilfshv			devilfsh
devilw			devilw
devstors			devstors
devstors2			devstors
devstorsv			devstors
devstorsx			devstors
devzone			devzone
devzone2			devzone
df_djpkr			mainline
df_djpkra			mainline
dfeverg			dfeverg
dfeveron			feversos
dfjail			dfjail
dfkbl			dfkbl
dfruit			dfruit
dfruita			dfruit
dharma			dharma
dharmag			dharma
dharmaj			dharma
dharmak			dharma
diamrun			diamrun
dicegame			dicegame
diehard			diehard
dietgo			dietgo
dietgoe			dietgo
dietgoea			dietgo
dietgoeb			dietgo
dietgoj			dietgo
dietgou			dietgo
digdug			digdug
digdug1			digdug
digdug2			digdug2
digdug2o			digdug2
digdugat			digdug
digdugat1			digdug
digger			digger
diggerc			diggerc
diggerma			diggerma
digsid			digdug
dimahoo			dimahoo
dimahoou			dimahoo
dimahoud			dimahoo
dingo			dingo
dingoe			dingo
dingov			dingo
dino			dino
dinoa			dino
dinohunt			dino
dinoj			dino
dinopic			dino
dinopic2			dino
dinopic3			dino
dinorex			dinorex
dinorexj			dinorex
dinorexu			dinorex
dinou			dino
dirtdash			dirtdash
dirtdasha			dirtdash
dirtdashb			dirtdash
dirtdashj			dirtdash
dirtdvls			dirtdvls
dirtdvlsau			dirtdvls
dirtdvlsg			dirtdvls
dirtdvlsj			dirtdvls
dirtdvlsu			dirtdvls
dirtfoxj			dirtfoxj
dirtypig			dirtypig
disco			disco
discoboy			discoboy
discoboyp			discoboy
discof			disco
divebomb			divebomb
diverboy			diverboy
djboy			djboy
djboyj			djboy
djboyja			djboy
djboyu			djboy
djboyua			djboy
djgirl			discoboy
dkgensan			hharry
dkgensana			hharry
dkgensanm72			hharry
dkgensanm82			hharry
dking			ckong
dkingjr			dkongjr
dkingjrv			dkongjr
dkong			dkong
dkong3			dkong3
dkong3abl			dkong3
dkong3b			dkong3
dkong3hs			dkong3
dkong3j			dkong3
dkongddk			dkongjr
dkongf			dkong
dkonghrd			dkong
dkonghs			dkong
dkongike			dkong
dkongj			dkong
dkongjnrj			dkongjr
dkongjo			dkong
dkongjo1			dkong
dkongjr			dkongjr
dkongjr2			dkongjr
dkongjrb			dkongjr
dkongjrc			dkong
dkongjre			dkongjr
dkongjrhs			dkongjr
dkongjrj			dkongjr
dkongjrm			dkongjr
dkongjrmc			dkongjr
dkongjrpb			dkongjr
dkongo			dkong
dkongpe			dkong
dkongx			dkong
dkongx11			dkong
dlair			dlair
dlair_1			dlair
dlair_2			dlair
dlaira			dlair
dlairb			dlair
dlairc			dlair
dlaird			dlair
dlaire			dlair
dlairf			dlair
dland			bublbobl
dleague			dleague
dleaguej			dleague
dleuro			dlair
dleuroalt			dlair
dlital			dlair
dmdfever			dmdfever
dmnfrnt			dmnfrnt
dmnfrnt102			dmnfrnt
dmnfrnt103			dmnfrnt
dmnfrntpcb			dmnfrnt
dmx			dncfrks
dmx2m			dmx2m
dmx2majp			dmx2majp
dmxa			dncfrks
dncfrks			dncfrks
dngrtrck			rallyx
dnmtdeka			diehard
doa			doa
doa2			doa2m
doa2a			doa2m
doa2m			doa2m
doaa			doa
doaab			doa
doaae			doa
doab			doa
doapp			doapp
doappk			doapp
docastle			docastle
docastle2			docastle
docastleo			docastle
dockman			dockman
dockmanb			dockman
dockmanc			dockman
dodgem			dodgem
dodgeman			dodgeman
dodghero			dodghero
dogfgt			dogfgt
dogfgtj			dogfgt
dogfgtu			dogfgt
dogfight			dogfight
dogfightp			dogfight
dogosokb			victroad
dogosoke			victroad
dogpatch			dogpatch
dogyuun			dogyuun
dogyuuna			dogyuun
dogyuunb			dogyuun
dogyuunbl			dogyuun
dogyuunt			dogyuun
dogyuunto			dogyuun
dokaben			dokaben
dokaben2			dokaben2
dokidoki			dokidoki
dokyusei			dokyusei
dokyusp			dokyusp
dolmen			dolmen
dolmenk			dolmen
dolphin			dolphin
domino			domino
dominoa			domino
dominob			dominob
dominobv2			dominob
dominos			dominos
dominos4			dominos
dommy			dommy
doncdoon			doncdoon
dondenmj			dondenmj
dondokod			dondokod
dondokodj			dondokod
dondokodu			dondokod
donghaer			donghaer
donpachi			donpachi
donpachihk			donpachi
donpachij			donpachi
donpachijs			donpachi
donpachikr			donpachi
dorachan			dorachan
dorodon			dorodon
dorodon2			dorodon
dorunrun			dorunrun
dorunrun2			dorunrun
dorunrunc			dorunrun
dorunrunca			dorunrun
dotrikun			dotrikun
dotrikun2			dotrikun
dotriman			dotrikun
dotron			dotron
dotrona			dotron
dotrone			dotron
dotronep			dotron
doubledr			doubledr
douni			docastle
dowild			dowild
downtown			downtown
downtown2			downtown
downtownj			downtown
downtownp			downtown
dplay			dplay
dpoker			dpoker
dquizgo			dquizgo
dquizgo2			dquizgo2
draco			draco
dragnblz			dragnblz
dragngun			dragngun
dragngunj			dragngun
dragntr			dragntr
dragntr2			dragntr2
dragntr3			dragntr3
dragntra			dragntr
dragonsh			dragonsh
dragoona			dragoona
dragoonj			dragoona
dragrace			dragrace
drakton			drakton
draw88pkr			draw88pkr
drbyocwa			derbyocw
drbyocwb			derbyocw
drbyocwc			derbyocw
drbyocwt			derbyocw
dreambal			dreambal
dreamwld			dreamwld
dremshpr			dremshpr
drgnbowl			drgnbowl
drgnbowla			drgnbowl
drgnbstr			drgnbstr
drgneye			drgneye
drgninja			baddudes
drgninjab			baddudes
drgninjab2			baddudes
drgnmst			drgnmst
drgnmst2			drgnmst
drgnunit			drgnunit
drgnwrld			drgnwrld
drgnwrldv10c			drgnwrld
drgnwrldv11h			drgnwrld
drgnwrldv11ha			drgnwrld
drgnwrldv20j			drgnwrld
drgnwrldv21			drgnwrld
drgnwrldv21j			drgnwrld
drgnwrldv30			drgnwrld
drgnwrldv40k			drgnwrld
drgpunch			drgpunch
drgpunchbl			drgpunch
drgw2			drgw2
drgw2100c			drgw2
drgw2100hk			drgw2
drgw2100j			drgw2
drgw2100x			drgw2
drgw2101c			drgw2
drgw3			drgw3
drgw3100			drgw3
drgw3103			drgw3
drgw3105			drgw3
dribling			dribling
driblinga			dribling
driblingam			dribling
driblingo			dribling
driblingvm			dribling
drifto94			drifto94
driftout			driftout
driftoutct			driftout
driftoutj			driftout
drivedge			drivedge
driveout			driftout
driveyes			driveyes
drivfrcb			drivfrcp
drivfrcg			drivfrcp
drivfrcp			drivfrcp
drivfrcsg			drivfrcp
drivfrcsga			drivfrcp
drivfrcsgb			drivfrcp
drivfrct			drivfrcp
drktnjr			drakton
drmario			drmario
drmicro			drmicro
drmn			pcnfrk
drmn2m			pcnfrk2m
drmn2mpu			pcnfrk2m
drmn3m			pcnfrk3m
drmn4m			pcnfrk4m
drmn5m			pcnfrk5m
drmna			pcnfrk
drmnu			pcnfrk
drtomy			drtomy
drtoppel			drtoppel
drtoppelj			drtoppel
drtoppelu			drtoppel
dsaber			dsaber
dsabera			dsaber
dsaberj			dsaber
dsem			dsem
dsem2			dsem2
dsfdct			dsfdct
dsfdcta			dsfdct
dsfdr			dsfdr
dsftkd			dsftkd
dsmbl			dsmbl
dsoccr94			dsoccr94
dsoccr94j			dsoccr94
dsoccr94k			dsoccr94
dspirit			dspirit
dspirit1			dspirit
dspirit2			dspirit
dsrtwars			bzone
dstage			dstage
dstagea			dstage
dstlk			dstlk
dstlka			dstlk
dstlkb			dstlk
dstlkh			dstlk
dstlku			dstlk
dstlku1d			dstlk
dstlkur1			dstlk
dtfamily			dtfamily
dtoyoken			dtoyoken
dualaslt			liberate
duckhunt			duckhunt
dumpmtmt			bodyslam
dungeonm			lightbr
dungeonmu			lightbr
dunhuang			dunhuang
dunkmnia			dunkmnia
dunkmniajc			dunkmnia
dunkshot			dunkshot
dunkshota			dunkshot
dunkshoto			dunkshot
dvisland			dvisland
dvislando			dvisland
dw2001			dw2001
dwarfd			dwarfd
dwarfda			dwarfd
dwex			dwex
dwex101cn			dwex
dwpc			dwpc
dwpc101j			dwpc
dybb99			dybb99
dybbnao			dybbnao
dyger			dyger
dygera			dyger
dygolf			dygolf
dygolfp			dygolf
dynabb			dynabb
dynabb97			dynabb97
dynablst			dynablst
dynablstb			dynablst
dynablstb2			dynablst
dynablstb3			dynablst
dynablstb4			dynablst
dynabomb			dynabomb
dynadice			dynadice
dynagear			dynagear
dynamcop			dynamcop
dynamcopb			dynamcop
dynamcopc			dynamcop
dynamski			dynamski
dynashot			dynashot
dyndeka2			dynamcop
dyndeka2b			dynamcop
dynduke			dynduke
dyndukea			dynduke
dyndukej			dynduke
dyndukeja			dynduke
dyndukeu			dynduke
dynwar			dynwar
dynwara			dynwar
dynwarj			dynwar
dynwarjr			dynwar
dzigzag			digdug
eagle			mooncrst
eagle2			mooncrst
eagle3			mooncrst
eaglshot			eaglshot
eaglshotj			eaglshot
earthjkr			earthjkr
earthjkra			earthjkr
earthjkrb			earthjkr
earthjkrp			earthjkr
ebases			ebases
eca			eca
ecaj			eca
ecap			eca
ecau			eca
ecofghtr			ecofghtr
ecofghtra			ecofghtr
ecofghtrd			ecofghtr
ecofghtrh			ecofghtr
ecofghtru			ecofghtr
ecofghtru1			ecofghtr
edf			edf
edfa			edf
edfb			edf
edfbl			edf
edfp			edf
edfu			edf
edrandy			edrandy
edrandy1			edrandy
edrandy2			edrandy
edrandyj			edrandy
eeekk			eeekk
eeekkp			eeekk
efdt			efdt
egghunt			egghunt
eggor			eggor
eggs			scregg
eggsplc			eggsplc
eggventr			eggventr
eggventr1			eggventr
eggventr2			eggventr
eggventr4			eggventr
eggventr7			eggventr
eggventr8			eggventr
eggventra			eggventr
eggventrd			eggventr
ehrgeiz			ehrgeiz
ehrgeizja			ehrgeiz
ehrgeizua			ehrgeiz
eightfrc			eightfrc
eightman			eightman
einning			einning
ejanhs			ejanhs
ejihon			ejihon
ejsakura			ejsakura
ejsakura12			ejsakura
elandore			elandore
eldorda5			eldorda5
elecyoyo			elecyoyo
elecyoyoa			elecyoyo
elephfam			elephfam
elephfmb			elephfam
elevator			elevator
elevatora			elevator
elevatorb			elevator
elfin			elfin
elgrande			elgrande
elim2			elim2
elim2a			elim2
elim2c			elim2
elim4			elim2
elim4p			elim2
elvact2u			elvactr
elvactr			elvactr
elvactrj			elvactr
embargo			embargo
emeralda			emeralda
emeraldaj			emeralda
emeraldajb			emeralda
emeraldajd			emeralda
empcity			empcity
empcityfr			empcity
empcityi			empcity
empcityj			empcity
empcityu			empcity
empcityubl			empcity
endless			endless
endlessa			endless
endrichs			endrichs
endrichsa			endrichs
endrichsb			endrichs
endurob2			enduror
endurobl			enduror
enduror			enduror
enduror1			enduror
enduror1d			enduror
endurora			enduror
endurorb			enduror
endurord			enduror
enforce			enforce
enforcej			enforce
enforceja			enforce
enigma2			enigma2
enigma2a			enigma2
enigma2b			enigma2
enmadaio			enmadaio
eprom			eprom
eprom2			eprom
equites			equites
equitess			equites
ertictac			ertictac
ertictaca			ertictac
ertictacb			ertictac
esb			esb
esckids			esckids
esckidsj			esckids
escmars			lrescue
esh			esh
esha			esh
eshb			esh
espgal			espgal
espgal2			espgal2
espgal2a			espgal2
espgal2b			espgal2
espgalbl			espgal
espial			espial
espialj			espial
espialn			espial
espialu			espial
esprade			esprade
espradej			esprade
espradejo			esprade
eswat			eswat
eswatbl			eswat
eswatbl2			eswat
eswatbl3			eswat
eswatd			eswat
eswatj			eswat
eswatj1			eswat
eswatj1d			eswat
eswatjd			eswat
eswatu			eswat
eswatud			eswat
eto			eto
etoa			eto
euroch92			euroch92
euroch92j			euroch92
eurogael			twcup90
evilngt			evilngt
evilston			evilston
evosocc			evosocc
excelsr			excelsr
excelsra			excelsr
excitebk			excitebk
excitebkj			excitebk
excitebko			excitebk
excthour			matmania
exctleag			exctleag
exctleagd			exctleag
exctscc2			exctscc2
exctsccr			exctsccr
exctsccra			exctsccr
exctsccrb			exctsccr
exctsccrj			exctsccr
exctsccrjo			exctsccr
exctsccru			exctsccr
exedexes			exedexes
exerion			exerion
exerionb			exerion
exerionb2			exerion
exerionba			exerion
exeriont			exerion
exerizer			skyfox
exerizerb			skyfox
exodus			redufo
expcard			expcard
explbrkr			explbrkr
explbrkrk			explbrkr
explorer			scramble
exprraid			exprraid
exprraidbl			exprraid
exprraidi			exprraid
exprraidu			exprraid
extdwnhl			extdwnhl
exterm			exterm
extrmatn			extrmatn
extrmatnj			extrmatn
extrmatnu			extrmatn
extrmatnur			extrmatn
exvania			exvania
exvaniaj			exvania
exzisus			exzisus
exzisusa			exzisus
exzisust			exzisus
eyes			eyes
eyes2			eyes
eyesb			eyes
eyeszac			eyes
eyeszacb			eyes
f15se			f15se
f15se21			f15se
f15se22			f15se
f16s8l			lucky8
f1dream			f1dream
f1dreama			f1dream
f1dreamb			f1dream
f1dreamba			f1dream
f1en			f1en
f1enj			f1en
f1enu			f1en
f1gp			f1gp
f1gp2			f1gp2
f1gpa			f1gp
f1gpb			f1gp
f1gpbl			f1gp
f1gpstar			f1gpstar
f1gpstar2			f1gpstar
f1gpstar3			f1gpstar
f1gpstr2			f1gpstr2
f1lap			f1lap
f1lapj			f1lap
f1lapt			f1lap
f1superb			f1superb
f355			f355
f355p			f355
f355twin			f355twin
f355twinp			f355twin
f355twn2			f355twn2
fa			fghtatck
faceoff			faceoff
failgate			failgate
falcon			phoenix
falconz			phoenix
famibox			famibox
famistat			famibox
fantasia			fantasia
fantasiaa			fantasia
fantasiab			fantasia
fantasian			fantasia
fantastc			fantastc
fantasyg			fantasyu
fantasyg2			fantasyu
fantasyj			fantasyu
fantasyu			fantasyu
fantazia			mooncrst
fantjour			fantjour
fantjoura			fantjour
fantland			fantland
fantlanda			fantland
fantsia2			fantsia2
fantsia2a			fantsia2
fantsia2n			fantsia2
fantstry			fantstry
fantstrya			fantstry
fantsy95			newfant
fantzn2			fantzn2
fantzn2x			fantzn2x
fantzn2xp			fantzn2x
fantzone			fantzone
fantzone1			fantzone
fantzonee			fantzone
fantzonep			fantzone
fantzonepr			fantzone
fantzoneta			fantzone
fanzonem			fanzonem
farmer			ikki
farwest			ironhors
fashion			brasil
fashiong			fashiong
fashiong2			fashiong
fastdraw			fastdraw
fastdraw_130			fastdraw
fastfred			flyboy
fastlane			fastlane
fatfursp			fatfursp
fatfurspa			fatfursp
fatfurwa			fatfurwa
fatfury1			fatfury1
fatfury2			fatfury2
fatfury3			fatfury3
fax			fax
fax2			fax
fb2010			fb2010
fb2010a			fb2010
fb2gen			fb2gen
fb2genc1			fb2gen
fb2genc2			fb2gen
fb2gencq			fb2gen
fb2gend1			fb2gen
fb2gend2			fb2gen
fb2geno			fb2gen
fb2geno2			fb2gen
fb2genv1			fb2gen
fb2genv2			fb2gen
fb2nd			fb2nd
fb2ndc2			fb2nd
fb2ndd1			fb2nd
fb2ndd2			fb2nd
fb2ndo			fb2nd
fb2ndo1			fb2nd
fb2ndv1			fb2nd
fb2ndv2			fb2nd
fb3g			fb3g
fb4			fb4
fb4_14			fb4
fb4b2			fb4
fb4c1			fb4
fb4c2			fb4
fb4d1			fb4
fb4d2			fb4
fb4exp			fb4
fb4o			fb4
fb4o2			fb4
fb4v1			fb4
fb4v2			fb4
fb5			fb5
fb5c			fb5
fb5d			fb5
fb5v			fb5
fb6			fb6
fb6d1			fb6
fb6d2			fb6
fb6s1			fb6
fb6s2			fb6
fb6s3			fb6
fb6se			fb6se
fb6sed1			fb6se
fb6sed2			fb6se
fb6sev			fb6se
fb6sev1			fb6se
fb6sev2			fb6se
fb6v			fb6
fb6v1			fb6
fb6v2			fb6
fbait2bc			fbait2bc
fbaitbc			fbaitbc
fbaitmc			fbaitmc
fbaitmca			fbaitmc
fbaitmcj			fbaitmc
fbaitmcu			fbaitmc
fball			fball
fbdeluxe			fbdeluxe
fbdeluxeo			fbdeluxe
fbfrenzy			fbfrenzy
fcnudge			fcnudge
fcnudgeo			fcnudge
fcnudgeo2			fcnudge
fcnudgeo3			fcnudge
fcombat			fcombat
fcrash			ffight
fenix			phoenix
fenixexpl			phoenix
fenixn			phoenix
feversoc			feversoc
feversos			feversos
ffantasy			hippodrm
ffantasya			hippodrm
ffantasyb			hippodrm
ffantasybl			hippodrm
ffantasyj			hippodrm
ffight			ffight
ffight2b			ffight2b
ffight3b			ffight3b
ffight3b2			ffight3b
ffighta			ffight
ffightae			ffight
ffightbl			ffight
ffightbla			ffight
ffightblb			ffight
ffightj			ffight
ffightj1			ffight
ffightj2			ffight
ffightj3			ffight
ffightj4			ffight
ffightjh			ffight
ffightu			ffight
ffightu1			ffight
ffightua			ffight
ffightub			ffight
ffightuc			ffight
ffreveng			ffreveng
ffrevng10			ffreveng
fghtatck			fghtatck
fghtbskt			fghtbskt
fghthist			fghthist
fghthista			fghthist
fghthistb			fghthist
fghthistj			fghthist
fghthistja			fghthist
fghthistjb			fghthist
fghthistu			fghthist
fghthistua			fghthist
fghthistub			fghthist
fghthistuc			fghthist
fghtmn			fghtmn
fghtmna			fghtmn
fghtmnk			fghtmn
fghtmnu			fghtmn
fgoal			fgoal
fgoala			fgoal
fgtlayer			fgtlayer
fgtlayerja			fgtlayer
fhawk			fhawk
fhawkj			fhawk
fhboxers			fhboxers
fieldday			fieldday
fightfev			fightfev
fightfeva			fightfev
fightrol			fightrol
filetto			filetto
finalap2			finalap2
finalap2j			finalap2
finalap2jb			finalap2
finalap3			finalap3
finalap3a			finalap3
finalap3bl			finalap3
finalap3j			finalap3
finalap3jc			finalap3
finalapr			finalapr
finalapr1			finalapr
finalaprj			finalapr
finalaprj1			finalapr
finalb			finalb
finalbj			finalb
finalbny			vanilla
finalbu			finalb
finalgdr			finalgdr
finalizr			finalizr
finalizra			finalizr
finalizrb			finalizr
finallap			finallap
finallapc			finallap
finallapd			finallap
finallapjb			finallap
finallapjc			finallap
finalttr			finalttr
findlove			findlove
findout			findout
findouta			findout
finehour			finehour
finger			stinger
finlarch			smleague
firebarr			airass
firebatl			firebatl
firebeas			firebeas
firefox			firefox
firefoxa			firefox
firehawk			spec2k
firehawkv			spec2k
fireone			fireone
fireshrk			fireshrk
fireshrka			fireshrk
fireshrkd			fireshrk
fireshrkdh			fireshrk
firetrap			firetrap
firetrapa			firetrap
firetrapbl			firetrap
firetrapj			firetrap
firetrk			firetrk
firetrka			firetrk
fishfren			fishfren
fishingm			fishingm
fitegolf			fitegolf
fitegolfu			fitegolf
fitegolfua			fitegolf
fitfight			fitfight
fitter			roundup
fitterbl			roundup
fiveside			fiveside
fixeight			fixeight
fixeighta			fixeight
fixeightat			fixeight
fixeightbl			fixeight
fixeighth			fixeight
fixeightht			fixeight
fixeightj			fixeight
fixeightjt			fixeight
fixeightk			fixeight
fixeightkt			fixeight
fixeightt			fixeight
fixeighttw			fixeight
fixeighttwt			fixeight
fixeightu			fixeight
fixeightut			fixeight
fjbuster			shogwarr
fl7_3121			fl7_3121
flagrall			flagrall
flamegun			flamegun
flamegunj			flamegun
flashgal			flashgal
flashgala			flashgal
flashgalk			flashgal
flicky			flicky
flickya			flicky
flickyb			flicky
flickyo			flicky
flickys1			flicky
flickys2			flicky
flickyup			flicky
flickyupa			flicky
flipjack			flipjack
flipmaze			flipmaze
flipshot			flipshot
flipull			plotting
flkatck			mx5000
flkatcka			mx5000
floritas			mooncrst
floritasm			mooncrst
flower			flower
flowerj			flower
flowerjb			flower
flstory			flstory
flstoryo			flstory
flyball			flyball
flyball1			flyball
flyboy			flyboy
flyboyb			flyboy
flytiger			flytiger
flytigera			flytiger
fmaniac2p			fmaniac2p
fmaniac3			fmaniac3
fncywld			fncywld
fncywlda			fncywld
fnkyfish			fnkyfish
fnshark			fshark
fntspcian			galaxian
foodf			foodf
foodf1			foodf
foodf2			foodf
foodfc			foodf
foolrace			foolrace
footbpow			footbpow
footbpow11			footbpow
footbpow12			footbpow
footbpow14			footbpow
footchmp			footchmp
footchmpbl			footchmp
forcebrk			brkthru
forgottn			forgottn
forgottna			forgottn
forgottnj			forgottn
forgottnu			forgottn
forgottnua			forgottn
forgottnuaa			forgottn
forgottnuc			forgottn
forgottnue			forgottn
formatz			formatz
fort2b			fort2b
fort2ba			fort2b
fortecrd			fortecrd
fortecrde			fortecrd
fortune1			fortune1
fotns			fotns
fourplay			fourplay
fourtrax			fourtrax
fourtraxa			fourtrax
fourtraxj			fourtrax
fpoint			fpoint
fpoint1			fpoint
fpoint1d			fpoint
fpointbj			fpoint
fpointbl			fpoint
fpointbla			fpoint
fpointd			fpoint
franticf			franticf
franticfa			franticf
freekick			freekick
freekicka			freekick
freekickb1			freekick
freekickb2			freekick
freekickb3			freekick
freeze			freeze
freezeat			freezeat
freezeat2			freezeat
freezeat3			freezeat
freezeat4			freezeat
freezeat5			freezeat
freezeat6			freezeat
freezeatjp			freezeat
frenzy			frenzy
fresh			fresh
friskyt			friskyt
friskyta			friskyt
friskytb			friskyt
frogf			frogger
frogg			frogger
froggeg			frogger
frogger			frogger
froggeram			frogger
froggereb			frogger
froggermc			frogger
froggers			frogger
froggers1			frogger
froggers2			frogger
froggers3			frogger
froggert			frogger
froggerv			frogger
froggervd			frogger
froggrs			frogger
frogs			frogs
froman2b			froman2b
fromanc2			fromanc2
fromanc2o			fromanc2
fromanc4			fromanc4
fromance			fromance
fromancr			fromancr
frontlin			frontlin
frontlina			frontlin
fround			fround
froundl			fround
fruitbun			cntrygrl
fruitpc			fruitpc
fshark			fshark
fsharkb			fshark
fsharkbt			fshark
fsoccer			fsoccer
fsoccerb			fsoccer
fsoccerba			fsoccer
fsoccerj			fsoccer
fspiderb			fspiderb
fstarfrc			fstarfrc
fstarfrcj			fstarfrc
fstarfrcja			fstarfrc
fstarfrcw			fstarfrc
fstation			fstation
fstation7			fstation
fstation8			fstation
fswords			samsho3
ftimpact			ftimpcta
ftimpactj			ftimpcta
ftimpactu			ftimpcta
ftimpcta			ftimpcta
fts2in1			fts2in1
ftspeed			ftspeed
fullthrl			topspeed
funcube			funcube
funcube2			funcube2
funcube3			funcube3
funcube4			funcube4
funcube5			funcube5
funkybee			funkybee
funkybeeb			funkybee
funkyfig			funkyfig
funkyfiga			funkyfig
funkyjet			funkyjet
funkyjeta			funkyjet
funkyjeta2			funkyjet
funkyjetb			funkyjet
funkyjetj			funkyjet
funnymou			suprmous
funriver			funriver
funriverd1			funriver
funriverv			funriver
funybubl			funybubl
funybublc			funybubl
funystrp			funystrp
futari10			futari15
futari15			futari15
futari15a			futari15
futaribl			futaribl
futariblj			futaribl
futflash			futflash
futflasha			futflash
futspy			futspy
fuudol			fuudol
fvipers			fvipers
fvipers2			fvipers2
fvipers2o			fvipers2
fvipersa			fvipers
fvipersb			fvipers
fvrpitch			fvrpitch
fx			srdmissn
g13knd			g13knd
ga2			ga2
ga2j			ga2
ga2u			ga2
gahaha			gahaha
gahaha2			gahaha2
gaia			gaia
gaialast			gaialast
gaiapols			gaiapols
gaiapolsj			gaiapols
gaiapolsu			gaiapols
gaiden			shadoww
gakupara			gakupara
gakupara102			gakupara
gakusai			gakusai
gakusai2			gakusai2
gakusaia			gakusai
gal10ren			gal10ren
galactic			galactic
galactica2			moonal2
galaga			galaga
galaga3			gaplus
galaga3a			gaplus
galaga3b			gaplus
galaga3c			gaplus
galaga3m			gaplus
galaga88			galaga88
galaga88a			galaga88
galaga88j			galaga88
galagamf			galaga
galagamk			galaga
galagamw			galaga
galagao			galaga
galaktron			galaxian
galaktrons3			galaxian
galap1			galaxian
galap2			galaxian
galap4			galaxian
galapx			galaxian
galartic			galaxian
galastrm			galastrm
galaxbsf			galaxian
galaxbsf2			galaxian
galaxcirsa			galaxian
galaxi			galaxi
galaxia			galaxia
galaxiaa			galaxia
galaxiab			galaxia
galaxiamv			galaxian
galaxian			galaxian
galaxiana			galaxian
galaxianbl			galaxian
galaxianbl2			galaxian
galaxianbl3			galaxian
galaxianem			galaxian
galaxiani			galaxian
galaxianiii			galaxian
galaxianm			galaxian
galaxianmo			galaxian
galaxianoly			galaxian
galaxianrp			galaxian
galaxiant			galaxian
galaxrcgg			galaxian
galaxrf			galaxian
galaxrfgg			galaxian
galaxyfg			galaxyfg
galaxygn			galaxygn
galaxygnh			galaxygn
galaxyr			galaxyr
galaxyrp			galaxyr
galaxyx			galaxian
galds			threeds
galemp			uniwars
galeone			galeone
galgame			galgame
galgame2			galgame2
galgame3			galgame3
galgame4			galgame4
galgame4p			galgame4
galhustl			pgalvip
galhustla			pgalvip
galivan			galivan
galivan2			galivan
galivan3			galivan
galkaika			galkaika
galkamika			galaxian
galkoku			galkoku
galkokua			galkoku
gallag			galaga
gallag50			gallag50
gallgall			gallgall
gallgall_21			gallgall
gallop			cosmccop
gallopm72			cosmccop
galmedes			galmedes
galmonst			invaders
galpani2			galpani2
galpani2e			galpani2
galpani2e2			galpani2
galpani2g			galpani2
galpani2gs			galpani2
galpani2i			galpani2
galpani2i2			galpani2
galpani2j			galpani2
galpani2k			galpani2
galpani2t			galpani2
galpani3			galpani3
galpani3hk			galpani3
galpani3j			galpani3
galpani3k			galpani3
galpani4			galpani4
galpani4a			galpani4
galpani4j			galpani4
galpani4k			galpani4
galpanic			galpanic
galpanica			galpanic
galpanicb			galpanic
galpanicc			galpanic
galpanicms			galsnew
galpanidx			galpani4
galpaniex			galpani4
galpanis			galpanis
galpanisa			galpanis
galpanise			galpanis
galpanisj			galpanis
galpanisk			galpanis
galpaniska			galpanis
galpanisu			galpani4
galpans2			galpans2
galpans2a			galpans2
galpans2j			galpans2
galpans3			galpans3
galpansu			galpans2
galpansua			galpans2
galsnew			galsnew
galsnewj			galsnew
galsnewk			galsnew
galsnewt			galsnew
galsnewu			galsnew
galspnbl			galspnbl
galturbo			galaxian
galwars2			defender
galxwars			galxwars
galxwars2			galxwars
galxwarst			galxwars
galxwarst2			galxwars
gametngk			gametngk
gamshara			gamshara
gamsharao			gamshara
ganbare			ganbare
gangonta			prtytime
gangwars			gangwars
gangwarsb			gangwars
gangwarsj			gangwars
gangwarsu			gangwars
ganjaja			ganjaja
ganryu			ganryu
gaplus			gaplus
gaplusa			gaplus
gaplusd			gaplus
gapluse			gaplus
gaplust			gaplus
gardia			gardia
gardiab			gardia
gardiaj			gardia
garogun			garogun
garou			garou
garoubl			garou
garouh			garou
garouha			garou
garoup			garou
garuka			devstors
garyoret			garyoret
gatedoom			darkseal
gatedoom1			darkseal
gatsbee			galaga
gaunt2			gaunt2
gaunt22p			gaunt2
gaunt22p1			gaunt2
gaunt22pg			gaunt2
gaunt2g			gaunt2
gauntdl			gauntdl
gauntdl24			gauntdl
gauntleg			gauntleg
gauntleg12			gauntleg
gauntleg14			gauntleg
gauntlet			gauntlet
gauntlet2p			gauntlet
gauntlet2pg			gauntlet
gauntlet2pg1			gauntlet
gauntlet2pj			gauntlet
gauntlet2pj2			gauntlet
gauntlet2pr3			gauntlet
gauntletg			gauntlet
gauntletgr3			gauntlet
gauntletgr6			gauntlet
gauntletgr8			gauntlet
gauntletj			gauntlet
gauntletj12			gauntlet
gauntletr1			gauntlet
gauntletr2			gauntlet
gauntletr4			gauntlet
gauntletr5			gauntlet
gauntletr7			gauntlet
gauntletr9			gauntlet
gauntlets			gauntlet
gaxeduel			gaxeduel
gbbchmp			gbbchmp
gberet			gberet
gberetb			gberet
gblchmp			kaiserkn
gbusters			gbusters
gbustersa			gbusters
gcastle			gladiatr
gchgchmp			gchgchmp
gcpinbal			gcpinbal
gdarius			gdarius2
gdarius2			gdarius2
gdariusj			gdarius2
gdariusu			gdarius2
gderby			jockeyc
gdfs			gdfs
geebee			geebee
geebeea			geebee
geebeeb			geebee
geebeeg			geebee
gegege			gegege
geimulti			geimulti
gekiretu			gekiretu
gekiretup			gekiretu
gekiridn			gekiridn
gekiridnj			gekiridn
gekisha			gekisha
gekishap2			gekisha
gekisou			gekisou
gekitsui			zerotrgt
gemcrush			gemcrush
gemini			gemini
geminib			gemini
geminij			gemini
genie			genie
geniea			genie
genius6			genius6
genius6a			genius6
genius6b			genius6
genix			genix
genpeitd			genpeitd
gensitou			prehisle
geostorm			gunforc2
geostorma			gunforc2
getaway			getaway
getbass			bassdx
getbassdx			bassdx
getbassur			bassdx
getrich			getrich
getstarb1			grdian
getstarb2			grdian
getstarj			grdian
gfire2			gfire2
gforce2			gforce2
gforce2j			gforce2
gforce2ja			gforce2
gforce2sd			gforce2
ggconnie			ggconnie
gghost			gghost
ggisuka			ggisuka
ggoemon			ggoemon
ggram2			ggram2
ggreats2			opengolf
gground			gground
ggroundj			gground
ggx			ggx
ggx15			ggx15
ggxx			ggxx
ggxxac			ggxxac
ggxxrl			ggxxrl
ggxxrlo			ggxxrl
ggxxsla			ggxxsla
ghlpanic			ghlpanic
ghoshunt			ghoshunt
ghostb			ghostb
ghostb2a			ghostb
ghostb3			ghostb
ghostb3a			ghostb
ghostlop			ghostlop
ghostmun			puckman
ghostsqo			ghostsqu
ghostsqu			ghostsqu
ghouls			ghouls
ghoulsu			ghouls
ghox			ghox
ghoxj			ghox
ghoxjo			ghox
ghunter			deadang
ghunters			deadang
gigaman2			megaman2
gigandes			gigandes
gigandesa			gigandes
gigas			gigas
gigasb			gigas
gigasm2			gigasm2
gigasm2b			gigasm2
gigawing			gigawing
gigawinga			gigawing
gigawingb			gigawing
gigawingd			gigawing
gigawingh			gigawing
gigawingj			gigawing
gigawingjd			gigawing
gijoe			gijoe
gijoea			gijoe
gijoeaa			gijoe
gijoeea			gijoe
gijoej			gijoe
gijoeu			gijoe
gijoeua			gijoe
gimeabrk			gimeabrk
ginganin			ginganin
ginganina			ginganin
ginkun			ginkun
gionbana			gionbana
girotutt			girotutt
gladiatr			gladiatr
glass			glass
glass10			glass
glass10a			glass
glass10b			glass
glass10c			glass
glass10d			glass
glass10e			glass
glassa			glass
glassat			glass
glasskr			glass
glasskra			glass
glassp			glass
gldarrow			gldarrow
gldnpkr			gldnpkr
glfgreat			glfgreat
glfgreatj			glfgreat
glfgreatu			glfgreat
gloc			gloc
glocj			gloc
glocr360			gloc
glocr360j			gloc
glocu			gloc
glpracr			glpracr
glpracr2			glpracr2
glpracr2j			glpracr2
glpracr2l			glpracr2
glpracr3			glpracr3
glpracr3j			glpracr3
glpracrj			glpracr
gluck2			gluck2
gmahou			dimahoo
gmgalax			gmgalax
gmissile			gmissile
gnbarich			gnbarich
gng			gng
gnga			gng
gngb			gng
gngbl			gng
gngbla			gng
gngblita			gng
gngc			gng
gngprot			gng
gngt			gng
go2000			go2000
goal92			cupsoc
goalx3			goalx3
gobyrc			gobyrc
gocowboy			gocowboy
godzilla			godzilla
gogold			recordbr
gogomile			gogomile
gogomileo			gogomile
goindol			goindol
goindolj			goindol
goindolu			goindol
gokuparo			fantjour
goldbug			goldbug
goldfrui			goldstar
goldmedl			goldmedl
goldmedla			goldmedl
goldmedlb			goldmedl
goldnaxe			goldnaxe
goldnaxe1			goldnaxe
goldnaxe1d			goldnaxe
goldnaxe2			goldnaxe
goldnaxe3			goldnaxe
goldnaxe3d			goldnaxe
goldnaxeb1			goldnaxe
goldnaxeb2			goldnaxe
goldnaxej			goldnaxe
goldnaxejd			goldnaxe
goldnaxeu			goldnaxe
goldnaxeud			goldnaxe
goldnpkb			goldnpkr
goldnpkc			goldnpkr
goldnpkd			goldnpkr
goldnpke			goldnpkr
goldnpkf			goldnpkr
goldnpkg			goldnpkr
goldnpkh			goldnpkr
goldnpkr			goldnpkr
goldstar			goldstar
goldstbl			goldstar
goldstbla			goldstar
golgo13			golgo13
gollygho			gollygho
gomoku			gomoku
gondo			gondo
gondou			gondo
good			good
goodejan			goodejan
goodejana			goodejan
goodluck			bsuerte
goonies			goonies
goori			goori
gorf			gorf
gorfirec			gorf
gorfpgm1			gorf
gorfpgm1f			gorf
gorfpgm1g			gorf
gorkans			mrtnt
gorodki			gorodki
gostop			gostop
gotcha			gotcha
gotya			thehand
gowcaizr			gowcaizr
gp2quiz			gp2quiz
gp2se			gp2se
gp98			gp98
gp98a			gp98
gp_jpn22			goldnpkr
gp_ped42_70			goldnpkr
gp_ped42_80			goldnpkr
gp_ped42_85			goldnpkr
gp_ped42_90			goldnpkr
gp_ped42_95			goldnpkr
gp_ped42_95a			goldnpkr
gpgolf			gpgolf
gpgolfa			gpgolf
gpilots			gpilots
gpilotsh			gpilots
gpilotsp			gpilots
gprider			gprider
gpriderj			gprider
gpriderjs			gprider
gpriders			gprider
gprideru			gprider
gpriderus			gprider
gpworld			gpworld
gradius			nemesis
gradius2			vulcan
gradius2a			vulcan
gradius2b			vulcan
gradius3			gradius3
gradius3a			gradius3
gradius3j			gradius3
gradius3ja			gradius3
gradius3jas			gradius3
gradius4			gradius4
gradius4a			gradius4
gradius4aa			gradius4
gradius4ja			gradius4
gradius4u			gradius4
gradius4ua			gradius4
grainbow			grainbow
grainbowk			grainbow
grally			polepos2
gram2000			gram2000
grasspin			grasspin
gratia			gratia
gratiaa			gratia
gravitar			gravitar
gravitar1			gravitar
gravitar2			gravitar
grchamp			grchamp
grchampa			grchamp
grchampb			grchamp
grdforce			grdforce
grdian			grdian
grdians			grdians
grdiansa			grdians
grdiansbl			grdians
grdnstrm			grdnstrm
grdnstrmau			grdnstrm
grdnstrmg			grdnstrm
grdnstrmj			grdnstrm
grdnstrmk			grdnstrm
grdnstrmv			grdnstrm
greatgun			greatgun
greatgur			gladiatr
greenber			greenber
gregular			goldstar
grescue			lrescue
gridiron			gridiron
gridlee			gridlee
griffon			phoenix
griffono			phoenix
grindstm			grindstm
grindstma			grindstm
grmatch			grmatch
grndtour			grndtour
grobda			grobda
grobda2			grobda
grobda3			grobda
groovef			groovef
groundfx			groundfx
growl			growl
growla			growl
growlp			growl
growlu			growl
grudge			grudge
grudgei			grudge
grudgep			grudge
gryzor			contra
gryzor1			contra
gseeker			gseeker
gseekerj			gseeker
gseekeru			gseeker
gslgr94j			gslgr94u
gslgr94u			gslgr94u
gslgr94ua			gslgr94u
gslugrsj			gslugrsj
gstream			gstream
gstrik2			gstrik2
gstrik2j			gstrik2
gstriker			gstriker
gstrikera			gstriker
gstrikerj			gstriker
gsword			gsword
gsword2			gsword
gt2k			gt2k
gt2kp100			gt2k
gt2ks100			gt2k
gt2kt500			gt2k
gt3d			gt3d
gt3dl19			gt3d
gt3dl191			gt3d
gt3dl192			gt3d
gt3ds192			gt3d
gt3dt211			gt3d
gt3dt230			gt3d
gt3dt231			gt3d
gt3dv14			gt3d
gt3dv15			gt3d
gt3dv16			gt3d
gt3dv17			gt3d
gt3dv18			gt3d
gt97			gt97
gt97s121			gt97
gt97t240			gt97
gt97t243			gt97
gt97v120			gt97
gt97v121			gt97
gt97v122			gt97
gt98			gt98
gt98c100			gt98
gt98s100			gt98
gt98t302			gt98
gt98t303			gt98
gt98v100			gt98
gt99			gt99
gt99s100			gt99
gt99t400			gt99
gtclassc			gtclassc
gtclasscp			gtclassc
gtclasscs			gtclassc
gtdiamond			gt98
gteikoku			uniwars
gteikokub			uniwars
gteikokub2			uniwars
gteikokub3			uniwars
gtfore01			gtfore01
gtfore02			gtfore02
gtfore03			gtfore03
gtfore03a			gtfore03
gtfore04			gtfore04
gtfore04a			gtfore04
gtfore05			gtfore05
gtfore05a			gtfore05
gtfore05b			gtfore05
gtfore05c			gtfore05
gtfore06			gtfore06
gtfrk10m			gtfrk10m
gtfrk10ma			gtfrk10m
gtfrk11m			gtfrk11m
gtfrk3ma			gtrfrk3m
gtfrk3mb			gtrfrk3m
gtg			gtg
gtg2			gtg2
gtg2j			gtg2
gtg2t			gtg2
gtgj31			gtg
gtgt10			gtg
gtgt20			gtg
gtgt21			gtg
gticlub			gticlub
gticlub2			gticlub2
gticlub2ea			gticlub2
gticluba			gticlub
gticlubj			gticlub
gticlubu			gticlub
gtipoker			gtipoker
gtipokra			gtipokra
gtipokrb			gtipoker
gtipokrba			gtipoker
gtipokrc			gtipoker
gtipokrd			gtipoker
gtmr			gtmr
gtmr2			gtmr2
gtmr2a			gtmr2
gtmr2u			gtmr2
gtmr2ua			gtmr2
gtmra			gtmr
gtmrb			gtmr
gtmre			gtmr
gtmro			gtmr
gtmrusa			gtmr
gtrfrk2m			gtrfrk2m
gtrfrk2ma			gtrfrk2m
gtrfrk2maa			gtrfrk2m
gtrfrk2mja			gtrfrk2m
gtrfrk2mka			gtrfrk2m
gtrfrk2ml1			gtrfrk2m
gtrfrk2ml2			gtrfrk2m
gtrfrk2mua			gtrfrk2m
gtrfrk3m			gtrfrk3m
gtrfrk4m			gtrfrk4m
gtrfrk5m			gtrfrk5m
gtrfrk5ma			gtrfrk5m
gtrfrk6m			gtrfrk6m
gtrfrk7m			gtrfrk7m
gtrfrk8m			gtrfrk8m
gtrfrk8ma			gtrfrk8m
gtrfrk9m			gtrfrk9m
gtrfrks			gtrfrks
gtrfrksa			gtrfrks
gtrfrksaa			gtrfrks
gtrfrksac			gtrfrks
gtrfrksc			gtrfrks
gtrfrksea			gtrfrks
gtrfrksj			gtrfrks
gtrfrksja			gtrfrks
gtrfrksjc			gtrfrks
gtrfrksu			gtrfrks
gtrfrksua			gtrfrks
gtrfrksuc			gtrfrks
gtroppo			gtroppo
gtroyal			gt99
gtsupreme			gt2k
guardian			guardian
guiness			strnskil
gulfstrm			gulfstrm
gulfstrma			gulfstrm
gulfstrmb			gulfstrm
gulfstrmk			gulfstrm
gulfstrmm			gulfstrm
gulfwar2			gulfwar2
gulfwar2a			gulfwar2
gulunpa			gulunpa
gumbo			gumbo
gunbalina			ptblank3
gunball			nitrobal
gunbarl			ptblank2
gunbarla			ptblank2
gunbird			gunbird
gunbird2			gunbird2
gunbird2a			gunbird2
gunbirdj			gunbird
gunbirdk			gunbird
gunblade			gunblade
gunbuletj			ptblank
gunbuletw			ptblank
gunbustr			gunbustr
gunbustrj			gunbustr
gunbustru			gunbustr
gunchamp			gunchamp
gunchamps			gunchamp
gundamex			gundamex
gundamos			gundamos
gundealr			gundealr
gundealra			gundealr
gundealrbl			gundealr
gundealrbl2			gundealr
gundealrt			gundealr
gundhara			gundhara
gundharac			gundhara
gundl94			gundl94
gundmct			gundmct
gundmgd			gundmgd
gundmxgd			gundmxgd
gunfight			gunfight
gunfighto			gunfight
gunforc2			gunforc2
gunforce			gunforce
gunforcej			gunforce
gunforceu			gunforce
gunfront			gunfront
gunfrontj			gunfront
gunhard			lockload
gunhohki			mysticri
gunlock			gunlock
gunlocko			gunlock
gunmania			gunmania
gunmast			gunmast
gunnail			gunnail
gunnailb			gunnail
gunnailp			gunnail
gunpey			gunpey
gunsmoke			gunsmoke
gunsmokeb			gunsmoke
gunsmokeg			gunsmoke
gunsmokej			gunsmoke
gunsmokeu			gunsmoke
gunsmokeua			gunsmoke
gunsmokeub			gunsmoke
gunsmokeuc			gunsmoke
gunsur2			gunsur2
gunsur2j			gunsur2
gunwars			gunwars
gunwarsa			gunwars
gururin			gururin
gussun			riskchal
gutangtn			locomotn
gutangtns			locomotn
guts			guts
gutsn			gutsn
guttangt			locomotn
guttangts3			locomotn
guwange			guwange
guwanges			guwange
guzzler			guzzler
guzzlers			guzzler
gwar			gwar
gwara			gwar
gwarab			gwar
gwarb			gwar
gwarj			gwar
gwarrior			gwarrior
gwing2			gwing2
gypsyjug			gypsyjug
gyrodine			gyrodine
gyrodinet			gyrodine
gyruss			gyruss
gyrussb			gyruss
gyrussce			gyruss
hachamf			hachamf
hachamfa			hachamf
hachamfb			hachamf
hachamfb2			hachamf
hachamfp			hachamf
hacher			winbingo
hachoo			hachoo
hachooa			hachoo
hachooj			hachoo
haekaka			haekaka
hal21			hal21
hal21j			hal21
halleysc			halleysc
halleysc87			halleysc
halleyscj			halleysc
halleyscja			halleysc
halleyscjp			halleysc
hamaway			hamaway
hamboy			hamboy
hammer			hammer
hanaawas			hanaawas
hanaawasa			hanaawas
hanagumi			hanagumi
hanakanz			hanakanz
hanamai			hanamai
hanamomb			hanamomo
hanamomo			hanamomo
hanaoji			hanaoji
hanaojia			hanaoji
hanaroku			hanaroku
hanayara			hanayara
hangly			puckman
hangly2			puckman
hangly3			puckman
hangon			hangon
hangon1			hangon
hangon2			hangon
hangonjr			hangonjr
hangonvf			hangon
hangplt			hangplt
hangpltu			hangplt
hangzo			hangzo
happy6			happy6
happy6100cn			happy6
happy6100hk			happy6
happy6101			happy6
hapytour			hapytour
harddriv			harddriv
harddriv1			harddriv
harddriv2			harddriv
harddriv3			harddriv
harddrivb			harddriv
harddrivb5			harddriv
harddrivb6			harddriv
harddrivc			harddriv
harddrivc1			harddriv
harddrivcb			harddriv
harddrivcbl			harddriv
harddrivcg			harddriv
harddrivg			harddriv
harddrivg4			harddriv
harddrivj			harddriv
harddrivj6			harddriv
harddunk			harddunk
harddunkj			harddunk
hardhat			hardhat
hardhea2			hardhea2
hardhea2a			hardhea2
hardhea2b			hardhea2
hardhead			hardhead
hardheadb			hardhead
hardheadb2			hardhead
hardheadb3			hardhead
hardyard			hardyard
hardyard10			hardyard
hardyard11			hardyard
harem			harem
harikiri			harikiri
harley			harley
harleya			harley
hasamu			hasamu
hatena			hatena
hatris			hatris
hatrisj			hatris
hatrisp			hatris
hattrick			hattrick
hayaosi1			hayaosi1
hayaosi2			hayaosi2
hayaosi3			hayaosi3
hayaosi3a			hayaosi3
hbarrel			hbarrel
hbarrelu			hbarrel
hbarrelua			hbarrel
hcastle			hcastle
hcastlee			hcastle
hcastlek			hcastle
hcrash			hcrash
hcrashc			hcrash
hdrivair			hdrivair
hdrivair0			hdrivair
headon			headon
headon1			headon
headon2			headon2
headon2s			headon2
headon2sl			headon2
headonch			headonch
headoni			headoni
headonmz			headon
headonn			headon
headons			headon
headonsa			headon
heartatk			heartatk
heatbrl			heatbrl
heatbrl2			heatbrl
heatbrl3			heatbrl
heatbrle			heatbrl
heatbrlo			heatbrl
heatbrlu			heatbrl
heberpop			heberpop
hedpanic			hedpanic
hedpanic830			hedpanic
hedpanica			hedpanic
hedpanicf			hedpanic
hedpanico			hedpanic
heiankyo			heiankyo
helifire			helifire
helifirea			helifire
hellfire			hellfire
hellfire1			hellfire
hellfire1a			hellfire
hellfire2a			hellfire
hellngt			evilngt
herbiedk			huncholy
hermit			hermit
hero			hero
herodk			hero
herodku			hero
heuksun			heuksun
hexa			hexa
hexaa			hexa
hexion			hexion
hexionb			hexion
hexpool			racknrol
hexpoola			racknrol
hginga			hginga
hgingaa			hginga
hgkairak			hgkairak
hgokbang			hgokou
hgokou			hgokou
hgokoua			hgokou
hharry			hharry
hharryb			hharry
hharryb2			hharry
hharryu			hharry
hidctch2			hidctch2
hidctch2a			hidctch2
hidctch3			hidctch3
hidnc2k			hidnc2k
hidnctch			hidnctch
hidnctcha			hidnctch
higemaru			higemaru
highroll			highroll
highsplt			highsplt
highsplta			highsplt
highspltb			highsplt
hiimpact			hiimpact
hiimpact1			hiimpact
hiimpact2			hiimpact
hiimpact3			hiimpact
hiimpact4			hiimpact
hiimpactp			hiimpact
himesiki			himesiki
hipai			hipai
hipai2			hipai2
hipoly			trackfld
hippodrm			hippodrm
hiryuken			shangkid
hishouza			fshark
hishouzab			fshark
histryma			histryma
histryma2			histryma
hitice			hitice
hiticej			hitice
hiticerb			hitice
hitme			hitme
hitme1			hitme
hitnmiss			hitnmiss
hitnmiss2			hitnmiss
hjingi			hjingi
hjingia			hjingi
hkagerou			hkagerou
hldspin1			hldspin1
hldspin1dt			hldspin1
hldspin1o			hldspin1
hldspin1vt			hldspin1
hldspin2			hldspin2
hldspin2d1			hldspin2
hldspin2o			hldspin2
hldspin2v1			hldspin2
hmcompm2			bmcompm2
hmcompmx			bmcompmx
hmgeo			hmgeo
hnageman			hnageman
hnayayoi			hnayayoi
hncholms			huncholy
hndlchmp			strgchmp
hndlchmpj			strgchmp
hnfubuki			hnayayoi
hnkochou			hanamai
hnoridur			hjingi
hnxmasev			hnxmasev
hoccer			hoccer
hoccer2			hoccer
hocrash			headon
hogalley			hogalley
hogalleyi			hogalley
holeland			holeland
holeland2			holeland
holo			holo
homerun			nhomerun
homo			goindol
honeydol			honeydol
hook			hook
hookj			hook
hooku			hook
hoops95			hoops96
hoops96			hoops96
hopmappy			hopmappy
hopprobo			hopprobo
horekid			horekid
horekidb			horekid
horekidb2			horekid
horizon			horizon
horshoes			horshoes
hotblock			hotblock
hotblocka			hotblock
hotblockb			hotblock
hotbody			hotbody
hotbubl			bubl2000
hotbubla			bubl2000
hotchase			hotchase
hotchasea			hotchase
hotd			hotd
hotd2			hotd2
hotd2e			hotd2
hotd2o			hotd2
hotd2p			hotd2
hotd3			hotd3
hotdebut			hotdebut
hotdo			hotd
hotdogst			hotdogst
hotdp			hotd
hotgm4ev			hotgm4ev
hotgmck			hotgmck
hotgmck3			hotgmck3
hotgmcki			hotgmcki
hotmemry			pairs
hotmemry11			pairs
hotmind			hotmind
hotminda			hotmind
hotmindb			hotmind
hotmindc			hotmind
hotmindff			hotmind
hotnight			newfant
hotpinbl			hotpinbl
hotrod			hotrod
hotroda			hotrod
hotrodj			hotrod
hotrodja			hotrod
hotshock			hotshock
hotshockb			hotshock
hotsmash			hotsmash
hourouki			hourouki
housecard			pitboss
housemn2			housemn2
housemnq			housemnq
hparadis			hparadis
hpolym84			hyperspt
hpuncher			fround
hrdtimes			hrdtimes
hrdtimesa			hrdtimes
hsf2			hsf2
hsf2a			hsf2
hsf2d			hsf2
hsf2j			hsf2
hsf2j1			hsf2
hsf2j2			hsf2
hstennis			hstennis
hstennis10			hstennis
htchctch			htchctch
htengoku			htengoku
hthero93			cupfinal
hthero93u			cupfinal
hthero94			intcup94
hthero95			pwrgoal
hthero95a			pwrgoal
hthero95u			pwrgoal
htheroj			footchmp
htherou			footchmp
humlan			queenbee
hunchbak			hunchbak
hunchbaka			hunchbak
hunchbgb			hunchbak
hunchbkd			hunchbak
hunchbkg			hunchbak
hunchbks			hunchbak
hunchbks2			hunchbak
huncholy			huncholy
hustle			hustle
hustler			hustler
hustlerb			hustler
hustlerb2			hustler
hustlerb3			hustler
hustlerb4			hustler
hustlerb5			hustler
hustlerb6			hustler
hustlerb7			hustler
hustlerd			hustler
hvnsgate			hvnsgate
hvoltage			hvoltage
hvymetal			hvymetal
hvysmsh			hvysmsh
hvysmsha			hvysmsh
hvysmshj			hvysmsh
hvyunit			hvyunit
hvyunitj			hvyunit
hvyunitja			hvyunit
hvyunitjo			hvyunit
hvyunitu			hvyunit
hwchamp			hwchamp
hwchampa			hwchamp
hwchampj			hwchamp
hwchampjd			hwchamp
hwrace			hwrace
hydra			hydra
hydrap			hydra
hydrap2			hydra
hyhoo			hyhoo
hyhoo2			hyhoo2
hyouban			galkoku
hypbbc2p			hypbbc2p
hypbbc2pk			hypbbc2p
hyperath			hyperath
hyperbbc			hyperbbc
hyperbbca			hyperbbc
hyperbbck			hyperbbc
hyperpac			hyperpac
hyperpacb			hyperpac
hyperspc			asteroid
hyperspt			hyperspt
hypersptb			hyperspt
hyprdriv			hyprdriv
hyprdriv131			hyprdriv
hyprduel			hyprduel
hyprduel2			hyprduel
hypreac2			hypreac2
hypreact			hypreact
hyprolym			trackfld
hyprolyma			trackfld
hyprolymb			trackfld
hyprolymba			trackfld
hypsptsp			88games
ibara			ibara
ibarablk			ibarablk
ibarablka			ibarablk
ibarao			ibara
iceclimb			iceclimb
iceclimba			iceclimb
iceclmrd			iceclmrd
ichir			ichir
ichirbl			ichir
ichirj			ichir
ichirjbl			ichir
ichirk			ichir
idhimitu			idhimitu
idolmj			idolmj
idsoccer			idsoccer
idsoccera			idsoccer
idsoccert			idsoccer
iemoto			iemoto
iemotom			iemoto
iganinju			kazan
iganinjub			kazan
igmo			igmo
igs_ncs			igs_ncs
igs_ncs2			igs_ncs2
igstet341			pktet346
igstet342			pktet346
ikari			ikari
ikari3			ikari3
ikari3j			ikari3
ikari3k			ikari3
ikari3u			ikari3
ikari3w			ikari3
ikaria			ikari
ikaria2			ikari
ikarijp			ikari
ikarijpb			ikari
ikarinc			ikari
ikariram			ikari
ikaruga			ikaruga
ikki			ikki
illvelo			illvelo
ilpag			ilpag
imago			imago
imagoa			imago
imekura			imekura
imgfight			imgfight
imgfightj			imgfight
imgfightjb			imgfight
imolagp			imolagp
imolagpo			imolagp
imsorry			imsorry
imsorryj			imsorry
inca			inca
indianbt			indianbt
indianbtbr			indianbt
indy500			indy500
indy500d			indy500
indy500to			indy500
indyheat			indyheat
indytemp			indytemp
indytemp2			indytemp
indytemp3			indytemp
indytemp4			indytemp
indytempc			indytemp
indytempd			indytemp
inferno			inferno
initd			initd
initdexp			initdexp
initdexpo			initdexp
initdo			initd
initdv2e			initdv2j
initdv2j			initdv2j
initdv2ja			initdv2j
initdv2jo			initdv2j
insector			insector
insectx			insectx
insectxbl			insectx
insectxj			insectx
intcup94			intcup94
inthunt			inthunt
inthuntk			inthunt
inthuntu			inthunt
intlaser			blasted
intrepid			intrepid
intrepid2			intrepid
intrepidb			intrepid
intrepidb2			intrepid
intrepidb3			intrepid
intrgirl			intrgirl
intrgmes			intrgmes
introdon			introdon
intruder			spcewarl
inttoote2			jockeyc
inufuku			inufuku
inunoos			inunoos
invad2ct			invad2ct
invaddlx			invadpt2
invader4			invaders
invaderl			invaders
invadernc			invaders
invaders			invaders
invadersem			invaders
invadpt2			invadpt2
invadpt2a			invadpt2
invadpt2br			invadpt2
invadrmr			invaders
invasion			invaders
invasiona			invaders
invasiona2			invaders
invasionb			invaders
invasionrz			invaders
invasionrza			invaders
invasnab			invasnab
invasnab3			invasnab
invasnab4			invasnab
invcarht			invcarht
invds			invds
invho2			invho2
invho2a			invho2
invinco			invinco
invmulti			invmulti
invmultim1a			invmulti
invmultim2a			invmulti
invmultim2c			invmulti
invmultim3a			invmulti
invmultip			invmulti
invmultis1a			invmulti
invmultis2a			invmulti
invmultis3a			invmulti
invmultit3d			invmulti
invqix			invqix
invrvnge			invrvnge
invrvngea			invrvnge
invrvngeb			invrvnge
invrvngedu			invrvnge
invrvngegw			invrvnge
inyourfa			inyourfa
ipminvad			ipminvad
ipminvad1			ipminvad
ipminvad2			ipminvad
ippatsu			ippatsu
ippo2			ippo2
iqblock			iqblock
iqblocka			iqblock
iqblockf			iqblock
irion			exerion
irobot			irobot
iron			iron
ironclad			ironclad
ironclado			ironclad
ironfort			ironfort
ironfortc			ironfort
ironhors			ironhors
ironhorsh			ironhors
irrmaze			irrmaze
istellar			istellar
istreb			istreb
itaten			itaten
itazuram			itazuram
ixion			ixion
jack			jack
jack2			jack
jack3			jack
jackal			jackal
jackalbl			jackal
jackalj			jackal
jackalr			jackal
jackie			jackie
jackiea			jackie
jackler			jungler
jackpool			jackpool
jackrabt			jackrabt
jackrabt2			jackrabt
jackrabts			jackrabt
jailbrek			jailbrek
jailbrekb			jailbrek
jajamaru			jajamaru
jambo			jambo
janbari			janbari
jangou			jangou
jangtaku			jangtaku
janjans1			janjans1
janjans2			janjans2
jankenmn			jankenmn
janoh			janoh
janoha			janoh
janohb			janoh
janptr96			janptr96
janptrsp			janptrsp
janputer			janputer
janputera			janputer
janshi			janshi
janshin			janshin
janshinp			janshinp
jansou			jansou
jansoua			jansou
jantotsu			jantotsu
jantouki			jantouki
janyou			royalmj
janyoup2			royalmj
janyoup2702			royalmj
janyoup2a			royalmj
janyuki			janyuki
jchan			jchan
jchan2			jchan2
jchana			jchan
jclub2bl			jclub2v112
jclub2v100			jclub2v112
jclub2v101			jclub2v112
jclub2v110			jclub2v112
jclub2v112			jclub2v112
jclub2v200			jclub2v112
jclub2v201			jclub2v112
jclub2v203			jclub2v112
jclub2v204			jclub2v112
jclub2v205			jclub2v112
jclub2v220			jclub2v112
jcross			jcross
jcrossa			jcross
jdredd			jdredd
jdreddb			jdredd
jdreddp			jdreddp
jedi			jedi
jetwave			jetwave
jetwavej			jetwave
jgakuen			rvschool
jgakuen1			rvschool
jgaoshou			expcard
jigkmgri			bonzeadv
jigkmgria			bonzeadv
jin			jin
jingling			puckpkmn
jingystm			jingystm
jitsupro			jitsupro
jituroku			jituroku
jjack			jjack
jjparad2			jjparad2
jjparads			jjparads
jjpoker			jjpoker
jjpokerb			jjpoker
jjsquawk			jjsquawk
jjsquawkb			jjsquawk
jjsquawkb2			jjsquawk
jjsquawko			jjsquawk
jking103a			starzan
jking105us			starzan
jking200pr			starzan
jkrmast			jkrmast
jkrmasta			jkrmast
jkrmastb			jkrmast
jkrmastc			jkrmast
jkrmastd			jkrmast
jleague			svf
jleagueo			svf
jmpbreak			jmpbreak
jmpbreaka			jmpbreak
jngolady			jngolady
jockeyc			jockeyc
jockeygp			jockeygp
jockeygpa			jockeygp
joemac			cninja
joemacr			joemacr
joemacra			joemacr
joemacrj			joemacr
jogakuen			jogakuen
joinem			joinem
jojo			jojo
jojoa			jojo
jojoar1			jojo
jojoar2			jojo
jojoba			jojoba
jojobajr1			jojoba
jojobajr2			jojoba
jojoban			jojoba
jojobaner1			jojoba
jojobaner2			jojoba
jojobanr1			jojoba
jojobanr2			jojoba
jojobar1			jojoba
jojobar2			jojoba
jojoj			jojo
jojojr1			jojo
jojojr2			jojo
jojon			jojo
jojonr1			jojo
jojonr2			jojo
jojor1			jojo
jojor2			jojo
jojou			jojo
jojour1			jojo
jojour2			jojo
jokercar			witchcrd
jokercrd			jokercrd
jollycrd			jollycrd
jollycrda			jollycrd
jollyjgr			jollyjgr
jolyc3x3			jollycrd
jolycdab			jollycrd
jolycdev			jollycrd
jolycdib			jollycrd
jolycdic			jollycrd
jolycdie			jollycrd
jolycdif			jollycrd
jolycdig			jollycrd
jolycdih			jollycrd
jolycdii			jollycrd
jolycdit			jollycrd
jolycdsp			jollycrd
jolygame			jollycrd
jolyjokr			jolyjokr
jolyjokra			jolyjokr
jolyjokrb1			jolyjokr
jolyjokrb2			jolyjokr
jolyjokrc			jolyjokr
jolyjokrm			jolyjokr
jolyjokro			jolyjokr
jolyjokrp			jolyjokr
jolyjokrs			jolyjokr
jolyjokrt			jolyjokr
jongbou			jongbou
jongbou2			jongbou2
jongkyo			jongkyo
jongpute			jongpute
jongshin			jongshin
jongtei			jongtei
jongteia			jongtei
josvolly			josvolly
journey			journey
joust			joust
joust2			joust2
joust2r1			joust2
joustr			joust
jousty			joust
joyfulr			joyfulr
joyjoy			joyjoy
joyman			puckman
joystand			joystand
jpark			jpark
jpark3			jpark3
jpark3u			jpark3
jparkj			jpark
jparkja			jpark
jparkjc			jpark
jparkmb			jparkmb
jpjcoin			jpjcoin
jpopnics			jpopnics
jppyex98			jppyex98
jrking			dkongjr
jrpacman			jrpacman
jrpacmanf			jrpacman
jrpacmbl			jrpacman
jsk			jsk
jspecter			invaders
jspecter2			invaders
jt104			ninjakd2
juju			toki
jujub			toki
jujuba			toki
jumpbug			jumpbug
jumpbugb			jumpbug
jumpbugbc			jumpbug
jumpbugbrf			jumpbug
jumpcoas			jumpcoas
jumpcoasa			jumpcoas
jumpcoast			jumpcoas
jumping			rbisland
jumpinga			rbisland
jumpingi			rbisland
jumpjump			jumpjump
jumpkids			jumpkids
jumpkun			jumpkun
jumppop			jumppop
jumppope			jumppop
jumpshot			jumpshot
jumpshotp			jumpshot
junai			junai
junai2			junai2
jungleby			junglek
jungleh			junglek
junglehbr			junglek
junglek			junglek
junglekas			junglek
junglekj2			junglek
junglekj2a			junglek
junglekv			junglek
jungler			jungler
junglero			jungler
junglers			jungler
jungsub			jungler
junofrst			junofrst
junofrstg			junofrst
jurassic99			dino
jyangoku			jyangoku
jzth			jzth
kabukikl			kabukikl
kabukiz			kabukiz
kabukizj			kabukiz
kageki			kageki
kagekih			kageki
kagekij			kageki
kagekiu			kageki
kaguya			kaguya
kaguya2			kaguya2
kaguya2f			kaguya2
kaguyaa			kaguya
kaiserkn			kaiserkn
kaiserknj			kaiserkn
kaitei			kaitei
kaiteids			inthunt
kaitein			kaitei
kaiunqz			kaiunqz
kakumei			kakumei
kakumei2			kakumei2
kamakazi3			galaxian
kamenrid			kamenrid
kamikaze			kamikaze
kamikazesp			scramble
kamikazp			galaxian
kamikcab			kamikcab
kanatuen			kanatuen
kangaroo			kangaroo
kangarooa			kangaroo
kangaroob			kangaroo
kangarool			kangaroo
kaos			kaos
karatblz			karatblz
karatblza			karatblz
karatblzbl			karatblz
karatblzj			karatblz
karatblzt			karatblz
karatblzu			karatblz
karateda			kchamp
karatedo			kchamp
karatevs			kchampvs
karatour			karatour
karatourj			karatour
karianx			karianx
karnov			karnov
karnova			karnov
karnovj			karnov
karnovjbl			karnov
karnovr			karnovr
karous			karous
kattobas			kattobas
kazan			kazan
kbadlands			kbadlands
kbadlandsh			kbadlands
kbash			kbash
kbash2			kbash2
kbashk			kbash
kbashp			kbash
kbh			kbm
kbm			kbm
kbm2nd			kbm2nd
kbm3rd			kbm3rd
kchamp			kchamp
kchamp2p			kchamp
kchamptec			kchamp
kchampvs			kchampvs
kchampvs2			kchampvs
kchampvs3			kchampvs
kchampvs4			kchampvs
kdeadeye			kdeadeye
kdynastg			kdynastg
keirinou			keirinou
keith			keith
keithlcy			keithlcy
kengo			ltswords
kengoj			ltswords
kenseim			kenseim
keroppi			keroppi
keroppij			keroppi
ket			ket
ket1			ket
keta			ket
ketarr			ket
ketarr10			ket
ketarr15			ket
ketarr151			ket
ketarrf			ket
ketarrs15			ket
ketarrs151			ket
ketb			ket
ketbl			ket
ketikd			ket
keyboard			keyboard
kf10thep			kof2002
kf2k2mp			kof2002
kf2k2mp2			kof2002
kf2k2pla			kof2002
kf2k2pls			kof2002
kf2k3bl			kof2003
kf2k3bla			kof2003
kf2k3pcb			kf2k3pcb
kf2k3pl			kof2003
kf2k3upl			kof2003
kf2k5uni			kof2002
kick			kick
kick4csh			kick4csh
kickball			kickball
kickboy			kickboy
kickc			kick
kicker			kicker
kickgoal			kickgoal
kickgoala			kickgoal
kickman			kick
kicknkick			kicknkick
kicknrun			kicknrun
kicknrunu			kicknrun
kickoff			kickoff
kickoffb			kickoff
kickridr			kickridr
kidniki			kidniki
kidnikib			kidniki
kidnikiu			kidniki
kikaioh			techromn
kikcubic			kikcubic
kikcubicb			kikcubic
kikikai			kikikai
kikstart			kikstart
killbld			killbld
killbld100			killbld
killbld104			killbld
killbld106			killbld
killbldp			killbldp
killcom			killcom
kingball			kingball
kingballj			kingball
kingdmgp			kingdmgp
kingdmgpbl			kingdmgp
kingdrbb			kingdrby
kingdrbb2			kingdrby
kingdrby			kingdrby
kingofb			kingofb
kingofbj			kingofb
kingpin			kingpin
kingrt66			kingrt66
kingrt66p			kingrt66
kinst			kinst
kinst2			kinst2
kinst2uk			kinst2
kinstb			kinstb
kirameki			kirameki
kirarast			kirarast
kirarasta			kirarast
kisekaeh			kisekaeh
kisekaem			kisekaem
kittenk			kittenk
kiwame			kiwame
kiwames			kiwames
kizuna			kizuna
kizuna4p			kizuna
kkotnoli			kkotnoli
klax			klax
klax4			klax
klax5			klax
klax5bl			klax
klax5bl2			klax
klax5bl3			klax
klaxd2			klax
klaxj3			klax
klaxj4			klax
klaxp1			klax
klaxp2			klax
klondkp			klondkp
knckhead			knckhead
knckheadj			knckhead
knckheadjp			knckhead
kncljoe			kncljoe
kncljoea			kncljoe
kngtmare			kngtmare
knightb			kikikai
knightba			kikikai
knights			knights
knightsb			knights
knightsb2			knights
knightsb3			knights
knightsj			knights
knightsja			knights
knightsu			knights
knockout			triplep
knockoutb			triplep
knockoutc			triplep
kod			kod
kodb			kod
kodj			kod
kodja			kod
kodr1			kod
kodr2			kod
kodu			kod
kof10th			kof2002
kof2000			kof2000
kof2000n			kof2000
kof2001			kof2001
kof2001h			kof2001
kof2002			kof2002
kof2002b			kof2002
kof2003			kof2003
kof2003h			kof2003
kof2k4se			kof2002
kof94			kof94
kof95			kof95
kof95a			kof95
kof95h			kof95
kof96			kof96
kof96a			kof96
kof96h			kof96
kof97			kof97
kof97h			kof97
kof97k			kof97
kof97oro			kof97
kof97pls			kof97
kof98			kof98
kof98a			kof98
kof98h			kof98
kof98k			kof98
kof98ka			kof98
kof98umh			kof98umh
kof99			kof99
kof99e			kof99
kof99h			kof99
kof99k			kof99
kof99ka			kof99
kof99p			kof99
kofnw			kofnw
kofnwj			kofnw
kofxi			kofxi
kog			kof97
koikoi			koikoi
koikois			koikois
koikois2			koikois2
koinomp			koinomp
kok			kok
kokoroj			kokoroj
kokoroj2			kokoroj2
kokoroja			kokoroj
kollon			kollon
kollonc			kollon
komemokos			puckman
komocomo			maddonna
konam80a			konam80s
konam80j			konam80s
konam80k			konam80s
konam80s			konam80s
konam80u			konam80s
konami88			88games
konamigt			konamigt
konek			konek
kong			kong
konhaji			konhaji
konotako			konotako
korinai			korinai
korinaim			korinai
korokoro			korokoro
koroleva			koroleva
koropens			koropens
korosuke			crush
koshien			koshien
kosmokil			kamikaze
kot			kot
kotbinsp			kotbinsp
kotbinyo			hanakanz
kotbinyosu			hanakanz
kothello			kothello
kotm			kotm
kotm2			kotm2
kotm2a			kotm2
kotm2p			kotm2
kotmh			kotm
kouyakyu			kouyakyu
kov			kov
kov111			kov
kov114			kov
kov115			kov
kov2			kov2
kov2100			kov2
kov2101			kov2
kov2102			kov2
kov21022			kov2
kov2103			kov2
kov2104			kov2
kov2106			kov2
kov2nl			kov2nl
kov2nl_300			kov2nl
kov2nl_300cn			kov2nl
kov2nl_301			kov2nl
kov2nl_301cn			kov2nl
kov2nl_302cn			kov2nl
kov2p			kov2p
kov2p200			kov2p
kov2p202			kov2p
kov2p203			kov2p
kov2p204			kov2p
kov3			kov3
kov3_100			kov3
kov3_101			kov3
kov3_102			kov3
kov7sprt			kov7sprt
kovbl			kov
kovgsyx			kovshp
kovlsjb			kovshp
kovlsjba			kovshp
kovlsqh			kovshp
kovlsqh2			kovshp
kovplus			kovplus
kovplusa			kovplus
kovplusbl			kovplus
kovqhsgs			kovsh
kovsgqyz			kovplus
kovsgqyza			kovplus
kovsgqyzb			kovplus
kovsh			kovsh
kovsh100			kovsh
kovsh101			kovsh
kovsh102			kovsh
kovsh103			kovsh
kovshp			kovshp
kovshp100			kovshp
kovshxas			kovshp
kovytzy			kovytzy
kozure			kozure
kram			kram
krama			kram
krame			kram
kroozr			kroozr
krull			krull
krzybowl			krzybowl
ksayakyu			ksayakyu
ktiger			twincobr
ktiger2			tcobra2
ktigera			twincobr
kuhga			vaportra
kungfu			kungfu
kungfua			kungfu
kungfub			kungfum
kungfub2			kungfum
kungfub3s			kungfum
kungfum			kungfum
kungfumd			kungfum
kungfut			kungfut
kungfuta			kungfut
kuniokun			renegade
kuniokunb			renegade
kurikint			kurikint
kurikinta			kurikint
kurikintj			kurikint
kurikintu			kurikint
kurikintw			kurikint
kurucham			kurucham
kurufev			kurufev
kurukuru			kurukuru
kyros			kyros
kyrosj			kyros
kyuhito			kanatuen
kyukaidk			kyukaidk
kyukaidko			kyukaidk
kyustrkr			kyustrkr
kzaurus			kzaurus
labyrunr			tricktrp
labyrunrf			tricktrp
labyrunrk			tricktrp
lacrazyc			lacrazyc
ladybug			ladybug
ladybugb			ladybug
ladybugb2			ladybug
ladybugg			ladybug
ladybugg2			ladybug
ladyfrog			ladyfrog
ladygolf			smgolf
ladygolfe			smgolf
ladygum			ladygum
ladykill			ladykill
ladymakr			mjlstory
ladymstr			ladymstr
ladymstra			ladymstr
lagirl			plgirls
lagunar			lagunar
lamachin			lamachin
landbrk			landbrk
landbrka			landbrk
landbrkb			landbrk
landgear			landgear
landgeara			landgear
landgearj			landgear
landgearja			landgear
landhigh			landhigh
landhigha			landhigh
landmakr			landmakr
landmakrj			landmakr
landmakrp			landmakr
lans2004			shocktr2
laser			spcewarl
laserbas			futflash
laserbasa			futflash
laserbat			laserbat
lasso			lasso
lastapos			lastapos
lastbank			lastbank
lastbank130j			lastbank
lastbh			lastbh
lastbh_006			lastbh
lastblad			lastblad
lastbladh			lastblad
lastbld2			lastbld2
lastbrnx			lastbrnx
lastbrnxj			lastbrnx
lastbrnxu			lastbrnx
lastday			lastday
lastdaya			lastday
lastduel			lastduel
lastduelb			lastduel
lastduelj			lastduel
lastduelo			lastduel
lastfort			lastfort
lastforte			lastfort
lastfortea			lastfort
lastfortg			lastfort
lastfortj			lastfort
lastfortk			lastfort
lastfour			lastfour
lasthope			lasthope
lastkm			lastkm
lastkma			lastkm
lastmisn			lastmisn
lastmisnj			lastmisn
lastmisnu5			lastmisn
lastmisnu6			lastmisn
lastsold			lastblad
lastsurv			lastsurv
lastsurvd			lastsurv
lasvegas			murogem
lazarian			laserbat
lazercmd			lazercmd
lbeach			lbeach
lbgrande			lbgrande
lbowling			lbowling
ldrun			ldrun
ldrun2			ldrun2
ldrun3			ldrun3
ldrun3j			ldrun3
ldrun3jc			ldrun3
ldrun4			ldrun4
ldruna			ldrun
le2			le2
le2j			le2
le2u			le2
leadang			deadang
leader			leader
leadera			leader
leaguemn			nbbatman
leaguemna			nbbatman
leds2011			leds2011
leds2011p			leds2011
leds2011u			leds2011
ledstorm			madgear
legend			legend
legendb			legend
legendoh			legendoh
legendos			legendos
legendsb			legendsb
legion			legion
legionj			legion
legionj2			legion
legionjb			legion
legionjb2			legion
legionna			legionna
legionnaj			legionna
legionnau			legionna
legofair			chopper
lemans24			lemans24
lemmings			lemmings
lemnangl			lemnangl
lependu			lependu
leprechn			leprechn
leprechna			leprechn
lespendu			lespendu
lespenduj			lespenduj
lethalen			lethalen
lethaleneaa			lethalen
lethaleneab			lethalen
lethalenead			lethalen
lethaleneae			lethalen
lethalenj			lethalen
lethalenua			lethalen
lethalenub			lethalen
lethalenux			lethalen
lethalj			lethalj
lethalth			lethalth
letsdnce			letsdnce
levers			levers
lghost			lghost
lghostd			lghost
lghostj			lghost
lghostu			lghost
lghostud			lghost
lgp			lgp
lgpalt			lgp
lgtnfght			lgtnfght
lgtnfghta			lgtnfght
lgtnfghtu			lgtnfght
lhb			lhb
lhb2			lhb2
lhb2cpgs			lhb2
lhb3			lhb2
lhbv33c			lhb
lhzb2			lhzb2
lhzb2a			lhzb2
lhzb2b			lhzb2
lhzb2c			lhzb2
liberate			liberate
liberateb			liberate
liberatr			liberatr
liberatrp			liberatr
liblrabl			liblrabl
lifefrce			salamand
lifefrcej			salamand
lightbr			lightbr
lightbrj			lightbr
link			atetris
linkypip			linkypip
liquidk			liquidk
liquidku			liquidk
lithero			kidniki
littlerb			littlerb
livegal			livegal
livequiz			livequiz
lizardhunt			aligator
lizwiz			lizwiz
lkage			lkage
lkagea			lkage
lkageb			lkage
lkagebl1			lkage
lkagebl2			lkage
lkagebl3			lkage
lkagebl4			lkage
lkagem			lkage
llander			llander
llander1			llander
lnc			lnc
lockload			lockload
lockloadu			lockload
lockon			lockon
lockonc			lockon
lockonph			lockonph
locoboot			locomotn
locomotn			locomotn
loderndf			loderndf
loderndfa			loderndf
loffire			loffire
loffired			loffire
loffirej			loffire
loffirejd			loffire
loffireu			loffire
loffireud			loffire
logger			logger
loggerr2			logger
logicpr2			logicpr2
logicpro			croquis
loht			loht
loht_ms			loht
lohtb			loht
lohtb2			loht
lohtb3			loht
lohtj			loht
lomakai			lomakai
looper			changes
looping			looping
loopingu			looping
loopingua			looping
loopingub			looping
loopinguc			looping
lordgun			lordgun
lordgunu			lordgun
lordofk			astyanax
lordofkb			astyanax
lordofkbp			astyanax
losttomb			losttomb
losttombh			losttomb
lostwrld			forgottn
lostwrldo			forgottn
lostwsga			lostwsga
lostwsgp			lostwsga
lotlot			lotlot
lottof2			lottof2
lottofun			lottofun
lovehous			club90s
loverboy			loverboy
lpadv			lpadv
lrescue			lrescue
lrescueabl			lrescue
lrescuem			lrescue
lrescuem2			lrescue
lresort			lresort
lresortp			lresort
lsasquad			lsasquad
ltcasino			ltcasino
ltcasinoa			ltcasino
ltswords			ltswords
luckboom			luckboom
luckboomh			luckboom
luckgrln			luckgrln
lucky74			lucky74
lucky74a			lucky74
lucky74b			lucky74
lucky8			lucky8
lucky8a			lucky8
lucky8b			lucky8
lucky8c			lucky8
lucky8d			lucky8
lucky8e			lucky8
lucky8f			lucky8
lucky8g			lucky8
lucky8h			lucky8
lucky8i			lucky8
lucky8j			lucky8
lucky8k			lucky8
lucky8l			lucky8
lucky8m			lucky8
lucky8n			lucky8
lucky8o			lucky8
lucky8p			lucky8
lucky8q			lucky8
lucky8r			lucky8
lucky8s			lucky8
lucky8t			lucky8
lucky8tet			lucky8
lucky8u			lucky8
lucky8v			lucky8
lucky8w			lucky8
lucky8x			lucky8
lucky8y			lucky8
luckylad			luckylad
luckypkr			majorpkr
luckywld			luckywld
luckywldj			luckywld
luctoday			luctoday
lufykzku			lufykzku
lunapark			lunapark
lunaparkb			lunapark
lunaparkc			lunapark
lunaprk			lunaprk
lunarba1			gravitar
lunarbat			gravitar
lupin3			lupin3
lupin3a			lupin3
lupinsho			lupinsho
lupinshoo			lupinsho
luplup			suplup
luplup10			suplup
luplup29			suplup
luptype			luptype
lvcards			lvcards
lvcardsa			lvcards
lvgirl94			lvgirl94
lvpoker			lvcards
lwings			lwings
lwingsa			lwings
lwingsb			lwings
lwingsj			lwings
lwingsja			lwings
m4			m4
m660			m660
m660b			m660
m660j			m660
m79amb			m79amb
m_tppokr			m_tppokr
mace			mace
macea			mace
mach3			mach3
mach3a			mach3
mach3b			mach3
mach9			vulgus
macha			macha
machbrkr			machbrkr
machbrkrj			machbrkr
machomou			machomou
macross			macross
macross2			macross2
macross2g			macross2
macross2k			macross2
macrossbl			macross
macrossp			macrossp
madalien			madalien
madaliena			madalien
madalienb			madalien
madball			madball
madballn			madball
madcrash			madcrash
madcrush			madcrash
maddog			maddog
maddog2			maddog2
maddog2_100			maddog2
maddog2_110			maddog2
maddog2_202			maddog2
maddog_202			maddog
maddoga			maddog
maddonna			maddonna
maddonnab			maddonna
madgear			madgear
madgearj			madgear
madmotor			madmotor
madmotora			madmotor
madshark			madshark
madsharkbl			madshark
madzoo			madzoo
mag10			pool10
mag_burn			mag_burn
mag_day			mag_day
mag_drac			mag_drac
mag_exzi			mag_exzi
mag_pdak			mag_pdak
mag_time			mag_time
mag_war			mag_war
mag_wara			mag_war
mag_xain			mag_xain
magdrop			chainrec
magdrop2			magdrop2
magdrop3			magdrop3
magdropp			chainrec
magerror			magerror
magic10			magic10
magic102			magic102
magic102a			magic102
magic10a			magic10
magic10b			magic10
magic10c			magic10
magicard			magicard
magicbal			magicbal
magicbub			magicbub
magicbuba			magicbub
magicbubb			magicbub
magicbubc			magicbub
magicfly			magicfly
magicrd2			magicrd2
magicrd2a			magicrd2
magicrd2b			magicrd2
magicrd2c			magicrd2
magicstk			magicstk
magipur			magipur
magix			magix
magixb			magix
magjoker			magjoker
maglord			maglord
maglordh			maglord
magmax			magmax
magmaxa			magmax
magodds			magodds
magoddsa			magodds
magoddsb			magodds
magspeed			magspeed
magspot			magspot
magspot2			magspot2
magtouch			magtouch
magtruck			magtruck
maguila			dkongjr
magworm			centiped
magworma			centiped
magzun			magzun
mahjngoh			mahjngoh
mahmajn			mahmajn
mahmajn2			mahmajn2
mahoudai			sstriker
mahretsu			mahretsu
maiko			maiko
mainevt			mainevt
mainevt2p			mainevt
mainevto			mainevt
mainline			mainline
mainsnk			mainsnk
majest12j			ssi
majest12u			ssi
majest12ua			ssi
majest12ub			ssi
majorpkr			majorpkr
majorpkr20			majorpkr
majorpkra			majorpkr
majorpkrb			majorpkr
majorpkrc			majorpkr
majrjh			majrjhdx
majrjhdx			majrjhdx
majs101b			majs101b
majtitl2			majtitl2
majtitl2a			majtitl2
majtitl2b			majtitl2
majtitl2j			majtitl2
majtitle			majtitle
majtitlej			majtitle
majuu			devilw
majxtal7			7jigen
makaiden			lomakai
makaijan			makaijan
makaimur			gng
makaimurb			gng
makaimurbbl			gng
makaimurc			gng
makaimurg			gng
maketrax			crush
maketrxb			crush
makyosen			gondo
maletmad			maletmad
malzak			malzak
malzak2			malzak
mamboagg			mamboagg
mamboagga			mamboagg
mamonoro			mamonoro
mandinga			amidar
mandingac			amidar
mandingaeg			amidar
mandingag			amidar
mandingarf			amidar
mandinka			amidar
mangchi			mangchi
manhatan			jailbrek
maniach			maniach
maniach2			maniach
maniacsp			maniacsp
maniacsq			maniacsq
maniacsqa			maniacsq
maniacsqb			maniacsq
maniacsqc			maniacsq
maniacsqs			maniacsq
manicpnc			manicpnc
manxtt			manxtt
manxttc			manxtt
manxttdx			manxtt
manybloc			manybloc
mappy			mappy
mappyj			mappy
marble			marble
marble2			marble
marble3			marble
marble4			marble
marble5			marble
marblmd2			marblmd2
marineb			marineb
marinedt			marinedt
mariner			mariner
mario			mario
mariobl			mario
mariobla			mario
mariof			mario
mariog			mario
marioj			mario
marioja			mario
markham			markham
mars			mars
marsarf			mars
marstv			marstv
martmast			martmast
martmast102c			martmast
martmast103c			martmast
martmast104c			martmast
maruchan			maruchan
marukin			marukin
marukina			marukin
marukodq			marukodq
marvins			marvins
marvland			marvland
marvlandup			marvland
masao			mario
mastbond			secretag
mastboy			mastboy
mastboya			mastboy
mastboyb			mastboy
mastboyc			mastboy
mastboyd			mastboy
mastboyi			mastboy
mastboyia			mastboy
mastboyib			mastboy
mastboyic			mastboy
mastboyid			mastboy
mastboyiol			mastboy
mastboyitst			mastboy
mastboyiv2			mastboy
mastboyiv2a			mastboy
mastboyo			mastboyo
mastboyoa			mastboyo
mastboyob			mastboyo
mastboyoc			mastboyo
mastboyod			mastboyo
mastboyol			mastboy
mastboyola			mastboy
mastboyom			mastboyo
mastboyv2			mastboy
mastboyv2a			mastboy
masterw			masterw
masterwj			masterw
masterwu			masterw
mastfury			mastfury
mastkin			mastkin
mastninj			shadoww
match98			match98
matchit			matchit
matchit2			matchit2
matchitb			matchit
matmania			matmania
matrim			matrim
matrimbl			matrim
mausuke			mausuke
maverik			maverik
mawasunda			mawasunda
maxf_102			maxforce
maxf_ng			maxforce
maxforce			maxforce
maxideal			maxideal
maxrpm			maxrpm
maxspeed			maxspeed
maya			maya
mayaa			maya
mayab			maya
mayac			maya
mayday			mayday
maydaya			mayday
maydayb			mayday
mayhem			mayhem
mayjin3			mayjin3
mayjinsn			mayjinsn
mayjisn2			mayjisn2
mayumi			mayumi
mazan			mazan
mazanj			mazan
mazanu			mazan
maze			maze
mazebl			trog
mazeinv			mazeinv
mazerbla			mazerbla
mazerblaa			mazerbla
mazinger			mazinger
mazingerj			mazinger
mbaa			mbaa
mbaao			mbaa
mbomberj			slammast
mbombrd			mbombrd
mbombrdj			mbombrd
mbrush			crush
mbs2euro			mbs2euro
mbutrfly			mbutrfly
mcatadv			mcatadv
mcatadvj			mcatadv
mchampdx			mchampdx
mchampdxa			mchampdx
mchampdxb			mchampdx
mcheonru			mcheonru
mcitylov			citylove
mcnpshnt			mcnpshnt
mcolors			mcolors
mcolorsa			mcolors
mcombat			missile
mcombata			missile
mcombats			missile
mcontest			mcontest
mcwars			galaxian
mdchoice			pitboss
mdhorse			mdhorse
mdrawpkr			mdrawpkr
mdrawpkra			mdrawpkr
mechatt			mechatt
mechattj			mechatt
mechattu			mechatt
mechattu1			mechatt
medlanes			medlanes
megablst			megablst
megablstj			megablst
megablstu			megablst
megadon			megadon
megadpkr			megadpkr
megadpkrb			megadpkr
megaforc			starforc
megaforcu			starforc
megaman			megaman
megaman2			megaman2
megaman2a			megaman2
megaman2h			megaman2
megamana			megaman
megamn2d			megaman2
megaphx			megaphx
megat7e			megat7e
megatack			megatack
megatacka			megatack
megazone			megazone
megazonea			megazone
megazoneb			megazone
megazoneh			megazone
megazonei			megazone
megazonej			megazone
megrescu			megrescu
meijinsn			meijinsn
meijinsna			meijinsn
meikyuh			meikyuh
meikyuhbl			meikyuh
meltyb			meltyb
meltybld			meltybld
meltyblo			meltybld
meltybo			meltyb
menghong			menghong
menghonga			menghong
meosism			meosism
mercenario			commando
mercs			mercs
mercsj			mercs
mercsu			mercs
mercsur1			mercs
merlinmm			merlinmm
mermaid			mermaid
metabee			metabee
metafox			metafox
metalb			metalb
metalba			metalb
metalbj			metalb
metalmx			metalmx
metamrph			metamrph
metamrpha			metamrph
metamrphe			metamrph
metamrphj			metamrph
metamrphu			metamrph
meteor			spcforce
meteora			mooncrst
meteorbl			asteroid
meteorho			asteroid
meteorite			asteroid
meteors			spcforce
meteorts			asteroid
metlclsh			metlclsh
metlfrzr			metlfrzr
metlhawk			metlhawk
metlhawkj			metlhawk
metlsavr			metlsavr
metmqstr			metmqstr
metrocrs			metrocrs
metrocrsa			metrocrs
mexico86			kicknrun
mexico86a			kicknrun
mf_achas			mf_achas
mf_bdash			mf_bdash
mf_brist			mf_brist
mf_flip			mf_flip
mfjump			mfjump
mfunclub			mfunclub
mgakuen			mgakuen
mgakuen2			mgakuen2
mgcldate			mgcldtex
mgcldtex			mgcldtex
mgcrystl			mgcrystl
mgcrystlj			mgcrystl
mgcrystlo			mgcrystl
mgcs			mgcs
mgcsa			mgcs
mgcsb			mgcs
mgdh			mgdh
mgdha			mgdh
mgfx			mgfx
mgion			mgion
mgmen89			mgmen89
mgolf			mgolf
mhavoc			mhavoc
mhavoc2			mhavoc
mhavocp			mhavoc
mhavocrv			mhavoc
mhgaiden			mhgaiden
mhhonban			mhhonban
mia			mia
mia2			mia
miaction			miaction
miade			battlera
miaj			mia
micrombc			micrombc
midnrun			midnrun
midnruna			midnrun
midnruna2			midnrun
midnrunj			midnrun
midres			midres
midres2			midres
midresb			midres
midresbj			midres
midresj			midres
midresu			midres
miexchng			miexchng
mightguy			mightguy
mikie			mikie
mikiehs			mikie
mikiej			mikie
mikiek			mikie
mil4000			mil4000
mil4000a			mil4000
mil4000b			mil4000
mil4000c			mil4000
millipdd			milliped
milliped			milliped
millpac			centiped
mimonkey			mimonkey
mimonkeyug			mimonkey
mimonsco			mimonkey
mimonscr			mimonkey
mimonscra			mimonkey
minasan			minasan
minefld			minefld
minefldfe			minefld
mineswpr			mineswpr
mineswpr4			mineswpr
minferno			minferno
miniboy7			miniboy7
miniboy7a			miniboy7
minigolf			minigolf
minigolfa			minigolf
minigolfb			minigolf
minigolfct			minigolf
minivadr			minivadr
mirage			mirage
mirax			mirax
miraxa			mirax
miraxb			mirax
mirco21			hitme
mirderby			mirderby
mirninja			mirninja
mirninjaa			mirninja
misdraw			misdraw
misncrft			misncrft
misncrfta			misncrft
missb2			missb2
missbingo			pkrmast
missile			missile
missile1			missile
missile1a			missile
missile2			missile
missile2a			missile
missilea			missile
missilebl			missile
missilem			missile
missmw96			missw96
missw02			missw02
missw02d			missw02
missw96			missw96
missw96a			missw96
missw96b			missw96
missw96c			missw96
mizubaku			liquidk
mj1			mj1
mj1a			mj1
mj1b			mj1
mj1c			mj1
mj1d			mj1
mj1e			mj1
mj4simai			mj4simai
mjanbari			janbari
mjangels			mjangels
mjapinky			mjapinky
mjcamera			mjcamera
mjcameram			mjcamera
mjcamerao			mjcamera
mjchuuka			mjchuuka
mjclinic			mjclinic
mjclinica			mjclinic
mjclub			mjclub
mjcomv1			mjcomv1
mjdchuka			mjdchuka
mjdejav2			mjdejavu
mjdejavu			mjdejavu
mjderngr			mjderngr
mjdialq2			mjdialq2
mjdialq2a			mjdialq2
mjdiplob			mjdiplob
mjdiploba			mjdiplob
mjegolf			mjegolf
mjelct3			mjelctrn
mjelct3a			mjelctrn
mjelct3b			mjelctrn
mjelct3bl			mjelctrn
mjelct3bla			mjelctrn
mjelct3blb			mjelctrn
mjelctrb			mjelctrn
mjelctrn			mjelctrn
mjembase			mjelctrn
mjflove			mjflove
mjfocus			mjfocus
mjfocusm			mjfocus
mjfriday			mjfriday
mjgaiden			mjgaiden
mjgalpri			mjgalpri
mjgnight			mjgnight
mjgottsu			mjgottsu
mjgottub			mjgottub
mjgtaste			mjgtaste
mjhokite			mjhokite
mjifb			mjifb
mjifb2			mjifb
mjifb3			mjifb
mjikaga			mjikaga
mjjoship			mjjoship
mjkinjas			mjkinjas
mjkjidai			mjkjidai
mjkoiura			mjkoiura
mjkojink			mjkojink
mjlaman			mjlaman
mjleague			mjleague
mjlstory			mjlstory
mjmaglmp			mjmaglmp
mjmania			mjmania
mjmyorn2			mjmyorn2
mjmyornt			mjmyorn2
mjmyorntr			mjmyorntr
mjmyster			mjmyster
mjmyuniv			mjmyuniv
mjmyunivh			mjmyuniv
mjmywrld			mjmyster
mjmywrldt			mjmyster
mjnanpaa			mjnanpas
mjnanpas			mjnanpas
mjnanpau			mjnanpas
mjnatsu			mjnatsu
mjnquest			mjnquest
mjnquestb			mjnquest
mjprivat			mjprivat
mjreach			mjreach
mjreach1			mjreach1
mjreach1a			mjreach1
mjreacha			mjreach
mjreachbl			mjreach
mjreachp2			mjreach
mjschuka			mjschuka
mjsenpu			mjsenpu
mjsikakb			mjsikaku
mjsikakc			mjsikaku
mjsikakd			mjsikaku
mjsikaku			mjsikaku
mjsister			mjsister
mjtensin			mjtensin
mjtensina			mjtensin
mjuraden			mjuraden
mjvegas			mjvegasa
mjvegasa			mjvegasa
mjvegasb			mjvegasa
mjvegasc			mjvegasa
mjyarou			mjyarou
mjyarou2			mjyarou
mjyougo			mjyougo
mjyuugi			mjyuugi
mjyuugia			mjyuugi
mjzoomin			mjzoomin
mk			mk
mk2			mk2
mk2chal			mk2
mk2r11			mk2
mk2r14			mk2
mk2r20			mk2
mk2r21			mk2
mk2r30			mk2
mk2r31e			mk2
mk2r32e			mk2
mk2r42			mk2
mk2r91			mk2
mk3			mk3
mk3mdb			mk3mdb
mk3p40			mk3
mk3r10			mk3
mk3r20			mk3
mk4			mk4
mk4a			mk4
mk4b			mk4
mkeibaou			mkeibaou
mkla1			mk
mkla2			mk
mkla3			mk
mkla3bl			mk
mkla4			mk
mknifty			mk
mknifty666			mk
mkoiuraa			mjkoiura
mkprot4			mk
mkprot8			mk
mkprot9			mk
mkr4			mk
mkrep			mk
mktturbo			mk
mkyawdim			mk
mkyawdim2			mk
mkyawdim3			mk
mkyawdim4			mk
mkyturbo			mk
mkyturboe			mk
mladyhtr			mladyhtr
mlander			lrescue
mlandera			lrescue
mlanding			mlanding
mlandingj			mlanding
mltiwars			uniwars
mmagic			mmagic
mmaiko			mmaiko
mmancp2u			megaman
mmancp2ur1			megaman
mmancp2ur2			megaman
mmatrix			mmatrix
mmatrixa			mmatrix
mmatrixd			mmatrix
mmatrixj			mmatrix
mmaulers			mmaulers
mmaulersu			mmaulers
mmaze			mmaze
mmaze2			mmaze
mmehyou			mmehyou
mmmbanc			mmmbanc
mmonkey			mmonkey
mmonkeyj			mmonkey
mmpanic			mmpanic
mmpork			mmpork
mmsikaku			mjsikaku
mnchmobl			joyfulr
mnight			mnight
mnightj			mnight
mocapb			mocapb
mocapbj			mocapb
moegonta			ladykill
moeru			moeru
mofflott			mofflott
mogitate			mogitate
moguchan			moguchan
mogura			mogura
mok			mok
mole			mole
momoko			momoko
momokob			momoko
momokoe			momoko
momotaro			momotaro
moneymac			moneymac
moneymacd1			moneymac
moneymacd2			moneymac
moneymaco			moneymac
moneymacv1			moneymac
moneymacv2			moneymac
mongolnw			mongolnw
monkelf			avspirit
monkeyba			monkeyba
monkeyd			ckong
monsterb			monsterb
monsterb2			monsterb
monsterz			monsterz
monsterza			monsterz
montecar			montecar
monymony			monymony
monymony2			monymony
monymony3			monymony
moomesa			moomesa
moomesaaab			moomesa
moomesabl			moomesa
moomesauab			moomesa
moomesauac			moomesa
moonal2			moonal2
moonal2b			moonal2
moonaln			galaxian
moonbase			invadpt2
moonbasea			invadpt2
mooncmw			mooncrst
mooncptc			mooncrst
mooncrecm			mooncrst
mooncreg			mooncrst
mooncreg2			mooncrst
mooncrgx			mooncrst
mooncrs2			mooncrst
mooncrs3			mooncrst
mooncrs4			mooncrst
mooncrs5			mooncrst
mooncrsb			mooncrst
mooncrsl			mooncrst
mooncrst			mooncrst
mooncrstg			mooncrst
mooncrsto			mooncrst
mooncrsts			mooncrst
mooncrstso			mooncrst
mooncrstu			mooncrst
mooncrstuk			mooncrst
mooncrstuku			mooncrst
mooncrstuu			mooncrst
moonlght			goldstar
moonlghta			goldstar
moonlghtb			goldstar
moonlghtc			goldstar
moonqsr			moonqsr
moonwar			moonwar
moonwara			moonwar
moonwarp			moonwarp
moremore			moremore
moremorp			moremorp
mortalr			mortalr
mosaic			mosaic
mosaica			mosaic
mosaicf2			mosaicf2
moshougi			moshougi
motofren			motofren
motofrenft			motofren
motofrenfta			motofren
motofrenmd			motofren
motofrenmf			motofren
motorace			travrusa
motoraid			motoraid
motoraiddx			motoraid
motos			motos
mototour			travrusa
motoxgo			motoxgo
motoxgov1a			motoxgo
motoxgov2a			motoxgo
mouja			mouja
mouncrst			mooncrst
mouseatk			mouseatk
mouser			mouser
mouserc			mouser
mp_bio			mp_bio
mp_col3			mp_col3
mp_gaxe2			mp_gaxe2
mp_gaxe2a			mp_gaxe2
mp_gslam			mp_gslam
mp_gunhe			mp_gunhe
mp_mazin			mp_mazin
mp_shnb3			mp_shnb3
mp_soni2			mp_soni2
mp_sonic			mp_sonic
mp_sor2			mp_sor2
mp_twcup			mp_twcup
mpang			mpang
mpanga			mpang
mpangj			mpang
mpangr1			mpang
mpangu			mpang
mpatrol			mpatrol
mpatrolw			mpatrol
mpchoice			pitboss
mpchoicea			pitboss
mplanets			mplanets
mplanetsuk			mplanets
mpumpkin			mpumpkin
mranger			mpatrol
mrdig			mrdig
mrdo			mrdo
mrdobl			mrdo
mrdofabr			mrdo
mrdofix			mrdo
mrdot			mrdo
mrdoy			mrdo
mrdrillr			mrdrillr
mrdrillrja2			mrdrillr
mrdrilr2			mrdrilr2
mrdrilr2j			mrdrilr2
mrdrilr2u			mrdrilr2
mrdrilrg			mrdrilrg
mrdu			mrdo
mrflea			mrflea
mrgoemon			mrgoemon
mrheli			bchopper
mrjong			mrjong
mrkicker			mrkicker
mrkickera			mrkicker
mrkougar			mrkougar
mrkougar2			mrkougar
mrkougb			mrkougar
mrkougb2			mrkougar
mrlo			mrdo
mrokumei			mrokumei
mroundup			mroundup
mrsdyna			mrsdyna
mrtnt			mrtnt
mrviking			mrviking
mrvikingj			mrviking
ms4plus			mslug4
ms5pcb			ms5pcb
ms5plus			mslug5
msbingo			msbingo
mschamp			mspacman
mschamps			mspacman
mscoutm			mscoutm
msgogo			msgogo
msgundam			msgundam
msgundam1			msgundam
msgundamb			msgundam
msh			msh
msha			msh
mshb			msh
mshbr1			msh
msheartb			mspacman
mshh			msh
mshj			msh
mshjr1			msh
mshu			msh
mshud			msh
mshuttle			mshuttle
mshuttle2			mshuttle
mshuttlea			mshuttle
mshuttlej			mshuttle
mshuttlej2			mshuttle
mshvsf			mshvsf
mshvsfa			mshvsf
mshvsfa1			mshvsf
mshvsfb			mshvsf
mshvsfb1			mshvsf
mshvsfh			mshvsf
mshvsfj			mshvsf
mshvsfj1			mshvsf
mshvsfj2			mshvsf
mshvsfu			mshvsf
mshvsfu1			mshvsf
mshvsfu1d			mshvsf
msisaac			msisaac
msjiken			msjiken
mslider			mslider
mslug			mslug
mslug2			mslug2
mslug2t			mslug2
mslug3			mslug3
mslug3a			mslug3
mslug3b6			mslug3
mslug3h			mslug3
mslug4			mslug4
mslug4h			mslug4
mslug5			mslug5
mslug5b			mslug5
mslug5h			mslug5
mslug6			mslug6
mslugx			mslugx
mspacii			mspacman
mspacii2			mspacman
mspackpls			mspacman
mspacmab			mspacman
mspacmab2			mspacman
mspacmab3			puckman
mspacmab4			mspacman
mspacmab5			puckman
mspacmab6			mspacman
mspacman			mspacman
mspacmanbcc			mspacman
mspacmanbco			mspacman
mspacmanbg			mspacman
mspacmanbg2			mspacman
mspacmanbgc			mspacman
mspacmanbgd			mspacman
mspacmanbgf			mspacman
mspacmanbhe			mspacman
mspacmanbi			mspacman
mspacmanblt			mspacman
mspacmanblt2			mspacman
mspacmanblt3			mspacman
mspacmanblt4			mspacman
mspacmanbpl			mspacman
mspacmancr			mspacman
mspacmane			mspacman
mspacmane2			mspacman
mspacmanhnc			mspacman
mspacmanlai			mspacman
mspacmat			mspacman
mspacmbe			mspacman
mspacmbmc			mspacman
mspacmbn			mspacman
mspacmnf			mspacman
mspacpls			mspacman
mspactwin			mspactwin
mspactwina			mspactwin
mspuzzle			mspuzzle
mspuzzlea			mspuzzle
mspuzzleb			mspuzzle
mspuzzleg			gumbo
mstadium			bottom9
mstworld			mstworld
mstworld2			mstworld
msword			msword
mswordj			msword
mswordr1			msword
mswordu			msword
mt_aftrb			mt_aftrb
mt_arrow			mt_arrow
mt_astrm			mt_astrm
mt_astro			mt_astro
mt_asyn			mt_asyn
mt_bbros			mt_bbros
mt_beast			mt_beast
mt_calga			mt_calga
mt_cols			mt_cols
mt_crack			mt_crack
mt_eswat			mt_eswat
mt_fshrk			mt_fshrk
mt_fwrld			mt_fwrld
mt_fz			mt_fz
mt_gaxe			mt_gaxe
mt_gaxe2			mt_gaxe2
mt_gfoot			mt_gfoot
mt_ggolf			mt_ggolf
mt_gng			mt_gng
mt_gsocr			mt_gsocr
mt_kcham			mt_kcham
mt_lastb			mt_lastb
mt_mlh			mt_mlh
mt_mwalk			mt_mwalk
mt_mystd			mt_mystd
mt_orun			mt_orun
mt_parlg			mt_parlg
mt_revsh			mt_revsh
mt_shado			mt_shado
mt_shang			mt_shang
mt_shar2			mt_shar2
mt_shnbi			mt_shnbi
mt_smgp			mt_smgp
mt_soni2			mt_soni2
mt_sonia			mt_sonic
mt_sonic			mt_sonic
mt_spman			mt_spman
mt_srage			mt_srage
mt_srbb			mt_srbb
mt_stbld			mt_stbld
mt_stf			mt_stf
mt_tetri			mt_tetri
mt_tfor2			mt_tfor2
mt_tgolf			mt_tgolf
mt_tlbba			mt_tlbba
mt_tout			mt_tout
mt_wcsoc			mt_wcsoc
mt_wwar			mt_wwar
mtetrisc			mtetrisc
mtlchamp			mtlchamp
mtlchamp1			mtlchamp
mtlchampa			mtlchamp
mtlchampj			mtlchamp
mtlchampu			mtlchamp
mtlchampu1			mtlchamp
mtonic			mtonic
mtrap			mtrap
mtrap2			mtrap
mtrap3			mtrap
mtrap4			mtrap
mtrap4g			mtrap
mtrapb			mtrap
mtrapb2			mtrap
mtwinbee			tbyahhoo
mtwins			mtwins
mtwinsb			mtwins
mugsmash			mugsmash
multchmp			multchmp
multchmp25			multchmp
multchmpa			multchmp
multchmpk			multchmp
multi96			twinadv
multigm2			multigm2
multiped			multiped
murogem			murogem
murogema			murogem
murogemb			murogem
murogmbl			murogem
musclem			musclem
musclhit			musclhit
mushi2eo			mushik2e
mushi2k4			mushi2k4
mushi2k5			mushi2k5
mushi2k61			mushi2k61
mushi2k62			mushi2k62
mushik2e			mushik2e
mushik2k			mushik2e
mushik4e			mushik4e
mushik4t			mushik4e
mushikc			mushike
mushike			mushike
mushikeo			mushike
mushikep			mushike
mushikk			mushike
mushisam			mushisam
mushisama			mushisam
mushisamb			mushisam
mushitam			mushitam
mushitama			mushitam
musicbal			musicbal
musicsrt			musicsrt
musobana			musobana
mustache			mustache
mustachei			mustache
mustang			mustang
mustangb			mustang
mustangb2			mustang
mustangb3			mustang
mustangs			mustang
mutacion			mooncrst
mutantf			mutantf
mutantf1			mutantf
mutantf2			mutantf
mutantf3			mutantf
mutantf4			mutantf
mutantwarr			altbeast
mutnat			mutnat
mv4in1			mv4in1
mvp			mvp
mvpd			mvp
mvpj			mvp
mvpjd			mvp
mvsc			mvsc
mvsc2			mvsc2
mvsc2u			mvsc2
mvsca			mvsc
mvscar1			mvsc
mvscb			mvsc
mvsch			mvsc
mvscj			mvsc
mvscjr1			mvsc
mvscjsing			mvsc
mvscr1			mvsc
mvscu			mvsc
mvscud			mvsc
mvscur1			mvsc
mwalk			mwalk
mwalkbl			mwalk
mwalkd			mwalk
mwalkj			mwalk
mwalkjd			mwalk
mwalku			mwalk
mwalkud			mwalk
mwarr			mwarr
mwskins			mwskins
mwskinsa			mwskins
mwskinso			mwskins
mwskinst			mwskins
mx5000			mx5000
mx5000r			mx5000
myangel			myangel
myangel2			myangel2
myangel3			myangel3
myfairld			myfairld
myhero			myhero
myherobl			myhero
myherok			myhero
myqbert			qbert
mysticm			mysticm
mysticmp			mysticm
mysticri			mysticri
mysticrib			mysticri
mystston			mystston
myststono			mystston
myststonoi			mystston
mystwarr			mystwarr
mystwarra			mystwarr
mystwarraa			mystwarr
mystwarrj			mystwarr
mystwarru			mystwarr
nagano98			nagano98
naganoj			nagano98
nam1975			nam1975
namenayo			namenayo
nametune			nametune
nametunea			nametune
naname			naname
narc			narc
narc1			narc
narc2			narc
narc3			narc
narc4			narc
narc6			narc
nastar			nastar
nastarw			nastar
natodef			natodef
natodefa			natodef
natsuiro			mjnatsu
naughtyb			naughtyb
naughtyba			naughtyb
naughtybb			naughtyb
naughtybc			naughtyb
navarone			navarone
nbaatw			nbapbp
nbaatwa			nbapbp
nbagold			nbagold
nbahangt			nbahangt
nbahangtl11			nbahangt
nbahangtl12			nbahangt
nbahangtm11			nbahangt
nbahangtm12			nbahangt
nbahangtm13			nbahangt
nbajam			nbajam
nbajamex			nbajamex
nbajamexa			nbajamex
nbajamp1			nbajam
nbajamp2			nbajam
nbajamr1			nbajam
nbajamr2			nbajam
nbajamte			nbajamte
nbajamte1			nbajamte
nbajamte2			nbajamte
nbajamte2a			nbajamte
nbajamte3			nbajamte
nbajamte3a			nbajamte
nbajamte4			nbajamte
nbajamten			nbajamte
nbajamtep2			nbajamte
nbamht			nbahangt
nbamhtl10			nbahangt
nbamhtm10			nbahangt
nbamhtp			nbahangt
nbanfl			nbanfl
nbapbp			nbapbp
nbapbpa			nbapbp
nbapbpaa			nbapbp
nbapbpj			nbapbp
nbapbpja			nbapbp
nbapbpua			nbapbp
nbashowt			nbashowt
nbbatman			nbbatman
nbbatman2bl			nbbatman
nbbatmanu			nbbatman
nc96			nc96
nc96a			nc96
nc96b			nc96
nc96c			nc96
nc96d			nc96
nc96e			nc96
nc96f			nc96
nc96g			nc96
nc96h			nc96
nc96i			nc96
nc96j			nc96
nc96k			nc96
nc96l			nc96
nc96txt			nc96
ncentury			scramble
ncombat			ncombat
ncombath			ncombat
ncommand			ncommand
ncv1			ncv1
ncv1j			ncv1
ncv1j2			ncv1
ncv2			ncv2
ncv2j			ncv2
nd8lines			lucky8
ndxron10			ndxron10
nebulbee			galaga
nebulray			nebulray
nebulrayj			nebulray
nebulrayp			nebulray
neckneck			neckneck
nekkyoku			nekkyoku
nemesis			nemesis
nemesisuk			nemesis
nemo			nemo
nemoj			nemo
nemoja			nemo
nemor1			nemo
neobattl			neobattl
neobombe			neobombe
neocup98			neocup98
neodrift			neodrift
neomrdo			neomrdo
neraidou			neraidou
neruton			neruton
nerutona			neruton
nettoqc			nettoqc
netwars			netwars
nevadafw			nevadafw
new2001			new2001
newapunk			bbmanw
newfant			newfant
newfanta			newfant
newhunter			tisub
newhunterb			tisub
newhunterc			tisub
newhunterd			tisub
newmcard			newmcard
newpuc2			puckman
newpuc2b			puckman
newpuckx			puckman
news			news
newsa			news
newsin7			newsin7
newsin7a			newsin7
newtangl			troangel
newxpang			newxpang
newxpanga			newxpang
nextcent			defender
nextfase			phoenix
nfb96			nfb96
nfb96a			nfb96
nfb96b			nfb96
nfb96c			nfb96
nfb96d			nfb96
nfb96e			nfb96
nfb96f			nfb96
nfb96g			nfb96
nfb96h			nfb96
nfb96i			nfb96
nfb96j			nfb96
nfb96k			nfb96
nfb96l			nfb96
nfb96m			nfb96
nfb96se			nfb96
nfb96sea			nfb96
nfb96seb			nfb96
nfb96sec			nfb96
nfb96txt			nfb96
nflfoot			nflfoot
nfm			nfm
nfma			nfm
ngalsumr			ngalsumr
ngbc			ngbc
ngbcj			ngbc
ngold			pottnpkr
ngolda			pottnpkr
ngoldb			pottnpkr
ngpgal			ngpgal
ngtbunny			ngtbunny
nhidctch			nhidctch
nhomerun			nhomerun
nibbler			nibbler
nibbler6			nibbler
nibbler7			nibbler
nibbler8			nibbler
nibblera			nibbler
nibblero			nibbler
nibblerp			nibbler
nicetsuk			nicetsuk
nichisel			nichisel
nightgal			nightgal
nightlov			nightlov
nightmare			nightmare
nightrai			nightrai
nightstr			nightstr
nightstrj			nightstr
nightstru			nightstr
ninclown			ninclown
ninja			seganinj
ninjak			ninjak
ninjakd2			ninjakd2
ninjakd2a			ninjakd2
ninjakd2b			ninjakd2
ninjakd2c			ninjakd2
ninjakj			ninjak
ninjaku			ninjak
ninjakun			ninjakun
ninjamas			ninjamas
ninjaslt			ninjaslt
ninjaslta			ninjaslt
ninjasltj			ninjaslt
ninjasltu			ninjaslt
ninjaw			ninjaw
ninjaw1			ninjaw
ninjawj			ninjaw
ninjawu			ninjaw
ninjemak			ninjemak
ninjemat			ninjemak
nitd			nitd
nitdbl			nitd
nitedrvr			nitedrvr
nitrobal			nitrobal
nitrobala			nitrobal
nitrobalb			nitrobal
nkdodge			spdodgeb
nkdodgeb			spdodgeb
nkishusp			lhb2
nmaster			metmqstr
nmg5			nmg5
nmg5a			nmg5
nmg5e			nmg5
nmouse			nmouse
nmouseb			nmouse
nmsengen			nmsengen
nndmseal			nndmseal
nndmseal11			nndmseal
nndmseala			nndmseal
nndmsealb			nndmseal
nndmsealc			nndmseal
nndmseald			nndmseal
noahsark			noahsark
nob			nob
nobb			nob
nomnlnd			nomnlnd
nomnlndg			nomnlnd
norautdx			norautdx
norautjp			norautp
norautn1a			norautp
norautp			norautp
norautpn			norautp
norautra			norautra
norautrh			norautrh
norautu			norautu
norautua			norautua
norautub			norautua
nost			nost
nostj			nost
nostk			nost
nostromo			nostromo
nouryoku			nouryoku
nouryokup			nouryoku
nova2001			nova2001
nova2001h			nova2001
nova2001u			nova2001
noved			nfb96
novoplay			novoplay
novoplaya			novoplay
novoplayb			novoplay
nprinces			seganinj
nprincesb			seganinj
nprinceso			seganinj
nprincesu			seganinj
nprsp			nprsp
nrallyx			nrallyx
nrallyxb			nrallyx
nratechu			nratechu
ns8lines			ns8lines
ns8linesa			ns8lines
ns8linew			ns8lines
ns8linewa			ns8lines
ns8linewb			ns8lines
ns8linewc			ns8lines
ns8linewd			ns8lines
nslasher			nslasher
nslasherj			nslasher
nslashers			nslasher
nslasheru			nslasher
nspirit			nspirit
nspiritj			nspirit
nsplashkr			splash
nsplashkra			splash
nss_actr			nss_actr
nss_adam			nss_adam
nss_aten			nss_aten
nss_con3			nss_con3
nss_fzer			nss_fzer
nss_lwep			nss_lwep
nss_ncaa			nss_ncaa
nss_rob3			nss_rob3
nss_skin			nss_skin
nss_smw			nss_smw
nss_ssoc			nss_ssoc
nss_sten			nss_sten
nstocker			nstocker
nstockera			nstocker
nsub			nsub
nsubc			nsub
nsupertr3			supertr3
ntopstar			ntopstar
numanath			numanath
numanathj			numanath
number1			number1
number10			number10
number10l			number10
numcrash			numcrash
nunchaku			ladymstr
nuretemi			nuretemi
nvs_machrider			nvs_machrider
nvs_machridera			nvs_machrider
nvs_mightybj			nvs_mightybj
nvs_platoon			nvs_platoon
nwarr			nwarr
nwarra			nwarr
nwarrb			nwarr
nwarrh			nwarr
nwarru			nwarr
nwarrud			nwarr
nyanpani			kittenk
nycaptor			nycaptor
nyjoker			nyjoker
nyny			nyny
nynyg			nyny
nzeroteam			zeroteam
nzeroteama			zeroteam
nzeroteamb			zeroteam
oceanhun			oceanhun
oceanhuna			oceanhun
oedfight			bloodwar
oedfighta			bloodwar
offensiv			scramble
officeye			officeye
offroad			offroad
offroad3			offroad
offroadc			offroadc
offroadc0			offroadc
offroadc1			offroadc
offroadc3			offroadc
offroadc4			offroadc
offroadc5			offroadc
offroadt			offroadt
offroadt2p			offroadt
offtwall			offtwall
offtwallc			offtwall
ogonsiro			gladiatr
ohbakyuun			ghlpanic
ohmygod			ohmygod
ohpaipee			ohpaipee
oigas			gigas
oinori			oinori
oisipuzl			oisipuzl
ojanko2			ojanko2
ojankoc			ojankoc
ojankoca			ojankoc
ojankocb			ojankoc
ojankohs			ojankohs
ojankoy			ojankoy
ojousan			ojousan
ojousanm			ojousan
olds			olds
olds100			olds
olds100a			olds
olds103t			olds
oldsplus			oldsplus
oldsplus203			oldsplus
olibochu			olibochu
olibug			jumpbug
ollie			ollie
olmandingc			amidar
olmandingo			amidar
olysoc92			cupsoc
olysoc92a			cupsoc
olysoc92b			cupsoc
omega			omega
omegaa			omega
omegab			theend
omegaf			omegaf
omegafa			omegaf
omegafs			omegaf
omegrace			omegrace
omegrace2			omegrace
omegrace3			omegrace
omni			pisces
omotesnd			omotesnd
oneshot			oneshot
onetwo			onetwo
onetwoe			onetwo
onna34ro			onna34ro
onna34roa			onna34ro
ooparts			ooparts
opaopa			opaopa
opaopan			opaopa
opengolf			opengolf
opengolf2			opengolf
openice			openice
openicea			openice
openmj			royalmj
optiger			optiger
optigera			optiger
optigerj			optiger
opwolf			opwolf
opwolf3			opwolf3
opwolf3j			opwolf3
opwolf3u			opwolf3
opwolfa			opwolf
opwolfb			opwolf
opwolfj			opwolf
opwolfjsc			opwolf
opwolfp			opwolf
opwolfu			opwolf
orangec			orangec
orangeci			orangec
orbit			orbit
orbitron			orbitron
orbs			orbs
ordyne			ordyne
ordynej			ordyne
ordyneje			ordyne
orius			xexex
orleg2			orleg2
orleg2_101			orleg2
orleg2_101cn			orleg2
orleg2_101jp			orleg2
orleg2_103			orleg2
orleg2_103cn			orleg2
orleg2_103jp			orleg2
orleg2_104cn			orleg2
orleg2_104jp			orleg2
orlegend			orlegend
orlegend105k			orlegend
orlegend105t			orlegend
orlegend111c			orlegend
orlegend111k			orlegend
orlegend111t			orlegend
orlegendc			orlegend
orlegendca			orlegend
orlegende			orlegend
orunners			orunners
orunnersj			orunners
orunnersu			orunners
oscar			oscar
oscarbl			oscar
oscarj1			oscar
oscarj2			oscar
oscaru			oscar
osman			osman
otatidai			otatidai
otenamhf			otenamhf
otenamih			otenamih
otenki			otenki
othello			othello
othellos			othellos
othldrby			othldrby
othunder			othunder
othunderj			othunder
othunderjsc			othunder
othundero			othunder
othunderu			othunder
othunderua			othunder
otonano			otonano
otrigger			otrigger
otwalls			otwalls
ougonhai			ougonhai
ougonhaib1			ougonhai
ougonhaib2			ougonhai
ougonhaib3			ougonhai
outfxies			outfxies
outfxiesa			outfxies
outfxiesj			outfxies
outfxiesja			outfxies
outline			radarzon
outr2			outr2
outr2st			outr2st
outr2stj			outr2st
outr2stjo			outr2st
outr2sto			outr2st
outrun			outrun
outrunb			outrun
outrundx			outrun
outrundxa			outrun
outrundxeh			outrun
outrundxeha			outrun
outrundxj			outrun
outruneh			outrun
outruneha			outrun
outrunra			outrun
outzone			outzone
outzonea			outzone
outzoneb			outzone
outzonec			outzone
outzonecv			outzone
outzoneh			outzone
overdriv			overdriv
overdriva			overdriv
overdrivb			overdriv
overrev			overrev
overrevb			overrev
overrevba			overrev
overtop			overtop
ozmawars			ozmawars
ozmawars2			ozmawars
ozmawars3			ozmawars
ozmawarsmr			ozmawars
ozon1			ozon1
p47			p47
p47a			p47
p47aces			p47aces
p47acesa			p47aces
p47bl			p47
p47j			p47
p47je			p47
p911			p911
p9112			p9112
p911ac			p911
p911ed			p911
p911j			p911
p911k			p911
p911kc			p911
p911ud			p911
pac90			puckman
pacapp			pacapp
pacapp2			pacapp2
pacappsp			pacappsp
paceight			paceight
pacgal			mspacman
pacgal2			mspacman
pacheart			puckman
pachifev			pachifev
pachiten			pachiten
packbang			packbang
packbangp			packbang
pacland			pacland
paclandj			pacland
paclandjo			pacland
paclandjo2			pacland
paclandm			pacland
paclandm2			pacland
paclandp			paclandp
pacman			puckman
pacmanbl			puckman
pacmanbla			puckman
pacmanblb			puckman
pacmanblc			puckman
pacmanblci			puckman
pacmanblco			puckman
pacmanblv			puckman
pacmanblva			puckman
pacmanf			puckman
pacmanfm			puckman
pacmania			pacmania
pacmaniaj			pacmania
pacmaniao			pacmania
pacmanjpm			puckman
pacmanmr			puckman
pacmanpe			puckman
pacmanso			puckman
pacmansp			puckman
pacmanug			puckman
pacmanvg			puckman
pacmod			puckman
pacnchmp			pacnpal
pacnpal			pacnpal
pacnpal2			pacnpal
pacominv			beaminv
pacominva			beaminv
pacplus			pacplus
pacslot			pacslot
pacuman			puckman
paddle2			arkanoid
paddlema			paddlema
painter			crush
paintlad			splash
paintrlr			crush
pairlove			pairlove
pairs			pairs
pairsa			pairs
pairsnb			pairsnb
pairsred			pairsred
pairsten			pairsnb
pajaroes			uniwars
palamed			palamed
palamedj			palamed
pandoras			pandoras
pang			pang
pang3			pang3
pang3b			pang3
pang3b2			pang3
pang3b3			pang3
pang3b4			pang3
pang3b5			pang3
pang3j			pang3
pang3r1			pang3
pangb			pang
pangb2			pang
pangba			pang
pangbb			pang
pangbc			pang
pangbold			pang
pangbp			pang
pangpang			pangpang
pangpoms			pangpoms
pangpomsm			pangpoms
pangpomsn			pangpoms
panic			panic
panic2			panic
panic3			panic
panic4			panic
panicbl			panic
panicbom			panicbom
panicger			panic
panich			panic
panicr			panicr
panicrg			panicr
panicstr			panicstr
panther			panther
panzer			spectar
paperboy			paperboy
paperboyp			paperboy
paperboyr1			paperboy
paperboyr2			paperboy
paprazzi			paprazzi
para2dx			para2dx
paradise			paradise
paradisea			paradise
paradisee			paradise
paradlx			paradlx
parentj			parentj
parodius			parodius
parodiusa			parodius
parodiuse			parodius
parodiusj			parodius
parrot3			parrot3
parrot3b1			parrot3
parrot3d1			parrot3
parrot3o			parrot3
parrot3v1			parrot3
pasha2			pasha2
pass			pass
passht4b			passsht
passsht			passsht
passsht16a			passsht
passshta			passsht
passshtad			passsht
passshtb			passsht
passshtd			passsht
passshtj			passsht
passshtjd			passsht
pastelg			pastelg
pastelis			pastelis
patapata			patapata
patimono			patimono
patocar			patocar
pbaction			pbaction
pbaction2			pbaction
pbaction3			pbaction
pbaction4			pbaction
pbactiont			pbaction
pbactiont2			pbaction
pballoon			pballoon
pballoonr			pballoon
pbancho			pbancho
pbanchoa			pbancho
pbchmp95			witch
pbillian			pbillian
pbillianb			pbillian
pbillrd			pbillrd
pbillrdbl			pbillrd
pbillrds			pbillrd
pbillrdsa			pbillrd
pblbeach			pblbeach
pbobbl2n			pbobbl2n
pbobble			pbobble
pbobble2			pbobble2
pbobble2j			pbobble2
pbobble2o			pbobble2
pbobble2u			pbobble2
pbobble2x			pbobble2
pbobble3			pbobble3
pbobble3j			pbobble3
pbobble3u			pbobble3
pbobble4			pbobble4
pbobble4j			pbobble4
pbobble4u			pbobble4
pbobblen			pbobblen
pbobblenb			pbobblen
pc_1942			pc_1942
pc_bball			pc_bball
pc_bfght			pc_bfght
pc_bload			pc_bload
pc_bstar			pc_bstar
pc_cntra			pc_cntra
pc_cshwk			pc_cshwk
pc_cvnia			pc_cvnia
pc_dbldr			pc_dbldr
pc_ddrgn			pc_ddrgn
pc_drmro			pc_drmro
pc_duckh			pc_duckh
pc_ebike			pc_ebike
pc_ftqst			pc_ftqst
pc_gntlt			pc_gntlt
pc_golf			pc_golf
pc_goons			pc_goons
pc_grdue			pc_grdus
pc_grdus			pc_grdus
pc_hgaly			pc_hgaly
pc_kngfu			pc_kngfu
pc_mario			pc_mario
pc_miket			pc_miket
pc_mman3			pc_mman3
pc_moglf			pc_moglf
pc_mtoid			pc_mtoid
pc_ngai2			pc_ngai2
pc_ngai3			pc_ngai3
pc_ngaid			pc_ngaid
pc_pinbt			pc_pinbt
pc_pwbld			pc_pwbld
pc_pwrst			pc_pwrst
pc_radr2			pc_radr2
pc_radrc			pc_radrc
pc_rcpam			pc_rcpam
pc_rkats			pc_rkats
pc_rnatk			pc_rnatk
pc_rrngr			pc_rrngr
pc_rygar			pc_rygar
pc_sjetm			pc_sjetm
pc_smb			pc_smb
pc_smb2			pc_smb2
pc_smb3			pc_smb3
pc_suprc			pc_suprc
pc_tbowl			pc_tbowl
pc_tenis			pc_tenis
pc_tkfld			pc_tkfld
pc_tmnt			pc_tmnt
pc_tmnt2			pc_tmnt2
pc_trjan			pc_trjan
pc_ttoon			pc_ttoon
pc_vball			pc_vball
pc_virus			pc_drmro
pc_wcup			pc_wcup
pc_wgnmn			pc_wgnmn
pc_ynoid			pc_ynoid
pcktgal			pcktgal
pcktgal2			pcktgal
pcktgal2j			pcktgal
pcktgalb			pcktgal
pcktgalba			pcktgal
pclubys			pclubys
pclubysa			pclubys
pcnfrk			pcnfrk
pcnfrk2m			pcnfrk2m
pcnfrk2mk			pcnfrk2m
pcnfrk3m			pcnfrk3m
pcnfrk3mk			pcnfrk3m
pcnfrk4m			pcnfrk4m
pcnfrk4mk			pcnfrk4m
pcnfrk5m			pcnfrk5m
pcnfrk5mk			pcnfrk5m
pcnfrka			pcnfrk
pcnfrkk			pcnfrk
pdrift			pdrift
pdrifta			pdrift
pdrifte			pdrift
pdriftj			pdrift
pdriftja			pdrift
pdriftjb			pdrift
pdriftl			pdriftl
peekaboo			peekaboo
peekaboou			peekaboo
peepshow			mjfocus
peggle			peggle
pegglet			peggle
pemg0213			pemg0213
pemg0252			pemg0252
penbros			penbros
penfan			penfan
penfana			penfan
pengadvb			pengadvb
pengadvb2			pengadvb
pengo			pengo
pengoa			pengo
pengob			pengo
pengoc			pengo
pengoj			pengo
pengoja			pengo
pengojb			pengo
pengojbl			pengo
pengojpm			pengo
pengomc1			pengo
pengomc2			pengo
pengopac			pengo
penky			penky
penkyi			penky
penta			pengo
pepper2			pepper2
pepper27			pepper2
percuss			percuss
perestro			perestro
perestrof			perestro
perfrman			perfrman
perfrmanu			perfrman
pesadelo			pesadelo
pestplce			mario
peterpak			peterpak
pettanp			banbam
pf2012			pf2012
pfghtj			sgemf
pgalvip			pgalvip
pgalvipa			pgalvip
pgear			armwar
pgearr1			armwar
pgm3in1			pgm3in1
pgm3in1c100			pgm3in1
pgoal			pgoal
phantasm			avspirit
phantom			spectar
phantom2			phantom2
phantoma			spectar
pharrier			pharrier
phelios			phelios
pheliosj			phelios
phklad			phklad
phoenix			phoenix
phoenix2			phoenix
phoenix3			phoenix
phoenixa			phoenix
phoenixass			phoenix
phoenixb			phoenix
phoenixbl			phoenix
phoenixc			phoenix
phoenixc2			phoenix
phoenixc3			phoenix
phoenixc4			phoenix
phoenixdal			phoenix
phoenixgu			phoenix
phoenixha			phoenix
phoenixi			phoenix
phoenixj			phoenix
phoenixjpl			phoenix
phoenixs			phoenix
phoenixt			phoenix
phoenxp2			phoenix
photof			wwjgtin
photoy2k			photoy2k
photoy2k102j			photoy2k
photoy2k103j			photoy2k
photoy2k104			photoy2k
phozon			phozon
phozons			phozon
phpython			phpython
phtetris			phtetris
piccolop			ampoker2
pickin			pickin
pickwin			pickwin
pickwinb1			pickwin
pickwinbt			pickwin
pickwind1			pickwin
pickwindt			pickwin
pickwino			pickwin
pickwino2			pickwin
pickwinv1			pickwin
pickwinvt			pickwin
pignewt			pignewt
pignewta			pignewt
pigout			pigout
pigouta			pigout
pigskin			pigskin
pigskina			pigskin
pigskinb			pigskin
pinbo			pinbo
pinboa			pinbo
pinbos			pinbo
pingpong			pingpong
pinguinos			pengo
pinkiri8			pinkiri8
pinkswts			pinkswts
pinkswtsa			pinkswts
pinkswtsb			pinkswts
pinkswtssc			pinkswts
pinkswtsx			pinkswts
pipedrm			pipedrm
pipedrmj			pipedrm
pipedrmt			pipedrm
pipedrmu			pipedrm
pipeline			pipeline
pipibibs			pipibibs
pipibibsa			pipibibs
pipibibsbl			pipibibs
pipibibsbl2			pipibibs
pipibibsbl3			pipibibs
pipibibsp			pipibibs
pir2001			pir2001
pir2001b1			pir2001
pir2001bx			pir2001
pir2001d1			pir2001
pir2001dx			pir2001
pir2001o			pir2001
pir2001o2			pir2001
pir2001o3			pir2001
pir2001v1			pir2001
pir2001vx			pir2001
pir2002			pir2002
pir2002b1			pir2002
pir2002bx			pir2002
pir2002d1			pir2002
pir2002dx			pir2002
pir2002o			pir2002
pir2002o2			pir2002
pir2002o3			pir2002
pir2002v1			pir2002
pir2002vx			pir2002
piranha			puckman
piranhah			puckman
piranhao			puckman
pirate2			pirate2
pirate2_10			pirate2
pirate2_11			pirate2
pirate2_12			pirate2
pirate2_2			pirate2
pirate2_2a			pirate2
pirate2_3			pirate2
pirate2_4			pirate2
pirate2_5			pirate2
pirate2_6			pirate2
pirate2_7			pirate2
pirate2_8			pirate2
pirate2_9			pirate2
pirate2a			pirate2
pirate2b			pirate2
pirate2c			pirate2
pirate2d			pirate2
pirate2e			pirate2
pirate2f			pirate2
pirate2g			pirate2
pirate2h			pirate2
pirates			pirates
piratesb			pirates
piratesh			piratesh
piratetr			piratetr
piratpet			junglek
pirpok2			pirpok2
pirpok2b1			pirpok2
pirpok2d1			pirpok2
pirpok2o			pirpok2
pirpok2v1			pirpok2
pisces			pisces
piscesb			pisces
pistoldm			pistoldm
pitapat			pitapat
pitapata			pitapat
pitboss			pitboss
pitboss03			pitboss
pitboss03a			pitboss
pitboss03b			pitboss
pitboss04			pitboss
pitbossa			pitboss
pitbossm4			pitboss
pitbossps			pitboss
pitfall2			pitfall2
pitfall2a			pitfall2
pitfall2u			pitfall2
pitfight			pitfight
pitfight1p2			pitfight
pitfight2			pitfight
pitfight3			pitfight
pitfight4			pitfight
pitfight5			pitfight
pitfight6			pitfight
pitfight7			pitfight
pitfightb			pitfight
pitfightj			pitfight
pitnrun			pitnrun
pitnruna			pitnrun
pitnrunb			pitnrun
pjustic			pjustic
pjustica			pjustic
pkgnsh			pkgnsh
pkgnshdx			pkgnshdx
pkladies			pkladies
pkladiesbl			pkladies
pkladiesbl2			pkladies
pkladiesblu			pkladies
pkladiesl			pkladies
pkladiesla			pkladies
pkrdewin			ampoker2
pkrmast			pkrmast
pkrmasta			pkrmast
pkscram			pkscram
pktet346			pktet346
pktgaldx			pktgaldx
pktgaldxa			pktgaldx
pktgaldxb			pktgaldx
pktgaldxj			pktgaldx
pkunwar			pkunwar
pkunwarj			pkunwar
pkunwarja			pkunwar
play2000			play2000
play2000_40i			play2000
play2000_50i			play2000
playball			playball
plegends			plegends
plegendsj			plegends
pleiadbl			pleiads
pleiadce			pleiads
pleiads			pleiads
pleiadsb2			pleiads
pleiadsgmp			pleiads
pleiadsi			pleiads
pleiadsia			pleiads
pleiadsmm			pleiads
pleiadsn			pleiads
pleiadss			pleiads
plgirls			plgirls
plgirls2			plgirls2
plgirls2b			plgirls2
plgirls2j			plgirls2
plotting			plotting
plottinga			plotting
plottingb			plotting
plottingu			plotting
plsmaswd			plsmaswd
plsmaswda			plsmaswd
pltkids			pltkids
pltkidsa			pltkids
plumppop			plumppop
plusalph			plusalph
plygonet			plygonet
pma			pma
pmpoker			pmpoker
pnchmn			fghtmn
pnchmn2			pnchmn2
pnchmna			fghtmn
pnickj			pnickj
pntnpuzl			pntnpuzl
pnyaa			pnyaa
pnyaaa			pnyaa
pocketrc			pocketrc
poitto			poitto
poittoc			poitto
poizone			poizone
pokasuka			manicpnc
pokechmp			pokechmp
pokechmpa			pokechmp
poker91			poker91
pokeresp			pokeresp
pokermon			pokermon
pokerout			pokerout
pokersis			pokersis
pokoachu			pokoachu
pokonl97			pokonl97
pokonyan			pokonyan
pokrdice			pokrdice
polaris			polaris
polarisa			polaris
polarisb			polaris
polarisbr			polaris
polariso			polaris
polepos			polepos
polepos2			polepos2
polepos2a			polepos2
polepos2b			polepos2
polepos2bi			polepos2
polepos2bs			polepos2
poleposa1			polepos
poleposa1n			polepos
poleposa2			polepos
poleposj			polepos
policetr			policetr
policetr10			policetr
policetr11			policetr
policetr13			policetr
policetr13a			policetr
policetr13b			policetr
pollux			pollux
polluxa			pollux
polluxa2			pollux
polluxn			pollux
polynetw			polynetw
polyplay			polyplay
polyplay2			polyplay2
polyplay2c			polyplay2
polystar			polystar
pompingw			pang
ponchin			ponchin
ponchina			ponchin
pong			pong
ponpoko			ponpoko
ponpokov			ponpoko
pontoon			pontoon
pontoona			pontoon
ponttehk			ponttehk
pool10			pool10
pool10b			pool10
pool10c			pool10
pool10d			pool10
pool10e			pool10
pool10f			pool10
pool10g			pool10
pool10h			pool10
pool10i			pool10
pool10j			pool10
pool10k			pool10
poolshrk			poolshrk
poosho			poosho
pootan			pooyan
pooyan			pooyan
pooyans			pooyan
pop_hh			hardhead
popbingo			popbingo
popbounc			popbounc
popeyeman			puckman
popflame			popflame
popflamea			popflame
popflameb			popflame
popflamen			popflame
popn1			popn1
popn1a			popn1
popn1j			popn1
popn1k			popn1
popn2			popn2
popn3			popn3
popnpop			popnpop
popnpopj			popnpop
popnpopu			popnpop
popnrun			popnrun
popnruna			popnrun
popnstex			popnstex
popobear			popobear
popper			popper
popspops			popspops
porky			porky
porter			dockman
portera			dockman
portman			dockman
portmanj			dockman
portrait			portrait
portraita			portrait
potgame			potgame
potnpkra			pottnpkr
potnpkrb			pottnpkr
potnpkrc			pottnpkr
potnpkrd			pottnpkr
potnpkre			pottnpkr
potnpkrf			pottnpkr
potnpkrg			pottnpkr
potnpkrh			pottnpkr
potnpkri			pottnpkr
potnpkrj			pottnpkr
potnpkrk			pottnpkr
potnpkrl			pottnpkr
potnpkrm			pottnpkr
potnpkrn			pottnpkr
potnpkro			pottnpkr
potnpkrp			pottnpkr
potogold			leprechn
potopoto			potopoto
pottnpkr			pottnpkr
poundfor			poundfor
poundforj			poundfor
poundforu			poundfor
pow			pow
powa			pow
powbl			pow
powerbal			powerbal
powerbals			powerbal
powerdrv			powerdrv
powerins			powerins
powerinsa			powerins
powerinsb			powerins
powerinsc			powerins
powerinsj			powerins
powerinspj			powerins
powerinspu			powerins
powj			pow
powrplay			powrplay
powyak96			powyak96
powyakex			powyakex
ppan			hook
ppcar			ppcar
ppchamp			gotcha
ppchampa			gotcha
ppd			ppd
ppj			ppj
ppking			ppking
ppmast93			ppmast93
ppp			ppp
ppp11			ppp11
ppp1mp			ppp
ppp2nd			ppp2nd
ppp2nda			ppp2nd
pprobe			pprobe
ppsatan			ppsatan
ppspeed			polepos
prehisle			prehisle
prehisleb			prehisle
prehislek			prehisle
prehisleu			prehisle
preisle2			preisle2
prikura			prikura
primella			gundl94
primglex			primglex
primrag2			primrag2
primrage			primrage
primrage20			primrage
primrageo			primrage
prmrsocr			prmrsocr
prmrsocrj			prmrsocr
prmtmfgt			trstar
prmtmfgto			trstar
profpac			profpac
progear			progear
progeara			progear
progearj			progear
progearjbl			progear
progearjd			progear
progearu			progear
progearud			progear
progolf			progolf
progolfa			progolf
progress			progress
promutrv			promutrv
promutrva			promutrv
promutrvb			promutrv
promutrvc			promutrv
propcycl			propcycl
propcyclj			propcycl
prosoccr			prosoccr
prosport			prosport
prosporta			prosport
protenn			protenn
protennb			protenn
prtytime			prtytime
psailor1			psailor1
psailor2			psailor2
psoldier			ssoldier
pspikes			pspikes
pspikes2			pspikes2
pspikesb			pspikes
pspikesba			pspikes
pspikesc			pspikes
pspikesk			pspikes
pspikesm			pspikes
pspikesu			pspikes
pstadium			pstadium
pstone			pstone
pstone2			pstone2
pstone2b			pstone2
psurge			psurge
psychic5			psychic5
psychic5j			psychic5
psychos			psychos
psychosj			psychos
psyforce			psyforce
psyforcej			psyforce
psyforcex			psyforce
psyvar2			psyvar2
ptblank			ptblank
ptblank2			ptblank2
ptblank2a			ptblank2
ptblank2b			ptblank2
ptblank2c			ptblank2
ptblank2ua			ptblank2
ptblank3			ptblank3
ptblanka			ptblank
ptrain			ptrain
ptraina			ptrain
ptrmj			ptrmj
pturn			pturn
pubball			pubball
puchicar			puchicar
puchicarj			puchicar
puchicaru			puchicar
puckman			puckman
puckmana			puckman
puckmanb			puckman
puckmanb3			puckman
puckmanf			puckman
puckmanh			puckman
puckmod			puckman
puckpepl			funystrp
puckpkmn			puckpkmn
puckpkmnb			puckpkmn
pulirula			pulirula
pulirulaa			pulirula
pulirulaj			pulirula
pulsar			pulsar
pulstar			pulstar
punchita			punchout
punchkid			olibochu
punchout			punchout
punchouta			punchout
punchoutah			punchout
punchoutj			punchout
punipic			punisher
punipic2			punisher
punipic3			punisher
punisher			punisher
punisherbz			punisher
punisherh			punisher
punisherj			punisher
punisheru			punisher
punkshot			punkshot
punkshot2			punkshot
punkshot2a			punkshot
punkshot2e			punkshot
punkshotj			punkshot
pururun			pururun
pururuna			pururun
pushman			pushman
pushmana			pushman
pushmans			pushman
pushmant			pushman
pushover			pushover
puyo			puyo
puyobl			puyo
puyoda			puyoda
puyofev			puyofev
puyofevj			puyofev
puyofevp			puyofev
puyoj			puyo
puyoja			puyo
puyopuy2			puyopuy2
puyosun			puyosun
puzlbang			suplup
puzlbanga			suplup
puzlclub			puzlclub
puzldama			crzcross
puzlstar			puzlstar
puzlstara			puzlstar
puzzldpr			puzzldpr
puzzledp			puzzledp
puzzlekg			puzzlekg
puzzlet			puzzlet
puzzli			puzzli
puzzli2			puzzli2
puzzli2s			puzzli2
puzzlia			puzzli
puzzloop			puzzloop
puzzloopa			puzzloop
puzzloope			puzzloop
puzzloopj			puzzloop
puzzloopk			puzzloop
puzzloopkbl			puzzloop
puzzloopu			puzzloop
puzzlove			puzzlove
puzzlovek			puzzlove
puzznic			puzznic
puzznicb			puzznic
puzznicba			puzznic
puzznici			puzznic
puzznicj			puzznic
puzznicu			puzznic
pwheelsj			dblaxle
pwrflip			pwrflip
pwrgoal			pwrgoal
pwrinst2			pwrinst2
pwrinst2a			pwrinst2
pwrinst2j			pwrinst2
pwrinst2ja			pwrinst2
pwrkick			pwrkick
py2k2			py2k2
py2k2100			py2k2
pyenaget			pyenaget
pyros			wardner
pzlbowl			pzlbowl
pzlbreak			pzlbreak
pzlbreaka			pzlbreak
pzlestar			pzlestar
pzletime			pzletime
pzloop2			pzloop2
pzloop2j			pzloop2
pzloop2jd			pzloop2
pzloop2jp			pzloop2
pzloop2jr1			pzloop2
qad			qad
qadjr			qad
qb3			qb3
qbert			qbert
qberta			qbert
qbertj			qbert
qbertqub			qbertqub
qberttst			qbert
qbtrktst			qbert
qc			qc
qcrayon			qcrayon
qcrayon2			qcrayon2
qdrmfgp			qdrmfgp
qdrmfgp2			qdrmfgp2
qgakumon			qgakumon
qgh			qgh
qix			qix
qix2			qix
qixa			qix
qixb			qix
qixo			qix
qjinsei			qjinsei
qmegamis			qmegamis
qmhayaku			qmhayaku
qndream			qndream
qrouka			qrouka
qsangoku			qsangoku
qsww			qsww
qtheater			qtheater
qtono1			qtono1
qtono2j			qtono2j
qtorimon			qtorimon
quaak			frogger
quantum			quantum
quantum1			quantum
quantump			quantum
quarterb			quarterb
quarterba			quarterb
quarterbc			quarterb
quartet			quartet
quartet2			quartet
quartet2a			quartet
quarteta			quartet
quarth			blockhl
quasar			quasar
quasara			quasar
queenbee			queenbee
queenbee107u			queenbee
queenbee117a			queenbee
queenbee123a			queenbee
queenbeeb			queenbee
queenbeei			queenbee
queenbeesa			queenbee
quester			quester
questers			quester
quickjac			quickjac
quickp5			quickp5
quickshts			targeth
quiz			quiz
quiz18k			quiz18k
quiz211			quiz211
quiz211a			quiz211
quiz365			quiz365
quiz365t			quiz365
quizard			quizard
quizard2			quizard2
quizard2_22			quizard2
quizard3			quizard3
quizard3_32			quizard3
quizard3a			quizard3
quizard_10			quizard
quizard_12			quizard
quizard_17			quizard
quizardi			quizard
quizardi_12			quizard
quizardi_17			quizard
quizchq			quizchq
quizchqk			quizchq
quizchql			quizchq
quizdai2			quizdai2
quizdais			quizdais
quizdaisk			quizdais
quizdna			quizdna
quizf1			quizf1
quizhq			quizhq
quizhuhu			quizhuhu
quizkof			quizkof
quizkofk			quizkof
quizmeku			quizmeku
quizmoon			quizmoon
quizmstr			quizmstr
quizo			quizo
quizoa			quizo
quizpani			quizpani
quizpanir			quizpani
quizqgd			quizqgd
quizshow			quizshow
quiztou			quiztou
quiztvqq			quiztvqq
quizvid			quizvid
qwak			qwak
qyjdzjp			mjelctrn
qzchikyu			qzchikyu
qzkklgy2			qzkklgy2
qzkklogy			qzkklogy
qzquest			qzquest
qzshowby			qzshowby
r2dtank			r2dtank
r2dx_v33			r2dx_v33
r2dx_v33_r2			r2dx_v33
rabbit			rabbit
rabbita			rabbit
rabbitj			rabbit
rabbitjt			rabbit
rabbitpk			ampoker2
rabiolep			rabiolep
raccoon			raccoon
racedriv			racedriv
racedriv1			racedriv
racedriv2			racedriv
racedriv3			racedriv
racedriv4			racedriv
racedrivb			racedriv
racedrivb1			racedriv
racedrivb4			racedriv
racedrivc			racedriv
racedrivc1			racedriv
racedrivc2			racedriv
racedrivc4			racedriv
racedrivcb			racedriv
racedrivcb4			racedriv
racedrivcg			racedriv
racedrivcg4			racedriv
racedrivcp			racedriv
racedrivg			racedriv
racedrivg1			racedriv
racedrivg4			racedriv
racedrivpan			racedriv
raceon			raceon
raceonj			raceon
rachero			rachero
racherod			rachero
racinfrc			racinfrc
racinfrcu			racinfrc
racingb			racingb
racingbj			racingb
racingj			racingj
racingj2			racingj2
racingj2a			racingj2
racingj2e			racingj2
racingj2j			racingj2
racingj2m			racingj2
racingj2ma			racingj2
racingj2me			racingj2
racingj2mj			racingj2
racingj2n			racingj2
racingj2na			racingj2
racingj2ne			racingj2
racingj2nj			racingj2
racingja			racingj
racingje			racingj
racingjj			racingj
racingjm			racingj
racingjma			racingj
racingjme			racingj
racingjmj			racingj
racingjn			racingj
racingjna			racingj
racingjne			racingj
racingjnj			racingj
rackemup			rackemup
racknrol			racknrol
radarscp			radarscp
radarscp1			radarscp
radarscpc			radarscp
radarzon			radarzon
radarzon1			radarzon
radarzont			radarzon
radikalb			radikalb
radikalba			radikalb
radikalbp			radikalb
radirgy			radirgy
radirgyn			radirgyn
radirgyo			radirgy
radm			radm
radmu			radm
radr			radr
radrad			radrad
radradj			radrad
radrj			radr
radru			radr
raflesia			raflesia
raflesiau			raflesia
ragnagrd			ragnagrd
ragtime			boogwing
ragtimea			boogwing
raiden			raiden
raiden2			raiden2
raiden2au			raiden2
raiden2dx			raiden2
raiden2e			raiden2
raiden2ea			raiden2
raiden2eg			raiden2
raiden2es			raiden2
raiden2eu			raiden2
raiden2eua			raiden2
raiden2eub			raiden2
raiden2eup			raiden2
raiden2f			raiden2
raiden2g			raiden2
raiden2gb			raiden2
raiden2hk			raiden2
raiden2i			raiden2
raiden2j			raiden2
raiden2k			raiden2
raiden2nl			raiden2
raiden2sw			raiden2
raiden2u			raiden2
raidenb			raiden
raidendx			raidendx
raidendxa1			raidendx
raidendxa2			raidendx
raidendxch			raidendx
raidendxg			raidendx
raidendxj			raidendx
raidendxja			raidendx
raidendxk			raidendx
raidendxnl			raidendx
raidendxpt			raidendx
raidendxu			raidendx
raidenj			raiden
raidenk			raiden
raidenkb			raiden
raidenm			raiden
raident			raiden
raidenu			raiden
raidenua			raiden
raidenub			raiden
raiders			raiders
raiders5			raiders5
raiders5t			raiders5
raiders5ta			raiders5
raidersr3			raiders
raiga			stratof
raigaa			stratof
raimais			raimais
raimaisj			raimais
raimaisjo			raimais
raizpin			raizpin
raizpinj			raizpin
rallybik			rallybik
rallys			spectar
rallysa			spectar
rallyx			rallyx
rallyxa			rallyx
rallyxeg			rallyx
rallyxm			rallyx
rallyxmr			rallyx
rallyxtd			rallyx
rambo3			rambo3
rambo3p			rambo3
rambo3u			rambo3
rampage			rampage
rampage2			rampage
rampart			rampart
rampart2p			rampart
rampart2pa			rampart
rampartj			rampart
rangrmsn			rangrmsn
raphero			arcadian
rapheroa			arcadian
rapidfir			rapidfir
rapidfira			rapidfir
rapidfire			rapidfir
rascot			rascot
rascot2			rascot2
rastan			rastan
rastana			rastan
rastanb			rastan
rastanu			rastan
rastanua			rastan
rastanub			rastan
rastsag2			nastar
rastsaga			rastan
rastsagaa			rastan
rastsagaabl			rastan
rastsagab			rastan
raverace			raverace
raveracej			raverace
raveraceja			raverace
raycris			raycris
raycrisj			raycris
rayforce			gunlock
rayforcej			gunlock
raystorm			raystorm
raystormj			raystorm
raystormo			raystorm
raystormu			raystorm
razmataz			razmataz
rbff1			rbff1
rbff1a			rbff1
rbff1k			rbff1
rbff1ka			rbff1
rbff2			rbff2
rbff2h			rbff2
rbff2k			rbff2
rbffspec			rbffspec
rbffspeck			rbffspec
rbibb			rbibb
rbibba			rbibb
rbisland			rbisland
rbislande			rbislande
rbislando			rbisland
rblaster			rblaster
rbmk			rbmk
rbtapper			tapper
rcdego			gobyrc
rchase			rchase
rchase2			rchase2
rchase2a			rchase2
rchasej			rchase
rchasejb			rchase
rdaction			ninjakd2
rdft			rdft
rdft2			rdft2
rdft22kc			rdft2
rdft2a			rdft2
rdft2aa			rdft2
rdft2it			rdft2
rdft2j			rdft2
rdft2ja			rdft2
rdft2jb			rdft2
rdft2jc			rdft2
rdft2s			rdft2
rdft2t			rdft2
rdft2u			rdft2
rdft2us			rdft2
rdfta			rdft
rdftadi			rdft
rdftadia			rdft
rdftam			rdft
rdftau			rdft
rdftauge			rdft
rdftgb			rdft
rdftgr			rdft
rdftit			rdft
rdftj			rdft
rdftja			rdft
rdftjb			rdft
rdfts			rdft
rdftu			rdft
rdftua			rdft
reactor			reactor
reaktor			reaktor
realbrk			realbrk
realbrkj			realbrk
realbrkk			realbrk
realbrko			realbrk
realbrod			realbrod
realbroda			realbrod
recalh			recalh
record			record
recordbr			recordbr
redalert			redalert
redbaron			redbaron
redbarona			redbaron
redbird			spacefb
redclash			redclash
redclashs			redclash
redclasht			redclash
redclashta			redclash
redearth			redearth
redearthn			redearth
redearthnr1			redearth
redearthr1			redearth
redfoxwp2			grdnstrm
redfoxwp2a			grdnstrm
redhawk			stagger1
redhawkb			stagger1
redhawkc			stagger1
redhawke			stagger1
redhawkg			stagger1
redhawki			stagger1
redhawkk			stagger1
redhawks			stagger1
redhawksa			stagger1
redlin2p			redlin2p
redrobin			redrobin
redufo			redufo
redufob			redufo
redufob2			redufo
redufob3			redufo
reelfun			reelfun
reelfun0			reelfun
reelfun1			reelfun
reelquak			reelquak
regulus			regulus
reguluso			regulus
regulusu			regulus
reikaids			lastapos
relief			relief
relief2			relief
relief3			relief
renaiclb			renaiclb
renaimj			renaimj
renegade			renegade
renegadeb			renegade
renju			renju
repulse			repulse
resclunar			lrescue
rescraid			rescraid
rescraida			rescraid
rescue			rescue
rescueb			rescue
rescuefe			rescue
retofinv			retofinv
retofinvb			retofinv
retofinvb1			retofinv
retofinvb2			retofinv
retofinvb3			retofinv
retofinvbv			retofinv
revenger			revngr84
revngr84			revngr84
revx			revx
revx1			revx
revxp5			revx
rezon			rezon
rezono			rezon
rf2			konamigt
rfjet			rfjet
rfjet2kc			rfjet
rfjeta			rfjet
rfjetj			rfjet
rfjets			rfjet
rfjetsa			rfjet
rfjett			rfjet
rfjetu			rfjet
rhytngk			rhytngk
ribbit			ribbit
ribbitj			ribbit
ridgera2			ridgera2
ridgera28			ridgera2
ridgera2j			ridgera2
ridgera2ja			ridgera2
ridgerac			ridgerac
ridgerac3m			ridgerac
ridgeraca			ridgerac
ridgeracb			ridgerac
ridgeracc			ridgerac
ridgeracf			ridgeracf
ridgeracj			ridgerac
ridhero			ridhero
ridheroh			ridhero
ridingf			ridingf
ridingfj			ridingf
ridingfu			ridingf
ridleofp			ridleofp
rimrockn			rimrockn
rimrockn12			rimrockn
rimrockn12b			rimrockn
rimrockn15			rimrockn
rimrockn16			rimrockn
rimrockn20			rimrockn
ringdest			ringdest
ringdesta			ringdest
ringdestb			ringdest
ringdesth			ringdest
ringdstd			ringdest
ringfgt			vsgongf
ringfgta			vsgongf
ringking			kingofb
ringking2			kingofb
ringking3			kingofb
ringkingw			kingofb
ringohja			mainevt
ringout			ringout
ringouto			ringout
ringrage			ringrage
ringragej			ringrage
ringrageu			ringrage
riot			riot
riotcity			riotcity
riotw			riot
ripcord			ripcord
ripoff			ripoff
ripribit			ripribit
ripribita			ripribit
riskchal			riskchal
rittam			rodland
rjammer			rjammer
rltennis			rltennis
rltennisa			rltennis
rmancp2j			megaman
rmgoldyh			srmp3
rmhaihai			rmhaihai
rmhaihai2			rmhaihai
rmhaihaibl			rmhaihai
rmhaihib			rmhaihai
rmhaijin			rmhaijin
rmhaisei			rmhaisei
rmpgwt			rmpgwt
rmpgwt11			rmpgwt
roadblst			roadblst
roadblst1			roadblst
roadblst2			roadblst
roadblst3			roadblst
roadblstc			roadblst
roadblstc1			roadblst
roadblstcg			roadblst
roadblstg			roadblst
roadblstg1			roadblst
roadblstg2			roadblst
roadblstgu			roadblst
roadburn			roadburn
roadburn1			roadburn
roadedge			roadedge
roadf			roadf
roadf2			roadf
roadfh			roadf
roadfu			roadf
roadriot			roadriot
roadriota			roadriot
roadriotb			roadriot
roadrunm			desertgu
roadrunn			roadrunn
roadrunn1			roadrunn
roadrunn2			roadrunn
robadv			robadv
robadv2			robadv2
robadv2c1			robadv2
robadv2c2			robadv2
robadv2c3			robadv2
robadv2d1			robadv2
robadv2d2			robadv2
robadv2d3			robadv2
robadv2o			robadv2
robadv2o2			robadv2
robadv2v1			robadv2
robadv2v2			robadv2
robadv2v3			robadv2
robadvc1			robadv
robadvd1			robadv
robadvo			robadv
robadvv1			robadv
robby			robby
roboarmy			roboarmy
roboarmya			roboarmy
robocop			robocop
robocop2			robocop2
robocop2j			robocop2
robocop2u			robocop2
robocop2ua			robocop2
robocopb			robocop
robocopj			robocop
robocopu			robocop
robocopu0			robocop
robocopw			robocop
robokid			robokid
robokidj			robokid
robokidj2			robokid
robokidj3			robokid
robotbwl			robotbwl
robotron			robotron
robotron12			robotron
robotron87			robotron
robotronr3			robotron
robotrontd			robotron
robotronun			robotron
robotronyo			robotron
robowres			robowres
robowresb			robowres
rockclim			rockclim
rockduck			rockduck
rockman2j			megaman2
rockmanj			megaman
rockn			rockn
rockn2			rockn2
rockn3			rockn3
rockn4			rockn4
rockna			rockn
rocknms			rocknms
rocknms10			rocknms
rockrage			rockrage
rockragea			rockrage
rockragej			rockrage
rocktcnvy			warofbug
rocktris			rocktris
rocktrv2			rocktrv2
rocnrope			rocnrope
rocnropek			rocnrope
rodland			rodland
rodlanda			rodland
rodlandj			rodland
rodlandjb			rodland
rodlandjb2			rodland
rohga			rohga
rohga1			rohga
rohga2			rohga
rohgah			rohga
rohgau			rohga
roishtar			roishtar
rolcrush			rolcrush
rolcrusha			rolcrush
roldfrog			roldfrog
roldfroga			roldfrog
rollace			fightrol
rollace2			fightrol
rollerg			rollerg
rollerga			rollerg
rollergj			rollerg
rollingc			rollingc
rompers			rompers
romperso			rompers
ron2			ron2
ron2a			ron2
rongrong			rongrong
rongrongg			rongrong
rongrongj			rongrong
ronjan			ronjans
ronjana			ronjans
ronjans			ronjans
ronjansa			ronjans
ronjansb			ronjans
ropeman			rocnrope
rotaryf			rotaryf
rotd			rotd
rotdh			rotd
rotr			rotr
rotra			rotr
roughrac			roughrac
rougien			rougien
roul			roul
roundup			roundup
roundup5			roundup5
route16			route16
route16a			route16
route16b			route16
route16bl			route16
route16c			route16
route16d			route16
routex			route16
routexa			route16
royal			pool10
royale			royale
royalea			royale
royalmah			royalmj
royalmj			royalmj
royalngt			ngtbunny
royalpk2			royalpk2
royalqn			royalqn
roypok96			roypok96
roypok96a			roypok96
roypok96b			roypok96
roypok96c			roypok96
rpanic			d9final
rpatrol			rpatrol
rpatrolb			rpatrol
rpatroln			rpatrol
rpunch			rabiolep
rranger			sranger
rrangerb			sranger
rrreveng			rrreveng
rrrevenga			rrreveng
rrrevengb			rrreveng
rsgun			rsgun
rshark			rshark
rsharka			rshark
rthun2			rthun2
rthun2j			rthun2
rthunder			rthunder
rthunder0			rthunder
rthunder1			rthunder
rthunder2			rthunder
rthundera			rthunder
rtriv			rtriv
rtype			rtype
rtype2			rtype2
rtype2j			rtype2
rtype2jc			rtype2
rtype2m82b			rtype2
rtypeb			rtype
rtypej			rtype
rtypejp			rtype
rtypeleo			rtypeleo
rtypeleoj			rtypeleo
rtypem82b			rtype
rtypeu			rtype
rugrats			wiping
rumba			rumba
rumblef			rumblef
rumblef2			rumblef2
rumblefp			rumblef
rumblf2p			rumblef2
runark			growl
runaway			runaway
runaways			runaways
rundeep			thedeep
rungun			rungun
rungun2			rungun2
runguna			rungun
rungunad			rungun
rungunb			rungun
rungunbd			rungun
rungund			rungun
rungunuaad			rungun
rungunuabd			rungun
rungunuba			rungun
rungunubad			rungun
runpuppy			runpuppy
runrun			dorunrun
rushatck			gberet
rushbets			rushbets
rushcrsh			srumbler
rushhero			rushhero
rvschool			rvschool
rvschoola			rvschool
rvschoolu			rvschool
rygar			rygar
rygar2			rygar
rygar3			rygar
rygarj			rygar
rygarj2			rygar
ryorioh			ryorioh
ryouran			ryouran
ryourano			ryouran
ryujin			ryujin
ryujina			ryujin
ryukendn			shadoww
ryukendna			shadoww
ryukendnb			shadoww
ryukobou			lhb
ryukyu			ryukyu
ryukyua			ryukyu
ryukyud			ryukyu
ryuuha			iemoto
s1945			s1945
s1945a			s1945
s1945bl			s1945
s1945ii			s1945ii
s1945iii			s1945iii
s1945iiibl			s1945iii
s1945iiibla			s1945iii
s1945j			s1945
s1945k			s1945
s1945n			s1945
s1945nj			s1945
s1945p			s1945p
sabotenb			sabotenb
sabotenba			sabotenb
sadari			sadari
safarir			safarir
safarirj			safarir
sagaia			darius2
sailormn			sailormn
sailormne			sailormn
sailormnh			sailormn
sailormnk			sailormn
sailormnne			sailormn
sailormnnh			sailormn
sailormnnj			sailormn
sailormnnk			sailormn
sailormnnt			sailormn
sailormnnu			sailormn
sailormnoe			sailormn
sailormnoh			sailormn
sailormnoj			sailormn
sailormnok			sailormn
sailormnot			sailormn
sailormnou			sailormn
sailormnt			sailormn
sailormnu			sailormn
sailorwa			sailorws
sailorwr			sailorws
sailorws			sailorws
saiyugou			chinagat
saiyugoub1			chinagat
saiyugoub2			chinagat
salamand			salamand
salamandj			salamand
salamandt			salamand
salarymc			salarymc
salmankt			salmankt
salmndr2			salmndr2
salmndr2a			salmndr2
samba			samba
samba2k			samba2k
sambaa			samba
sambap			samba
samesame			fireshrk
samesame2			fireshrk
samesamecn			fireshrk
samesamenh			fireshrk
sams64			sams64
sams64_2			sams64_2
samsh5sp			samsh5sp
samsh5sph			samsh5sp
samsh5spho			samsh5sp
samsho			samsho
samsho2			samsho2
samsho2k			samsho2
samsho2ka			samsho2
samsho3			samsho3
samsho3h			samsho3
samsho4			samsho4
samsho4k			samsho4
samsho5			samsho5
samsho5a			samsho5
samsho5b			samsho5
samsho5h			samsho5
samshoh			samsho
samsptk			samsptk
samurai			samurai
samuraia			samuraia
samuraiak			samuraia
samuraij			samurai
sandor			sandor
sandscrp			sandscrp
sandscrpa			sandscrp
sandscrpb			sandscrp
sanjeon			sasissu
sarge			sarge
sarukani			vblokbrk
sasissu			sasissu
sasuke			sasuke
sasukea			sasuke
satansat			satansat
satansata			satansat
satansatind			satansat
sathena			athena
saturnzi			saturnzi
saurnfrnt			strkforc
sauro			sauro
sauroa			sauro
saurob			sauro
saurobl			sauro
sauroc			sauro
saurop			sauro
saurorr			sauro
savagere			savagere
savanna			jungler
savgbees			exedexes
sb2003			sb2003
sb2003a			sb2003
sbagman			sbagman
sbagman2			sbagman
sbagmani			sbagman
sbagmans			sbagman
sbasebal			sbasebal
sbasebalj			sbasebal
sbasketb			sbasketb
sbaskete			sbasketb
sbasketg			sbasketb
sbasketh			sbasketb
sbbros			spang
sbdk			superbik
sbhoei			sbhoei
sbhoeia			sbhoei
sbishi			sbishi
sbishik			sbishi
sbishika			sbishi
sblast2b			sblast2b
sblazerp			galaxyr
sbmjb			sbmjb
sboblbobl			bublbobl
sboblbobla			bublbobl
sboblboblb			bublbobl
sboblboblc			bublbobl
sboblbobld			bublbobl
sboblboble			bublbobl
sboblboblf			bublbobl
sbomber			sbomber
sbombera			sbomber
sbowling			sbowling
sbp			sbp
sbrkout			sbrkout
sbrkout3			sbrkout
sbrkoutc			sbrkout
sbrkoutct			sbrkout
sbsgomo			bioship
sbubsm			sbubsm
sbugger			sbugger
sbuggera			sbugger
sc4brix			sc4brix
sc4brixa			sc4brix
sc4brixb			sc4brix
scandal			scandal
scandalm			scandal
scardy2k			spool99
scessjoe			scessjoe
scfinals			scfinals
scfinalso			scfinals
scfinalsoc			scfinals
schamp			schamp
schaser			schaser
schasera			schaser
schaserb			schaser
schaserc			schaser
schasercv			schaser
schaserm			schaser
schmeisr			schmeisr
sci			sci
scia			sci
scij			sci
scin			sci
scion			scion
scionc			scion
sciu			sci
scobra			scobra
scobrab			scobra
scobrae			scobra
scobrae2			scobra
scobrag			scobra
scobraggi			scobra
scobras			scobra
scobrase			scobra
scontra			scontra
scontraa			scontra
scontraj			scontra
scorpion			scorpion
scorpiona			scorpion
scorpionb			scorpion
scorpionmc			scorpion
scotrsht			scotrsht
scrabbleo			scramble
scramb2			scramble
scramb3			scramble
scramblb			scramble
scramble			scramble
scramblebb			scramble
scramblebf			scramble
scramblebun			scramble
scrambleo			scramble
scrambler			scramble
scrambles			scramble
scrambles2			scramble
scrambp			scramble
scramce			scramble
scrammr			scramble
scrampt			scramble
scramrf			scramble
scregg			scregg
screwloo			screwloo
scross			scross
scrossa			scross
scrossu			scross
scud			scud
scudau			scud
scuddx			scud
scuddxo			scud
scudhamm			scudhamm
scudhamma			scudhamm
scudplus			scud
scudplusa			scud
scyclone			scyclone
sderby			sderby
sderbya			sderby
sderbys			sderbys
sdfight			sdfight
sdgndmps			sdgndmps
sdi			sdi
sdia			sdi
sdib			sdi
sdibl			sdi
sdibl2			sdi
sdibl3			sdi
sdibl4			sdi
sdibl5			sdi
sdibl6			sdi
sdmg2			sdmg2
sdmg2754ca			sdmg2
sdmg2754cb			sdmg2
sdodgeb			sdodgeb
sdtennis			sdtennis
sdungeon			sdungeon
sdungeona			sdungeon
seabass			seabass
seainv			scramble
searchar			searchar
searcharj			searchar
searcharu			searchar
searchey			searchey
searcheya			searchey
searchp2			searchp2
searthie			invaders
searthin			invaders
searthina			invaders
searthinc			invaders
seawld			seawld
seawldd1			seawld
seawolf			seawolf
seawolf2			seawolf2
seawolfa			seawolf
seawolfo			seawolf
seawolft			sauro
secolove			secolove
secondch			secondch
secretab			secretag
secretag			secretag
secretagj			secretag
sectionz			sectionz
sectionza			sectionz
sectrzon			seicross
sectrzona			seicross
sectrzont			seicross
segajw			segajw
seganinj			seganinj
seganinja			seganinj
seganinju			seganinj
segawski			segawski
seicross			seicross
seicrossa			seicross
seiha			seiha
seiham			seiha
selfeena			selfeena
seljan			seljan
seljan2			seljan2
seljan2a			seljan2
semibase			semibase
sengekis			sengekis
sengekisj			sengekis
sengokmj			sengokmj
sengoku			sengoku
sengoku2			sengoku2
sengoku3			sengoku3
sengoku3a			sengoku3
sengokuh			sengoku
senjyo			senjyo
senknow			senknow
senko			senko
senkoo			senko
senkosp			senkosp
senkyu			senkyu
senkyua			senkyu
setaroul			setaroul
setaroula			setaroul
setaroulm			setaroul
sexappl			sexappl
sextriv1			sextriv1
sextriv2			sextriv1
sexyboom			sexyboom
sexygal			sexygal
sexyparo			sexyparo
sexyparoa			sexyparo
sexyparoebl			sexyparo
sf			sf
sf2			sf2
sf2acc			sf2ce
sf2acca			sf2ce
sf2accp2			sf2ce
sf2amf			sf2ce
sf2amf2			sf2ce
sf2amf3			sf2ce
sf2b			sf2
sf2b2			sf2
sf2bhh			sf2ce
sf2ce			sf2ce
sf2ceb			sf2ce
sf2ceb2			sf2ce
sf2ceb3			sf2ce
sf2ceb4			sf2ce
sf2ceb5			sf2ce
sf2ceblp			sf2ce
sf2cebltw			sf2ce
sf2ceds6			sf2ce
sf2ceea			sf2ce
sf2ceec			sf2ce
sf2ceja			sf2ce
sf2cejb			sf2ce
sf2cejc			sf2ce
sf2cems6a			sf2ce
sf2cems6b			sf2ce
sf2cems6c			sf2ce
sf2cet			sf2ce
sf2ceua			sf2ce
sf2ceub			sf2ce
sf2ceuc			sf2ce
sf2ceupl			sf2ce
sf2dkot2			sf2ce
sf2dongb			sf2ce
sf2ea			sf2
sf2eb			sf2
sf2ebbl			sf2
sf2ebbl2			sf2
sf2ebbl3			sf2
sf2ed			sf2
sf2ee			sf2
sf2ef			sf2
sf2em			sf2
sf2en			sf2
sf2hf			sf2hf
sf2hfj			sf2hf
sf2hfu			sf2hf
sf2j			sf2
sf2j17			sf2
sf2ja			sf2
sf2jc			sf2
sf2jf			sf2
sf2jh			sf2
sf2jl			sf2
sf2koryu			sf2ce
sf2level			sf2ce
sf2m1			sf2ce
sf2m10			sf2ce
sf2m2			sf2ce
sf2m3			sf2ce
sf2m4			sf2ce
sf2m5			sf2ce
sf2m6			sf2ce
sf2m7			sf2ce
sf2m8			sf2ce
sf2m9			sf2ce
sf2mdt			sf2ce
sf2mdta			sf2ce
sf2mdtb			sf2ce
sf2mkot			sf2ce
sf2qp1			sf2
sf2qp2			sf2
sf2rb			sf2ce
sf2rb2			sf2ce
sf2rb3			sf2ce
sf2re			sf2ce
sf2red			sf2ce
sf2reda			sf2ce
sf2redp2			sf2ce
sf2rk			sf2
sf2rules			sf2
sf2stt			sf2
sf2thndr			sf2
sf2thndr2			sf2
sf2ua			sf2
sf2ub			sf2
sf2uc			sf2
sf2ud			sf2
sf2ue			sf2
sf2uf			sf2
sf2ug			sf2
sf2uh			sf2
sf2ui			sf2
sf2uk			sf2
sf2um			sf2
sf2v004			sf2ce
sf2yyc			sf2ce
sfa			sfa
sfa2			sfa2
sfa2u			sfa2
sfa2ur1			sfa2
sfa3			sfa3
sfa3b			sfa3
sfa3h			sfa3
sfa3hr1			sfa3
sfa3u			sfa3
sfa3ud			sfa3
sfa3ur1			sfa3
sfa3us			sfa3
sfad			sfa
sfan			sf
sfar1			sfa
sfar2			sfa
sfar3			sfa
sfau			sfa
sfchamp			sfchamp
sfchampj			sfchamp
sfchampo			sfchamp
sfchampu			sfchamp
sfex			sfex
sfex2			sfex2
sfex2a			sfex2
sfex2h			sfex2
sfex2j			sfex2
sfex2p			sfex2p
sfex2pa			sfex2p
sfex2ph			sfex2p
sfex2pj			sfex2p
sfex2pu			sfex2p
sfex2u			sfex2
sfex2u1			sfex2
sfexa			sfex
sfexj			sfex
sfexp			sfexp
sfexpj			sfexp
sfexpj1			sfexp
sfexpu1			sfexp
sfexu			sfex
sfight			schamp
sfiii			sfiii
sfiii2			sfiii2
sfiii2a			sfiii2
sfiii2h			sfiii2
sfiii2j			sfiii2
sfiii2n			sfiii2
sfiii3			sfiii3
sfiii3j			sfiii3
sfiii3jr1			sfiii3
sfiii3n			sfiii3
sfiii3na			sfiii3
sfiii3nar1			sfiii3
sfiii3nr1			sfiii3
sfiii3r1			sfiii3
sfiii3u			sfiii3
sfiii3ur1			sfiii3
sfiiia			sfiii
sfiiih			sfiii
sfiiij			sfiii
sfiiin			sfiii
sfiiina			sfiii
sfiiiu			sfiii
sfish2			sfish2
sfish2j			sfish2
sfj			sf
sfjan			sf
sfjbl			sf
sfkick			sfkick
sfkicka			sfkick
sflush			sflush
sfootbal			sfootbal
sformula			tail2nos
sformulaa			tail2nos
sfp			sf
sfposeid			sfposeid
sfrush			sfrush
sfrushrk			sfrushrk
sfrushrkw			sfrushrk
sfrushrkwo			sfrushrk
sftm			sftm
sftm110			sftm
sftm111			sftm
sftmj112			sftm
sftmj114			sftm
sftmk112			sftm
sfua			sf
sfw			sf
sfx			sfx
sfz2a			sfa2
sfz2ad			sfa2
sfz2al			sfz2al
sfz2alb			sfz2al
sfz2ald			sfz2al
sfz2alh			sfz2al
sfz2alj			sfz2al
sfz2alr1			sfz2al
sfz2b			sfa2
sfz2br1			sfa2
sfz2h			sfa2
sfz2j			sfa2
sfz2jd			sfa2
sfz2jr1			sfa2
sfz2n			sfa2
sfz3a			sfa3
sfz3ar1			sfa3
sfz3j			sfa3
sfz3jr1			sfa3
sfz3jr2			sfa3
sfz3jr2d			sfa3
sfz3ugd			sfz3ugd
sfza			sfa
sfzar1			sfa
sfzb			sfa
sfzbr1			sfa
sfzh			sfa
sfzhr1			sfa
sfzj			sfa
sfzjr1			sfa
sfzjr2			sfa
sgaltrop			sgaltrop
sgaltropa			sgaltrop
sgalwars			galaxian
sgemf			sgemf
sgemfa			sgemf
sgemfd			sgemf
sgemfh			sgemf
sgladiat			sgladiat
sgmast			sgmast
sgmastc			sgmast
sgmastj			sgmast
sgmt1			sgmt1
sgnascar			sgnascar
sgnascaro			sgnascar
sgsafari			sgsafari
sgt24h			sgt24h
sgtetris			sgtetris
sgunner			sgunner
sgunner2			sgunner2
sgunner2j			sgunner2
sgunnerj			sgunner
sgyxz			wof
shackled			shackled
shadfgtr			shadfgtr
shadfrce			shadfrce
shadfrcej			shadfrce
shadfrceu			shadfrce
shadowld			shadowld
shadoww			shadoww
shadowwa			shadoww
shadowwm			shadoww
shaktam			shaktam
shaktamb			shaktamb
shaktmsp			shaktmsp
shangha2			shangha2
shangha2a			shangha2
shangha3			shangha3
shangha3j			shangha3
shangha3u			shangha3
shangha3up			shangha3
shanghai			shanghai
shanghaij			shanghai
shanghss			shanghss
shangkid			shangkid
shangon			shangon
shangon1			shangon
shangon2			shangon
shangon3			shangon
shangon3d			shangon
shangonho			shangon
shangonle			shangon
shangonrb			shangon
shangonrb2			shangon
shangonro			shangon
shangril			shangril
shangtou			shangtou
shanhigw			shanhigw
shaolinb			kicker
shaolins			kicker
sharkatt			sharkatt
sharrier			sharrier
sharrier1			sharrier
shdancbl			shdancer
shdancbla			shdancer
shdancer			shdancer
shdancer1			shdancer
shdancerj			shdancer
shendeng			mjmaglmp
sheriff			sheriff
shienryu			shienryu
shikgam2			shikgam2
shikigam			shikigam
shikigama			shikigam
shimpact			shimpact
shimpactl1			shimpact
shimpactp4			shimpact
shimpactp5			shimpact
shimpactp6			shimpact
shinfz			shinfz
shinobi			shinobi
shinobi1			shinobi
shinobi1d			shinobi
shinobi2			shinobi
shinobi2d			shinobi
shinobi3			shinobi
shinobi4			shinobi
shinobi5			shinobi
shinobi6			shinobi
shinoblb			shinobi
shinobld			shinobi
shinoblda			shinobi
shinobldb			shinobi
shinobls			shinobi
shinygld			shinygld
shippumd			kingdmgp
shiryu2			strider2
shisen			matchit
shisen2			matchit2
shisena			matchit
shngmtkb			shngmtkb
shocking			shocking
shockingk			shocking
shockingko			shocking
shocktr2			shocktr2
shocktro			shocktro
shocktroa			shocktro
shogwarr			shogwarr
shogwarrk			shogwarr
shogwarru			shogwarr
shollow			shollow
shollow2			shollow
shootbul			shootbul
shootgal			shootgal
shootout			shootout
shootoutb			shootout
shootoutj			shootout
shoottv			shoottv
shors2k1			shors2k1
shorse			shorse
shorsel			shorse
shorsem			shorse
shorsep			shorsep
shorsepb			shorsep
shorsepl			shorsep
shorsepm			shorsep
shorsepr			shorsepr
shorseprl			shorsepr
shorseprs			shorsepr
shorseprvl			shorsepr
shorseprvr			shorsepr
shorseps			shorsep
shougi			shougi
shougi2			shougi2
showdown			showdown
showdown4			showdown
shpeng			shpeng
shrike			shrike
shtngmst			shtngmst
shtrider			shtrider
shtridera			shtrider
shtriderb			shtrider
shuffle			shuffle
shufshot			shufshot
shufshot135			shufshot
shufshot137			shufshot
shufshot138			shufshot
shufshot139			shufshot
shuriboy			shuriboy
shuttlei			shuttlei
shuuz			shuuz
shuuz2			shuuz
sia2650			tinv2650
sianniv			sianniv
sichuan2			matchit
sichuan2a			matchit
sicv			invaders
sicv1			invaders
sidampkr			sidampkr
sidampkra			sidampkr
sidearms			sidearms
sidearmsj			sidearms
sidearmsu			sidearms
sidearmsur1			sidearms
sidebs			sidebs
sidebs2			sidebs2
sidebs2j			sidebs2
sidebs2ja			sidebs2
sidebs2u			sidebs2
sidebsj			sidebs
sidebsja			sidebs
sidebsjb			sidebs
sidepckt			sidepckt
sidepcktb			sidepckt
sidepcktj			sidepckt
sidetrac			sidetrac
sigma2k			sigma2k
sigmapkr			sigmapkr
silentd			silentd
silentdj			silentd
silentdu			silentd
silkroad			silkroad
silkroada			silkroad
silkworm			silkworm
silkwormb			silkworm
silkwormb2			silkworm
silkwormj			silkworm
silkwormp			silkworm
silvland			rpatrol
silvmil			silvmil
simpbowl			simpbowl
simpsonjr			jjsquawk
simpsons			simpsons
simpsons2p			simpsons
simpsons2p2			simpsons
simpsons2p3			simpsons
simpsons2pa			simpsons
simpsons2pj			simpsons
simpsons4pa			simpsons
simpsons4pe			simpsons
simpsons4pe2			simpsons
sindbadm			sindbadm
sinistar			sinistar
sinistar2			sinistar
sinistarc			sinistar
sinistarc2			sinistar
sinistarp			sinistar
sinvasn			commando
sinvasnb			commando
sinvemag			invaders
sinvemag2			invaders
sinvzen			invaders
sirio2			mooncrst
sisv			invaders
sisv1			invaders
sisv2			invaders
sisv3			invaders
sitv			invaders
sitv1			invaders
sjcd2kx3			jollycrd
sjryuko			sjryuko
sjryuko1			sjryuko
skatekds			suprmrio
skelagon			sfx
skichamp			skichamp
skimaxx			skimaxx
skingame			majtitl2
skingame2			majtitl2
skisuprg			skisuprg
skullfng			skullfng
skullfnga			skullfng
skullfngj			skullfng
skullxbo			skullxbo
skullxbo1			skullxbo
skullxbo2			skullxbo
skullxbo3			skullxbo
skullxbo4			skullxbo
skyadvnt			skyadvnt
skyadvntj			skyadvnt
skyadvntu			skyadvnt
skyalert			skyalert
skyarmy			skyarmy
skybase			skybase
skybump			skybump
skychal			skychal
skychut			skychut
skydest			skydest
skydiver			skydiver
skyfire			tailg
skyfox			skyfox
skykid			skykid
skykidd			skykid
skykiddx			skykiddx
skykiddxo			skykiddx
skykido			skykid
skykids			skykid
skylancr			skylancr
skylancre			skylancr
skylncr			skylncr
skylove			skylove
skyraid			skyraid
skyraidr			uniwars
skyrobo			skyrobo
skyrobobl			skyrobo
skyshark			fshark
skysharka			fshark
skysharkb			fshark
skyskipr			skyskipr
skysmash			skysmash
skysoldr			skysoldr
skysoldrbl			skysoldr
skytargt			skytargt
skywolf			airwolf
skywolf2			airwolf
skywolf3			airwolf
sl2007			sl2007
slamdnk2			rungun2
slammast			slammast
slammastu			slammast
slampic			slammast
slampic2			slammast
slapfigh			alcon
slapfigha			alcon
slapfighb1			alcon
slapfighb2			alcon
slapfighb3			alcon
slapfighm			alcon
slapshot			slapshot
slapshotj			slapshot
slapshtr			slapshtr
slasho			slasho
slashout			slashout
slipstrm			slipstrm
slipstrmh			slipstrm
slither			slither
slithera			slither
sliver			sliver
slivera			sliver
slmdunkj			rungun
slmdunkjd			rungun
sloco93			sloco93
sloco93a			sloco93
slrasslt			slrasslt
slrassltj			slrasslt
slrassltj1			slrasslt
slspirit			slspirit
slyspy			secretag
slyspy2			secretag
slyspy3			secretag
smarinef			smarinef
smash			crash
smashtv			smashtv
smashtv3			smashtv
smashtv4			smashtv
smashtv5			smashtv
smashtv6			smashtv
smbomb			ringdest
smbombr1			ringdest
smf			smf
smgolf			smgolf
smgolfb			smgolf
smgolfj			smgolf
smgp			smgp
smgp5			smgp
smgp5d			smgp
smgp6			smgp
smgp6d			smgp
smgpd			smgp
smgpj			smgp
smgpja			smgp
smgpjd			smgp
smgpu			smgp
smgpu1			smgp
smgpu1d			smgp
smgpu2			smgp
smgpu2d			smgp
smgpud			smgp
smiconk			smiconk
sminiboy			sminiboy
smissw			smissw
smleague			smleague
smlg99			smlg99
smooncrs			mooncrst
smotor			smotor
sms4in1			sms4in1
sms4in1a			sms4in1
smsjoker			smsjoker
smsjokera			smsjoker
snakepit			snakepit
snakepita			snakepit
snakjack			snakjack
snapjack			snapjack
snapper			snapper
sncwgltd			aerofgts
sngkace			samuraia
sngkacea			samuraia
snookr10			snookr10
snowboar			snowboar
snowboara			snowboar
snowbro2			snowbro2
snowbro2b			snowbro2
snowbro2b2			snowbro2
snowbro2b3			snowbro2
snowbro2ny			snowbro2
snowbro3			snowbro3
snowbros			snowbros
snowbrosa			snowbros
snowbrosb			snowbros
snowbrosc			snowbros
snowbrosd			snowbros
snowbrosj			snowbros
snowbroswb			snowbros
socbrawl			socbrawl
socbrawlh			socbrawl
soccer			soccer
soccerss			soccerss
soccerssa			soccerss
soccerssj			soccerss
soccerssja			soccerss
soccerssu			soccerss
sogeki			sscopex
sokonuke			sokonuke
sokyugrt			sokyugrt
solarfox			solarfox
solarq			solarq
solarwar			solarwar
soldam			soldam
soldamj			soldam
soldivid			soldivid
soldividk			soldivid
solfight			ozmawars
solfigtr			solfigtr
solomon			solomon
solomonj			solomon
solrwarr			xsleena
solvalou			solvalou
sonic			sonic
sonic2mb			sonic2mb
sonicbom			sonicbom
sonicbomd			sonicbom
soniccar			soniccar
sonicfgt			sonicfgt
sonicfgtj			sonicfgt
sonicp			sonic
sonicwi			aerofgt
sonicwi2			sonicwi2
sonicwi3			sonicwi3
sonofphx			repulse
sonson			sonson
sonsonj			sonson
sos			sos
sosterm			sosterm
sothello			sothello
sotsugyo			sotsugyo
sotsugyok			sotsugyo
soukobdx			boxyboy
soulclbr			soulclbr
soulclbrab			soulclbr
soulclbrac			soulclbr
soulclbrja2			soulclbr
soulclbrjb			soulclbr
soulclbrjc			soulclbr
soulclbrub			soulclbr
soulclbruc			soulclbr
souledge			souledge
souledgea			souledge
souledgeja			souledge
souledgeua			souledge
souledgeuc			souledge
soulsurf			soulsurf
soutenry			soutenry
spacbat2			uniwars
spacbatt			uniwars
spacbeam			spacbeam
spacduel			spacduel
spacduel0			spacduel
spacduel1			spacduel
spaceace			spaceace
spaceacea			spaceace
spaceacea2			spaceace
spaceaceeuro			spaceace
spaceat2			invaders
spaceatt			invaders
spaceatt2k			invaders
spaceattbp			invaders
spacebrd			spacefb
spacecho			speakres
spacecho2			speakres
spacecom			invaders
spacecr			spacecr
spacedem			spacefb
spacedx			spacedx
spacedxj			spacedx
spacedxo			spacedx
spacefb			spacefb
spacefba			spacefb
spacefbb			spacefb
spacefbe			spacefb
spacefbe2			spacefb
spacefbg			spacefb
spacefev			spacefev
spacefevo			spacefev
spacefevo2			spacefev
spacefrt			spacefrt
spaceftr			starcas
spaceg			spaceg
spacegun			spacegun
spacegunj			spacegun
spacegunu			spacegun
spaceint			spaceint
spaceintj			spaceint
spacelnc			spacelnc
spacempr			uniwars
spaceod			spaceod
spaceod2			spaceod
spaceph			ozmawars
spacepir			spacepir
spacepir_14			spacepir
spaceplt			timeplt
spaceplta			timeplt
spacerng			invaders
spaceshp			spacewar
spaceskr			spaceskr
spacetrk			spacetrk
spacetrkc			spacetrk
spacewar			spacewar
spacewin			spacewin
spacewr3			invaders
spacezap			spacezap
spacfury			spacfury
spacfurya			spacfury
spacfuryb			spacfury
spacfurybl			spacfury
spacian2			galaxian
spacmiss			galactic
spactrai			warofbug
spacwalk			spacwalk
spang			spang
spangbl			spang
spangbl2			spang
spangj			spang
sparkman			sparkman
sparkmana			sparkman
sparkz			sparkz
spartanx			kungfum
spartanxtec			kungfum
spatter			spatter
spattera			spatter
spawn			spawn
spbactn			spbactn
spbactnj			spbactn
spbactnp			spbactn
spcdrag			mooncrst
spcebttl			invaders
spceking			invaders
spcenctr			spcenctr
spcewarl			spcewarl
spcewarla			invaders
spcewars			invaders
spcforc2			spcforce
spcforce			spcforce
spcfrcii			spcfrcii
spcinv95			spcinv95
spcinv95u			spcinv95
spcinvdj			spacedx
spcking2			spcking2
spcking2ir			invad2ct
spclaser			spcewarl
spclforc			spclforc
spclords			spclords
spclordsa			spclords
spclordsb			spclords
spclordsg			spclords
spcmission			scramble
spcpostn			spcpostn
spcrocks			asteroid
spctbird			mooncrst
spctrek			scramble
spcwarp			spcwarp
spdball			spdball
spdcoin			spdcoin
spdheat			spdheat
spdheatj			spdheat
spdodgeb			spdodgeb
speakhlp			speakres
speakres			speakres
speakresb			speakres
spec2k			spec2k
spec2kh			spec2k
spectar			spectar
spectar1			spectar
spectarrf			spectar
speedatk			speedatk
speedbal			speedbal
speedbala			speedbal
speedbalb			speedbal
speedfrk			speedfrk
speedrcr			speedrcr
speedrs			speedrs
speedspn			speedspn
speedup			speedup
speedup10			speedup
speedup12			speedup
speedup20			speedup
speedup20a			speedup
speedup21			speedup
speglsht			speglsht
spelunk2			spelunk2
spelunkr			spelunkr
spelunkrj			spelunkr
spf2t			spf2t
spf2ta			spf2t
spf2td			spf2t
spf2th			spf2t
spf2tu			spf2t
spf2xj			spf2t
spf2xjd			spf2t
spfghmk2			spfghmk2
spfghmk22			spfghmk2
spider			spider
spidern			spider
spiders			spiders
spiders2			spiders
spiders3			spiders
spidman			spidman
spidmanj			spidman
spidmanu			spidman
spielbud			spielbud
spiero			dorunrun
spikeofe			spikeofe
spikeout			spikeout
spiker			spiker
spikera			spiker
spikerb			spiker
spikes91			pspikes
spikes91b			pspikes
spinkick			sfkick
spinlbrk			spinlbrk
spinlbrkj			spinlbrk
spinlbrku			spinlbrk
spinlbrkup			spinlbrk
spinmast			spinmast
spinner			spiders
spkings			jockeyc
spkrbtl			spkrbtl
splash			splash
splash10			splash
splash11			splash
splash12			splash
splashkr			splash
splashms			splash
splashmsa			splash
splashna			splash
splat			splat
splatter			splatter
splatter2			splatter
splatterj			splatter
splndrbt			splndrbt
splndrbt2			splndrbt2
splndrbta			splndrbt
splndrbtb			splndrbt
spnchout			spnchout
spnchouta			spnchout
spnchoutj			spnchout
spooky			spooky
spookyo			spooky
spool3			pcktgal
spool3i			pcktgal
spool99			spool99
spool99a			spool99
spool99b			spool99
spool99c			spool99
spotty			spotty
sprcros2			sprcros2
sprcros2a			sprcros2
sprglbpg			suprglob
sprglobp			suprglob
sprglobp2			suprglob
springbd			circus
springer			springer
sprint1			sprint1
sprint2			sprint1
sprint2a			sprint1
sprint2bl			sprint1
sprint2h			sprint1
sprint4			sprint4
sprint4a			sprint4
sprint4b			sprint4
sprint8			sprint8
sprint8a			sprint8
sprpuzzle			sexyboom
sprtauth			sprtauth
sprtauth1			sprtauth
sprtjam			sprtjam
sprtmtch			drgpunch
sprtshot			sprtshot
spuzbobl			spuzbobl
spuzboblj			spuzbobl
spy			spy
spyhunt			spyhunt
spyhunt2			spyhunt2
spyhunt2a			spyhunt2
spyhuntp			spyhunt
spyhuntpr			spyhunt
spyhuntsp			spyhunt
spyu			spy
sqbert			sqbert
sqix			sqix
sqixb1			sqix
sqixb2			sqix
sqixr0			sqix
sqixr1			sqix
sqixu			sqix
squaitsa			squaitsa
squash			squash
squasha			squash
squashb			squash
squeenb			squeenb
sraider			sraider
srally2			srally2
srally2dx			srally2
srally2p			srally2
srally2pa			srally2
srallyc			srallyc
srallycb			srallyc
srallycc			srallyc
srallycdx			srallyc
srallycdxa			srallyc
sranger			sranger
srangerb			sranger
srangern			sranger
srangero			sranger
srangerw			sranger
srdarwin			srdarwin
srdarwinb			srdarwin
srdarwinj			srdarwin
srdmissn			srdmissn
srmdb			srmdb
srmp1			srmp1
srmp2			srmp2
srmp3			srmp3
srmp4			srmp4
srmp4o			srmp4
srmp5			srmp5
srmp6			srmp6
srmp7			srmp7
srmvs			srmvs
srmvsa			srmvs
srollnd			srollnd
srumbler			srumbler
srumbler2			srumbler
srumbler3			srumbler
sryudens			sryudens
ss2005			ss2005
ss2005o			ss2005
ssanchan			spatter
sscandal			myhero
sscope			sscope
sscope2			sscope2
sscope2a			sscope2
sscope2ab			sscope2
sscope2abvd1			sscope2
sscope2ac			sscope2
sscope2acvd1			sscope2
sscope2avd1			sscope2
sscope2e			sscope2
sscope2eb			sscope2
sscope2ebvd1			sscope2
sscope2ec			sscope2
sscope2ecvd1			sscope2
sscope2evd1			sscope2
sscope2j			sscope2
sscope2jb			sscope2
sscope2jbvd1			sscope2
sscope2jc			sscope2
sscope2jcvd1			sscope2
sscope2jvd1			sscope2
sscope2ub			sscope2
sscope2ubvd1			sscope2
sscope2uc			sscope2
sscope2ucvd1			sscope2
sscope2vd1			sscope2
sscopea			sscope
sscopeaa			sscope
sscopeab			sscope
sscopeac			sscope
sscopeacvd2			sscope
sscopeavd2			sscope
sscopee			sscope
sscopeea			sscope
sscopeeb			sscope
sscopeec			sscope
sscopeecvd2			sscope
sscopeevd2			sscope
sscopeja			sscope
sscopejb			sscope
sscopeua			sscope
sscopeub			sscope
sscopeuc			sscope
sscopeucvd2			sscope
sscopevd2			sscope
sscopex			sscopex
sscopexu			sscopex
ssf2			ssf2
ssf2a			ssf2
ssf2ar1			ssf2
ssf2h			ssf2
ssf2j			ssf2
ssf2jr1			ssf2
ssf2jr2			ssf2
ssf2mdb			ssf2mdb
ssf2r1			ssf2
ssf2t			ssf2t
ssf2ta			ssf2t
ssf2tad			ssf2t
ssf2tb			ssf2
ssf2tba			ssf2
ssf2tbd			ssf2
ssf2tbh			ssf2
ssf2tbj			ssf2
ssf2tbj1			ssf2
ssf2tbr1			ssf2
ssf2tbu			ssf2
ssf2th			ssf2t
ssf2tu			ssf2t
ssf2tur1			ssf2t
ssf2u			ssf2
ssf2ud			ssf2
ssf2us2			ssf2
ssf2xj			ssf2t
ssf2xjr1			ssf2t
ssf2xjr1d			ssf2t
ssf2xjr1r			ssf2t
ssfindo			ssfindo
sshangha			sshangha
sshanghab			sshangha
sshanghaj			sshangha
sshanghak			sshangha
sshooter			sshooter
sshooter11			sshooter
sshooter12			sshooter
sshooter17			sshooter
sshot			sshot
sshota			sshot
ssi			ssi
ssia			ssi
ssib			ssi
ssideki			ssideki
ssideki2			ssideki2
ssideki3			ssideki3
ssideki4			ssideki4
ssingles			ssingles
sslam			sslam
sslama			sslam
sslamb			sslam
ssmissin			ssmissin
ssoldier			ssoldier
ssonicbr			ssonicbr
ssozumo			ssozumo
sspacaho			sspacaho
sspaceat			sspaceat
sspaceat2			sspaceat
sspaceat3			sspaceat
sspaceatc			sspaceat
sspeedr			sspeedr
sspiritj			sspirits
sspirits			sspirits
sspirtfc			sspirits
ssplash			glass
ssplash10			glass
ssprint			ssprint
ssprint1			ssprint
ssprint3			ssprint
ssprintf			ssprint
ssprintg			ssprint
ssprintg1			ssprint
ssprints			ssprint
ssriders			ssriders
ssriders2			ssriders
ssridersabd			ssriders
ssridersadd			ssriders
ssridersb			ssriders
ssriderseaa			ssriders
ssridersebc			ssriders
ssridersebd			ssriders
ssridersjac			ssriders
ssridersjad			ssriders
ssridersjbd			ssriders
ssridersuab			ssriders
ssridersuac			ssriders
ssridersubc			ssriders
ssridersuda			ssriders
ssrj			ssrj
sss			sss
sstar97			sstar97
sstar97a			sstar97
sstar97b			sstar97
sstar97jb			sstar97
sstarbtl			astrof
sstarcrs			mooncrst
sstingry			sstingry
sstrangr			sstrangr
sstrangr2			sstrangr
sstriker			sstriker
sstrikerk			sstriker
sstrkfgt			sstrkfgt
sstrkfgta			sstrkfgt
stactics			stactics
stadhero			stadhero
stadhr96			stadhr96
stadhr96j			stadhr96
stadhr96j2			stadhr96
stadhr96k			stadhr96
stadhr96u			stadhr96
stagger1			stagger1
stakwin			stakwin
stakwin2			stakwin2
stakwindev			stakwin
stankatk			stankatk
star100			star100
staraudi			staraudi
starblad			starblad
starbladj			starblad
starcas			starcas
starcas1			starcas
starcasc			starcas
starcase			starcas
starcasp			starcas
starcrus			starcrus
starfght			galaxian
starfgmc			mooncrst
starfigh			starfigh
starfir2			starfir2
starfire			starfire
starfirea			starfire
starforc			starforc
starforca			starforc
starforcb			starforc
starforce			starforc
stargate			stargate
starglad			starglad
stargladj			starglad
stargld2			plsmaswd
stargrds			stargrds
starhawk			starhawk
starjack			starjack
starjacks			starjack
starlstr			starlstr
starrkr			brdrline
starseek			starseek
starshp1			starshp1
starshpp			starshp1
starsldr			starsldr
starswep			starswep
starswepj			starswep
startrek			startrek
startrgn			startrgn
startrkd			defender
startrks			nostromo
starw			galxwars
starw1			galxwars
starwarr			spacefb
starwars			starwars
starwars1			starwars
starwarso			starwars
starzan			starzan
stcc			stcc
stcca			stcc
stccb			stcc
stcco			stcc
stdragon			stdragon
stdragona			stdragon
stdragonb			stdragon
stealsee			stealsee
steeltal			steeltal
steeltal1			steeltal
steeltalg			steeltal
steeltalp			steeltal
steelwkr			steelwkr
stellcas			starcas
stepchmp			stepchmp
stera			mooncrst
stfight			empcity
stfighta			empcity
stfightgb			empcity
stg			stg
stinger			stinger
stinger2			stinger
stkclmns			stkclmns
stkclmnsj			stkclmns
stlforce			stlforce
stmblade			stmblade
stmbladej			stmblade
stocker			stocker
stoffy			stoffy
stoffyu			stoffy
stompin			stompin
stompina			stompin
stoneage			cninja
stonebal			stonebal
stonebal2			stonebal
stonebal2o			stonebal
storming			lsasquad
storminga			lsasquad
strahl			strahl
strahlj			strahl
strahlja			strahl
strahljbl			strahl
strain			strain
stratab			stratab
stratab1			stratab
stratabs			stratab
stratgys			stratgyx
stratgyx			stratgyx
stratof			stratof
stratvox			speakres
stratvoxa			speakres
stratvoxb			speakres
streakng			streakng
streaknga			streakng
streetg			streetg
streetg2			streetg2
streetg2r5			streetg2
streetgr3			streetg
streetsm			streetsm
streetsm1			streetsm
streetsmj			streetsm
streetsmw			streetsm
streetsmwbl			streetsm
stress			stress
strfbomb			scramble
strfight			astrof
strgchmp			strgchmp
strhoop			strhoop
strider			strider
strider2			strider2
strider2a			strider2
strider2u			strider2
striderj			strider
striderjr			strider
striderua			strider
strideruc			strider
striv			striv
strivf			striv
strkfgtr			strkfgtr
strkfgtrj			strkfgtr
strkforc			strkforc
strkzone			strkzone
strnskil			strnskil
strongx			stratgyx
strtdriv			strtdriv
strtheat			strtheat
strtheata			strtheat
strvmstr			strvmstr
stunrun			stunrun
stunrun0			stunrun
stunrun2			stunrun
stunrun2e			stunrun
stunrun3			stunrun
stunrun3e			stunrun
stunrun4			stunrun
stunrun5			stunrun
stunrune			stunrun
stunrunj			stunrun
stunrunp			stunrun
stuntair			stuntair
stuntcyc			stuntcyc
sub			sub
subhunt			depthch
subroc3d			subroc3d
subs			subs
sucasino			sucasino
suchie2			suchie2
suchie2o			suchie2
suchie3			suchie3
suchiesp			suchiesp
suikoenb			suikoenb
sunaq			sunaq
sundance			sundance
supbtime			supbtime
supbtimea			supbtime
supbtimej			supbtime
supcrash			headon
supduck			supduck
super21			super21
super9			goldstar
super972			ns8lines
super98			bsuerte
super9a			goldstar
superabc			superabc
superabco			superabc
superbar			wiggie
superbik			superbik
superbikg			superbik
superbon			superbon
superbona			superbon
superbug			superbug
superchs			superchs
superchsj			superchs
superchsp			superchs
superchsp2			superchs
superchsu			superchs
superdbl			pottnpkr
superdq			superdq
superdqa			superdq
superdqs			superdq
superg			galaxian
supergm3			supergm3
supergs			galaxian
supergx			galaxian
superinv			invaders
superman			superman
supermanj			superman
supermanu			superman
superpac			superpac
superpacm			superpac
supershp			pisces
superspy			superspy
superten			superten
supertnk			supertnk
supertr2			supertr2
supertr3			supertr3
superwng			superwng
superx			superx
superxm			superx
supgoal			supgoal
supinvsion			invaders
suplup			suplup
supmodel			supmodel
supmodl2			supmodl2
suprball			suprball
suprglob			suprglob
suprgolf			suprgolf
suprgolfj			suprgolf
suprgolfja			suprgolf
suprheli			scobra
suprleag			suprleag
suprloco			suprloco
suprlocoo			suprloco
suprmatk			missile
suprmatkd			missile
suprmous			suprmous
suprmrio			suprmrio
suprmrioa			suprmrio
suprmriobl			suprmrio
suprmriobl2			suprmrio
suprpokr			suprpokr
suprpokra			suprpokr
suprpokrb			suprpokr
suprpool			suprpool
suprridr			suprridr
suprslam			suprslam
suprtrio			suprtrio
supxevs			supxevs
suratk			suratk
suratka			suratk
suratkj			suratk
sureshot			sureshot
surfplnt			surfplnt
surfplnt10			surfplnt
surfplnt12			surfplnt
surfplnt20			surfplnt
surfplnt30			surfplnt
surfplnt31			surfplnt
surfplnt40			surfplnt
survarts			survarts
survartsj			survarts
survartsu			survarts
sushibar			sushibar
susume			lacrazyc
sutapper			tapper
suzuk8h2			suzuk8h2
suzuk8h2j			suzuk8h2
suzuka8h			suzuka8h
suzuka8hj			suzuka8h
suzume			suzume
svc			svc
svcboot			svc
svcpcb			svcpcb
svcpcba			svcpcb
svcplus			svc
svcplusa			svc
svcsplus			svc
svf			svf
svfo			svf
svg			svg
svghk			svg
svgpcb			svg
svgtw			svg
svolley			svolley
svolleybl			svolley
svolleyk			svolley
svolleyu			svolley
svolleyua			svolley
svolly91			pspikes
svs			svf
swa			swa
swaj			swa
swarm			galaxian
swat			swat
swatpolc			swatpolc
swcourt			swcourt
swcourtb			swcourt
swcourtj			swcourt
sweetgal			sexygal
swimmer			swimmer
swimmera			swimmer
swimmerb			swimmer
swinggal			swinggal
swipeout			invaders
swracer			swracer
sws			sws
sws92			sws92
sws92g			sws92
sws93			sws93
sws95			sws95
sws96			sws96
sws97			sws97
sws98			sws98
sws99			sws99
swtrilgy			swtrilgy
swtrilgya			swtrilgy
swtrilgyp			swtrilgy
sxevious			sxevious
sxeviousj			sxevious
sxyreac2			sxyreac2
sxyreact			sxyreact
syutnori			majorpkr
syvalion			syvalion
syvalionp			syvalion
syvalionu			syvalion
syvalionw			syvalion
szaxxon			szaxxon
tacscan			tacscan
tactcian			tactcian
tactcian2			tactcian
tagteam			bigprowr
tahjong			royalmj
tail2nos			tail2nos
tail2nosa			tail2nos
tailg			tailg
taiwanmb			taiwanmb
takeoff			theend
takoron			takoron
talbot			talbot
tangtang			tangtang
tangtanga			tangtang
tank8			tank8
tank8a			tank8
tank8b			tank8
tank8c			tank8
tank8d			tank8
tankbatl			tankbatl
tankbatt			tankbatt
tankbattb			tankbatt
tankbust			tankbust
tankfrce			tankfrce
tankfrce4			tankfrce
tankfrcej			tankfrce
tantr			tantr
tantrbl			tantr
tantrbl2			tantr
tantrbl3			tantr
tantrbl4			tantr
tantrkor			tantr
taotaido			taotaido
taotaido3			taotaido
taotaidoa			taotaido
tapatune			tapatune
tapper			tapper
tappera			tapper
tapperb			tapper
tapperg			tapper
targ			targ
targc			targ
targeth			targeth
targeth10			targeth
targetha			targeth
targethb			targeth
tatacot			critcrsh
tattack			tattack
tattass			tattass
tattassa			tattass
tattasso			tattass
taxidriv			taxidriv
tazmani2			tazmania
tazmani3			tazmania
tazmania			tazmania
tazmaniet			tazmania
tazzmang			tazmania
tazzmang2			tazmania
tbasebal			champbb2
tbeastw2			tbeastw2
tblkkuzu			tblkkuzu
tbonusal			tbonusal
tbowl			tbowl
tbowla			tbowl
tbowlj			tbowl
tbowlp			tbowl
tbyahhoo			tbyahhoo
tceptor			tceptor
tceptor2			tceptor
tcobra2			tcobra2
tcobra2u			tcobra2
tdfever			tdfever
tdfever2			tdfever
tdfever2b			tdfever
tdfeverj			tdfever
tdoboon			tdoboon
tdpgal			tdpgal
tdpgala			tdpgal
tdragon			tdragon
tdragon1			tdragon
tdragon2			tdragon2
tdragon2a			tdragon2
tdragon3h			tdragon2
tdragonb			tdragon
tdragonb2			tdragon
tdragonb3			tdragon
tduno			tduno
tduno2			tduno2
teamht			teamht
teamqb			teamqb
teamqb1			teamqb
teamqb2			teamqb
techbowl			techbowl
technodr			technodr
techromn			techromn
techromna			techromn
techromnu			techromn
teddybb			teddybb
teddybbo			teddybb
teddybboa			teddybb
teddybbobl			teddybb
teedoff			teedoff
teedoffj			teedoff
teetert			teetert
tehkanwc			tehkanwc
tehkanwcb			tehkanwc
tehkanwcc			tehkanwc
tehkanwcd			tehkanwc
tehkanwch			tehkanwc
tekipaki			tekipaki
tekipakit			tekipaki
tekken			tekken
tekken2			tekken2
tekken2a			tekken2
tekken2b			tekken2
tekken2jb			tekken2
tekken2jc			tekken2
tekken2ua			tekken2
tekken2ub			tekken2
tekken2ud			tekken2
tekken3			tekken3
tekken3a			tekken3
tekken3b			tekken3
tekken3c			tekken3
tekken3d			tekken3
tekken3ja			tekken3
tekken3jd			tekken3
tekken3je1			tekken3
tekken3ua			tekken3
tekken3ud			tekken3
tekkenac			tekken
tekkenb			tekken
tekkenbs			tekkenbs
tekkencw			tekkencw
tekkenjb			tekken
tektagt			tektagt
tektagtc1a			tektagt
tektagtja3			tektagt
tektagtjb			tektagt
tektagtjc1			tektagt
tektagtub			tektagt
tektagtuc1			tektagt
teljan			teljan
telmahjn			telmahjn
telpacfl			telpacfl
tempest			tempest
tempest1			tempest
tempest1r			tempest
tempest2			tempest
tempest3			tempest
temptube			tempest
tenballs			snookr10
tengai			tengai
tengaibl			tengai
tengaij			tengai
tenkai			tenkai
tenkai2b			tenkai
tenkaibb			tenkai
tenkaicb			tenkai
tenkaie			tenkai
tenkomor			tenkomor
tenkomorja1			tenkomor
tenspot			tenspot
tenthdeg			tenthdeg
tenup			tenup
terabrst			terabrst
terabrsta			terabrst
terabrstaa			terabrst
terabrstj			terabrst
terabrstja			terabrst
terabrstua			terabrst
term2			term2
term2la1			term2
term2la2			term2
term2la3			term2
term2lg1			term2
term2pa2			term2
terracre			terracre
terracrea			terracre
terracren			terracre
terracreo			terracre
terraf			terraf
terrafb			terraf
terrafj			terraf
terrafjb			terraf
terrafu			terraf
terrafua			terraf
tetfight			tetfight
tetgiano			tetgiant
tetgiant			tetgiant
tetkiwam			tetkiwam
tetrbx			tetrbx
tetris			tetris
tetris1			tetris
tetris1d			tetris
tetris2			tetris
tetris2d			tetris
tetris3			tetris
tetris3d			tetris
tetrisbl			tetris
tetrisd			tetris
tetriskr			tetriskr
tetrisp			tetrisp
tetrisp2			tetrisp2
tetrisp2a			tetrisp2
tetrisp2j			tetrisp2
tetrisp2ja			tetrisp2
tetrisse			tetrisse
tetrist			tetris
tetrista			tetris
tetristh			tetris
tetrsark			tetrsark
tetrsark2			tetrsark
tfrceac			tfrceac
tfrceacb			tfrceac
tfrceacj			tfrceac
tfrceacjpb			tfrceac
tgm2			tgm2
tgm2p			tgm2
tgmj			tgmj
tgtbal96			tgtbal96
tgtball			tgtbal96
tgtballn			tgtbal96
tgtpanic			tgtpanic
tharrier			tharrier
tharrierb			tharrier
tharrieru			tharrier
the26thz			alphaxz
theboat			theboat
thedealr			thedealr
thedeep			thedeep
theend			theend
theends			theend
theendss			theend
theglad			theglad
theglad100			theglad
theglad101			theglad
theglad104			theglad
thegladpcb			theglad
thegladpcba			theglad
theglob			suprglob
theglob2			suprglob
theglob3			suprglob
theglobme			suprglob
theglobp			suprglob
theglobpa			suprglob
thegrid			thegrid
thegrida			thegrid
thegridb			thegrid
thehand			thehand
thehole			thepit
thehustl			rackemup
thehustlj			rackemup
themj			themj
themj2			themj
thenanpa			thenanpa
thepit			thepit
thepitj			thepit
thepitm			thepit
thepitu1			thepit
thepitu2			thepit
thepitu3			thepit
theportr			dockman
theroes			theroes
theroesa			theroes
thetogyu			bullfgt
thief			thief
thndblst			lethalth
thndrbld			thndrbld
thndrbld1			thndrbld
thndrbldd			thndrbld
thndrx2			thndrx2
thndrx2a			thndrx2
thndrx2j			thndrx2
thndzone			thndzone
thndzone4			thndzone
thndzonea			thndzone
thndzonej			thndzone
thoop			thoop
thoop2			thoop2
thoop2a			thoop2
thoop2b			thoop2
thoop2c			thoop2
thoop2d			thoop2
thoop2e			thoop2
thoopa			thoop
thoopb			thoop
thoopna			thoop
thoopnna			thoop
thoopnnaa			thoop
threeds			threeds
threedsa			threeds
thrild2			thrild2
thrild2a			thrild2
thrild2c			thrild2
thrild2j			thrild2
thrilld			thrilld
thrillda			thrilld
thrilldab			thrilld
thrilldb			thrilld
thrilldba			thrilld
thrilldbab			thrilld
thrilldbe			thrilld
thrilldbj			thrilld
thrilldbja			thrilld
thrillde			thrilld
thrilldgej			thrilld
thrilldgeu			thrilld
thrilldgke			thrilld
thrilldgkee			thrilld
thrilldgkk			thrilld
thrilldgmj			thrilld
thrilldgnj			thrilld
thrilldgpj			thrilld
thrilldj			thrilld
thrilldja			thrilld
thunderh			thunderh
thunderhu			thunderh
thunderj			thunderj
thunderja			thunderj
thunderl			thunderl
thunderla			thunderl
thunderlbl			thunderl
thunderlbl2			thunderl
thunderx			thunderx
thunderxa			thunderx
thunderxb			thunderx
thunderxj			thunderx
thundfox			thundfox
thundfoxj			thundfox
thundfoxu			thundfox
thunt			sandor
thuntk			sandor
tickee			tickee
tigerh			tigerh
tigerhb1			tigerh
tigerhb2			tigerh
tigerhb3			tigerh
tigerhb4			tigerh
tigerhbt			tigerh
tigerhj			tigerh
tigeroad			tigeroad
tigeroadb			tigeroad
tigeroadba			tigeroad
tigeroadu			tigeroad
tighook			tighook
tighookc1			tighook
tighookc2			tighook
tighookd1			tighook
tighookd2			tighook
tighooko			tighook
tighooko2			tighook
tighookv1			tighook
tighookv2			tighook
timber			timber
timecris			timecris
timecrisa			timecris
timecrisj			timecris
timecrs2			timecrs2
timecrs2v1b			timecrs2
timecrs2v2b			timecrs2
timecrs2v4a			timecrs2
timecrs2v5a			timecrs2
timefgtr			timefgtr
timekill			timekill
timekill100			timekill
timekill120			timekill
timekill121			timekill
timekill121a			timekill
timekill131			timekill
timekill132i			timekill
timelimt			timelimt
timeplt			timeplt
timeplta			timeplt
timepltc			timeplt
timescan			timescan
timescan1			timescan
timescan3			timescan
timescanbl			timescan
timesold			timesold
timesold1			timesold
timetrv			timetrv
timetrv2			timetrv
timetunl			timetunl
tinklpit			tinklpit
tinstar			tinstar
tinstara			tinstar
tinv2650			tinv2650
tiptop			congo
tisland			tisland
tisub			tisub
tisuba			tisub
tisubb			tisub
titanpac			puckman
titlef			titlef
titlefj			titlef
titlefu			titlef
tjsb			tjsb
tjumpman			tjumpman
tkdensho			tkdensho
tkdenshoa			tkdensho
tkmmpzdm			tkmmpzdm
tknight			wildfang
tkoboxng			tkoboxng
tm			tm
tm2k			tm2k
tm2ka			tm2k
tm2kb			tm2k
tm2kspeval			tm2k
tm3k			tm3k
tm3ka			tm3k
tm3keval			tm3k
tm3ksp			tm3k
tm4k			tm4k
tm4ka			tm4k
tm4kb			tm4k
tm4kca			tm4k
tm4kmn			tm4k
tm4knj			tm4k
tm4kuk			tm4k
tm5k			tm5k
tm5ka			tm5k
tm5kca			tm5k
tm5kmn			tm5k
tm5kuk			tm5k
tm7k			tm7k
tm7ka			tm7k
tm7kde			tm7k
tm7keval			tm7k
tm7kmn			tm7k
tm7kmna			tm7k
tm7knj			tm7k
tm8k			tm8k
tm8k902			tm8k
tmdo			tm
tmek			tmek
tmek20			tmek
tmek44			tmek
tmek45			tmek
tmek51p			tmek
tmht			tmnt
tmht22pe			tmnt2
tmht24pe			tmnt2
tmht2p			tmnt
tmht2pa			tmnt
tmhta			tmnt
tmhtb			tmnt
tmmjprd			tmmjprd
tmnt			tmnt
tmnt2			tmnt2
tmnt22pu			tmnt2
tmnt24pu			tmnt2
tmnt2a			tmnt2
tmnt2o			tmnt2
tmnt2pj			tmnt
tmnt2po			tmnt
tmnta			tmnt
tmntj			tmnt
tmntu			tmnt
tmntua			tmnt
tmntub			tmnt
tmntuc			tmnt
tmntucbl			tmnt
tmosh			tmosh
tmoshs			tmoshs
tmoshsp			tmoshsp
tmoshspa			tmoshsp
tmpdoki			tmmjprd
tndrcade			tndrcade
tndrcadej			tndrcade
tnextspc			tnextspc
tnextspc2			tnextspc
tnextspcj			tnextspc
tnk3			tnk3
tnk3b			tnk3
tnk3j			tnk3
tnzs			tnzs
tnzsj			tnzs
tnzsjo			tnzs
tnzso			tnzs
tnzsoa			tnzs
tnzsop			tnzs
tnzsuo			tnzs
todruaga			todruaga
todruagao			todruaga
todruagas			todruaga
toffy			toffy
toffya			toffy
togenkyo			togenkyo
toggle			toggle
toki			toki
tokia			toki
tokib			toki
tokimbsj			tokyogal
tokims			toki
tokio			tokio
tokiob			tokio
tokioo			tokio
tokiou			tokio
tokip			toki
tokisens			tokisens
tokisensa			tokisens
tokiu			toki
tokiua			toki
tokkae			tokkae
tokyobus			tokyobus
tokyogal			tokyogal
tokyowar			tokyowar
tokyowarj			tokyowar
tomagic			tomagic
tomahawk			tomahawk
tomahawk1			tomahawk
tomcatsw			tomcatsw
tondemo			tondemo
tonton			tonton
tontonb			tontonb
tontonba			tontonb
tonypok			tonypok
toobin			toobin
toobin1			toobin
toobin2			toobin
toobin2e			toobin
toobine			toobin
toobing			toobin
top21			top21
topbladv			topbladv
topdrive			topdrive
topgun			topgun
topgunbl			jackal
topgunnr			topgunnr
topgunr			jackal
tophuntr			tophuntr
tophuntrh			tophuntr
topland			topland
toplandj			topland
toppyrap			toppyrap
topracer			polepos
topracera			polepos
topracern			polepos
toprollr			toprollr
topsecex			topsecex
topsecrt			bionicc
topsecrt2			bionicc
topshoot			topshoot
topskatr			topskatr
topskatrj			topskatr
topskatru			topskatr
topskatruo			topskatr
topspeed			topspeed
topspeedu			topspeed
toramich			tigeroad
toratora			toratora
toratorab			toratora
toride2g			toride2g
toride2gg			toride2g
toride2gk			toride2g
toride2j			toride2g
toride2ji			toride2g
tornado1			defender
tornado2			defender
tornbase			tornbase
tortufam			tortufam
torus			torus
toryumon			toryumon
totcarn			totcarn
totcarnp1			totcarn
totcarnp2			totcarn
totd			totd
totdo			totd
totlvica			totlvice
totlvice			totlvice
totlvicj			totlvice
totlvicu			totlvice
totmejan			totmejan
toto			toto
toucheme			toucheme
touchemea			toucheme
touchgo			touchgo
touchgoa			touchgo
touchgona			touchgo
touchgonna			touchgo
touchgonnaa			touchgo
touchgonnab			touchgo
touchgonnac			touchgo
touchgoun			touchgo
toukon3			toukon3
toukon4			toukon4
tour4000			tour4000
tour4010			tour4010
tourpgum			tourpgum
toursol			toursol
toursol1			toursol
tourtab2			tourtabl
tourtabl			tourtabl
touryuu			touryuu
touryuua			touryuu
toutrun			toutrun
toutrun1			toutrun
toutrun2			toutrun
toutrun2d			toutrun
toutrun3			toutrun
toutrun3d			toutrun
toutrund			toutrun
toutrunj			toutrun
toutrunj1			toutrun
toutrunj1d			toutrun
toutrunjd			toutrun
toyfight			toyfight
toyland			toyland
toypop			toypop
tp2m32			tetrisp2
tp84			tp84
tp84a			tp84
tp84b			tp84
tpgolf			tpgolf
trackfld			trackfld
trackfldc			trackfld
trackfldnz			trackfld
trackfldu			trackfld
trally			trally
tranqgun			tranqgun
transfrm			transfrm
travrusa			travrusa
travrusab			travrusa
travrusab2			travrusa
trckydoc			trckydoc
trckydoca			trckydoc
treacity			treacity
treacity202			treacity
treahunt			jack
trgheart			trgheart
trghearto			trgheart
tricktrp			tricktrp
trigon			lgtnfght
trikitri			loverboy
triothep			triothep
triothepj			triothep
triplep			triplep
triplepa			triplep
triplew1			triplew1
triplew2			triplew2
triplfun			oisipuzl
triplfunk			oisipuzl
triplhnt			triplhnt
tripool			tripool
tripoola			tripool
trisport			trisport
triviabb			triviabb
triviag1			triviag1
triviag1a			triviag1
triviag2			triviag2
triviasp			triviasp
triviayp			triviayp
trivrus			trivrus
trizeal			trizeal
troangel			troangel
trog			trog
trog3			trog
trog3a			trog
trog4			trog
trogpa4			trog
trogpa5			trog
trogpa6			trog
trojan			trojan
trojana			trojan
trojanb			trojan
trojanj			trojan
trojanjo			trojan
trojanlt			trojan
trojanr			trojan
trojanra			trojan
troopy			mrkougar
trophyh			trophyh
trophyht			trophyh
trstar			trstar
trstarj			trstar
trstaro			trstar
trstaroj			trstar
truco			truco
trucocl			trucocl
truxton			truxton
truxton2			truxton2
trvchlng			trvchlng
trvgns			trvmstr
trvhang			trvhang
trvhanga			trvhang
trvmadns			trvmadns
trvmadnsa			trvmadns
trvmstr			trvmstr
trvmstra			trvmstr
trvmstrb			trvmstr
trvmstrc			trvmstr
trvmstrd			trvmstr
trvquest			trvquest
tryout			tryout
ts2			ts2
ts2j			ts2
ts2ja			ts2
ts2u			ts2
ts2ua			ts2
tsamurai			tsamurai
tsamuraia			tsamurai
tsamuraih			tsamurai
tshingen			tshingen
tshingena			tshingen
tshoot			tshoot
tst_galx			galaxian
tst_invd			invaders
tstrike			tstrike
tstrikea			tstrike
tsukande			tsukande
tsupenta			tsupenta
tsuwaku			tsuwaku
ttchamp			ttchamp
ttchampa			ttchamp
ttfitter			roundup
ttmahjng			jongpute
tturf			tturf
tturfbl			tturf
tturfu			tturf
tubeit			cachat
tubep			tubep
tubepb			tubep
tugboat			tugboat
tumbleb			tumblep
tumbleb2			tumblep
tumblebed			tumblep
tumblep			tumblep
tumblepba			tumblep
tumblepj			tumblep
tunhunt			tunhunt
tunhuntc			tunhunt
turbo			turbo
turboa			turbo
turbob			turbo
turbobl			turbo
turboc			turbo
turbod			turbo
turboe			turbo
turbofrc			turbofrc
turbofrcj			turbofrc
turbofrco			turbofrc
turbofrcu			turbofrc
turbofrcua			turbofrc
turbosub			turbosub
turbosubb8			turbosub
turbosubc5			turbosub
turbosubc5s			turbosub
turbosubc6			turbosub
turbosubc7			turbosub
turbosubc8			turbosub
turbotag			turbotag
turfmast			turfmast
turkhunt			turkhunt
turpin			turtles
turpinnv			turtles
turpins			turtles
turrett			turrett
turtles			turtles
turtship			turtship
turtshipj			turtship
turtshipk			turtship
turtshipkn			turtship
turtshipko			turtship
tutankhm			tutankhm
tutankhmb			tutankhm
tutankhms			tutankhm
tutstomb			tutstomb
twcup90			twcup90
twcup90a			twcup90
twcup90b			twcup90
twcup90b1			twcup90
twcup90b2			twcup90
twcup90b3			twcup90
twcup90ba			twcup90
twcup90bb			twcup90
twcup90c			twcup90
twcup90t			twcup90
twcup94			twcup94
twcup94a			twcup94
twcup94b			twcup94
twcup98			twcup98
twcupmil			twcupmil
twinactn			twinactn
twinadv			twinadv
twinadvk			twinadv
twinbee			twinbee
twinbrat			twinbrat
twinbrata			twinbrat
twinbratb			twinbrat
twincobr			twincobr
twincobru			twincobr
twineag2			twineag2
twineagl			twineagl
twinfalc			twinfalc
twinhawk			twinhawk
twinhawku			twinhawk
twinkle			twinkle
twinklea			twinkle
twinqix			twinqix
twins			twins
twinsa			twins
twinsed1			twins
twinsed2			twins
twinspri			twinspri
twinsqua			twinsqua
twocrude			cbuster
twocrudea			cbuster
twotiger			twotiger
twotigerc			twotiger
twrshaft			twrshaft
twsoc96			twsoc96
twsoc98			twcup98
tx1			tx1
tx1jb			tx1
tx1jc			tx1
tygn			lhb2
tylz			tylz
typhoon			ajax
uballoon			uballoon
uccops			uccops
uccopsar			uccops
uccopsaru			uccops
uccopsj			uccops
uccopsu			uccops
uchuuai			uchuuai
uecology			ecofghtr
ufosensi			ufosensi
ufosensib			ufosensi
ultennis			ultennis
ultennisj			ultennis
ultracin			ultracin
ultrainv			invaders
ultraman			ultraman
ultramhm			ultramhm
ultratnk			ultratnk
ultrax			ultrax
ultraxg			ultrax
ultrchmp			nettoqc
ultrchmph			nettoqc
umanclub			umanclub
umipoker			umipoker
umipokera			umipoker
umk3			umk3
umk3r10			umk3
umk3r11			umk3
unclepoo			unclepoo
undefeat			undefeat
undoukai			fieldday
undrfire			undrfire
undrfirej			undrfire
undrfireu			undrfire
uniwars			uniwars
uniwarsa			uniwars
unkitpkr			unkitpkr
unkpacg			unkpacg
unkpacga			unkpacg
unkpacgb			unkpacg
unkpacgc			unkpacg
unkpacgd			unkpacg
unksig			unksig
unksiga			unksig
unksigb			unksig
unsquad			unsquad
untoucha			untoucha
uopoko			uopoko
uopokoj			uopoko
upndown			upndown
upndownu			upndown
upscope			upscope
upyoural			upyoural
urachamu			urachamu
urashima			urashima
usagi			usagi
usagiym			usagiym
usclssic			usclssic
usg182			usgames
usg185			usgames
usg187c			usgames
usg211c			usgames
usg251			usgames
usg32			usg32
usg82			superten
usg83x			superten
usgames			usgames
usvsthem			usvsthem
utoukond			utoukond
v4cmaze			v4cmaze
v4cmaze_amld			v4cmaze
v4cmazeb			v4cmaze
v4cmazec			v4cmaze
v4cmazed			v4cmaze
v4cmazedat			v4cmaze
v4tetrs			v4tetrs
v4tetrs1			v4tetrs
v4timebn			v4timebn
v4timebna			v4timebn
v4timebnb			v4timebn
v4timebnc			v4timebn
v4timebnd			v4timebn
v4timebne			v4timebn
valkyrie			valkyrie
valtric			valtric
vamphalf			vamphalf
vamphalfk			vamphalf
vamphalfr1			vamphalf
vampire			vampire
vampj			dstlk
vampja			dstlk
vampjr1			dstlk
vandyke			vandyke
vandykeb			vandyke
vandykejal			vandyke
vandykejal2			vandyke
vangrd2			vangrd2
vanguard			vanguard
vanguarda			vanguard
vanguardc			vanguard
vanguardg			vanguard
vanguardj			vanguard
vanilla			vanilla
vanvan			vanvan
vanvanb			vanvan
vanvank			vanvan
vaportra			vaportra
vaportra3			vaportra
vaportrau			vaportra
vaportrx			vaportrx
vaportrxp			vaportrx
varth			varth
varthb			varth
varthb2			varth
varthb3			varth
varthj			varth
varthjr			varth
varthr1			varth
varthu			varth
vasara			vasara
vasara2			vasara2
vasara2a			vasara2
vastar			vastar
vastar2			vastar
vastar3			vastar
vastar4			vastar
vathlete			vathlete
vathletep			vathlete
vautour			phoenix
vautourz			phoenix
vautourza			phoenix
vball			vball
vball2pj			vball
vball2pjb			vball
vballb			vball
vblokbrk			vblokbrk
vblokbrka			vblokbrk
vbowl			vbowl
vbowlhk			vbowl
vbowlj			vbowl
vcarn			vcarn
vcircle			vcircle
vcombat			vcombat
vcop			vcop
vcop2			vcop2
vcop3			vcop3
vcop3a			vcop3
vcopa			vcop
vega			vega
vegasfst			vegasslw
vegasfte			vegasslw
vegasmil			vegasslw
vegasslw			vegasslw
vendetta			vendetta
vendetta2pd			vendetta
vendetta2peba			vendetta
vendetta2pp			vendetta
vendetta2pu			vendetta
vendetta2pun			vendetta
vendetta2pw			vendetta
vendettan			vendetta
vendettar			vendetta
vendettaun			vendetta
vendettaz			vendetta
venom			venom
venture			venture
venture4			venture
venture5a			venture
venture5b			venture
venus			gyruss
verbena			carnival
version4			version4
version4d2			version4
version4d3			version4
version4o			version4
version4v			version4
version4v2			version4
version4v3			version4
vf			vf
vf2			vf2
vf2a			vf2
vf2b			vf2
vf2o			vf2
vf3			vf3
vf3a			vf3
vf3c			vf3
vf3tb			vf3
vf4			vf4
vf4b			vf4
vf4cart			vf4cart
vf4evo			vf4evo
vf4evoa			vf4evo
vf4evob			vf4evo
vf4evoct			vf4evoct
vf4o			vf4
vf4tuned			vf4tuned
vf4tuneda			vf4tuned
vf4tunedd			vf4tuned
vfive			grindstm
vfkids			vfkids
vformula			vr
vfremix			vfremix
vfurlong			vfurlong
vgoalsoc			vgoalsoc
vgoalsoca			vgoalsoc
vhunt2			vhunt2
vhunt2d			vhunt2
vhunt2r1			vhunt2
vhuntj			nwarr
vhuntjr1			nwarr
vhuntjr1s			nwarr
vhuntjr2			nwarr
victlap			victlap
victlapa			victlap
victlapj			victlap
victnine			victnine
victor21			victor21
victor6			victor6
victor6a			victor6
victor6b			victor6
victorba			victory
victory			victory
victoryc			victoryc
victorycb			victoryc
victroad			victroad
videight			videight
videocba			fortune1
videodad			fortune1
videomat			ampoker2
videopin			videopin
videopina			videopin
videopkr			fortune1
videtrna			videtron
videtron			videtron
videtron2			videtron
vidvince			vidvince
viewpoin			viewpoin
viewpoinp			viewpoin
vigilant			vigilant
vigilanta			vigilant
vigilantb			vigilant
vigilantbl			vigilant
vigilantc			vigilant
vigilantd			vigilant
vigilantg			vigilant
vigilanto			vigilant
vimana			vimana
vimanaj			vimana
vimanan			vimana
vindctr2			vindctr2
vindctr2r1			vindctr2
vindctr2r2			vindctr2
vindictr			vindictr
vindictr1			vindictr
vindictr2			vindictr
vindictr4			vindictr
vindictre			vindictr
vindictre3			vindictr
vindictre4			vindictr
vindictrg			vindictr
viofight			viofight
viofightj			viofight
viofightu			viofight
viostorm			viostorm
viostorma			viostorm
viostormab			viostorm
viostormabbl			viostorm
viostormeb			viostorm
viostormj			viostorm
viostormu			viostorm
viostormub			viostorm
viostormubbl			viostorm
vipclub			orangec
viper			viper
viprp1			viprp1
viprp1h			viprp1
viprp1hk			viprp1
viprp1j			viprp1
viprp1k			viprp1
viprp1oj			viprp1
viprp1ot			viprp1
viprp1pt			viprp1
viprp1s			viprp1
viprp1t			viprp1
viprp1u			viprp1
viprp1ua			viprp1
virnba			virnba
virnbao			virnba
virnbap			virnba
virnbapa			virnba
virtpool			virtpool
vitaminc			vitaminc
vivdolls			vivdolls
vliner			vliner
vliner53			vliner
vliner54			vliner
vliner6e			vliner
vliner7e			vliner
vmahjong			vmahjong
vmetal			vmetal
vmetaln			vmetal
volfied			volfied
volfiedj			volfied
volfiedjo			volfied
volfiedo			volfied
volfiedu			volfied
volfieduo			volfied
von			von
von2			von2
von254g			von2
von2a			von2
von2o			von2
von4			von4
vonj			von
vonot			vonot
vonr			von
vonu			von
vortex			vortex
vpoker			vpoker
vpool			hustler
vr			vr
vroulet			vroulet
vs10yard			10yard
vs10yardj			10yard
vs10yardu			10yard
vs2			vs2
vs215			vs2
vs215o			vs2
vs298			vs298
vs29815			vs298
vs299			vs2v991
vs29915			vs2v991
vs29915a			vs2v991
vs29915j			vs2v991
vs299a			vs2v991
vs299j			vs2v991
vs2_2k			vs2_2k
vs2_2ko			vs2_2k
vs2v991			vs2v991
vsav			vsav
vsav2			vsav2
vsav2d			vsav2
vsava			vsav
vsavb			vsav
vsavd			vsav
vsavh			vsav
vsavj			vsav
vsavu			vsav
vsbball			vsbball
vsbballj			vsbball
vsbballja			vsbball
vsbballjb			vsbball
vscompmj			jongpute
vsfdf			vsfdf
vsgongf			vsgongf
vsgradus			vsgradus
vsgshoe			vsgshoe
vshoot			vshoot
vsmahjng			vsmahjng
vsmjtria			vsmjtria
vsnetscr			vsnetscr
vsnetscra			vsnetscr
vsnetscreb			vsnetscr
vsnetscrj			vsnetscr
vsnetscru			vsnetscr
vspinbal			vspinbal
vspinbalj			vspinbal
vsskykid			vsskykid
vsslalom			vsslalom
vssoccer			vssoccer
vssoccera			vssoccer
vstennis			vstennis
vstennisa			vstennis
vstennisb			vstennis
vstetris			vstetris
vstrik3			vstrik3
vstrik3c			vstrik3c
vstrik3co			vstrik3c
vstriker			vstriker
vstrikero			vstriker
vtenis2c			vtenis2c
vtennis			vtennis
vtennis2			vtennis2
vtennisg			vtennisg
vueloesp			uniwars
vulcan			vulcan
vulcana			vulcan
vulcanb			vulcan
vulgus			vulgus
vulgusa			vulgus
vulgusj			vulgus
wacko			wacko
waidrive			waidrive
wakuwak7			wakuwak7
wallc			wallc
wallca			wallc
wallst			wallst
wangmid			wangmid
wangmid2			wangmid2
wangmid2j			wangmid2
wangmid2ja			wangmid2
wangmid2o			wangmid2
wangmidj			wangmid
wanted			wanted
wantsega			wantsega
warahana			warahana
warcadia			nyny
wardner			wardner
wardnerb			wardner
wardnerj			wardner
wardnerjb			wardner
warfa			warfa
warfaa			warfa
warfab			warfa
wargods			wargods
wargodsa			wargods
wargodsb			wargods
warlords			warlords
warofbug			warofbug
warofbugg			warofbug
warofbugu			warofbug
warp1			warp1
warp1bl			warp1
warp1t			warp1
warpsped			warpsped
warpwarp			warpwarp
warpwarpr			warpwarp
warpwarpr2			warpwarp
warrior			warrior
warriorb			warriorb
warzard			redearth
warzardr1			redearth
waterski			waterski
watrball			watrball
waverunr			waverunr
waveshrk			jetwave
wb3			wb3
wb31			wb3
wb31d			wb3
wb32			wb3
wb32d			wb3
wb33			wb3
wb33d			wb3
wb34			wb3
wb34d			wb3
wb35			wb3
wb35d			wb3
wb3bbl			wb3
wb3bble			wb3
wbbc97			wbbc97
wbdeluxe			wboy
wbeachvl			wbeachvl
wbeachvl2			wbeachvl
wbeachvl3			wbeachvl
wbeachvla			wbeachvl
wbml			wbml
wbmlb			wbml
wbmlb2			wbml
wbmlbg			wbml
wbmlbge			wbml
wbmld			wbml
wbmlh			wbml
wbmljb			wbml
wbmljo			wbml
wbmljod			wbml
wbmlvc			wbml
wbmlvcd			wbml
wboy			wboy
wboy2			wboy
wboy2u			wboy
wboy3			wboy
wboy4			wboy
wboy5			wboy
wboy6			wboy
wboyblt			wboy
wboyo			wboy
wboysys2			wboy
wboysys2a			wboy
wboyu			wboy
wboyub			wboy
wcat3			wcat3
wcat3a			wcat3
wcatcher			wcatcher
wcbowl			wcbowl
wcbowl10			wcbowl
wcbowl11			wcbowl
wcbowl12			wcbowl
wcbowl13			wcbowl
wcbowl130			wcbowl
wcbowl13j			wcbowl
wcbowl14			wcbowl
wcbowl140			wcbowl
wcbowl15			wcbowl
wcbowl16			wcbowl
wcbowl161			wcbowl
wcbowl165			wcbowl
wcbowldx			wcbowl
wccf116			wccf116
wccf1dup			wccf1dup
wccf212e			wccf212e
wccf234j			wccf234j
wccf310j			wccf310j
wccf322e			wccf322e
wccf331e			wccf322e
wccf420e			wccf420e
wcherry			wcherry
wcombat			wcombat
wcombatj			wcombat
wcombatk			wcombat
wcombatu			wcombat
wcvol95			wcvol95
wcvol95j			wcvol95
wcvol95x			wcvol95
wecleman			wecleman
weclemana			wecleman
weclemanb			wecleman
weclemanc			wecleman
weddingr			weddingr
welltris			welltris
welltrisj			welltris
westgun2			sheriff
weststry			bloodbro
weststrya			bloodbro
wexpress			exprraid
wexpressb1			exprraid
wexpressb2			exprraid
wexpressb3			exprraid
wfortune			wfortune
wfortunea			wfortune
wg3dh			wg3dh
wg3dhfe			wg3dh
wgp			wgp
wgp2			wgp2
wgp2j			wgp2
wgpj			wgp
wgpjoy			wgp
wgpjoya			wgp
wgpu			wgp
wh1			wh1
wh1h			wh1
wh1ha			wh1
wh2			wh2
wh2h			wh2
wh2j			wh2j
wheelfir			wheelfir
wheelrun			wheelrun
whizz			twinfalc
whodunit			whodunit
whodunit8			whodunit
whoopee			pipibibs
whp			whp
wiggie			wiggie
wildfang			wildfang
wildfangs			wildfang
wildplt			wildplt
willow			willow
willowj			willow
willowu			willow
willowuo			willow
wilytowr			wilytowr
winbingo			winbingo
winbingo_gm051			winbingo
windheat			windheat
windheata			windheat
windheatj			windheat
windheatu			windheat
wing90pkr			goldnpkr
wingforc			wingforc
wingwar			wingwar
wingwar360			wingwar
wingwarj			wingwar
wingwaru			wingwar
wink			wink
winka			wink
winrun			winrun
winrun91			winrun91
winrungp			winrungp
winspike			winspike
winspikea			winspike
winspikej			winspike
wintbob			snowbros
winterht			winterht
wiping			wiping
wiseguy			yamyam
witch			witch
witchb			witch
witchcrd			witchcrd
witchcrda			witchcrd
witchcrdb			witchcrd
witchcrdc			witchcrd
witchcrdd			witchcrd
witchcrde			witchcrd
witchcrdf			witchcrd
witchcrdg			witchcrd
witchcrdh			witchcrd
witchcrdi			witchcrd
witchcrdj			witchcrd
witchs			witch
witchstar			witch
wits			wits
wivernwg			wivernwg
wiz			wiz
wizdfire			wizdfire
wizdfirea			wizdfire
wizdfireu			wizdfire
wizt			wiz
wizta			wiz
wizwarz			wizwarz
wizzquiz			wizzquiz
wizzquiza			wizzquiz
wjammers			wjammers
wlcc			xymg
wldarrow			wldarrow
wldcourt			wldcourt
wldgunsb			wldgunsb
wldkicks			wldkicks
wldkicksj			wldkicks
wldkickspj			wldkicks
wldkickspw			wldkicks
wldkicksu			wldkicks
wldrider			wldrider
wlstar			wlstar
wmatch			wmatch
wmg			wmg
wndrmomo			wndrmomo
wndrplnt			wndrplnt
wof			wof
wofa			wof
wofabl			wof
wofhfh			wof
wofj			wof
wofpic			wof
wofr1			wof
wofr1bl			wof
wofu			wof
wolffang			rohga
wolfpack			wolfpack
wonder3			3wonders
wondl96			wondl96
wondstck			wondstck
wondstcka			wondstck
woodpeca			woodpeck
woodpeck			woodpeck
worldadv			worldadv
worldinv			beaminv
worldwar			worldwar
wotw			wotw
wotwc			wotw
wow			wow
wowg			wow
wownfant			wownfant
wownfanta			wownfant
wpksocv2			wpksocv2
wrally			wrally
wrally2			wrally2
wrally2a			wrally2
wrally2b			wrally2
wrally2c			wrally2
wrally2d			wrally2
wrallya			wrally
wrallyac			wrally
wrallyat			wrally
wrallyata			wrally
wrallyb			wrally
wrallyc			wrally
wrallyd			wrally
wrallye			wrally
wrallymp			wrally
wrecking			wrecking
wrestwar			wrestwar
wrestwar1			wrestwar
wrestwar1d			wrestwar
wrestwar2			wrestwar
wrestwar2d			wrestwar
wrofaero			wrofaero
wrungp			wrungp
wrungpo			wrungp
ws			ws
ws89			ws
ws90			ws
wsbbgd			wsbbgd
wschamp			wschamp
wschampa			wschamp
wschampb			wschamp
wseries			wseries
wseries0			wseries
wsf			wsf
wsf3			wsf
wsjr			wsjr
wsjr_15			wsjr
wtennis			wtennis
ww3			redalert
wwallyj			wwallyj
wwallyja			wwallyj
wwallyja3p			wwallyj
wwallyjad			wwallyj
wwallyjd			wwallyj
wwanpanm			wwanpanm
wwanpanmo			wwanpanm
wwestern			wwestern
wwestern1			wwestern
wwfmania			wwfmania
wwfmaniab			wwfmania
wwfmaniac			wwfmania
wwfmaniap			wwfmania
wwfroyal			wwfroyal
wwfsstar			wwfsstar
wwfsstarb			wwfsstar
wwfsstarb2			wwfsstar
wwfsstarc			wwfsstar
wwfsstarj			wwfsstar
wwfsstaru4			wwfsstar
wwfsstaru6			wwfsstar
wwfsstaru7			wwfsstar
wwfwfest			wwfwfest
wwfwfestj			wwfwfest
wwfwfestk			wwfwfest
wwfwfestu			wwfwfest
wwfwfestu1			wwfwfest
wwfwfestub			wwfwfest
wwjgtin			wwjgtin
wwmarine			wwmarine
wyvernf0			wyvernf0
wyvernf0a			wyvernf0
wyvernwg			wivernwg
wyvernwga			wivernwg
x2222			x2222
x2222o			x2222
x80wc			missile
xday2			xday2
xenophob			xenophob
xevi3dg			xevi3dg
xevi3dga			xevi3dg
xevi3dgj			xevi3dg
xevios			xevious
xevious			xevious
xeviousa			xevious
xeviousb			xevious
xeviousc			xevious
xeviousd			xevious
xexex			xexex
xexexa			xexex
xexexj			xexex
xfiles			xfiles
xfilesk			xfiles
xiistag			xiistag
xmcota			xmcota
xmcotaa			xmcota
xmcotaar1			xmcota
xmcotaar2			xmcota
xmcotab			xmcota
xmcotah			xmcota
xmcotahr1			xmcota
xmcotaj			xmcota
xmcotaj1			xmcota
xmcotaj2			xmcota
xmcotaj3			xmcota
xmcotajr			xmcota
xmcotar1			xmcota
xmcotar1d			xmcota
xmcotau			xmcota
xmen			xmen
xmen2pa			xmen
xmen2pe			xmen
xmen2pj			xmen
xmen2pu			xmen
xmen6p			xmen
xmen6pu			xmen
xmena			xmen
xmenaa			xmen
xmenabl			xmen
xmenj			xmen
xmenja			xmen
xmenu			xmen
xmenua			xmen
xmultipl			xmultipl
xmultiplm72			xmultipl
xmvsf			xmvsf
xmvsfa			xmvsf
xmvsfar1			xmvsf
xmvsfar2			xmvsf
xmvsfar3			xmvsf
xmvsfb			xmvsf
xmvsfh			xmvsf
xmvsfj			xmvsf
xmvsfjr1			xmvsf
xmvsfjr2			xmvsf
xmvsfjr3			xmvsf
xmvsfjr4			xmvsf
xmvsfr1			xmvsf
xmvsfu			xmvsf
xmvsfu1d			xmvsf
xmvsfur1			xmvsf
xmvsfur2			xmvsf
xorworld			xorworld
xorworlda			xorworld
xrally			xrally
xreel			queenbee
xsedae			xsedae
xsleena			xsleena
xsleenab			xsleena
xsleenaba			xsleena
xsleenabb			xsleena
xsleenaj			xsleena
xtheball			xtheball
xtrial			xtrial
xtrmhnt2			xtrmhnt2
xtrmhunt			xtrmhunt
xxmissio			xxmissio
xybots			xybots
xybots0			xybots
xybots1			xybots
xybotsf			xybots
xybotsg			xybots
xymg			xymg
xymga			xymg
xyonix			xyonix
yachtmn			mermaid
yamagchi			yamagchi
yamato			yamato
yamatoa			yamato
yamatou			yamato
yamyam			yamyam
yamyamk			yamyam
yanchamr			kidniki
yanjamar			kidniki
yankeedo			mrdo
yarunara			yarunara
yellowcbb			kamikcab
yellowcbj			kamikcab
yesnoj			yesnoj
yiear			yiear
yiear2			yiear
yieartf			yiear
yorijori			yorijori
yosakdon			yosakdon
yosakdona			yosakdon
yosimotm			yosimoto
yosimoto			yosimoto
youjyudn			youjyudn
youkaidk1			shadowld
youkaidk2			shadowld
youma			ninjemak
youma2			ninjemak
youmab			ninjemak
youmab2			ninjemak
yoyospel			littlerb
yujan			yujan
yuka			yuka
yukiwo			masterw
yukon			yukon
yukon1			yukon
yumefuda			yumefuda
yutnori			yutnori
yuyugogo			yuyugogo
zaryavos			zaryavos
zarzon			satansat
zaviga			zaviga
zavigaj			zaviga
zaxxon			zaxxon
zaxxon2			zaxxon
zaxxon3			zaxxon
zaxxonb			zaxxon
zaxxonj			zaxxon
zedblade			zedblade
zektor			zektor
zelos			zelos
zero			defender
zero2			defender
zerogu2			zerogu2
zerogun			zerogun
zeroguna			zerogun
zerogunaj			zerogun
zerogunj			zerogun
zerohour			zerohour
zerohoura			zerohour
zerohouri			zerohour
zeropnt			zeropnt
zeropnt2			zeropnt2
zeropnta			zeropnt
zeropntj			zeropnt
zeroteam			zeroteam
zeroteama			zeroteam
zeroteamb			zeroteam
zeroteamc			zeroteam
zeroteamd			zeroteam
zeroteame			zeroteam
zeroteams			zeroteam
zeroteamsr			zeroteam
zerotime			galaxian
zerotimea			galaxian
zerotimeb			galaxian
zerotimed			galaxian
zerotimemc			galaxian
zerotm2k			zeroteam
zerotrgt			zerotrgt
zerotrgta			zerotrgt
zerowing			zerowing
zerowing1			zerowing
zerowingw			zerowing
zerozone			zerozone
zigzagb			zigzagb
zigzagb2			zigzagb
zingzip			zingzip
zingzipbl			zingzip
zintrckb			zintrckb
zipzap			zipzap
zipzapa			zipzap
znpwfv			znpwfv
znpwfvt			znpwfv
zoar			zoar
zodiack			zodiack
zokumahj			mhhonban
zokuoten			zokuoten
zokuotena			zokuoten
zombraid			zombraid
zombraidp			zombraid
zombraidpj			zombraid
zombrvn			zombrvn
zombrvne			zombrvn
zombrvno			zombrvn
zookeep			zookeep
zookeep2			zookeep
zookeep3			zookeep
zookeepbl			zookeep
zoom909			buckrog
zooo			zooo
zortonbr			zortonbr
zortonbr_100			zortonbr
zuanshi2			sstar97
zunkyou			zunkyou
zunou			zunou
zupapa			zupapa
zwackery			zwackery
zzyzzyxx			zzyzzyxx
zzyzzyxx2			zzyzzyxx
