#key	synopsis
005	Neste jogo de furtividade, o objetivo é atravessar um cenário que lembra um labirinto, evitando inimigos a fim de levar uma pilha de documentos secretos para extração via helicóptero. O protagonista - o agente espião 005 - pode entrar em armazéns e prédios no caminho para evitar ser visto.
10yard	10-Yard Fight é um simples jogo de arcade baseado em futebol americano. Um jogador pode jogar contra o computador ou contra um segundo jogador e pode escolher entre cinco níveis de dificuldade (ensino médio, faculdade, profissional, playoffs e Super Bowl). Se você vencer um jogo em um nível de dificuldade mais baixo, a partida seguinte automaticamente será no próximo nível de difivuldade. A jogabilidade é de cima e de rolagem vertical. Não há jogadas ou formações para selecionar antes da ação começar; o jogador pode pegar o Snap como Quarterback ou escolher um dos dois jogadores na defesa. Na ofensiva, o jogador pode manter a bola em movimento, arremessá-la para um dos dois Running Backs ou fazer um arremesso para receptor; uma interceptação dá a bola para o outro time. Se um touchdown não puder ser marcado, o sistema de chute direcional pode ser usado para chutar a bola ou tentar um Field Goal. Um jogo consiste (em tempo real acelerado) de 30 minutos de partida para decidir quem vence esta luta de 10 jardas.
18wheelr	18 Wheeler - American Pro Trucker é um jogo de corrida contra o tempo de caminhões lançado para o sistema de arcade Naomi. Os jogadores assumem o papel de um caminhoneiro profissional e embarcam em emocionantes jornadas pelas estradas dos Estados Unidos. O objetivo é entregar as cargas dentro do prazo, enfrentando desafios como tráfego intenso e condições climáticas adversas. Com gráficos detalhados e uma jogabilidade intuitiva, o jogo proporciona uma experiência realista de condução de caminhões. Além disso, os jogadores podem competir contra outros caminhoneiros em batalhas de tempo e desafios especiais. Prepare-se para assumir o volante e mostrar suas habilidades nas estradas americanas!
1941	O objetivo é derrubar aviões inimigos e coletar power-ups de armas (POW). Só é capaz de executar três loops por nível e um bônus é concedido no final do nível para loops não utilizados. O Jogador 1 usa um P-38 Relâmpago e o Jogador 2 usa um Mosquito MkIV. O jogo muda da configuração original da Pacific Front com a da Western Front. O jogo consiste em seis níveis. Foi o primeiro shoot 'em up para adicionar +1 ao placar quando um continue é usado.
1942	&quot;1942&quot; é um shoot-em-up de rolagem vertical ambientado no teatro do Pacífico durante a Segunda Guerra Mundial, no qual o objetivo é chegar a Tóquio e destruir toda a frota aérea japonesa. O jogador pilota um avião apelidado de &quot;Super Ace&quot; (sua aparência é a de um Lockheed P-38 Lightning) e tem que abater ondas de aviões inimigos, evitando o fogo inimigo. O 'Super Ace' pode realizar um número limitado de rolagens ou 'loop-the-loops' para escapar de aviões e tiros inimigos.
1943	O jogo é ambientado no teatro do Pacífico da Segunda Guerra Mundial, ao largo da costa do Atol Midway. O objetivo é atacar a frota aérea japonesa que bombardeou a American Aircraft Carrier dos jogadores, perseguir todas as forças aéreas e marítimas japonesas, voar pelos 16 níveis de jogo, chegar ao navio de guerra japonês Yamato e destruí-la. 11 níveis consistem numa batalha entre o ar e o mar (com um enorme navio de guerra ou um porta-aviões como chefe de nível final), enquanto 5 níveis consistem numa batalha aérea contra um esquadrão de bombardeiros japoneses e um bombista-mãe que precisa de ser destruído.
1943kai	Esta é uma versão aprimorada de 1943: The Battle of Midway, com a maioria dos gráficos e sons reformulados. Há também mudanças nas armas e a inclusão de itens anacrônicos, como aviões da Segunda Guerra Mundial e navios que correm em terra. O jogador controla um biplano Boeing Stearman E75 N68828 em vez do P-38.
1943mii	1943: The Battle of Midway Mark II é um jogo de arcade de rolagem vertical lançado exclusivamente no Japão pela Capcom em junho de 1988. É o terceiro jogo da série 19XX, uma atualização de 1943: The Battle Of Midway, lançada um ano antes. O título deste jogo é traduzido do japonês como &quot;1943 Modificado - Batalha Naval Midway&quot; Não é uma sequência adequada em si, 1943 Kai é um re-vamp do Japão original em 1943 que mantém a mesma configuração e jogabilidade, enquanto faz alguns pequenos ajustes aqui e ali por causa da variedade.
1944	O jogo se passa nas acaloradas batalhas de 1944, durante a Segunda Guerra Mundial, quando um super-piloto tenta derrotar um exército inteiro. O jogo funciona e joga como a maioria dos shooters. O objetivo de todos os níveis é atirar em aviões inimigos, tanques, trens, torres de batalha e derrotar o chefe após cada nível. Ao contrário de seu antecessor, 19XX: The War Against Destiny, o jogo é mais parecido com os primeiros jogos da série.
1945kiii	Um shooter vertical coreano que é um plágio de &quot;Strikers 1945 III&quot;
19xx	19XX: A guerra contra o destino é um jogo de (arcade scrolling shooter) vertical feito pela Capcom em 1995 (com direitos do autor em 1996). O jogo é o quarto de uma série de shooters verticais da II Guerra Mundial feitos pela Capcom. A história se passa antes de uma guerra fictícia (Assim, o 19XX) é como um piloto solitário que tenta derrotar um exercito inteiro antes de outra Guerra Mundial começar, tudo isso logo se agrava a um apocalipse nuclear.
1on1gov	1 on 1 Government é um jogo de basquete de rua 3D desenvolvido e lançado pela Jorudan (em conjunto com a Tecmo) para fliperamas exclusivamente no Japão em 1999. Você joga basquete de rua um contra um, deve usar suas habilidades na quadra, como movimento de guarda, dribles e enterradas, mas incluindo algumas táticas ilegais, como socos e chutes, mas sem falta, é apenas competir e ganhar o jogo, não importa como! A sequência do jogo original de PS1 1 em 1, Government adiciona um novo modo de jogo dois contra dois (conhecido como &quot;2 contra 2&quot;) e dois personagens jogáveis adicionais (com todos os personagens desbloqueados desde o início). Mais tarde, foi portado para o Sony PlayStation exclusivamente no Japão em 2 de maio de 2000. Publicado pela D3Publisher, foi lançado como parte da série Simple 1500 (como Simple 1500 Series Vol. 30: The Basket - 1 on 1 Plus).
2020bb	No ano 2020, o baseball finalmente evoluiu. Não há mais baseball profissional convencional em 2020. O Baseball projetado pela Super Baseball Association foi muito popular e é o melhor esporte. No entanto, a verdade é que a associação usou uma soma colossal de dinheiro para promover o Super Baseball como show business. Eles manipularam a habilidade de cada jogador usando o computador de controle para decidir secretamente a vitória ou a derrota em cada jogo. Os jogadores que conheciam isso removeram as partes de conexão do computador para jogar seu próprio jogo de baseball. Finalmente, um jogo justo será jogado no Cyber Egg Stadium. Em 2020, o Super Baseball é um jogo acelerado com novas regras, onde você pode selecionar 1 de 12 homens, mulheres ou jogadores de robôs. Durante o jogo, você pode fortalecer sua equipe com os prêmios obtidos de capturas surpreendentes.
280zzzap	Ação emocionante combina habilidades contra curvas apertadas... retas rápidas... curvas em S e muito mais para uma verdadeira emoção ao dirigir!
39in1	Uma extensa coleção inclui os seguintes jogos: 1. &quot;Ms. Pac-Man&quot; 2. &quot;Galaga&quot; 3. &quot;Frogger&quot; 4. &quot;Donkey Kong&quot; 5. &quot;Donkey Kong Jr.&quot; 6. &quot;Donkey Kong 3&quot; 7. &quot;Galaxian&quot; 8. &quot;Dig Dug&quot; 9. &quot;Crush Roller&quot; 10. &quot;Mr. Do!&quot; 11. &quot;Space Invaders&quot; 12. &quot;Pac-Man&quot; 13. &quot;Galaga 3&quot; 14. &quot;Gyruss&quot; 15. &quot;Tank Battalion&quot; 16. &quot;1942&quot; 17. &quot;Lady Bug&quot; 18. &quot;Burger Time&quot; 19. &quot;Mappy&quot; 20. &quot;Centipede&quot; 21. &quot;Millipede&quot; 22. &quot;Jr. Pac-Man&quot; 23. &quot;Pengo&quot; 24. &quot;Phoenix&quot; 25. &quot;Time Pilot&quot; 26. &quot;Super Cobra&quot; 27. &quot;Hustler&quot; 28. &quot;Space Panic&quot; 29. &quot;Super Breakout&quot; 30. &quot;New Rally-X&quot; 31. &quot;Arkanoid&quot; 32. &quot;Qix&quot; 33. &quot;Juno First&quot; 34. &quot;Xevious&quot; 35. &quot;Mr. Do's Castle&quot; 36. &quot;Moon Cresta&quot; 37. &quot;Pinball Action&quot; 38. &quot;Scramble&quot; 39. &quot;Super Pac-Man&quot;
3bagfull	Um jogo simples de caça-níqueis em que você ganha ou perde créditos dependendo do seu resultado.
3cdpoker	O 3 Cards Poker 96 (também conhecido como 3 Card Poker ou 3 Cards Poker) é um jogo de caça-níqueis de vídeo executado no hardware &quot;Golden Star&quot; / &quot;Cherry Master&quot; lançado em 1995 pela Armaly Labs. É baseado no jogo de mesmo nome criado por Derek Webb em 1994. Um cruzamento rápido entre blackjack e pôquer de mesa. Tornou-se rapidamente um dos jogos de cassino mais populares devido aos seus grandes pagamentos e regras fáceis de entender.
3countb	3 Count Bout é um jogo de luta individualizado. Escolha entre dez lutadores que têm seus próprios ataques de poder. Há dez rodadas no jogo, e cada uma delas tem lutado contra outros lutadores que são muito mais resistentes do que os anteriores. Você derrota cada um, mordendo, chutando e executando outros movimentos até o ponto em que seu medidor de dano está vazio. Mas só porque está vazio não significa que você ganhe. Você deve colocá-lo para a contagem infame-três. Também possui jogadas competitivas e batalhas de tag match.
3on3dunk	3 On 3 Dunk Madness é um jogo de basquete ao estilo nba jam. Atenção especial ao modo de 4 jogadores cooperativo o qual realmente é muito divertido.
3wonders	Three Wonders, é um jogo de arcade feito pela Capcom em 1991 usando a plataforma Capcom Play System (CPS1). Ele continha três jogos dos quais um jogador pode escolher: Midnight Wanderers: Quest for the Chariot - Um jogo de plataforma que vê o jogador controlar um hobbit chamado Lou e seu companheiro de viagem, Siva, para correr, escalar e atirar em inimigos; Chariot: Aventura através do céu - Um shoot 'em up jogo com os personagens de Midnight Wanderers, mas em um jogo do tipo Gradius e; Don't Pull- Um jogo de quebra-cabeça semelhante a jogos como a série Eggerland, Pengo e Capcom próprio jogo de puzzle Navio Pirata Higemaru que envolve empurrar blocos para esmagar monstros.
3x3puzzl	3×3 Puzzle é uma compilação de 3 jogos de quebra-cabeça desenvolvida em 1998 pela Ace Enterpise.
4dwarrio	Neste shoot 'em up horizontal, o herói é capaz de alternar entre duas dimensões subindo até o alto da tela: a vermelha e a azul - apenas a segunda tem gravidade. Além dessas, painéis verdes e um monstro vermelho levam o protagonista para outras dimensões. Como esperado, é possível coletar power-ups para melhorar os tiros e enfrentar inimigos aos montes e chefes perigosos.
4enraya	Um jogo de quebra-cabeça da Espanha. Alinhe suas peças 4 em uma linha vertical, horizontal ou diagonal. Você também pode atirar na peça do oponente para cancelar o turno.
4in1	Esse sistema multijogos permite que você selecione entre quatro jogos diferentes: &quot;Galactic Convoy&quot; &quot;Scramble Pt2&quot; &quot;Galaxian Pt5&quot; &quot;The Ghost Muncher Pt3&quot;
64street	Dois personagens selecionáveis, Rick e Allen. Cada detetive particular usa diferentes estilos de luta. Muitos itens especiais podem ser encontrados jogando inimigos no cenário e quebrando objetos, típico desse popular gênero de fliperama dos anos 90. Ao longo do caminho, eles são atacados por todos os tipos de bandidos, cujas fantasias variam de roupas de hip-hop dos anos 1980 a piratas estereotipados. Os chefes são difíceis graças a poderosos ataques especiais.
7mezzo	7 E Mezzo é um jogo de cartas italiano semelhante ao Blackjack. O objetivo do jogo é fazer com que o total das cartas ultrapasse o total do dealer, mas não ultrapasse 7 e meio. O 7 e meio é jogado com um baralho de 40 cartas. Você pode escolher entre cartas napolitanas de estilo espanhol.
7ordi	7 Ordi é um jogo de medalha de sete cartas. Uma vez que o jogador atinja o número mínimo de créditos, ele recebe uma mão. Três cartas são distribuídas ao jogador e ao computador e uma carta é escolhida para aparecer com a face para cima. Em seguida, é distribuída uma carta e ocorre uma rodada de apostas. Mais duas cartas são distribuídas com uma rodada de apostas após cada uma. Em seguida, mais uma carta é dada com a face para baixo e mais uma rodada de apostas.
7smash	Em &quot;7 Smash&quot;, os jogadores apostam e jogam em uma máquina de arcade com o objetivo de formar combinações vencedoras que lhes permitam ganhar prêmios. O jogo envolve a estratégia de apostas e a sorte, elementos comuns em jogos de cassino. A ambientação e a jogabilidade são projetadas para proporcionar uma experiência emocionante e envolvente para os jogadores.
88games	'88 Games (conhecido como &quot;Hyper Sports Special&quot; no Japão) é o terceiro capítulo da série &quot;Track & Field&quot; da Konami. Como o nome indica, o jogador deve competir nos Jogos Olímpicos de Verão de 1988 através de oito eventos: corrida de 100m, salto em distância, revezamento de 400m, tiro ao alvo, obstáculos de 110m, tiro com arco, lançamento de dardo e salto em altura. O objetivo é se qualificar para todas as finais através de uma primeira rodada do evento e, em seguida, ganhar a medalha de ouro em cada uma delas. '88 Games foi lançado em julho de 1988 no Japão.
9ballsht	Então, você acha que sabe jogar sinuca? Então desafie o 9 BALL SHOOTOUT'S Dirty Dozen. Eightbull Tex Shooter Cut Throat Trixie Shotz Sumo Sa Me Rosa Stripes Jack Hammer Fix Pocket Jumpin' Johnny Joe Confidence Man Suzy Cue Major Domo 9 BALL SHOOTOUT, bilhar tão real que você quase pode sentir o feltro. Finalmente, um salão de bilhar que cabe em quase qualquer lugar.
aafb	Emocionante! Autêntico! O melhor jogo de esportes em vídeo JOGO DE CORRIDA e JOGO DE PASSE. Qual escolher para atacar? Selecione uma das oito formações. Os jogadores podem usar o chute de punt ou de field goal, para que possam desfrutar de um jogo tão empolgante e emocionante quanto um jogo real. O &quot;ALL AMERICAN FOOTBALL&quot; pode ser jogado por apenas um jogador ou junto com um amigo. Garantimos que ele se tornará o jogo número 1 em seu local!
abcheck	Desafio seu conhecimento e criatividade com o quiz bizarro &quot;Abnormal Check&quot; da Namco (1996). Perguntas e desafios inusitados te esperam neste arcade japonês repleto de gráficos simples e jogabilidade viciante.
abcop	A.B. Cop é um jogo de corrida com tema futurista da Sega no qual o jogador assume o papel de um policial, pilotando uma hover-bike fortemente blindada e armada, que deve perseguir e destruir os perpetradores de um assalto à mão armada antes que o tempo limite expire. A.B. Cop lembra muito a lenda das corridas da Taito, &quot;Chase HQ&quot;, lançada dois anos antes.
aburner	É um jogo de arcade japonês de 1987 da Sega. Este é o primeiro da série After Burner. É um dos primeiros jogos desenhados por Yu Suzuki. O jogo permite controlar um jato F-14 Tomcat que deve destruir uma série de aviões inimigos em 18 etapas. A aeronave emprega uma metralhadora e um conjunto limitado de mísseis. Essas armas são reabastecidas por outro avião após vencer algumas etapas. Os botões de aviões, canhões e mísseis são controlados por um joystick integrado. O jogo em si foi lançado em duas variantes: uma versão de gabinete vertical padrão e uma cabine giratória. No cockpit, o assento é girado horizontalmente, enquanto o cockpit é girado verticalmente.
aburner2	After Burner 2 é outro jogo da Sega, onde os jogadores devem lutar por 21 fases coloridas e rápidas, abatendo ondas de caças inimigos enquanto evitam os mísseis inimigos. O F14 é equipado com uma metralhadora e um número limitado de mísseis teleguiados. A arma tem munição infinita e a mira é obtida manobrando o F14 Tomcat para que o cursor de mira situado logo na frente do jato seja colocado sobre um caça inimigo. Você está encurralado e não há tempo para pensar. Está cercado por um enxame de aviões inimigos e mais estão se aproximando da frente a uma velocidade de 5 Mach. Você começa a disparar suas metralhadoras, mas não conseguirá acertar nada devido à incrível velocidade do ataque. Mergulhe e gire! Faça um giro de 360 ​​graus enquanto o inimigo gira tão perto que você quase toca as pontas das asas.
ace	Um jogo de combate aéreo para dois jogadores em que cada jogador controla um biplano e tentava derrubar seu oponente. Quando o avião de um jogador for atingido, o piloto salta e desce lentamente em seu paraquedas.
aceattac	Ace Attacker é um jogo de vôlei com visão superior para um ou dois jogadores. Existem oito equipes nacionais disponíveis (Brasil, Cuba, França, Itália, Japão, Coréia, Rússia, EUA) e as partidas são divididas em seis níveis, desde uma partida eliminatória e três partidas em grupo até a semifinal e depois a final. O nível de dificuldade do oponente do computador aumenta em três etapas, do iniciante ao intermediário, passando pelo especialista. O jogador pode controlar apenas um membro do esquadrão por vez, com a opção de alternar rapidamente entre eles. Companheiros de equipe não controlados pelo jogador são tratados pelo computador. Um jogador pode ser movimentado livremente pela quadra com ações típicas como recepção, passes, bloqueios na rede e golpes. Cada ação está vinculada a um botão diferente.
acedrive	Ace Driver é a adição de 1994 da NAMCO ao género F-1. As 4 equipas em jogo foram a Team Red Lightning, Scuderia Blue Castle, Yellow Cyclone Racing e Green Island Motor Sports. O jogo podia ser jogado por até 4 concorrentes. Havia também um gabinete de luxo com cabines móveis. Ace Driver consistia na seleção do jogador &quot;Classe Iniciante&quot;, &quot;Classe Expert&quot; ou &quot;Classe Expert Pro&quot;. Ace Driver foi também uma sequela de Driver's Eyes, um simulador anterior de F-1 no sistema anterior System 21 &quot;Polygonizer&quot;.
actionhw	O universo é composto de vários quadros em quatro ambientes típicos de Hollywood: Temples of Chaos, Escaliwood, Transilvania e Galaxy War. Você assume o papel de um ator que precisa se apresentar em um tempo limitado assim que a câmera começa a rodar. Você terá que navegar pelos corredores para virar todas as peças enquanto elimina os inimigos e coleta os diversos bônus ocultos. E se o seu desempenho estiver à altura, de vez em quando você receberá um Oscar... É um jogo divertido e de ritmo acelerado, semelhante ao Gauntlet.
ad2083	O ano 2083 d.C. é um jogo de tiro em arcada semelhante ao Time Pilot. Um ou dois jogadores controlam uma nave espacial usando um joystick de 8 direções e um único botão para disparar. A nave é mostrada de uma vista lateral e as naves inimigas aparecem por baixo ou se fundem em segundo plano na batalha antes que possam ser disparadas, usando um efeito pseudo-3D. Também há rolagem lateral que entra em vigor somente quando a nave do jogador se move, aumentando também o efeito 3D à medida que o fundo se move também, mas muito mais devagar. Não há rolagem vertical, mas a rolagem horizontal é interminável, uma vez que envolve.
adpoker	O Automatic Draw Poker é um jogo de pôquer para até nove jogadores. Cada jogador segura a calculadora na sua vez para ver suas cartas e pode abrir, manter, aumentar e desistir. Quando todas as apostas são igualadas, o jogador com a melhor mão ganha. O jogo usa a regra dos jackpots, o que significa que nenhum jogador pode começar a apostar a menos que sua mão contenha pelo menos um par de valetes ou mais. Devido às limitações da tela da calculadora, não há naipes e, portanto, não há possibilidade de flushes.
afighter	O Action Fighter é um shoot'em up com visão aérea da Sega, que se apóia fortemente no clássico de 1983 de Bally Midway, &quot;Spy Hunter&quot;. O jogador começa o jogo andando de moto. Nos níveis seguintes, um carro esportivo, um buggy de praia, um barco, um helicóptero e até um carro de corrida de Fórmula 1 podem ser pilotados. Todos os veículos estão, é claro, totalmente armados para lidar com os muitos veículos inimigos e armas posicionadas com a intenção de interromper o progresso do jogador. Os níveis do helicóptero funcionam como um tiro de rolagem vertical direto e têm mais do que uma semelhança passageira com o &quot;Xevious&quot; da Namco.
agallet	O jogador controla um caça a jato e dispara sobre os inimigos no ar e no solo, recolhe power-ups e derrota bosses para avançar de nível. O jogador deve recolher quatro power-ups para melhorar a sua arma. Existem quatro tipos de armas: L, uma arma laser, S, um drone de suporte, M, um míssil rastreador, e F, Gatling Fire, um tiro de bala vulcana espalhada. Estão disponíveis quatro níveis de power-ups para cada arma, no entanto, cada nível requer a recolha de quatro fichas de power-up. Existem também duas armas especiais de &quot;bomba&quot; disponíveis para recolha - Energy Spark verde para um enxame de bombas de menor potência que cobrem o ecrã e Thunder Drive azul para um ataque mais estreito e focado. O Energy Spark limpa todas as balas do ecrã, enquanto o Thunder Drive limpa apenas as balas que realmente tocam na explosão. Esta explosão começa momentaneamente no topo do jogador, mas avança rapidamente por uma curta distância e permanece estacionária durante alguns segundos antes de se dissipar.
ainferno	Air Inferno é um video game de simulação de voo produzido pela Taito Corporation no território Norte Americano.
airass	Air Assault é um jogo de tiro em aviões onde dispara sobre aviões e tanques inimigos. Usa uma bomba inteligente para causar grandes danos ao inimigo.
airbustr	No ano de 2030, a Terra é repentinamente atacada pelos Mega Load Masters. Charles K. Takeda previu esse evento e se preparou para ele mudando sua família para uma ilha no Pacífico e desenvolvendo uma arma futurista chamada &quot;Buster System&quot;, que é capaz de desconstruir a matéria amplificando as ondas da mente humana. Ele criou duas aeronaves armadas com Buster Systems, Buster 1 e Buster 2, e treinou seus filhos, Holly e Mike, para pilotá-los.
airduel	O jogador escolhe entre um caça a jato ou um helicóptero, dispara sobre os inimigos no ar e no solo, recolhe power-ups e derrota bosses para avançar de nível. &quot;Air Duel&quot; é um jogo desafiante, e os níveis posteriores podem tornar-se quase impossíveis de jogar se uma única vida for perdida.
airtrix	Air Trix é um jogo de skateboarding emocionante que leva os jogadores a realizar manobras radicais no ar. Explore diferentes pistas cheias de rampas, corrimãos e obstáculos desafiadores. Com gráficos impressionantes e controles intuitivos, você terá total liberdade para executar truques e combos incríveis. Domine os movimentos aéreos, como flips e grabs, enquanto desafia seus amigos em emocionantes competições multiplayer. Prepare-se para voar pelos céus e se tornar o skatista mais habilidoso em Air Trix!
airwlkrs	Air Walkers é um jogo de basquete não lançado pela Data East para o hardware Sega Model2. Felizmente, um protótipo foi descartado para evitar que esse jogo fosse completamente esquecido.
airwolf	A música, os gráficos, o air wolf... sim, a adaptação dessa lendária série, com aquele impressionante helicóptero de combate... infelizmente, o jogo em si não é nada impressionante... É um jogo de tiro horizontal que envelheceu... Gráficos simples que não despertam nostalgia, ação moderadamente interessante, a síndrome da licença fracassada já havia começado? Como fã de jogos de tiro, não posso recomendá-lo em vez de P-47, por exemplo, no mesmo gênero, a menos que você seja fã da série de TV!
ajax	O jogador recebeu uma ordem de emergência. Ele deve salvar a terra de ser conquistada pelas forças inimigas. Ele entra em seu helicóptero e se prepara para um intenso combate aéreo. Atirando em aviões inimigos e bombardeando os inimigos abaixo, ele tenta percorrer os diferentes estágios para alcançar a base inimiga. Quando ele termina a primeira etapa, ele é transportado para sua próxima missão por um porta-aviões. Ele pula em seus caças, tanques, navios, helicópteros e porta-aviões. O jogador também deve estar ciente de inimigos invisíveis e ataques surpresa.
akkaarrh	O jogo em si é um jogo de nave espacial controlado com um trackball. Sua nave espacial fica no centro da tela e você controla um cursor que representa os sistemas de armas da nave. O mais interessante desse jogo foi o fato de ter um botão de zoom que permite ampliar a área mais próxima da nave.
alcon	Em 2059, a organização ALCON nomeou-o piloto do Slap Fighter para derrotar os extraterrestres que ocupam o planeta Orac. A principal caraterística do jogo é o seu sistema de coleção. Recolhe estrelas dos destroços fumegantes dos seus inimigos e escolhe o melhoramento que deseja: uma estrela dá-lhe um escudo, duas estrelas dão-lhe poder de disparo, três estrelas dão-lhe poder de disparo lateral, quatro estrelas dão-lhe melhoramentos nas asas, cinco estrelas dão-lhe uma bomba, seis estrelas dão-lhe poder de disparo laser, sete estrelas dão-lhe mísseis guiados e oito estrelas dão-lhe melhoramentos no escudo. O míssil teleguiado é provavelmente a arma mais poderosa.
alexkidd	Alex Kidd: The Lost Stars apresenta Alex Kidd e Stella (controlado pelo jogador 2) em busca dos doze signos do Zodíaco. A missão de Alex é percorrer cada nível, derrubando os inimigos e obtendo as seis bolas milagrosas. Essas bolas estão escondidas dentro de lugares incomuns como ovos de ouro, o navio fora de ação Fantasy Zone, conchas, presentes de Natal, abóboras e sinos de mesa. Os níveis incluem Toy World, Machine World, World of Make Believe, Water World e Monster World.
alibaba	&quot;Ali Baba e os 40 Ladrões&quot; é um jogo de arcade em que o jogador deve utilizar um joystick de quatro direções para assumir o controle do homônimo Ali Baba, que deve afastar e matar os quarenta ladrões enquanto eles tentam roubar seu dinheiro; no início do jogo, Ali Baba entra na sala no topo da tela enquanto o texto &quot;Open Sesame&quot; aparece acima dele, pega os sete sacos de dinheiro e os leva para a sala na parte inferior da tela. Agora ele terá que bater em cada um dos quarenta ladrões quando eles entrarem na sala - mas se um deles chegar à sala na parte inferior da tela, ele pegará um dos sete sacos de dinheiro e tentará levá-lo de volta para a sala na parte superior da tela. Se os ladrões levarem todos os sete sacos de dinheiro para o topo da tela, isso custará uma vida a Ali Baba; mas, se ele &quot;acertar&quot; todos os quarenta ladrões sem que isso aconteça (exceto o grande e invulnerável vermelho), ele avançará para o próximo nível.
alien3	Alien 3: The Gun é um jogo de tiro em que o jogador usa uma grande arma de luz, modelada a partir do M41A Pulse Rifle apresentado em Aliens, para matar várias criaturas alienígenas, como facehuggers e soldados, ao contrário do filme, que apresentou apenas três alienígenas (incluindo um facehugger, um alien runner e um queen chestburster). O jogador controla um fuzileiro naval dos EUA que tem a tarefa de chegar à colônia prisional apresentada no filme, a fim de resgatar prisioneiros que estão sob ataque dos alienígenas. O jogo é jogado em sete níveis e apresenta vários inimigos chefes, incluindo um facehugger gigante. Power-ups, como um lança-chamas, estão disponíveis para o jogador durante todo o jogo. Um ou dois jogadores podem assumir o papel de um par de fuzileiros navais dos Estados Unidos em uma versão alterada do enredo do filme.
aliencha	Alien Challenge é um jogo 2D contra luta no qual você assume o controle de um dos oito deuses caídos (de acordo com a história de introdução) e participa de um torneio de luta. Os lutadores para escolher são o ninja Jean Paul, a guerreira Melanie, o jogador de futebol americano Dougster, o lobisomem Fang, o bobo da corte Drew, o lutador oriental Nic-San, Burnie Burnie e o dourado Stevareno. Cada lutador tem suas próprias técnicas de luta, que incluem chute, soco e ataques especiais. As lutas são melhores de três. Depois de derrotar os lutadores jogáveis, o chefe não jogável, o velho Claus, deve ser derrotado. Sob certas condições, segue-se um nível de bônus em que você tem que destruir tantos objetos quanto possível antes que o tempo acabe para aumentar sua pontuação. Você pode jogar sozinho ou contra um amigo.
aliens	Aliens é um jogo de rolagem 'n' gun para um ou dois jogadores, baseado no clássico filme de ficção científica de 1986 de mesmo nome. Os jogadores assumem o papel de Ellen Ripley (no jogo para um jogador) ou Corporal Hicks (no jogo para dois jogadores) e devem abrir caminho pelos níveis infestados de alienígenas da base do LV426 para escaparem juntos com ' Newt ', a garotinha que sobreviveu à invasão alienígena de seu assentamento.
aliensyn	Mais uma vez, os extraterrestres estão a tornar a vida dos humanos miserável. O jogador assume o papel de Ricky ou Mary, parte de um grupo raptado por extraterrestres. A bordo da nave dos raptores, a missão do jogador é resgatar o maior número possível de prisioneiros num tempo limitado e escapar, evitando os ataques dos alienígenas. Para o efeito, o jogador tem à sua disposição um arsenal variado. O clímax é uma batalha épica contra a rainha-mãe dos alienígenas.
aligator	Estranhos alien com aparência de réptil estão invadindo a Terra e competem com os soldados mais corajosos e habilidosos (aparentemente uma dupla de jovens de skate!) Para parar a invasão e destruir a base inimiga. Apresenta bons gráficos e excelente jogabilidade de shoot'em up, que é bastante semelhante a &quot;Cabal&quot; e &quot;Blood Bros.&quot;.
alinvade	Um clone do Space Invaders, exceto pelo uso de personagens gráficos próprios. É usado um monitor P&B com vários géis de cores. Usa sons discretos semelhantes aos de computador em vez dos sons discretos originais da Taito ou da Bally/Midway.
alpham2	O pesadelo lunar da sangrenta guerra espacial de 200 anos pensava-se ter acabado no ALPHA MISSION &quot;original&quot;. Mas agora, com o advento de armas tecnicamente mais sofisticadas, o malvado &quot;Fulvar&quot; e sua &quot;Aliança Sete Estrelas&quot; voltaram a destruir todos os planetas que estão no caminho do alvo final ... Terra! Agora no ano de 2525! Sua missão como piloto do novo caça SYD-FX é usar todas as armas à sua disposição para livrar a galáxia de uma vez por todas do mal que agora domina e ameaça a Terra. Portanto, prepare-se, prenda a respiração e prepare-se para gráficos inacreditáveis e som estéreo que o levarão para o profundo, escuro espaço interior. Esteja preparado ... você pode nunca mais voltar!
alpilot	O jogo apresenta duas opções? treinamento ou vôo livre. O treinamento leva você a uma série de testes básicos destinados a testar sua proficiência geral como piloto. Estes variam de simples decolagens e manobras bancárias até vôos perigosos, com falha de motor simulada e más condições climáticas. Nesse modo, a maioria dos controles de vôo não é usada, deixando o jogador simplesmente para pilotar a aeronave com o bastão de vôo. No modo de voo livre, o jogo se torna muito mais parecido com um simulador real. O jogador deve usar os controles de aceleração, flaps, material rodante e ajustes de pitch & yaw para pilotar o avião através de uma série de anéis gerados por computador. Texto e fala na tela alertam os jogadores sobre quando e como usar esses controles. Cada anel passado adiciona tempo ao temporizador na tela, que, ao chegar a zero, termina o jogo.
alpilotj	O jogo apresenta duas opções? treinamento ou vôo livre. O treinamento leva você a uma série de testes básicos destinados a testar sua proficiência geral como piloto. Estes variam de simples decolagens e manobras bancárias até vôos perigosos, com falha de motor simulada e más condições climáticas. Nesse modo, a maioria dos controles de vôo não é usada, deixando o jogador simplesmente para pilotar a aeronave com o bastão de vôo. No modo de voo livre, o jogo se torna muito mais parecido com um simulador real. O jogador deve usar os controles de aceleração, flaps, material rodante e ajustes de pitch & yaw para pilotar o avião através de uma série de anéis gerados por computador. Texto e fala na tela alertam os jogadores sobre quando e como usar esses controles. Cada anel passado adiciona tempo ao temporizador na tela, que, ao chegar a zero, termina o jogo.
altair	Com elementos de Phoenix e Moon Cresta, o jogador controla uma nave que pode se mover pela tela, destruindo naves inimigas. O jogo é dividido em fases e tem um dos primeiros chefes finais da história dos jogos de tiro.
altbeast	Uma aventura clássica em um tempo no qual deuses e guerreiros dividiam o controle do mundo. Em Altered Beast você será um lutador enviado por Zeus para resgatar sua filha Athena, seqüestrada pelo terrível Neff. Com a capacidade de transformar-se em criaturas mitológicas com super poderes, você terá muitos perigos para enfrentar. Encontre três Bolas do Espírito e, como um lobisomem, use suas garras e dentes para despedaçar seus inimigos. Nas fases seguintes, voe como o Homem-Dragão e encare os desafios de cavernas como o Homem-Urso. Use a força e agilidade do Homem-Tigre para entrar na fortaleza do demônio Neff, e no final o Lobisomem Dourado poderá mostrar quem é o melhor. Você é capaz de vencer esta batalha da mitologia? Só Zeus sabe!
amazon	Soldier Girl Amazon é um shooter 2D de visão aérea, semelhante ao Comando, Ikari Warriors e muitos outros atiradores. A heroína principal é a Mighty Fighting Amazon - uma guerreira com um escudo, capaz de disparar explosões de energia de sua espada mágica. A jogabilidade é muito simples e direta: ela avança e atira nos inimigos. O jogador também pode encontrar uma moto especial, um veículo que é rápido e oferece defesa adicional. Os jogos têm oito territórios.
ambush	Um antigo jogo de tiro. Primeiro, você precisa colocar sua nave no ar pressionando alternadamente os botões esquerdo e direito. Em seguida, você deve tentar se defender das naves inimigas.
amerdart	Os dardos são posicionados com a Trac Ball, travados usando um botão iluminado &quot;Lock&quot; e lançados rolando a trac-ball. Há cinco variações diferentes de jogos, incluindo: FLASH (um jogo de olho de boi), Sector Shoot-Out (um jogo de alvos numerados), 301 (o jogo de dardos tradicional), High Score e Cricket (um jogo de entradas/pontos). O jogo também inclui sequências cômicas que permitem que o jogador saiba quando se saiu bem ou mal.
amidar	Amidar é um jogo de arcade abstrato no qual os jogadores devem 'colorir' todos os retângulos da tela. Cada nível tem vários inimigos de patrulha chamados 'Amidars' que devem ser evitados, mas os jogadores são auxiliados em sua tarefa com a inclusão de um botão JUMP que, quando usado, faz com que todos os inimigos na tela pulem, dando tempo ao jogador para escapar. Existem apenas três 'saltos' dados por nível, no entanto. Em níveis ímpares, o personagem do jogador é um gorila que come cocos; em níveis pares, é um rolo de pintura. Os inimigos Amidars do jogo são selvagens e porcos, respectivamente. Sempre que uma parte retangular do tabuleiro é limpa (coletando todos os cocos circundantes ou pintando todas as bordas circundantes), o retângulo é colorido nos níveis pares e iguais, pontos de bônus são concedidos, enquanto nos níveis ímpares, os pontos são concedido por cada coco consumido.
ampoker2	O produto principal da AGI, o American Poker II, utiliza um baralho padrão de 52 cartas mais 1 carta de Coringa. A carta de Coringa substitui qualquer outra carta. O jogador faz uma aposta para a primeira distribuição de cartas e pode então optar por comprar um segundo sorteio. A combinação vencedora &quot;Valetes ou Melhor&quot; só é paga se um segundo sorteio for comprado.
amspdwy	O American Speedway é um jogo de corrida de tela fixa de cima para baixo para um ou dois jogadores simultaneamente. O gabinete de pé dedicado tem um ou dois volantes, e ambos os jogadores usam a mesma tela. No entanto, o jogo também pode ser instalado em vários outros tipos de gabinetes. As corridas consistem em rodadas de qualificação ou de competição. Em uma rodada de qualificação, cinco voltas precisam ser completadas em 60 segundos, independentemente da posição dos outros pilotos. Nas rodadas de competição, cinco voltas também precisam ser concluídas, mas o jogador precisa terminar em primeiro lugar (5.000 pontos) ou em segundo lugar (2.500 pontos) para avançar.
amusco	&quot;American Music Poker&quot; combina a clássica jogabilidade do poker com uma trilha sonora vibrante e temática americana. Os jogadores inserem moedas para receber uma mão de cartas e podem optar por manter ou trocar cartas em um estilo típico de &quot;draw poker&quot;. O objetivo é formar a melhor mão possível para ganhar créditos e continuar jogando. O diferencial deste jogo é a integração de música e elementos visuais que capturam a cultura americana, tornando-o uma experiência mais envolvente do que os jogos de poker eletrônico tradicionais.
androdun	A invasão de uma fonte de vida desconhecida está piorando. Ninguém sabe se a linha defensiva ou o coração da base inimiga está arruinada. Com a esperança do povo, o caça mais avançado será enviado para o espaço. Lute em sete etapas neste jogo de rolagem horizontal e derrote um chefe no final de cada uma. Você começa o jogo com quatro armas principais, das quais você pode trocar com o clique de um botão.
androidp	The game is set in a dystopian future where players control an android who must navigate a series of labyrinths and face robotic enemies. The main objective of the game is to collect keys and other essential items to unlock new areas and advance through the levels, avoiding or destroying enemies along the way.
angelkds	Angel Kids é um jogo de escalada onde os jogadores se revezam no controle de duas crianças segurando uma corda. Puxe os dois joysticks para fora e a corda ficará presa. No momento certo, isso lança uma terceira criança nos balões. Os balões se movem pela tela, com sete telas de altura. Enquanto a garota está no ar, a tela se divide para cobrir a distância. Você deve empurrar para cima para mover as crianças para frente com a corda.
animechmp	Enfrente seus oponentes em batalhas de ritmo acelerado, utilizando os golpes e combos de seus personagens favoritos de animes como Dragon Ball, Sailor Moon e Gundam. Cada minigame desafia suas habilidades e reflexos, proporcionando uma experiência de jogo única e empolgante. Anime Champ: lute, divirta-se e torne-se o campeão dos animes!
anmlbskt	Animal Basket (conhecido no Japão como Hustle Tamaire Kyousou) é um jogo de arcade lançado em 2005 pela MOSS/Sammy. É um jogo para até 2 jogadores baseado no conceito japonês de tamaire (Tamaire é um jogo tradicionalmente praticado por crianças japonesas do ensino fundamental em festivais esportivos. Requer aproximadamente 200 bolas cheias, duas cestas e dois postes para sustentar as cestas. Qualquer número de crianças pode participar), com temática de animais e lançado em 24 de janeiro de 2005.
aodk	Aggressors of Dark Kombat é outro jogo de luta de rua mano-a-mano da biblioteca interminável de jogos de luta do Neo-Geo. Ele coloca 8 lutadores de diferentes estilos e forças um contra o outro em um torneio para ver quem é o mais casca grossa das ruas de Tóquio. Seu objetivo, como de costume, é acabar com a barra de vida de seu oponente dentro do limite de tempo, usando seus ataques básicos e movimentos especiais, evitando seus movimentos e ataques. Aggressors of Dark Kombat é único pois combina vários elementos tradicionais dos beat 'em ups horizontais, o que significa que os personagens podem se mover livremente em um espaço isométrico em vez de ficarem restritos a um único plano de movimento. Armas e itens jogáveis geralmente são jogados na arena pelas multidões e você pode pegá-los e usá-los para causar dano adicional. Além disso, as partidas são apenas de 1 rodada, com uma barra de saúde de várias camadas estendida que permite rodadas mais longas do que o normal.
aof	O enredo de Art of Fighting tem lugar em 1978. Ryo Sakazaki e Robert Garcia partem para encontrar a irmã de Ryo, Yuri, que foi sequestrada por Mr. Big. Mr. Big levou Yuri para atrair Takuma Sakazaki, pai de Ryo e criador do Karatê Kyokugen, e também porque Ryo se recusou a trabalhar para Big. Depois que Ryo e Robert derrotam Mr. Big, eles enfrentam o enigmático Mr. Karate. A história de Art of Fighting termina com uma reviravolta; Yuri está prestes a revelar a verdadeira identidade do Mr. Karate como sendo seu pai Takuma.
aof2	Nesta sequência do Art of Fighting original, e prequela para o Fatal Fury original, ficamos sabendo que o Mr. Karate, o chefe final do jogo original, por de trás da máscara, é realmente Takuma Sakazaki, pai de Ryo e Yuri, que estava sendo usado por Geese Howard para suas próprias más intenções, e que o Mr. Big foi quem havia sequestrado Yuri. Muitos dos problemas que existiam no primeiro jogo foram corrigidos nesta edição (é mais fácil executar movimentos especiais, você não tem mais apenas Ryo ou Robert para escolher no modo 1 jogador, etc.). Todo o elenco do primeiro Art of Fighting está aqui (com as exceções de Todo e Mr. Karate), junto com alguns novos personagens: Takuma Sakazaki, pai de Ryo e Yuri; Yuri Sakazaki, filha de Takuma e irmã de Ryo; Eiji Kisaragi, um inimigo jurado dos Sakazakis; Temjin, um caminhoneiro mongol; e uma versão mais nova de Geese Howard, a quem você enfrenta como o último chefe se você vencer o jogo sem perder uma rodada.
aof3	Neste terceiro e último ato da série Art of Fighting, a história muda de Ryo Sakazaki para seu melhor amigo e rival, Robert Garcia, quando ele se aventura no México para tentar localizar Freia Lawrence, uma amiga de infância, que pediu sua ajuda. No entanto, ele deixa sem o consentimento da Fundação Garcia, que envia um agente chamado Karman Cole para recuperá-lo. Mas nem tudo é tão simples como parece ... porque Robert não é o único a procurar por Freia. Art of Fighting 3: The Path of The Warrior (O Caminho do Guerreiro) possui dez personagens jogáveis com diferentes estilos de luta, um sistema de luta completamente novo baseado em combinações de joystick e botão, e gráficos e animações incrivelmente detalhados.
aoh	The Age Of Heroes: Silkroad 2 é um jogo beat 'em-up de rolagem lateral 2D que coloca os jogadores na pele do lutador Kai, do assassino Shue, do mago Shenmue e do guerreiro Chamuku. A aventura leva você ao longo da Rota da Seda com um total de vinte e cinco inimigos diferentes. Em um país devastado pela guerra, um torneio foi realizado para acabar com a luta entre as várias facções em guerra. Os sete maiores lutadores foram premiados com seu próprio país. No entanto, Ba Wang, o líder da facção Yayool, não estava disposto a reconhecer o reinado dos heróis. Ele os subjugou e os colocou sob seu controle com um feitiço para cumprir suas ordens. Cabe a você recuperar as almas de sete heróis do malvado Ba Wang. Cada personagem tem suas próprias habilidades de ataque e os inimigos são lutadores com temas orientais. Ao longo do caminho, podem ser encontrados itens que reabastecem a saúde, bem como pedras mágicas para diferentes ataques mágicos. O jogo pode ser jogado sozinho ou com um amigo e é uma sequência de The Legend of Silkroad.
apache3	Assuma o comando de um helicóptero AH-64 Apache amarelo e prepare-se para missões eletrizantes em Apache 3, um jogo de tiro em 3D de rolagem vertical lançado em 1988 pela Tatsumi. Desvie do fogo inimigo, derrube aviões e complete objetivos desafiadores em meio a gráficos 3D inovadores, jogabilidade emocionante e uma trilha sonora de heavy metal contagiante. Apache 3: ação aérea épica te espera!
aquarium	Combine peixes coloridos, crie combos explosivos e supere obstáculos para limpar o tabuleiro e alcançar a vitória. Explore diferentes níveis, enfrente desafios crescentes e utilize power-ups para te auxiliar na jornada. Aquarium oferece jogabilidade viciante, gráficos 3D imersivos e uma trilha sonora empolgante, tornando-se uma experiência inesquecível para jogadores de todas as idades.
ar_argh	O que está vindo da colina? É um monstro? Sim, porque nesse jogo de fliperama com influência de Rampage, você joga como um ogro ou um dragão. Ambos estão procurando em uma ilha um ovo que lhes dará superpoderes. O ovo está dentro de um prédio e, para encontrar o certo, você deve continuar destruindo-os, usando o chifre do ogro ou a cauda do dragão. Os humanos também devem ser atacados quando você os vir, pois as catapultas deles o enfraquecem. É possível encontrar alimentos para restaurar a energia, Depois de localizar o ovo, inicia-se uma batalha individual de beat'in up com seu rival - vença cinco dessas batalhas para ganhar o jogo.
arescue	Air Rescue é baseado no jogo Choplifter, mas de uma perspectiva de primeira pessoa, pois você deve pilotar seu helicóptero em território inimigo e resgatar soldados presos. Você deve decolar de sua base e voar para um local de pouso onde seus homens estão esperando. No caminho, você encontrará soldados e uma variedade de veículos que precisam ser explodidos e destruídos com seu canhão ou mísseis. Quando você pousar, você deve esperar os homens correrem em sua direção e embarcar sob fogo. Você só pode transportar oito e em missões posteriores isso significa várias viagens. Quando seu helicóptero estiver cheio, você deve voar de volta para sua base e pousar onde os homens desembarcarão. Se sua cota for maior que 8, decole e resgate o resto. Conforme você voa, seu medidor de combustível fica mais baixo, então você tem que resgatar os homens o mais rápido possível. Você pode reabastecer quando voltar para sua base. Se você ficar sem combustível no ar, o jogo acaba.
arkanoid	O conceito original de Breakout envolve controlar um bastão na parte inferior da tela e usá-lo para pegar e direcionar uma bola, a fim de acertar todos os tijolos dispostos na parte superior da tela. Foi impopular por mais de uma década, antes da Taito revivê-lo com algumas novas idéias neste jogo de arcade. A trama do jogo redefine o bastão como uma nave espacial Vaus, a bola como um raio de energia e os tijolos formam uma parede misteriosa que impede o navio de avançar para a segurança.
arkarea	Um jogo de tiro altamente original: você espera por ondas de inimigos atirando sempre na mesma direção. Você pode mudar a orientação pressionando um botão para obter um melhor ângulo de tiro. É muito fluido, com o plano de fundo se movendo mais rapidamente do que a ação em primeiro plano. Há um chefe no final de cada nível e, às vezes, um bônus por atirar com um laser. Interessante, embora um pouco repetitivo, assim como a música assustadora que acompanha o jogo.
armwar	No ano de 2281, a guerra que durou meio século sobre o território entre as Forças do Mundo Unido e o Reino de Raian finalmente chegou ao fim. Mas essa paz não duraria. Um ano após a assinatura de uma trégua entre as duas forças, o ex-capitão do Exército Raiano, Azrael, que se converteu em um ciborgue na tentativa de se tornar &quot;o guerreiro perfeito&quot;, comandou vários outros ciborgues e declarou guerra ao Reino Raiano. Roubando armas móveis do exército, este grupo de trapaceiros invadiu a capital de Merkid e começou a raptar os civis. O Governo do Mundo Unido, recebendo uma mensagem de emergência do planeta Raia, tem apenas uma escolha: organizar e despachar um exército formado em torno de seu corpo de elite, um esquadrão de guerreiros chamado &quot;Bloody Armor&quot;, para erradicar as forças inimigas e resgatar os civis. . E assim, em outubro de 2282, as Forças do Mundo Unido começam a lançar seu ataque ao planeta Raia. A batalha mais intensa na história da humanidade está prestes a começar ...
asndynmt	Asian Dynamite é um jogo de arcade da Sega NAOMI. É conhecido como Dynamite Deka EX no Japão, e é uma sequência direta de Dynamite Deka, ou seja, em sua forma localizada, Asian Dynamite é uma sequência direta de Die Hard Arcade, com referências à franquia do filme removidas. O jogo não foi portado para plataformas domésticas, nem mesmo foi lançado nos EUA. É extremamente semelhante ao Dynamite Cop em design, simplesmente ostentando uma estética asiática atualizada e substituindo Jean Ivy e Eddie Brown por Caroline Powell e Jennifer Genuine, respectivamente.
astorm	Alien Storm é um jogo de ação de rolagem horizontal em que até 3 jogadores assumem o papel de um dos 3 guerreiros futuristas. Os heróis do jogo têm a tarefa de destruir as hordas de alienígenas repugnantes que invadem a Terra. Muitos dos alienígenas estão disfarçados em uma variedade de objetos de rua do dia a dia; como cabines telefônicas, latas de óleo, latas de lixo e caixas de correio. Os alienígenas revelam suas verdadeiras formas conforme os guerreiros se aproximam. Cada um dos 3 heróis carrega sua própria arma individual; Gordon tem sua arma de plasma, Karla tem um lança-chamas e Scooter tem um chicote elétrico. No final de cada nível, os guerreiros entrarão num edifício e a ação de tiroteio mudará para uma perspectiva de primeira pessoa.
astron	Astron Belt é um dos primeiros videogames de laserdisc e atirador de combate espacial em terceira pessoa, lançado em 1983 pela Sega no Japão e licenciado para Bally Midway para lançamento nos Estados Unidos. Desenvolvido em 1982, é comumente citado como o primeiro jogo de laserdisc. Astron Belt é basicamente uma versão aprimorada dos atiradores espaciais simples que eram populares na época. O jogador controla uma nave espacial solitária em uma missão para derrubar sozinho toda a armada inimiga. Naves e lutadores inimigos atiram no jogador, e há minas e outros objetos que devem ser disparados ou evitados. O jogo é dividido em ondas. No final de cada onda está uma nave de comando que deve ser destruída. Em ondas posteriores, os caças inimigos se movem e atiram de forma mais agressiva e seus tiros são mais precisos. Algumas ondas ocorrem em espaço aberto, enquanto outras exigem que o jogador enfrente os inimigos enquanto voa por trincheiras e túneis estreitos.
astyanax	Astyanax é um jogo de ação de plataforma com rolagem lateral ambientado em um mundo de fantasia. O herói decide matar o mago maligno que aterroriza a terra. Ele está armado com um machado e também possui um feitiço de raio mágico que pode ser ligado duas vezes. Atualizações mágicas e poções de saúde podem ser encontradas em pequenos pilares de pedra. O jogador precisa derrotar monstros em vários locais, pulando poços e lutando contra chefes no final dos estágios. A cooperação com dois jogadores é suportada, com o segundo jogador sendo a troca de paleta do Jogador 1. O jogo foi projetado por Tokuhiro Takemori, que trabalhou anteriormente no Legendary Axe, e a mecânica básica do jogo é semelhante - para dar um golpe pesado no eixo, o jogador precisa parar de balançá-lo por um tempo. A versão NES lançada após o jogo Arcade, embora geralmente tenha a mesma jogabilidade, apresenta layouts de níveis completamente diferentes, designs e história de inimigos.
asurabld	Um jogo de luta 1 contra 1 que se passa em um mundo de fantasia. Prepare suas armas! Escolha entre 8 personagens inusitados que podem ser selecionados e lute até o fim neste belíssimo jogo de luta em 2-D baseado em armas. Apresenta gráficos maravilhosos, música e efeitos sonoros legais e controles fáceis de aprender.
asurabus	Três anos se passaram desde que Yashaou matou os poderosos S. Geist e Curfue na poderosa batalha no final de Asura Blade, e um novo cara poderoso está tentando lançar o mundo em tumulto novamente e se tornar rei. No incrível Asura Buster - Eternal Warriors, você deve selecionar seu lutador entre os caras mentais e entrar nas arenas ao redor do mundo destruído para enfrentar desafiantes de todas as esferas da vida e derrotar todos eles para impedir que o personagem maligno se torne rei!
asylum	Um jogo de tiro com visão aérea. O jogador controla um dos três personagens à sua escolha: a garota sexy chamada &quot;Rip&quot;, armada com facas, o pistoleiro chamado &quot;Rak&quot;, armado com uma pistola, e o homem forte chamado &quot;Rol&quot;, armado com uma maça de corrente. Eles precisam escapar de um lugar tenebroso e obscuro, o prédio do Asilo, criado pelo maligno &quot;Mr. Você deve atravessar níveis semelhantes a labirintos enquanto pula e atira em todas as criaturas assustadoras, até encontrar o elevador para sair para o próximo nível e depois lutar para chegar ao topo do asilo para destruir o Sr. G e escapar com vida do local. O jogo apresenta cenas de sangue e sangue com bons sons!
ataxx	O objectivo do jogo é preencher o tabuleiro 7x7 com as suas bolas coloridas. Isto é feito movendo a sua bola adjacente à do seu adversário e devolvendo-a à sua cor. Durante o jogo você pode fazer 2 tipos de movimentos: primeiro, coloque uma bola adjacente a um dos seus próprios duplicados; ou segundo, uma bola pode saltar dois espaços, mas não será duplicada. O número e disposição dos obstáculos no campo muda entre as rodadas, então as estratégias devem ser alteradas para acomodar essas barreiras. Eventualmente, todos os espaços vazios no tabuleiro são preenchidos, e o jogador com os balões mais coloridos ganha. No modo de jogador único se o jogador humano ganhar, ele deve enfrentar um adversário mais difícil na próxima rodada. O jogo termina quando o tempo acabar, independentemente de você estar ganhando ou não. Você pode participar a qualquer momento.
athena	Athena é um jogo clássico da SNK, cujo personagem principal é uma princesa rebelde baseada na deusa grega de mesmo nome. A maioria dos elementos do jogo são baseados na mitologia grega e romana. O jogo também teve versões para NES, ZX Spectrum, Commodore 64 e Amstrad CPC Ainda que tenham o mesmo nome, a Athena deste jogo não é a mesma do jogo Psycho Soldier (também lançado em 1986) e da série The King of Fighters. Athena Asamiya é, na verdade, a descendente da Athena deste jogo.
attackfc	Attack Force é um jogo no qual a nave defensora do jogador acelera em torno de um poste, à medida que as naves inimigas giram e se movimentam no campo de jogo
attckufo	Attack UFO é um clone de Space Invaders. Você tem um tanque na parte inferior da tela que só pode se mover horizontalmente e se proteger em prédios enquanto tenta derrotar os alienígenas que descem do céu em fileiras e, quanto menor o número, mais rápidos eles são.
ausfache	Akatsuki Blitzkampf Ausf.achse é um jogo de luta desenvolvido orginalmente para o sistema de arcade NAOMI. O jogo apresenta um elenco diversificado de personagens com estilos de luta únicos e habilidades especiais. Os jogadores podem participar de batalhas intensas, a versão para NAOMI apresenta um personagem extra chamado &quot;Perfect&quot;. Com gráficos detalhados e animações fluidas, Akatsuki Blitzkampf Ausf.achse oferece uma experiência visualmente impressionante. Além disso, o jogo também possui uma trilha sonora empolgante que complementa a ação frenética. Prepare-se para mostrar suas habilidades de luta neste eletrizante jogo de arcade.
avengers	Avenger a lieu à Paradise City, où le méchant, &quot;Geshita&quot;, a capturé six filles de la ville. L'objectif du joueur (comme Ryu ou Ko) est de bannir &quot;Geshita&quot; de Paradise City une fois pour toutes. Pendant le jeu, le joueur peut ramasser des bonus comme le &quot;Speed Up&quot;, le Super Punch, les Grenades, les Shurikens, le Nunchaku et la santé supplémentaire.
avsp	San Drad, Califórnia, foi invadida pelos Aliens, e o Major melhorado ciberneticamente Dutch Schaefer e a tenente Linn Kurosawa foram abandonados por seus superiores e encurralados por um enxame de batedores Aliens. Antes que eles possam ser mortos, dois Predadores aparecem e destroem os Aliens. Os Predadores oferecem uma aliança com os dois seres humanos, a fim de impedir a infestação de Aliens. Os jogadores controlam até três dos quatro personagens: Dutch, Linn, Predadores Caçador e Predadores Guerreiro, e combatem os Aliens em vários ambientes. No processo, os personagens descobrem que a presença alienígena na Terra é o resultado de um experimento liderado pelo renegado general Bush dos fuzileiros navais coloniais dos EUA em conjunto com a corporação Weyland-Yutani. Eles destroem a colmeia Alien, derrubando um navio militar em San Drad, causando uma enorme explosão. O Predadores Guerreiro, em seguida, dá suas lâminas de pulso para Dutch e Linn em reconhecimento de suas habilidades como guerreiros, antes de os predadores partirem de volta ao espaço.
avtbingo	Nesta adaptação, os jogadores inserem moedas para participar e recebem cartões de bingo virtuais. O jogo exibe números aleatoriamente em uma tela, e os jogadores marcam os números correspondentes em seus cartões. A meta é completar padrões específicos, como linhas, colunas ou diagonais, para ganhar prêmios. &quot;Arrow Bingo&quot; combina a emoção do jogo de azar tradicional com a conveniência e o ritmo acelerado das máquinas de arcade, proporcionando entretenimento tanto para fãs de bingo quanto para frequentadores de salões de jogos e bares.
aztarac	No jogo em si, você pilota um pequeno tanque espacial. O tanque e sua torre são controlados de forma independente, o que permite que você se mova em uma direção enquanto atira em outra. Sua missão é proteger vários postos avançados espaciais de hordas de naves inimigas que se aproximam. Cada nível terá vários postos avançados, todos agrupados no centro. Se uma nave inimiga tocar em um posto avançado, ele será destruído. Você pode ativar um scanner de longo alcance usando o segundo botão. Isso permite que você localize os inimigos antes que eles se aproximem. Dessa forma, você pode voar e pegá-los antes mesmo que eles tenham um tiro contra os postos avançados.
b2b	Depois de escolher o seu personagem favorito (Lazy ou Refia), você chega para uma atração cinemática com nossos heróis em sua nave espacial, pousando no planeta Palua. Sete zonas aguardam jogadores, divididas em vários níveis. Gelo, florestas verdes, imponentes cachoeiras, castelos, montanhas do mal, pirâmides egípcias ... Que mundo! Com tanta diversidade, não há necessidade de dizer que os cenários são variados e os gráficos exóticos!
baddog	Embarque em um duelo de pôquer eletrizante contra o astuto &quot;Bad Dog&quot; em Bad Dog Poker, um jogo de arcade de 1996. Aprimore suas habilidades, utilize estratégias inteligentes e aposte alto para superar o cãozinho trapaceiro e conquistar grandes recompensas. Desfrute de gráficos charmosos, jogabilidade envolvente e a emoção de um cassino virtual na palma da sua mão.
baddudes	O jogo começa na cidade de Nova Iorque, onde o presidente Ronnie foi raptado pelo nefasto DragonNinja. A introdução do jogo começa com o seguinte: &quot;Crimes desenfreados relacionados com ninjas hoje em dia... A Casa Branca não é a excepção...&quot;. Assim que isto ocorre, um agente dos Serviços Secretos pergunta a dois lutadores de rua, chamados Blade e Striker: &quot;O presidente Ronnie foi raptado pelos ninjas. És forte o suficiente para resgatar o Ronnie?&quot;. Ao ouvirem isto, os Bad Dudes perseguem o DragonNinja pelas ruas da cidade, auto-estradas, esgotos, comboio de transporte, floresta, gruta e até à base ninja secreta para salvar o Presidente Ronnie.
badlands	Já se passaram 50 anos desde que o desastre nuclear mudou o mundo para sempre e o esporte das corridas de velocidade é agora uma batalha implacável entre carros armados. As corridas acontecem em trilhos construídos nas ruínas da perigosa zona nuclear conhecida apenas como BADLANDS, com cada corrida ocorrendo em três voltas. Os carros são equipados com canhões voltados para a frente que podem ser usados ??para atirar em corredores rivais para atrasá-los. Os upgrades de mísseis também podem ser ganhos ou comprados, o que destruirá completamente um veículo rival que leva vários segundos para ser substituído. As corridas têm três carros, então sempre há pelo menos um carro drone para competir. Cada pista possui alvos de campo de jogo que podem ser disparados por pontos extras e mísseis bônus e, como com os jogos anteriores da Sprint, chaves de bônus aparecem em intervalos regulares que podem ser coletados e usados ??para melhorar o veículo entre as corridas. As atualizações disponíveis são:Mísseis, Pneus, Turbo, e Velocidade, EscudosnnBad lands possui oito circuitos diferentes, cada um com sua própria configuração e fundo pós-apocalípticos.
bakatono	Bakatonosama Mahjong Manyuki é um jogo de Mahjong para Neo-Geo. Foi desenvolvido pela empresa Monolith em 1991 e distribuído pela SNK
baluba	Embarque em uma aventura épica em Baluba-louk No Densetsu (&quot;A Lenda de Baluba-louk&quot;), um jogo de arcade de 1986 onde você controla um explorador em busca de tesouros em cavernas labirínticas. Evite monstros coloridos, colete itens valiosos, utilize power-ups e supere desafios em níveis vibrantes e desafiadores. Desfrute de gráficos charmosos, trilha sonora empolgante e jogabilidade viciante neste clássico arcade esquecido.
bandit	Em Bandit, você controla um carro que acelera em uma rodovia e atira nos inimigos, como em jogos como Spy Hunter ou Fire & Forget. Esse é um protótipo da Data East que acabou sendo descartado e nunca foi lançado.
bangbead	Bang Bead, conhecido no Japão como Bang Beads, é um jogo de rebater a bola de 2001 desenvolvido e publicado pela Visco exclusivamente para o Neo-Geo MVS. Ele combina os gêneros do jogos de Tênis do Magnavox Odyssey, dos jogos de fliperama da Atari Pong e Breakout, e da série Spitball Sparky, do Nintendo Game & Watch. Você pode selecionar entre 9 personagens para jogar contra outro jogador ou o computador. Derrube as estrelas atrás do outro jogador e então faça a bola saltar para ganhar o round.
basschal	Experimente o emocionante esporte da pesca com o Sega Bass Fishing Challenge, existem oito pontos de pesca para pegar o maior número possível de peixes! Você pode escolher entre quatorze iscas diferentes e participar de quatro torneios, começando como amador, até um torneio Masters Classic.
bassdx	Sega Bass Fishing, também conhecido como Get Bass, é um videogame de pesca arcade desenvolvido em 1997 pela Sega para o hardware Sega Model 3. É um jogo onde os jogadores tentam fisgar peixes com diferentes iscas. Composto por quatro estágios em diferentes momentos do dia, o jogo exige que o jogador pegue um certo peso de peixe dentro de um limite de tempo para passar para o próximo estágio.
batcir	Battle Circuit acontece em uma Terra alternativa do futuro, o jogo gira em torno de um grupo de caçadores de recompensas que devem capturar o cientista louco Doutor Saturno e manter em segurança um disco de computador sofisticado carregando um programa conhecido como &quot;Sistema Shiva&quot;. Battle Circuit, foi o último jogo de beat 'em up da Capcom para as arcadas, contém personagens de histórias em quadrinhos em um cenário de ficção científica futurista e é considerado por alguns como um clássico cult.
bayroute	Um jogo antiterrorista shoot'em up / plataforma com muita ação.
bdrdown	Border Down é uma pseudo sequel do Taito's Metal Black. Os jogos compartilham certos desenhos inimigos, elementos da história, mecânica de jogo e membros da equipe.É um Shoot 'em up horizontal desenvolvido por G.rev e lançado após a &quot;morte&quot; do Dreamcast.
beachspi	Beach Spikers - Virtua Beach Volleyball é um jogo de vôlei de praia emocionante e divertido para o sistema Naomi 2. Desfrute da atmosfera ensolarada enquanto participa de partidas empolgantes nas praias tropicais. Escolha entre uma variedade de duplas de jogadoras habilidosas e execute ataques poderosos e bloqueios precisos para derrotar seus adversários. Com gráficos impressionantes e controles responsivos, Beach Spikers proporciona uma experiência imersiva de vôlei de praia. Jogue com amigos em modo multiplayer e prove quem é o melhor time na areia.
bel	Behind Enemy Lines é um jogo de tiro em primeira pessoa no qual o jogador controla uma metralhadora montada em um jipe que está cruzando o território inimigo. O jogo consiste em quatro missões nas quais várias instalações inimigas são infiltradas e destruídas. Os cenários são modernos e os inimigos incluem soldados de infantaria regulares, veículos leves, como jipes e humvees, e veículos pesados, como tanques e helicópteros.
bestbest	Best of Best é um jogo de luta 2D no qual você controla um dos oito lutadores e participa de um torneio. Os lutadores para escolher são Tom, Hawk, Shalin, o lutador Abdul, Scott, o gêmeo de Rambo, o japonês Sasaki, o punk Tango e o turbante Alli. Cada lutador tem suas próprias técnicas de luta, que incluem chutes, socos e ataques especiais. As lutas acontecem em três rounds e, a cada luta, um novo lutador pode ser selecionado. Você pode jogar sozinho ou com um amigo. Você quase poderia chamá-lo de clone do Street Fighter se não fosse por algum velho e maluco SunA. Como em muitos jogos de luta coreanos da época, não há chefes ou personagens ocultos. Cada personagem tem sua própria cena, mas as melodias musicais são as mesmas. Prepare-se para lutar no ritmo da Lambada e comemorar sua vitória na Ode à Alegria.
bestri	Uma coleção de 3 jogos: 'Die Break', 'Heuk Sua Baek Sa' e 'Penta'.
bionicc	O Bionic Command é uma plataforma de rolagem de shoot-em-up dez anos após o final da Terceira Guerra Mundial, com o jogador assumindo o papel de &quot;Super Joe&quot;; um comando de elite encarregado de se infiltrar na base militar do inimigo para descobrir seus planos secretos e destruir seus silos de mísseis. nPara ajudá-lo em sua missão, Joe está equipado com um braço biônico; um gancho telescópico que é usado para atravessar as inúmeras plataformas e cornijas que compõem os níveis do jogo. O braço também pode ser usado para atordoar temporariamente inimigos ou atingi-los de plataformas, bem como para recuperar itens de bônus, caixas de madeira e armas que ocasionalmente caem de pára-quedas na zona de guerra. In addition to the bionic arm, Joe está armado com uma espingarda usada para matar inimigos e destruir obstruções. No entanto, a espingarda só pode ser disparada para a esquerda e para a direita e não pode ser usada ao mesmo tempo que o braço biónico. Armas mais poderosas podem ser apanhadas durante todo o jogo.
bjourney	O planeta de Raguy já foi belo e pacífico, mas todo o inferno começou quando foi invadido pela tribo Daruma. A poluição começou a se espalhar pela cidade. Blue foi convocado para se livrar da tribo Daruma e salvar Raguy do Império Daruma, que transformou os habitantes em escravos. Você controla Blue, que tem apenas uma arma para lidar com os Darumas. Você pode usar sua folha para chicotear e colocar os inimigos de cabeça para baixo e arremessar esses inimigos nos outros. Ao longo do caminho, você pode obter flores para usar na loja para comprar itens que irão ajudá-lo ao longo do caminho. Esses itens incluem mel de flores (aumenta a resistência), nadadeiras (natação mais fácil), luz segura (protege todos os seus itens), estacas e ocarinas. Mais tarde no jogo, você também pode fazer o lojista cantar uma música para você. Isso ajuda você a quebrar maldições que são colocadas em você por uma bruxa. Você também vai interagir com outros personagens ao longo do caminho que também podem ajudá-lo se você disser a verdade.
blackpnt	Black Panther é um beat'em up e um jogo de plataformas horizontal. O protagonista é uma pantera negra com garras que podem ser usadas para cortar. O outro botão é usado para pular. O objetivo é eliminar os inimigos ou superar obstáculos a toda velocidade. O tempo é limitado, mas você pode obter mais aprimoradores e coletar outros power-ups. No final de cada nível, há um chefe final.
bladestl	Um jogo de hóquei no gelo com luta corpo a corpo e violência física. Apresenta cenas de ação em close-up em que dois jogadores (um de cada equipe) tiram as luvas e se socam.
blasto	Jogo estrelado por uma nave que tem como missão destruir explosivos. As minas ficam dispostas em um enorme labirinto inteiramente destrutível. É preciso manter certa distância das cargas antes de detoná-las, já que a explosão é capaz de acabar com a nave.
blazstar	A sequência não oficial de Pulstar, Blazing Star, é novamente um &quot;shoot-'em-up&quot; de rolagem horizontal. Um ou dois jogadores seguem pelos níveis, cada um com um chefe inimigo no final, tentando resgatar a humanidade. Há seis naves para escolher, cada uma com seu próprio piloto (quatro deles mulheres), armas e características de movimento. Cada nave tem seus próprios tipos de tiros, mas também um tiro padrão, tiro carregado (mais poderoso) e tiro dividido (um tiro carregado pode ser dividido em mais balas, diminuindo a potência de cada bala enquanto amplia o alcance do fogo).
bldyror2	Batalhe e transforme-se no híbrido humano-animal neste jogo clássico de luta em 3D! Bote suas habilidades a teste e lute para atingir o topo! O &quot;quê&quot; da série Bloody Roar é a capacidade de seus combatentes se transformarem em versões animalescas de si -- Híbridos humano-animal com sangue de violência. Durante cada round você pode lutar como uma pessoa que se transforma em uma besta quando a barra estiver cheia. Na forma animal, você terá mais movimentos a sua disposição para destruir seu oponente.
blkpnthr	Black Panther é um beat'em up e um jogo de plataformas horizontal. O protagonista é uma pantera negra com garras que podem ser usadas para cortar. O outro botão é usado para pular. O objetivo é eliminar os inimigos ou superar obstáculos a toda velocidade. O tempo é limitado, mas você pode obter mais aprimoradores e coletar outros power-ups. No final de cada nível, há um chefe final.
blktiger	Um jogo extraordinário para o seu tempo. Você joga como um guerreiro corajoso cuja missão é entregar o reino de três dragões invasores. A jogabilidade é fabulosa, o cenário variado e muito bonito para o tempo, a atmosfera de fantasia heróica está muito presente. O nível é bastante fácil com a prática, o que lhe permite ir longe no jogo. Não é para nada é o único jogo arcade que eu já terminei quando ele só foi encontrado em um arcade. Pergunto-me quanto dinheiro poderia ter gasto naquela máquina... Diverte-te!
block	Uma bola viaja através da tela, saltando para fora das paredes superior e lateral da tela. Quando um tijolo é atingido, a bola salta e o tijolo é destruído. O jogador perde uma volta quando a bola toca na parte inferior da tela. Para evitar que isso aconteça, o jogador tem uma pá móvel para saltar a bola para cima e voltar ao jogo.
blockade	Jogo no estilo de Snake, com o objetivo de envolver o rival de maneira que ele se choque contra a parede. Existem ainda duas versões expandidas: em Hustle, é preciso perseguir alvos no cenário em troca de pontos; e em CoMotion, até quatro pessoas podem se enfrentar.
blockcar	Block Carnival é um divertido jogo com bola e raquete.
blockhl	Você comanda uma nave que só pode disparar pequenos quadrados (e isso será o tempo todo). As formas geométricas aparecem na tela e você deve fazê-las desaparecer antes que elas atinjam você. Para isso, é necessário &quot;completá-las&quot; para fazer quadrados ou retângulos. Um jogo de habilidade, estratégia e geometria que lembra de longe Tetris.
blokpong	Um jogo de arcade japonês com jogabilidade semelhante ao Pong, mas com área de jogo mais colorida e remos com personagens animados.
bloodbro	No Velho Oeste, bandidos impiedosos aterrorizavam as pessoas de bem, e cabe a você detê-los e seu vasto arsenal de armas para trazer a paz a esta terra conturbada. O jogo apresenta objetos de fundo destrutíveis e uma grande variedade de armas! Apesar do conceito de Velho Oeste, este jogo possui mecânicas quase idênticas ao jogo de tiro anterior da TAD, &quot;Cabal&quot;.
blstroid	Blasteroids é uma actualização do seu antepassado de arcada &quot;Asteroids&quot;, em que o objectivo é eliminar todos os sectores de asteróides e naves inimigas. Uma vez concluída esta tarefa, o jogador enfrenta Mukor, o chefe que governa todas as galáxias. A nave do jogador aparece pela primeira vez no centro de quatro buracos de minhoca, de onde deve escolher o seu destino. Será então transportada para um sector do sistema estelar escolhido. Ao contrário de &quot;Asteróides&quot;, a nave deve reabastecer-se de combustível recolhendo cristais de asteróides coloridos. Alguns sectores não oferecem estes cristais e, se a nave ficar sem combustível, perde-se.
blswhstl	O planeta Meru está no ataque das forças de Iva. Um pedido de ajuda chegou a Twinbee e você deve guiá-lo por uma perigosa jornada por um mundo colorido que luta para restaurar a paz. Este jogo de tiro com rolagem vertical apresenta gráficos coloridos no estilo anime, muitos power-ups e um desafio divertido.
bmcorerm	Beatmania é um videogame rítmico desenvolvido e distribuído pela desenvolvedora japonesa de jogos Konami e lançado pela primeira vez em dezembro de 1997. Contribuiu amplamente para o boom dos jogos musicais em 1998, e a série se expandiu não apenas com o arcade seqüências, mas também mudou-se para consoles domésticos e outros dispositivos portáteis, alcançando um milhão de unidades vendidas.Alinha de jogos de música Bemani da Konami recebeu o nome da série, foi adotada pela primeira vez no arcade do Beatmania 3rdMix e mantida desde então. A série chegou ao fim com o último jogo sendo Beatmania The Final, lançado em 2002.
bnzabros	Mobo e Robo Bonanza estão a ver o seu programa de televisão preferido quando a imagem começa a estalar e a sombra de um estranho misterioso aparece no ecrã. Este personagem pede-lhes que recolham certos objectos que colocou dentro de vários edifícios para testar a sua segurança. Se devolverem os objectos com sucesso, Mobo e Robo são recompensados. Ambos declaram que farão o trabalho em apenas três minutos. No entanto, pouco sabem eles que cada edifício está cheio de guardas de segurança que irão fazer soar o alarme se forem apanhados. Por isso, é necessário recolher todos os tesouros antes de deixar os edifícios e disparar contra os seguranças que se metam no seu caminho. Não se esqueça que tem um limite de tempo. Um mapa do jogo irá ajudá-lo a localizar os tesouros.
bombbee	Neste jogo antigo de bola e plataforma, você controla uma plataforma que deve quicar uma bola nos tijolos coloridos e pára-choques pop.
bombjack	Em Bomb Jack, o jogador controla Jack, que deve coletar todas as bombas para completar a rodada atual e ir para a próxima. Parece fácil, né? Errado! Tornando difícil a tarefa de Jack estão numerosos inimigos, como pássaros, múmias, tartarugas e orbes. nnEm cada rodada, coletar um número de bombas resulta no aparecimento de uma moeda de bônus e coletar essa moeda fará com que a pontuação do jogador aumente de 2 a 4 vezes. Não mais frequentemente, a &quot;bola de poder&quot; aparece, e quando você coleta, poderá derrotar todos os inimigos de uma vez e ter mais tempo para coletar todas as bombas. Há também a moeda &quot;E&quot;, que dá a Jack uma vida adicional, mas raramente esta moeda aparece. nnQuanto mais você progride no jogo, mais difícil se torna, à medida que os inimigos viajam mais rapidamente para chegar até você.
bosco	Bosconian é um jogo de tiro espacial multidirecional, onde o jogador deve destruir várias bases inimigas em cada rodada enquanto evita navios inimigos, asteroides e minas. As bases inimigas são destruídas com um tiro no centro ou disparando todos os seis canhões da base. O navio do jogador está sempre posicionado no centro da tela, com todo o resto rolando ao redor enquanto o jogador voa. Um mapa de radar à direita mostra a posição do jogador, bases inimigas e grupos ocasionais de ataques de formação.
bottom9	1 ou 2 jogadores escolhem um campo de beisebol em cidades como Nova York, Chicago, Los Angeles, Atlanta ou Boston e competem contra o computador ou entre si. Uma grande variedade de arremessos pode ser lançada e os rebatedores podem mudar sua posição e ângulo de giro.
bowl3d	O 3D Bowling é um jogo de boliche retrô em preto e branco.
bowlrama	Bowl-O-Rama tem 3 variações de bowling diferentes para escolher entre 'Regulation Bowling', 'Flash-O-Matic' e 'BlackJack'.
boxer	Um velho jogo preto e branco de boxe 1-contra-1.
braveff	Brave Firefighters - Real Life Heroes é um jogo emocionante que coloca você no papel de um verdadeiro herói do corpo de bombeiros. Enfrente desafios intensos enquanto combate incêndios e resgata vidas em situações perigosas. Use seu equipamento especializado, como mangueiras de água e escadas, para enfrentar as chamas e salvar pessoas presas. Com gráficos realistas e uma jogabilidade envolvente, Brave Firefighters oferece uma experiência imersiva de combate a incêndios. Mostre sua coragem e habilidade para se tornar um verdadeiro herói da vida real!
breakers	Em Breakers, escolha um dos oito lutadores que tem seus próprios movimentos e ataques especiais. Existem oito etapas no jogo e cada etapa tem dois rounds. O objetivo de cada round é drenar a energia do seu oponente para vencer o round. Se houver empate, um terceiro round acontece. Se o limite de tempo expirar, o jogador com menos energia perde o round. Depois de completar todos os oito estágios, você enfrentará um adversário muito mais difícil do que os anteriores. Diferentes finais e diálogos no jogo são visualizados dependendo do personagem que você selecionar.
breakrev	Os guerreiros retornam para um novo campeonato. Os perdedores da batalha anterior podem se vingar nesta? Não apenas eles se encontrarão cara a cara novamente, mas novos desafios os aguardam. No entanto, seu objetivo é o mesmo. Todo mundo quer ganhar o novo campeonato!
bssoccer	No Back Street Soccer, participamos de um torneio de futebol de rua de 5 contra 5, no qual podemos escolher nosso time entre 14 equipes nacionais. Para vencer o torneio, temos de ganhar oito partidas contra adversários aleatórios das equipes restantes. Cada partida tem uma duração de 100 segundos, que aumenta em 10 segundos se conseguirmos marcar dois gols. Além disso, se estivermos empatados, iremos para uma prorrogação de 30 segundos e, se ainda estivermos empatados, perderemos um crédito, pois não há cobranças de pênaltis.
bstars	Baseball Stars Professional é o sucessor do Baseball Stars para o Nintendo Entertainment System e apresenta gráficos em estilo HQ. Escolha entre uma variedade de equipes que incluem Planetas Celestes, Corpos Celestes, Demônios das Sombras, Cavaleiros de Batalha, Superstars Fabulosos e muitos outros. Em seguida, selecione o campo onde o jogo será realizado: o estádio SNK ou a cúpula SNK. Cada campo tem as mesmas dimensões, mas sua capacidade varia. O jogo é jogado da mesma maneira que o beisebol normal. Apresenta um modo VS. em que dois jogadores podem jogar um contra o outro.
bstars2	Esta continuação de Baseball Stars Professional apresenta um rápido beisebol estilo arcade com seis equipes fictícias, cada uma com suas próprias forças e fraquezas. Existem duas dificuldades de jogo: Beginner, que automaticamente coloca a bola para o jogador enquanto Exciting faz o jogador fazer o campo manualmente. Além disso, existem dois modos principais de jogo em que, no modo single player, o jogador competirá em um torneio de quinze equipes ou enfrentará um amigo no modo multiplayer. As regras padrão do beisebol ainda se aplicam, mas adiciona-se power-ups que o jogador pode pegar e usar durante o jogo, como a habilidade de seu arremessador jogar mais rápido ou seu batedor bater melhor. Eles também podem substituir um jogador durante o jogo, mas são limitados a três substituições por jogo. O jogo é mostrado através de gráficos 2D com cenas em estilo HQ para ilustrar a ação, como capturas dramáticas e home runs que aparecerão durante o jogo.
btlkroad	Este jogo é baseado no verdadeiro K-Road Tournament. O K-Road Tournament foi banido em todos os países por causa da sua falta de regras, sobreviva aos mais mais duros, aqui temos lutadores internacionais implacáveis
btoads	Battletoads é um jogo de luta com rolagem horizontal, no qual até três jogadores assumem os papéis de Rash, Pimple ou Zitz e devem socar e chutar seu caminho através de seis fases infestadas de inimigos para salvar seu universo alternativo da Rainha das Trevas. Os Toads variam em estilo de luta: Rash é ágil, Pimple é forte e robusto, e Zitz representa um equilíbrio entre os dois. Cada Toad também possui seu próprio poder e ataque exagerados característicos, nos quais seus membros se transformam em objetos como machados e brocas. Em um toque visual único, os Toads podem arremessar os inimigos para fora da tela, fazendo com que pareçam voar em direção aos jogadores. Os inimigos incluem alienígenas, roedores mutantes e bonecos de neve. As fases do jogo, além de possuírem temas visuais únicos, frequentemente diferem em estilo de jogo. Em uma fase, os Toads usam mochilas a jato e descem um túnel, e na fase final, os Toads atiram nos inimigos de dentro de um veículo.
bublbob2	Bubble Bobble II, também conhecido como Bubble Symphony, é a primeira sequência direta do clássico de plataforma de 1986 de Taito, &quot;Bubble Bobble&quot; ('Rainbow Islands' foi a primeira sequência oficial, mas tocou de maneira muito diferente), na qual um ou dois jogadores enfrentam o papel dos infames dinossauros que sopram bolhas, que precisam novamente lutar por um grande número de níveis baseados em plataformas de tela única, prendendo monstros com suas bolhas antes de explodi-los para destruir os inimigos presos.
bublbobl	Bubble Bobble é a história de dois humanos, Bub e Bob, que vagam pela misteriosa caverna de monstros e que se transformam magicamente em dinossauros. A única maneira de se transformar de volta é chegar ao final da caverna... Bubble Bobble é um jogo de plataforma, com cada nível sendo uma única tela. Os inimigos devem ser eliminados de um nível para ir para o próximo. Com um jogador controlando Bub e o outro controlando Bob, o jogador pode pular e coletar itens para ganhar pontos. O verdadeiro poder que Bub e Bob têm, no entanto, é a capacidade de soprar bolhas. Essas bolhas podem ser plataformas para pular ou para prender inimigos. Inimigos presos em uma bolha devem ser estourados pulando neles, onde eles se transformarão em frutas. Além disso, os power-ups às vezes flutuam em bolhas. Eles incluem relâmpagos, que voam horizontalmente para os inimigos, e água, que arrasta o jogador e os inimigos para baixo, fluindo sobre as plataformas.
buccanrs	Um jogo de luta / aventura com rolagem horizontal em que o jogador controla um marinheiro que luta contra piratas pela cidade, pelo castelo e pelas masmorras do castelo para resgatar seus colegas marinheiros de um capitão pirata louco.
bucky	Bucky O'Hare é um jogo de rolagem para até quatro jogadores, baseado na série de desenhos animados da TV Bucky O'Hare e nas Guerras do Sapo. Os jogadores devem impedir o Império Sapo de invadir seus planetas domésticos no 'Aniverse' e escravizar seu povo. Para atingir seu objetivo, eles devem abrir caminho através de um exército de sapos com lavagem cerebral para destruir seu líder maligno, um programa de computador conhecido como 'KOMPLEX' e liberar a 'Força Interplanetária da Vida'. Os jogadores escolhem jogar como Blinky (um andróide de um olho), Bucky (o heroico capitão de coelho), Pato do Olho Morto (um pato selvagem de quatro braços) ou Jenny (um 'gato Aldebaran' e telepata). As diferenças entre os personagens são puramente visuais, pois cada uma interpreta o mesmo.
bullsdrt	Três jogos básicos de dardos em um: 'High Score', '301' e 'Round the Clock'. O jogador rola o trackball para mover o braço do jogador, rola para a frente e pressiona o botão de fogo para liberar o dardo. Os jogadores se revezam como em um jogo de dardo padrão. Ganhar um jogo grátis obtendo uma boa pontuação é possível.
burningf	A família Castella de Metro City começou a arruinar a pacata cidade de Osaka com o violento grupo japonês &quot;Heiwa-gumi&quot;. Para parar a luta, os detetives da polícia de Metro enviaram dois personagens perigosos, Duke e Billy, para o Japão. Com o apoio do famoso detetive japonês Ryu, eles decidiram invadir a fortaleza do inimigo. Violência impiedosa nas luzes de neon de Osaka. Haverá um fim para esta guerra? Burning Fight é um jogo de briga de rua lateral semelhante a Final Fight. Como Duke, Billy ou Ryu, você deve lutar em vários locais em Osaka. No início do jogo, você só pode usar seus punhos para lidar com gangues, mas quebrando coisas como cabines telefônicas e placas de rua ao longo do caminho, você pode obter novas armas e mais saúde. No final de cada local, você terá que derrotar um chefe para continuar a missão.
cabal	Cabal é um shoot-em-up temático de guerra com uma ou jogabilidade simultânea de dois jogadores em que dois comandos sem nome devem lutar em cinco fases diferentes - cada uma contendo quatro ecrãs de jogo - para alcançar e derrotar um ditador malvado. O jogo é um shooter na tela com a ação vista de uma perspectiva sobre o ombro. Os comandos podem mover-se para a esquerda e para a direita para evitar disparos de entrada, enquanto os próprios inimigos são alvos movendo uma cruz sobre eles e pressionando o fogo. Se o botão de fogo for pressionado, o comando permanecerá estático, permitindo um direcionamento mais preciso da mira. Enquanto estático, os comandos são vulneráveis ??ao fogo inimigo que chega. Inicialmente, os comandos são armados com apenas uma arma padrão de tiro único (embora com munição ilimitada) e um número limitado de granadas, mas granadas adicionais e power-ups de armas podem ser ganhos conforme o jogo avança. Assim como as tropas inimigas, veículos como tanques, carros blindados e helicópteros também aparecem e tomam inúmeros tiros para destruir. Quando destruídos ou mortos, alguns alvos na tela liberam pontos e bônus de arma que caem na parte inferior da tela e podem ser pegos pelos comandos. Os power-ups de armas incluem granadas adicionais, uma máquina de tiro rápido e uma espingarda automática, que tem uma taxa de disparo ligeiramente menor, mas tem uma mira maior, permitindo que ela atinja uma área maior a cada disparo. Cada uma das telas do jogo está repleta de construções e barricadas que também podem ser destruídas. Isso remove a cobertura do inimigo, além de ganhar pontos de bônus aos jogadores.
calibr50	O Calibre Fifty é um jogo de rolagem multidirecional para um ou dois jogadores que assumem o papel de pilotos americanos capturados que foram feitos prisioneiros durante a guerra do Vietnã em 1972. Os pilotos devem escapar do complexo da prisão lutando contra soldados inimigos e veículos, incluindo aviões tanques e helicópteros. O jogo é muito parecido com os jogos Ikari e Heavy Barrel da SNK, com jogadores capazes de girar completamente seus personagens na tela para disparar e se mover em todas as direções. Os jogadores estão inicialmente armados com uma metralhadora e um número limitado de granadas, mas power-ups - incluindo um lançador de foguetes, um lança-chamas e granadas - podem ser encontrados nas caixas de madeira destrutíveis que estão espalhadas pelos palcos. Veículos inimigos como um avião também podem ser controlados e os estágios ocorrem tanto acima do solo nas selvas vietnamitas quanto abaixo do solo em túneis ocultos. Calibre Fifty é um jogo bastante curto, mas muito desafiador, com inimigos que constantemente geram ataques de todos os lados.
capbowl	Este jogo de downhill bowling permite que até quatro jogadores possam competir. A trackball controla o alvo e a potência do seu lançamento e dois botões controlam o gancho esquerdo e direito respectivamente. Há exibições gráficas de perus, bifurcações, calhas, etc. e o jogo mantém o controle de pontuações e pontuações altas.
capsnk	Capcom Vs. Snk - Millennium Fight 2000 é um jogo de luta desenvolvido pela Capcom e lançado para o sistema de arcade Naomi em 2000. O jogo apresenta uma seleção diversificada de personagens icônicos de ambas as franquias, incluindo Street Fighter, King of Fighters e outros clássicos da Capcom. Com gráficos impressionantes e jogabilidade fluida, os jogadores podem participar de batalhas intensas e emocionantes em diferentes modos de jogo, como o modo Arcade e o modo Versus. A combinação única dessas duas séries de jogos lendárias torna Capcom Vs. Snk - Millennium Fight 2000 um verdadeiro deleite para os fãs de jogos de luta.
captcomm	Captain Commando se passa em futuro assustador no ano de 2026, onde um super-herói chamado Capitão Comando, auxiliado por seus três companheiros de comando, se levanta para proteger a Terra e toda a Galáxia de um bando de criminosos superpotentes.
carhntds	Um navio de guerra patrulha o mar em busca de submarinos inimigos, que podem aparecer a qualquer momento. É preciso atacar tais embarcações com minas submarinas e, ao mesmo tempo, desviar dos torpedos lançados pelos oponentes. Um radar ajuda na tarefa.
carnival	Simulando um jogo de tiro de parque de diversões, Carnival tem como objetivo atirar com uma pistola nos coelhos, patos e outros alvos que percorrem a tela. O título é jogado como um shoot 'em up convencional, mas com um elemento incomum no gênero: munição limitada.
cawing	A década de 1990 foi uma década de grande mudança marcada por amizades crescentes entre antigos inimigos e um nível de cooperação nunca antes visto entre as nações poderosas do mundo. No entanto, em 1997, usando novas armas projetadas em segredo, um país do Oriente Médio chamado Rabu ameaçou destruir esta frágil paz. O objetivo de Rabu, junto com seus aliados, é expurgar o mundo do pecado e forçar uma nova moralidade. Rabu rapidamente reivindicou o Oriente Médio, então espalhou-se tanto no sul da Ásia e partes da Europa. Seu armamento é terrivelmente eficiente na manufatura da morte. Eles pareciam imparáveis. Quando eles intoxicaram Tóquio com gás em 1999, a intervenção dos EUA tornou-se inevitável. Se Rabu conseguir utilizar as fábricas do Japão, não haverá fim para o pesadelo. Esperando proteger a paz mundial, o USS Carl Vinson (CVN-70) dirige-se para o mar.
cbasebal	Capcom Baseball: Suketto Gaijin Oo-Abare é um jogo de beisebol muito raro.
cbdash	Você é Rockford e precisa cavar através cavernas infestadas de monstros em busca de diamantes. Em cada nível, você deve coletar um certo número desses diamantes, a fim de abrir um portal para a próxima fase. Os inimigos podem ser esmagados por pedras que caem, que são liberadas quando o solo abaixo deles é removido ou empurrado para um terreno vazio. Mas tenha cuidado, pois elas também podem esmagá-lo. Em níveis posteriores, a dificuldade é aumentada por muitos elementos do quebra-cabeça e tempos mais curtos. Existem 16 níveis a serem concluídos e cinco níveis diferentes de habilidade disponíveis, que afetam o número de joias que devem ser coletadas e o tempo.
cbuster	Num futuro próximo, gangues implacáveis dominam as ruas. Apenas uma dupla corajosa de experientes lutadores de rua pode pôr fim a esse terror e devolver a paz às cidades. Não se esqueça de pegar e usar tudo o que encontrar como arma (tubos, pedras, placas, carros e até inimigos!) para sobreviver a esse massacre. O jogo conta com gráficos e som de qualidade, além de mecânicas de gameplay muito divertidas!
ccastles	Bentley Bear está preso nos castelos de cristal! Para sair, tem de recolher todas as pedras preciosas que se encontram em cada castelo. O jogo é jogado numa falsa vista isométrica 3D através de castelos multiplataforma. Quando Bentley recolhe todas as pedras preciosas de um nível, passa para o castelo seguinte, mais difícil. Bentley terá de evitar uma grande variedade de criaturas perigosas que vagueiam pelos níveis. Ocasionalmente, aparecerá um chapéu mágico. Se o Bentley apanhar o chapéu, ficará temporariamente invencível.
cfarm	Um jogo de vídeo de resgate simples e fácil de entender. Incorpora personagens fofos, ótima música e efeitos sonoros.
chaknpop	Chack'n Pop é um jogo de ação. Você joga como um pequeno personagem amarelo capaz de andar nas paredes e atirar bombas. Você deve coletar todos os ovos do mesmo nível e eliminar todos os inimigos para passar para o próximo.
challeng	O jogo é composto por 16 sectores (rondas) de jogo. O sector 1 começa com grandes anéis de energia a flutuar aleatoriamente no ecrã. A nave espacial deve evitar colidir com os anéis ou explodirá numa estrela brilhantemente colorida. A nave evita os anéis de energia movendo-se para a direita ou para a esquerda no campo de jogo, enquanto os explode com os canhões de três vias da nave. A explosão dos anéis grandes (100 pontos) divide-os em anéis médios (200 pontos) que, por sua vez, se dividem em anéis pequenos (400 pontos).
chasehq	&quot;Chase H.Q.&quot; é um jogo de corrida e perseguição no qual o jogador assume o papel de um polícia infiltrado chamado Tony Gibson neste jogo inspirado no &quot;Miami Vice&quot; de Taito. Gibson conduz um poderoso carro policial sem marca (parecido com um Porsche 911) com o seu parceiro, &quot;Raymond Broady&quot;, e deve perseguir e prender vários criminosos.O jogador tem entre cinquenta e cinco e setenta segundos (dependendo da configuração 'Dip' do jogo) para apanhar o criminoso em fuga, e depois o mesmo tempo para bater novamente no carro do criminoso até que este esteja demasiado danificado para avançar. O carro do criminoso está constantemente a afastar-se, por isso, se o jogador bater repetidamente ou conduzir demasiado devagar, o criminoso irá escapar e o jogo termina.
chimerab	Um tiro de rolagem horizontal, onde 1 ou 2 jogadores controlam criaturas conhecidas como 'comedores', capazes de comer outras criaturas e pegar seu DNA, adquirindo suas habilidades ou características.
choko	Janpai Puzzle Choukou é um jogo de mah-jong para adultos com regras especiais. Cada nível consiste em um tabuleiro com duas ou mais colunas de ladrilhos e paredes que se movem lentamente em direção ao centro do tabuleiro. Cada vez que um par de peças correspondentes é removido do tabuleiro, as duas colunas se afastam momentaneamente do centro. O jogo é perdido se as colunas opostas de ladrilhos colidirem umas com as outras ou com a parede.
choplift	Choplifter é um jogo de ação / arcade de rolagem lateral que coloca você no controle de um helicóptero de ataque. Sua missão: chegar atrás das linhas inimigas e resgatar até 16 reféns por nível. Tenha cuidado, entretanto, porque os tanques e aviões inimigos tentarão pará-lo - e eles não irão parar de atirar enquanto você resgata os reféns!
circusc	Circus Charlie é um jogo de plataforma abstrato para um jogador, no qual o jogador deve guiar o Charlie de mesmo nome por seis eventos circenses diferentes. Os pontos de bônus podem ser ganhos ao terminar um nível o mais rápido possível, com mais pontos concedidos por coletar qualquer um dos sacos de dinheiro que ocasionalmente aparecerem. Finalmente, pontos de bônus adicionais são concedidos por completar um nível sem perder uma vida. O jogo termina quando todos os Circus Charlies estão perdidos. Os seis eventos diferentes são:nnMonte em um leão e pule por aros de fogo e por panelas em chamas. Salte sobre macacos enquanto caminha na corda bamba. Salte em trampolins, evite respiradores de fogo e malabaristas de espadas. Pule em bolas de praia gigantes e rolantes. Andar a cavalo, evitando obstáculos. Trapézio.
cischeat	Neste jogo de corridas, os jogadores conduzem carros da polícia em vez dos habituais carros conduzidos por loucos por velocidade (como na série Crazy Cars). Infringe a lei em vez de a fazeres cumprir enquanto corres pelas ruas de São Francisco. Vê a Ponte Golden Gate, China Town e Twin Peaks, e evita colisões com eléctricos, outros carros (conduzidos por cidadãos irritantes), edifícios e bloqueios de estrada, enquanto tentas chegar ao próximo ponto de controlo antes que o tempo acabe! Usa a buzina para avisar os outros utentes da estrada da tua presença.
citybomb	City Bomber é um jogo de direção com rolagem vertical de alta velocidade e visão aérea, onde você tenta capturar criminosos.
claychal	Sega Clay Challenge é um jogo Atomiswave lançado pela Sega em 2008. É um jogo de tiro focado no esporte de tiro ao alvo.
cliffhgr	Cliff tem a missão de salvar Clarissa de ser forçada a se casar com o malvado Conde Draco. Cliff Hanger é um filme de desenho animado interativo. O jogo consiste em cenas animadas, durante as quais o jogador deve pressionar os botões de direção ou o botão da espada no momento certo para acionar o próximo segmento do filme. Os vídeos de anime usados no jogo são cenas dos filmes de anime Lupin III, principalmente cenas dos filmes de animação O Castelo de Cagliostro e O Mistério de Mamo. O penhasco do jogo é Arsène Lupin III no anime original.
cloak	O Agente X, completo com trenchcoat, gorro Bogie e maleta, corre através de uma série de aventuras e desventuras para recuperar planos roubados e destruir a fábrica de bombas subterrânea do dr. Boom. Nosso herói mascarado desce às profundezas do laboratório do Dr. Boom em um elevador especial. Em cada andar, ele encontra uma série de correias transportadoras que estão movendo explosivos. Uma bomba gigante marca os segundos do jogo, enquanto dispositivos da trama do Dr. Boom, como conversores de bomba, empilhadeiras desviando tiros para o Agente X, guardas de robôs, poços de ácido e olhos rastejantes disparando raios da morte, desafiando o (s) jogador (es).
clubk2k3	Club Kart - European Session é um empolgante jogo de corrida de kart que transporta os jogadores para emocionantes pistas de corrida na Europa.Embarque em corridas aceleradas contra adversários habilidosos. Com gráficos vibrantes e uma jogabilidade divertida, você irá deslizar pelas curvas para ganhar vantagem. Desbloqueie novos karts, personalize seu piloto e conquiste a fama nas competições europeias de kart. Prepare-se para acelerar e se tornar o campeão do Club Kart - European Session!
clubkprz	Como o nome sugere, esta versão de Club Kart irá premiar o jogador com prêmios dependendo de quão bem ele ou ela joga - você coleta moedas durante a corrida e elas serão concedidas a você no final.
clubkpzb	Como o nome sugere, esta versão de Club Kart irá premiar o jogador com prêmios dependendo de quão bem ele ou ela joga - você coleta moedas durante a corrida e elas serão concedidas a você no final.
clubkrt	Club Kart - European Session é um empolgante jogo de corrida de kart que transporta os jogadores para emocionantes pistas de corrida na Europa.Embarque em corridas aceleradas contra adversários habilidosos. Com gráficos vibrantes e uma jogabilidade divertida, você irá deslizar pelas curvas para ganhar vantagem. Desbloqueie novos karts, personalize seu piloto e conquiste a fama nas competições europeias de kart. Prepare-se para acelerar e se tornar o campeão do Club Kart - European Session!
cninja	Caveman Ninja é um beat-em-up de plataforma de rolagem horizontal, ambientado em tempos pré-históricos, com um ou dois jogadores assumindo o papel de homens das cavernas Joe e Mac. Homens das cavernas rivais invadiram a vila de Joe e Mac e sequestraram todas as suas mulheres e cabe aos dois heróis se aventurar e salvá-los. Joe e Mac devem lutar por vários estágios pré-históricos, combatendo homens das cavernas e dinossauros saqueadores. Os heróis estão inicialmente armados com eixos de arremesso que podem ser lançados vertical ou horizontalmente, viajando em um arco curto. Pressionando o botão de ataque, armas maiores e mais poderosas serão lançadas. Quando perto de um inimigo, Joe e Mac irão utilizar um taco de madeira para bater nele. Os jogadores também podem pular muito mais alto, mantendo UP e JUMP.
cobra	Cobra Command é uma conversão de arcade de um jogo de tiro de helicóptero da Data East. É um jogo de tiro no estilo &quot;sobre trilhos&quot;, com o jogador controlando apenas a pontaria do tiro, mas não a direção do helicóptero. Seu trabalho é abater os inimigos enquanto você voa através de imagens das ruas de Nova York, a Estátua da Liberdade, o Oceano Atlântico, Itália, o Grand Canyon e, finalmente, os cantos traiçoeiros e devolver o fogo da fortaleza do inimigo na Ilha de Páscoa. Não há música de fundo para acompanhar os efeitos sonoros. Os níveis são bastante curtos, com um total de execução possível em cerca de 20 minutos.
columns	Columns é um jogo de quebra-cabeça estilo Tetris no qual você empilha jóias que estão caindo para criar uma corrente de três joias da mesma cor.
combatsc	Combat School é um jogo do tipo Track & Field, mas com uma reviravolta militar. Jogas como Nick, um soldado motivado (e Joe no modo 2 jogadores) em busca de uma promoção. Por conseguinte, está inscrito no exército, o que lhe impõe testes mais ou menos difíceis e variados. Alguns são penalizantes e o sucesso é obrigatório, outros serão compensados por um teste de tracção extra para compensar a derrota, alguns como o braço de ferro não impõem qualquer penalização. Entre estes eventos encontrará saltos, tiroteios, braço de ferro, luta contra o instrutor, pull-ups e uma sequência de pancadas em todos eles. O jogo é difícil, mas a execução é bastante arrumada.
commando	Commando é um tiro de rolagem vertical em que o jogador assume o papel de um soldado de comando altamente treinado chamado &quot;Super Joe&quot;, que começa o jogo por ser deixado em uma selva por um helicóptero. A missão de Joe é resgatar cativos e destruir as bases e fortalezas inimigas que aparecem no final de cada nível, matando tantos soldados inimigos quanto possível no processo.
congo	Congo Bongo é um jogo de plataforma isométrico e é a versão da Sega do lendário &quot;Donkey Kong&quot; da Nintendo. O jogo começa com uma cena animada mostrando o gorila Bongo enquanto ele se aproxima do acampamento de um caçador de safári adormecido e incendeia sua barraca. O jogador assume o papel do caçador que jurou vingança contra Bongo por esta brincadeira cruel.
contcirc	Continental Circus é um jogo de corridas de Fórmula 1 em que o jogador corre em vários circuitos do Grande Prémio Internacional, tentando completar cada volta antes do fim do tempo limite. O jogo apresenta pit stops e tempo dinâmico, este último sob a forma de chuva. nnSe o carro do jogador for atropelado por um carro rival ou bater com uma barreira na pista, o carro será danificado e começará a fumar. O jogador tem de fazer um buraco o mais rápido possível para reparar o carro, caso contrário o fogo alastrará e o carro explodirá. Se o carro do jogador sofrer uma segunda colisão antes de chegar à paragem nas boxes, o carro explodirá, perdendo tempo precioso antes de aparecer um carro de substituição.
contra	Em 2631, um meteorito atinge o arquipélago de Galuga, perto da Nova Zelândia, levando consigo um ser alienígena adormecido. Dois anos depois, uma organização terrorista que se autodenomina Red Falcon assume a ilha como parte de sua trama para invadir a Terra. Bill Rizer e Lance Bean, da unidade Contra, são enviados para a ilha da Oceania para impedir a ameaça do mal. 'Contra' é um agitado shoot-em-up de plataforma para um ou dois jogadores com 10 estágios. Além dos níveis de visão lateral padrão, há também estágios de &quot;labirinto 3D&quot;, nos quais o jogador deve passar por uma série de corredores dentro de uma base inimiga, destruindo vários sensores, a fim de alcançar o núcleo da base.
cppicf	O jogador controla o sorveteiro Peter Pepper com o objetivo de colocar colheres de sorvete em cones. O jogador também pode colocar uma concha em um cone que já possui uma concha. Quando todas as bolas estão em cones, o jogador é levado ao próximo Padrão. Atirar uma colher de sorvete pode enviá-lo para uma plataforma, dependendo da posição. Confeitarias e utensílios vivos tentarão impedir o progresso de Peter, mas podem ser retirados empurrando ou jogando uma colher de sorvete diretamente sobre eles. Além disso, os inimigos não podem machucar Peter enquanto eles / ele estão subindo uma escada.
crackndj	Crackin' DJ é um jogo de arcade de DJ com dois decks e cross-fader. O jogo se concentra em misturar e arranhar.
crakndj2	Crackin DJ 2 é uma atualização desleixada do Crackin DJ. O jogo apresenta mais de 25 novas músicas, e você verá o retorno de 4 músicas do Crackin DJ. A animação de fundo da Parte 1 é substituída por um plano de fundo de aparência branda
crimfght	Crime Fighters é um jogo de fliperama onde sua missão é resgatar várias mulheres que foram sequestradas por um chefe do crime e limpar as ruas espancando o maior número possível de membros de gangues com suas próprias mãos, assim como qualquer outra coisa que você pode descobrir. Você viajará por oito níveis por toda a cidade, em locais que variam do metrô às docas. No final de cada etapa, há uma briga com um personagem chefe, muitos dos quais são imitações de antagonistas de filmes de terror famosos como Freddy Kruger e Jason Voorhees. A pontuação é feita por um sistema em que você simplesmente ganha um ponto por cada inimigo que mata. Ocasionalmente, aparecem exemplos da física dos desenhos animados, como quando seu personagem é esmagado por um rolo compressor em movimento ou um outdoor caindo.
crkdown	Uma cidade futurista foi tomada por um poderoso exército biomecânico; criado por um cientista do mal em uma tentativa de dominar o mundo. 2 agentes de elite devem plantar uma série de bombas-relógio para destruir sua base e esmagar a rebelião. A ação de atirar em 1 ou 2 jogadores é exibida através de uma tela dividida inovadora que permite que 2 jogadores trabalhem individualmente ou em equipe. Um temporizador de contagem regressiva aumenta a tensão. As bombas-relógio devem ser definidas correndo sobre áreas marcadas com um 'X'; enquanto metralhadoras e canhões podem ser recarregados, encontrando os caches de munição que aparecem em cada nível. Se a munição acabar, os jogadores deverão resultar em socos e chutes para derrotar os oponentes.
crswd2bl	Esta versão é um bootleg (cópia não oficial) da versão do NeoGeo CD. Jogo de luta 2D com uma visão na parte de trás do personagem (Seu sprite é transparente), tipo Punch-On no NES.
crsword	Como um cavaleiro, você deve viajar pelo campo lutando contra monstros e bandidos usando sua espada e escudo. Quando você entra em combate, a visão muda para uma perspectiva de pseudo-primeira pessoa, onde o corpo do seu cavaleiro é delineado para que você possa ver as criaturas que você está lutando. Quando os inimigos são derrotados, eles perdem dinheiro e bônus. Existem sete capítulos no jogo, e cada capítulo (exceto um) começa com você entrando na loja de um comerciante e comprando armas usando o dinheiro que você coletou até agora. Existem também caminhos alternativos que o levam a diferentes partes do jogo. No início do jogo, você pode escolher um capítulo (de um a três apenas) para o qual deseja começar.
crush	Crush Roller é um jogo de labirinto no qual o jogador controla um pincel e deve pintar todo o layout para avançar para a próxima fase. Dois peixes um amarelo, o outro azul claro emergem de aquários separados para perseguir o pincel à volta do tabuleiro, e se um dos peixes conseguir entrar em contacto com o pincel, o jogador perde uma vida.
crusherm	Crusher Makochan é um projeto pouco conhecido da Takumi (ou Takumi Corporation, mais conhecido por jogos de tiro como Giga Wing, Mars Matrix, etc.) O jogador deve destruir elementos do conjunto para ganhar medalhas. Essas medalhas permitem comprar melhorias que permitem avançar no jogo.
crzcross	Jogo de quebra-cabeça, também lançado no Psx.
crzytaxi	O Crazy Taxi é um jogo de corrida do estilo arcade onde o jogador assume o papel de um motorista de táxi que percorre ruas lotadas, atravessa calçadas e até debaixo d'água, em uma corrida selvagem e frenética para entregar os passageiros a tempo. Os percursos são em grande parte estabelecidos dentro de cidades lotadas de carros e pedestres (que não podem ser atropelados, eles pulam para longe). O principal objetivo é trazer o maior número possível de clientes ao seu destino no tempo. Os clientes disponíveis são marcados por círculos e a cor representa a distância e a tarifa que eles oferecem. Verde significa longas viagens com muito dinheiro e as vermelhas são curtas.
csclub	Capcom Sports Club é um jogo de arcade lançado pela Capcom em 1997. É um jogo multi-esportivo que consiste em Smash Stars (Ténis), Dunk Stars (Basquete) e Kick Stars (Futebol).
csilver	Um jogo de rolagem lateral onde você deve cortar inimigos com sua espada para resgatar sua amada.
csmash	Torne-se um jogador de squash de realidade virtual que faz flips, flips e escaladas na parede. Viaje em um trem expresso virtual para um salão de recreação cósmica interestelar e destrua os blocos. Quebre todos os blocos no estágio dentro do limite de tempo, então o jogador pode correr para o próximo estágio. Existem 50 estágios neste jogo, com muitos caminhos diferentes para o estágio final. O uso de um truque smash (existem 28 padrões) aumenta o poder destrutivo da bola, permitindo que o jogador complete o nível mais rapidamente. A penalidade por usar truques de golpes é uma redução mais rápida no tempo restante.
ctomaday	Um shooting de rolagem vertical cômico estrelado por um tomate mutante que soca o inimigo e pode se transformar em outros personagens esquisitos.
cuebrick	Um jogo de quebra-cabeça onde você desloca blocos para que uma bola rolando ao longo de um caminho possa rolar por todos os blocos que possuem um caminho traçado.
cvs2	Capcom vs. SNK 2 combina os personagens e elementos de jogabilidade de vários jogos de luta da Capcom e da SNK, principalmente os das séries Street Fighter e The King of Fighters. Também foram incorporados outros elementos, sendo os mais notáveis os estilos de luta, de outros jogos das duas empresas, como Street Fighter III, Garou: Mark of the Wolves e a série Samurai Shodown. Em contraste ao primeiro Capcom vs. SNK, os personagens já não possuíam um &quot;Ratio&quot; (classificação de qualidade) específico. Ao contrário, os jogadores podem selecionar até 3 personagens num time e dar um &quot;ratio&quot; (no máximo 4) para cada um como desejado. Nas versões de console do jogo os jogadores podem também escolher entre o modo de 1 contra 1 (como nos jogos de Street Fighter) e o modo de 3 contra 3 (como nos de The King of Fighters) na versão Arcade, com o sistema de Ratio removido.
cworld	A princesa do reino da Capcom foi raptada, e o herói deve passar por seis mundos para salvá-la. No final de cada mundo você enfrenta um personagem da Capcom. Prima um dos quatro botões para ver quantos espaços você vai mover. Quando você pousar em um espaço, você terá que responder perguntas antes que seu oponente faça ou o tempo se esgote. Se você responder ao número necessário de perguntas, você pode seguir em frente.
cworld2j	Adventure Quiz: Capcom World 2 é um jogo de perguntas lançado exclusivamente no Japão pela Capcom em 1992 como um videogame operado por moedas. Foi o vigésimo jogo lançado pela Capcom para o seu hardware CP System, bem como o quinto jogo de perguntas da Capcom para o arcade
cyberlip	O Cyber-Lip é um jogo de rolagem lateral de 1 ou 2 jogadores, no qual você deve lutar em várias áreas e derrotar um chefe no final de cada uma delas. Ao longo do caminho, você pode pegar uma variedade de armas e usá-las contra os invasores. Ao destruir certos inimigos, você recebe um &quot;core bot&quot;, que é um anel que envolve você, e quando isso toca os invasores, eles são destruídos. O tempo está contra você, quando expira, você perde uma vida.
cybertnk	O jogo pode ser jogado por 2 jogadores ao mesmo tempo, e o 2º jogador pode entrar no jogo durante o jogo pelo 1º jogador. O 1º jogador usa o controle horizontal e o 2º jogador usa a unidade de arma para destruir os inimigos atacantes.
cybots	Perto do final do século 21, a Terra começa a ficar superpovoada, levando muitas pessoas a viverem em colônias espaciais construídas pelo homem. O exército primário da Terra, chamado &quot;Corpo da Terra&quot;, tem conduzido experiências nefastas e seu trabalho, junto com as ações dos personagens jogáveis, determinará o futuro da Terra.
dacholer	Um jogo de labirinto tipo shooter, onde você desempenha um papel de avestruz e terá que evitar e destruir todos os adversários chutando uma tartaruga em forma de bola de futebol para atingi-los e chegar ao estágio de bonnus ou próximo nível.
daioh	Daioh, que se traduz do japonês como 'Grande Rei', é um jogo de tiro espacial com rolagem vertical em várias camadas. O jogo tem uma infinidade de ondas de diferentes inimigos, vários chefes finais e ação frenética. Você pode usar armas como &quot;Ion Shot&quot;, &quot;Laser Shot&quot;, &quot;Missile Shot&quot;, &quot;Fire Bomb&quot;, &quot;Mega Beam&quot; e &quot;Atomic Bomb&quot;. A versão dos EUA possui suporte de 6 botões para todos os três tipos de tiro e seus respectivos tipos de bomba.
danchiq	Danchi de Quiz: Okusan Yontaku Desuyo! é um jogo de quiz japonês, semelhante a games como o Show do milhão entre tantos outros, para jogar esse jogo é necessário ter algum conhecimento de língua e cultura japonesa.
daraku	Fallen Angels é um jogo de luta bidimensional que tem uma abordagem um pouco realista em sua jogabilidade, sem ataques sobrenaturais e movimentos fluidos animados usando movimentos reais. Os ataques de projéteis são limitados a três personagens, atípicos para o gênero do jogo. O jogo contou com oito personagens jogáveis: Legal, Harry Ness, Yuiren, Yuiran, Tarō, Torao Onigawara, Ruccio Roche, Haiji Mibu. Os personagens principais são Trigger e Carlos. O jogo se passa em 2010, dez anos depois de um grande terremoto que abalou uma cidade sem nome. O terremoto separou a cidade das áreas circundantes, deixando os criminosos a correr como quisessem. O jogo gira em torno dos habitantes que lutam entre si para atingir seus objetivos.
darius2	Darius II é a sequência direta do original de 1986, Darius II manteve o formato diferenciado de 3 telas do primeiro jogo. O sistema de power-up de Darius II foi alterado do sistema de jogo principal, com os jogadores tendo que destruir ondas completas de um inimigo em particular para ganhar um power-up. 2 novos power-ups também foram adicionados; o primeiro foi um novo power-up de arma que deu ao jogador lasers verdes e verticais; o segundo foi um item colorido do arco-íris que alimentou todas as armas dos jogadores.
dariusg	Em Darius Gaiden - Silver Hawk, o terceiro na sequência da série Darius; o jogador voa com uma nave de caça ornamentada chamada Silver Hawk. A nave está equipada com duas armas de ataque: Míssil (canhão padrão de tiro à frente) e Bomba (cai do fundo do navio). O Silver Hawk também é equipado com o 'Arm' (armadura); um escudo de energia verde que pode absorver ataques inimigos sem causar danos ao navio. Alguns inimigos deixam painéis para trás que podem ser coletados para aumentar seus tiros, mísseis ou escudo.
darkedge	Dark Edge é um jogo 3D versus luta ambientado no século vinte e cinco, no qual o mundo é controlado por um grande computador. Você assume o controle de um lutador que escapou do controle dos computadores e agora tem que lutar contra vários assassinos para sobreviver. Existem seis lutadores para escolher, cada um com seus próprios movimentos. Eles são o Samurai Americano Thud com suas duas espadas, um Bio-Monstro chamado Blood, o piloto de caça alemão e ciborgue Yeager, a artista marcial feminina Genie, M.E.K. o soldado mercenário e ciborgue da Europa e Golias, um grandalhão de movimento lento vestindo um traje de força. Após derrotar os lutadores jogáveis, dois chefes chamados RAM-X e RULER devem ser derrotados. As lutas são em melhor de três. Você pode jogar sozinho ou contra um amigo.
dayto2pe	Daytona USA 2: Power Edition é uma atualização para Daytona USA 2: Battle on the Edge, e foi lançado para o hardware Sega Model 3 em 1998. Power Edition serve como uma atualização para Battle on the Edge em uma maneira semelhante de como Daytona USA: Championship Circuit Edition atualiza Daytona USA. É principalmente o mesmo jogo, exceto uma nova introdução e algumas adições.
daytona	Daytona USA é um jogo de corrida para arcades lançado pela Sega em 1993. Tomando por base a estrutura básica apresentada no jogo Virtua Racing de 1992, aproveitou-se de uma plataforma mais moderna para apresentar os gráficos com maior fluidez vistos até então. Sucesso de crítica, é considerado por muitos o jogo para arcades mais bem sucedido de todos os tempos.
daytona2	Daytona USA 2: Battle on the Edge é um jogo de corrida arcade lançado pela Sega em 1998 como uma continuação do extremamente bem sucedido Daytona USA. O jogo apresentava gráficos muito superiores, utilizando o hardware Sega Model 3. Uma mudança notável em relação ao original é a capacidade de selecionar um carro e motorista correspondente, cada um com capacidades variadas para diferentes níveis de experiência do jogador. Assim como antes, o jogo tem três cursos – um curso Iniciante com 8 voltas, um curso Avançado com 4 voltas e um curso Expert longo com 2 voltas.
dbreed	Zambaquous fez tudo para tornar a vida num inferno para o povo de Agamen, pelo que o seu rei Kayus, decide pôr fim a esta ameaça. O que distingue este jogo de todos os outros shoot'em ups de scrolling lateral (com a excepção de Saint Dragon) é que se monta um dragão, chamado Bahamoot. Tanto você como o dragão têm poder de fogo, e manter premido o botão de fogo aumenta a ferocidade dos parafusos de energia de Bahamoot. A cauda do dragão pode ser controlada indirectamente, e como é indestrutível, pode ser usada ou como escudo ou como arma por direito próprio. Há bónus a recolher à medida que se desce do dragão para os ir buscar. Estes incluem uma explosão de fogo, relâmpagos da cauda de Bahamoot, mísseis de referência e relâmpagos, com apenas um activo de cada vez. Cada nível tem um limite de tempo.
dday	Você controla uma arma que atira em tanques e outros inimigos.
ddonpach	DoDonPachi é a sequência da Cave para o lançamento de arcade de 1995, DonPachi. Como seu antecessor, DoDonPachi é um jogo de tiro maníaco de rolagem vertical com tema militar e robô, apresentando uma abelha mecha gigante como chefe final. A nave do jogador e a jogabilidade são virtualmente as mesmas de DonPachi, com uma das três armas selecionadas no início e depois niveladas ao coletar power-ups perdidos.
ddp2	Muitos anos após os eventos dos jogos anteriores e da aparente derrota dos impiedosos inimigos, um exército de &quot;alienígenas mecânicos&quot; desperta repentinamente causando o caos. Três corajosos pilotos de naves espaciais são enviados para interceptar a ameaça, apenas para descobrir uma verdade terrível: o império Taisabachi e seu exército despertaram de seu longo sono e planejam aniquilar a humanidade novamente. Cabe aos três pilotos avançarem pelas linhas inimigas para deter essa força implacável. DoDonPachi II: Bee Storm é um jogo de tiro estilo bullet hell com rolagem vertical , lançado em 2001 , desenvolvido pela International Games System (IGS) e publicado pela Capcom . É o único título da série DonPachi que não foi desenvolvido pela Cave .
ddp3	No passado, uma IA militar quase extinguiu a humanidade. Para evitar o fim, os sobreviventes baniram e lacraram toda a tecnologia de armas autônomas em Lunapolis, uma colônia lunar, iniciando uma era de paz. Mil anos depois, o selo é rompido. Robôs adormecidos despertam sob o comando do supercomputador Hibachi e avançam em direção à Terra para exterminar a raça humana. Sem defesa, os líderes reativam o esquadrão de elite DonPachi Corps. Para desviar de milhares de tiros e igualar o poder dos robôs, criam-se as Element Dolls: androides femininas instaladas nas naves como computadores de bordo vivos. A verdade oculta é terrível: elas são humanas modificadas contra a vontade, com mentes apagadas pela elite para servirem como escravas de guerra. Embora sintam dor e tenham sentimentos, a fusão neural necessária para o combate consome tanta energia que garante a morte cerebral delas ao fim da missão.
ddpdfk	Após o ataque a Lunapolis e o fim das &quot;Guerras da Morte Feliz&quot;, a paz parecia restaurada, com o Corpo DonPachi recolhido em sua base temporal. Seis anos depois, anomalias temporais surgem, mas o Coronel Longhener descarta o perigo. Porém, um técnico descobre que um vírus invadiu o sistema e envia recursos ao passado para evoluir. O vírus é, na verdade, o programa das antigas Bonecas Elementais, buscando aniquilar a humanidade em vingança pela crueldade sofrida após a guerra. Ao perceber que a ameaça ataca o passado para alterar o futuro, o Coronel autoriza uma última nave a saltar no tempo para impedir a invasão, refletindo sobre a imperfeição humana. Novamente, os três pilotos retornam a 2008 e entram em combate. Assim que cruzam o portal, a nave é atacada pelas Filhas Elementais, formas evoluídas e gigantescas das antigas bonecas, que os aguardavam para a batalha... A abelha ainda está zumbindo.
ddpdojt	Esta é uma luta entre a raça humana e as máquinas. Para derrotar as máquinas, os humanos enviaram &quot;Elemental Dolls&quot;, naves pilotadas por elas, para auxiliá-los em sua batalha. Uma versão modificada do jogo DoDonPachi Dai Ou Jou, conhecida como DoDonPachi Dai Ou Jou Tamashii, foi lançada em 2010 na China e em Taiwan para o hardware IGS PGM 2. DoDonPachi Dai Ou Jou Tamashii apresenta um modo Fácil, com projéteis mais lentos e padrões menos densos, bem como um modo Original, mais próximo do jogo original. Como DoDonPachi Dai Ou Jou Tamashii roda em um hardware diferente do jogo original, não é possível trocar as ROMs entre os dois.
ddragon	Situado em uma Nova York pós-apocalíptica, Double Dragon é a história de Billy e Jimmy Lee, irmãos gêmeos treinados no estilo de luta de Sou-Setsu-Ken. Juntos, eles administram uma pequena escola de treinamento de artes marciais, ensinando seus alunos em legítima defesa. Um dia, a namorada de Billy, Marian, é sequestrada na rua pelos &quot;Guerreiros Negros&quot;, uma gangue de rua selvagem liderada por um homem chamado Willy. Os Guerreiros Negros exigem que os irmãos Lee divulguem seus segredos das artes marciais em troca da liberdade de Marian. Os irmãos Lee partem em uma missão de resgate para esmagar os Guerreiros Negros e salvar Marian.
ddragon2	A adorável Marian foi resgatada das garras da gangue Black Warriors por Billy & Jimmy Lee no primeiro jogo Double Dragon, mas agora a gangue a matou em retaliação à derrota precoce. Os dragões agora devem embarcar em uma missão para vingar sua morte e derrotar os guerreiros negros pela segunda e última vez. A versão arcade original de &quot;Double Dragon II&quot; foi essencialmente uma versão melhorada do primeiro jogo. Além de oferecer áudio e recursos visuais renovados, bem como novas armadilhas, movimentos e personagens inimigos, &quot;Double Dragon II&quot; descartou os botões convencionais de soco e chute em favor de um sistema de ataque orientado à direção semelhante ao beat-em-techno original da Technos. Renegado. A versão do NES ofereceu novos estágios, novos movimentos e cenas ilustradas, além de um novo chefe final e um novo final. Ao contrário do primeiro jogo da NES, ele oferecia uma jogabilidade cooperativa para 2 jogadores com a opção de desligar o fogo amigável.
ddragon3	O jogo final da trilogia. Billy e Jimmy Lee estão voltando do treinamento de artes marciais quando seus caminhos cruzam uma cartomante. Ela conta a eles sobre um grande mal no Egito, seu adversário mais forte até agora, e como os Rosetta Stones podem ajudá-los. Este jogo apresenta lojas de armas onde Billy e Jimmy podem comprar power-ups, truques, energia e vidas extras para ajudá-los em sua busca. Os power-ups fazem com que Billy e Jimmy tenham o dobro do tamanho, aumentando o dano causado e o alcance do ataque. Os gráficos dos personagens mudaram, passando dos gráficos em estilo cartoon para os mais realistas.
ddsom	Dungeons & Dragons: Shadow over Mystara é um jogo de arcade desenvolvido e publicado pela Capcom em 1996 como uma sequência de Dungeons & Dragons: Tower of Doom. Também foi lançado no Sega Saturn, embalado com Tower of Doom, sob o título Dungeons & Dragons Collection. O jogo se passa no cenário da campanha Dungeons & Dragons, em Mystara. Foi um dos últimos side-scrollers 2D arcade criados pela Capcom; apenas Battle Circuit (1997) veio após Shadow over Mystara.
ddtod	Dungeons & Dragons: Tower of Doom é o primeiro de dois videogames criados pela Capcom com base no RPG de mesa de Dungeons & Dragons. O jogo também foi lançado na Sega Saturn, empacotado com sua sequência Dungeons & Dragons: Shadow over Mystara, sob o título Dungeons & Dragons Collection, embora a versão Saturn limitasse a jogabilidade a apenas 2 jogadores. O jogo se passa no cenário da campanha Mystara.
deathcox	Death Crimson Ox é um atirador de arma de luz, muito semelhante a &quot;The House of the Dead&quot;. Ele oferece a você a oportunidade de jogar Kô Yamami, acompanhado por seu assistente Yuri para o jogo a dois. Os malvados Sublimadores saquearam a cidade de Saronica e capturaram Lily, a líder da rebelião. Restaure a ordem e salve Lily. Esta é a missão do nosso herói.
demofist	Demolish Fist é um beat'em up onde o jogador controla um dos quatro personagens, Enzo, Leoneer, Vanessa ou Undead, enquanto você luta em vários estágios. Existem muitos itens disponíveis para usar como armas contra seus inimigos. Cada jogador tem sua própria variedade de movimentos e especiais que podem desencadear à vontade. Além disso, todos esses quatro personagens têm a capacidade de usar a incrível técnica 'Vertigo'! Demolish Fist é um jogo de luta bem montado que tem muitas coisas para oferecer ao mundo dos beat'em up.
denjinmk	Ghost Chaser Densei ou Denjinmakai não se afastam drasticamente da trama padrão do scrolling-brawler. Uma cidade vinte minutos no futuro deve ser salva de uma organização terrorista, e entre a salvação e você está uma linha longa e reta cheia de capangas que devem ser socados. Além de receber ordens de seu chefe antes de cada nível, e a conversa rápida com um chefe ou NPC raro, a história não tentará atrapalhar as derrotas.
depthch	O jogador controla um navio que se movimenta no topo da tela. Abaixo, submarinos tentam invadir o território. Com bombas subaquáticas, é necessário explodir tais embarcações. O tempo é de 90 segundos para afundar o maior número possível de submarinos.
derbyo2k	Derby Owners Club 2000 é um simulador de corrida de cavalos desenvolvido pela Hitmaker e publicado pela Sega para a plataforma Sega NAOMI. É a continuação ou atualização do Derby Owners Club, e foi seguido pelo Derby Owners Club World Edition. O jogo era exclusivo para arcade.
derbyoc	Derby Owners Club é um videogame de corrida de cavalos puro-sangue que permite aos jogadores possuir, criar, treinar e montar seu próprio cavalo de corrida. Um cartão de armazenamento de dados é eliminado com a primeira jogada, permitindo que cada jogador desenvolva continuamente seu cavalo, prole e estábulo por meio de brincadeiras repetidas. O design inovador do gabinete permite que até 4 jogadores compitam ao mesmo tempo.
derbyoc2	Nova versão do Derby Owners Club com um novo recurso: você pode lavar seus cavalos.
derbyocw	Derby Owners Club World Edition é um simulador de corrida de cavalos desenvolvido pela Hitmaker e publicado pela Sega para a plataforma de arcade Sega NAOMI. É uma atualização do Derby Owners Club 2000, modificado para atrair o mercado ocidental. Por exemplo, o Yushun Himba e o Tokyo Yushun foram renomeados para American Oaks e American Derby, respectivamente. Uma nova atualização foi lançada como Derby Owners Club World Edition EX, que adicionou mais potência e corrigiu alguns bugs.
desert	Desert Tank é um simulador de tanque arcade 3D, o jogador tem um tanque e destrói todos os oponentes no campo de batalha. Tem um canhão e uma metralhadora. O jogo é muito &quot;arcade&quot;: o tanque é muito rápido, tem boa blindagem e é muito poderoso. O jogador deve se apressar: o jogo tem um limite de tempo.
devilw	Um arqueólogo chamado Dr. Condor descobre o caixão de um demônio em uma ruína antiga. Durante uma entrevista coletiva anunciando sua descoberta, ele decide abrir o caixão pela primeira vez, apenas para ser transportado para outro mundo ao lado de um repórter chamado Labryna e outro arqueólogo chamado Zorlock. Os três heróis devem agora sair do Mundo do Diabo para derrotar o malvado Rei Demônio que os mantém presos e retornar ao mundo humano.
devstors	Devastators é um jogo de tiro em terceira pessoa. Até dois jogadores podem controlar mercenários no estilo Rambo.
diamrun	Um jogo arcade puzzle no qual um único jogador deve fazer um túnel através de uma série de cavernas subterrâneas, recolhendo as numerosas gemas espalhadas por todos os níveis. Cada caverna está cheia de rochas que, se caírem sobre o jogador, causam a perda de vidas. Túneis cuidadosamente planejados podem ser escavados para manipular a direção em que as rochas caem, tornando-os uma arma eficaz contra os muitos inimigos que povoam os níveis. Uma série de explosivos vermelhos podem ser encontrados que também podem ser usados para matar inimigos e destruir qualquer parede que bloqueie o caminho do jogador. Novamente, como rochas, estas devem ser usadas com cuidado para evitar que a explosão mate o jogador.
dietgo	Diet Go Go é um jogo de plataforma de tela única para um ou dois jogadores, no qual o objetivo é limpar cada tela de monstros e evitar engordar. Os monstros são derrotados jogando comida neles até inflarem (engordam), depois os tocam para estourá-los, enviando-os voando pela tela e matando outros monstros com quem entram em contato. Muitos monstros também jogam comida nos jogadores, tornando-os cada vez mais gordos. Se os jogadores engordam demais, eles perdem uma vida, embora os refrigerantes de dieta extras apareçam ocasionalmente e possam ser recolhidos para reverter o efeito. O contato com monstros que não estão totalmente inflados é fatal.
digdug	Dig Dug é um jogo de arcade para 1-2 jogadores no qual você tem que usar sua pá para cavar o seu caminho pela terra. Impedindo que você faça isso são dois monstros, chamados Pooka e Fygar, que o perseguirão continuamente. A única arma que você carrega é uma bomba de ar, que você pode usar para inflar os monstros até o ponto em que eles explodem. (se você começar a inflá-los, mas parar de fazê-lo, os monstros voltarão ao seu estado normal). Além disso, as rochas estão espalhadas por toda a terra, e você pode usá-las para esmagá-las. Se os monstros não o encontrarem por alguns segundos, eles acabarão se transformando em fantasmas, capazes de andar pela terra. Eles são invencíveis e não podem ser mortos. De tempos em tempos, vegetais aparecem no centro e você pode obtê-los por pontos.
digdug2	O trabalho de Dig Dug é proteger 72 ilhas tropicais diferentes de seus arqui-rivais, Pooka e o fumeiro que cospe fogo. Jogado do ponto de vista aéreo, Dig Dug agora tem duas armas à sua disposição; o primeiro é uma bomba de ar e o segundo é uma broca. A bomba pode ser usada para inflar e destruir os inimigos da mesma forma que no Dig Dug original. Em vários locais nas ilhas, há estacas e, quando a broca é usada perto de uma estaca, uma rachadura se forma. Se rachaduras suficientes forem conectadas, essa seção da ilha cairá no oceano, com sorte levando um inimigo (e não Dig Dug!). Quando todos os Pookas e Fygars foram destruídos, o jogo passa para o próximo nível mais difícil.
diggerma	Digger Man é um jogo que rouba muitos sprites e sons do &quot;Gururin&quot; da Face. É um jogo de quebra-cabeça muito difícil. O jogador deve permanecer calmo e observar as pedras e bombas caindo.
dimahoo	O jogo se passa em um ambiente futurista com dragões, pequenas tartarugas com lasers nas costas e pequenos duendes verdes com olhos vermelhos. O jogador escolhe um dos quatro amigos para viajar. Os dois personagens voam pelos níveis do jogo e coletam itens. Cada item tem um valor em pontos e os pontos são usados para preencher um gráfico no final. Os itens incluem: comida, espadas, armaduras, botas, etc. No final do jogo, os chefes se tornam incrivelmente difíceis. Os fundos rápidos criam um estado de espírito confuso para o jogador.
dingo	Um jogo de quebra-cabeça, utilizando frutas.
dino	Cadillacs and Dinosaurs é um jogo de beat 'em up para arcade lançado em 1993 pela Capcom e baseado nos quadrinhos Xenozoic Tales de Mark Schultz. Após inúmeros desastres naturais causados pela poluição, a humanidade entra em colapso e os sobreviventes são obrigados a viver por séculos em cidades subterrâneas. Ao voltar para a superfície, no ano de 2513, os humanos descobrem que a Terra foi repovoada por dinossauros, que a princípio eram dóceis e conviviam de forma pacífica com os humanos, até que começaram a sofrer ataques de uma gangue chamada Black Marketers, que caçavam os dinossauros e cometiam outras atrocidades sem motivo aparente. Isso fez com que os dinossauros se tornassem hostis com os humanos e começassem a atacar povoados. A fim de colocar as coisas em ordem novamente, Jack Tenrec, Hannah Dundee, Mustapha Cairo e Mess O'Bradovich decidem juntar-se contra as ações dos Black Marketers e iniciam uma busca aos membros da gangue e seus líderes.
dirtdash	Dirt Dash é um jogo de corrida off-road que usa direção com feedback de força, escorregadores exagerados, passagens secretas e uma variedade de terrenos acidentados. É você e 6 rivais. Você tem o que é preciso para sobreviver a todas as 5 seções e ficar em primeiro lugar?
dirtdvls	Dirt Devils é um jogo de corrida da Sega com veículos off-road, como um Humvee, um Sand Buggy e um Beetle Buggy. Assuma o volante de um dos cinco supercarros e experimente a sensação e a estratégia de uma verdadeira corrida de terra. Segure firme enquanto desliza seu veículo off-road por curvas incrivelmente fechadas, desça em buracos enormes, voe por cruzamentos de dois níveis, navegue por pântanos aquosos e tente dirigir à noite apenas com seus faróis para guiá-lo.
dirtypig	Este é jogo de futebol com uma reviravolta. Em vez dos jogadores de futebol tradicionais, cada um com seu próprio código de ética, temos um elenco completamente único de jogadores que não fazem a mínima ideia do que essa palavra significa. Uma das equipes em destaque é: Os Prisioneiros, com seus tradicionais macacões laranja de presidiário. Temos também: O grupo Hitman, um grupo de assassinos, todos vestidos com ternos pretos e óculos escuros – agradáveis, não é? Esses homens estão todos loucos para sujar as mãos. No total, são 12 equipes neste jogo, vários locais para jogar, e o jogo também conta com um modo simultâneo para 4 jogadores. Com um sistema de jogo fácil de usar, Pigskin convida jogadores de todos os níveis a participar da ação.
dkong	Um dos primeiros exemplos do gênero de jogo de plataforma, a jogabilidade se concentra em manobrar o personagem principal em uma série de plataformas, enquanto esquiva e pula obstáculos. No jogo, Mario (originalmente chamado Mr. Video e depois Jumpman) deve resgatar uma donzela em perigo chamada Pauline (originalmente chamada Lady), de um macaco gigante chamado Donkey Kong. O herói e o macaco mais tarde se tornaram dois dos personagens mais populares e reconhecíveis da Nintendo. Donkey Kong é um dos jogos mais importantes da era de ouro dos videogames, além de um dos melhores e mais populares jogos de arcade de todos os tempos. O jogo foi o mais recente de uma série de esforços da Nintendo para entrar no mercado norte-americano. Hiroshi Yamauchi, presidente da Nintendo na época, designou o projeto para o primeiro designer de videogame chamado Shigeru Miyamoto. Partindo de uma ampla variedade de inspirações, incluindo Popeye, Beauty and the Beast e King Kong, Miyamoto desenvolveu o cenário e desenhou o jogo ao lado do engenheiro chefe da Nintendo, Gunpei Yokoi. Os dois homens inovaram ao usar os gráficos como meio de caracterização, incluindo cenas para avançar no enredo do jogo e integrar vários estágios à jogabilidade.
dkong3	Stanley é um dedetizador. Donkey Kong se refugiou em sua estufa e agora cabe a Stanley impedir que o macaco agite mais insetos que em breve destruirão suas flores. Stanley salva as flores pulverizando repelente de insetos no Donkey Kong.
dkongjr	O protagonista do jogo, Donkey Kong Junior, está tentando resgatar seu pai, Donkey Kong, que foi preso. A gaiola de Donkey Kong é guardada por Mario, em sua única aparição como antagonista em um videogame da Nintendo. Donkey Kong Jr. deve resgatar seu pai trabalhando em uma série de quatro telas. Mario tenta parar DK Jr. liberando animais e colocando obstáculos em seu caminho. Quando DK Jr. é bem-sucedido na última tela, Donkey Kong é libertado e chuta Mario para longe, deixando-o fugir e para um destino desconhecido; o jogo começa novamente em um nível de dificuldade mais alto.
dlair	Lançado originalmente nos fliperamas como um jogo de laserdisc, Dragon's Lair é um filme de desenho animado interativo. Os jogadores controlam Dirk, o Ousado, enquanto ele atravessa uma masmorra para lutar contra Singe, o Dragão, e resgatar a bela Princesa Daphne. O jogo consiste em cenas animadas, durante as quais o jogador deve pressionar os botões de direção ou o botão da espada no momento certo para acionar o próximo segmento do filme.
doa	Dead or Alive é um jogo de luta e o primeiro na longa série Dead or Alive. A jogabilidade de Dead or Alive era única na época de sua estreia porque apresentava opções de jogabilidade diferentes de outros jogos de luta 3D (pelo menos na época).
doa2m	Update para Dead or Alive 2, incluindo os recursos da versão do Dreamcast, que não existiam no original.
dokaben	Um jogo de basebol japonês jogado usando um baralho de cartas aleatórias. Design interessante.
dolphin	Dolphin Blue é um jogo de tiro arcade no estilo de Metal Slug, onde os jogadores montavam golfinhos e destruíam frotas de navios e submarinos inimigos. Infelizmente, este jogo de tiro arcade nunca foi portado para nenhum console doméstico.
donpachi	DonPachi é um jogo de tiro maníaco vertical de 1995, originalmente em fliperamas, e foi o primeiro jogo do desenvolvedor Cave. Os cenários são principalmente de floresta e os inimigos são veículos militares e robôs, culminando no chefe final, uma enorme abelha robótica. Uma das três configurações de arma é escolhida no início e depois nivelada por meio de power-ups perdidos. DonPachi foi portado para o Sega Saturn e Sony Playstation em 1996.
dorachan	Este vídeo game usou o famoso personagem anime 'Doraemon'. Desde que Craul Denshi não tinha licenciado o uso todas as placas tiveram que ser retiradas.
doubledr	Lançado aproximadamente na mesma época que o filme de mesmo nome e vagamente baseado em sua história, este capítulo da série Double Dragon também se distancia do tradicional combate entre ruas e ruas até um puro jogo de luta individual. Há dez personagens para escolher, incluindo Billy e Jimmy e o jogo tem fundos interativos coloridos, zoom na tela, movimentos especiais exagerados e a inclusão de saltos duplos, combos, cargas para o jogador que perdeu e contra-ataques e muito espaço para estratégias de combate avançadas.
dragnblz	Em uma terra distante, quatro corajosos dragonriders devem fazer uso de todos os feitiços do livro para sobreviver onda após onda de monstros poderosos e chefes gigantescos nesta obra-prima de shoot'em up da Psikyo. Apresenta gráficos e som verdadeiramente bonitos, excelente controle que apresenta alguns mecanismos de jogo interessantes e toneladas de desafio.
dragonsh	Jogo de luta não lançado com dez personagens selecionáveis. O jogo deveria ter um sistema único chamado de 'sistema de alinhamento' (Lawful, Neutral e Chaotic) no qual a propriedade do personagem mudaria dependendo do caminho que o jogador escolheria após o final de cada batalha. O jogo deveria mudar o tempo a cada rodada (manhã, tarde, noite). Lawful ficaria mais forte durante o meio-dia e seria capaz de usar movimentos adicionais, enquanto, por outro lado, ficaria mais fraco durante a noite. Chaotic é exatamente o oposto e fica forte durante a noite e fraco durante o meio-dia. Neutral permanece o mesmo em todos os momentos.
dragoona	12 personagens selecionáveis ??1 chefe final, lute uns com os outros em um único torneio ou uma batalha de equipes três contra três. Este jogo de luta apresenta armas zoom e grandes cenários.
drgnbstr	O jogo consiste em vários níveis grandes, cada um contendo vários níveis: uma caverna, uma torre, um castelo, etc. O seu objectivo em cada nível é atingir a fase final em que enfrenta o chefe de nível. Existem muitas vezes várias maneiras de chegar às fases finais e nem todas as fases são necessárias para as visitar. Equipado com uma espada, move-se através das fases de plataforma, limpando-os de vários monstros, recolhendo power-ups e tentando manter-se saudável até ao chefe de nível, uma vez que não pode curar o seu carácter entre as fases.
drmicro	Um jogo de plataforma no qual o jogador deve derrotar um cientista louco, evitando e destruindo suas criações malignas no processo. O jogo consiste em 3 níveis de tela única: No primeiro, o jogador deve se mover da esquerda para a direita da tela, caindo sobre pilares de metal em movimento constante e atirando nos inimigos. No segundo nível, o jogador deve dirigir uma bola flutuante pela tela, matando o maior número possível de inimigos. Quando inimigos suficientes forem mortos, uma saída será aberta, na qual o jogador deve entrar. A bola flutuante diminui gradualmente e o jogador terá que cair na parte inferior da tela várias vezes para obter uma bola substituta. A tela final ocorre na linha de produção do cientista; com máquinas que devem ser cuidadosamente negociadas. Dois robôs grandes impedem o caminho do cientista e devem ser destruídos antes que o cientista possa ser alcançado.
dsaber	Dragon Saber é a sequela de Dragon Spirit, mas o título é menos conhecido. A jogabilidade do jogo não mudou muito em relação ao original, sendo ambos os jogos de scrolling vertical shoot'em ups em que se controla um dragão. Sobrevoa áreas urbanizadas, com rios e suas margens. Pode disparar ondas de inimigos ou evitá-los. Disparar contra eles dá-lhe pontos extra e bónus ocasionais. As unidades terrestres também disparam contra si, por isso tenha cuidado.
dsem	Uma versão apenas europeia da série Dance Dance Dance Revolution. Utiliza a 3ª interface da série Dance Dance Dance Revolution e integra canções da 2ª e 3ª opus mais 8 canções exclusivas para a Europa.
dspirit	A princesa Alicia do reino de Mitgult foi raptada pelo monstro Zawell (ressuscitado pela Galda que quer conquistar o mundo). Cabe agora ao heróico guerreiro Amul transformar-se num dragão azul e ir salvar a princesa. O Dragon Spirit é um shoot-em-up de rolagem vertical que consiste em nove níveis. Os jogadores voam por aí e destroem tudo no seu caminho. A acção tem lugar a dois níveis, tanto no céu como no chão. O dragão tem dois tipos diferentes de ataques: fogo que dispara sobre o ecrã, e fogo que cai para atingir um ponto no chão em frente ao dragão. Os inimigos estão presentes no solo e no ar. O jogador pode recolher bónus, ou actualizações (cabeças extra no dragão, saúde, tiros mais rápidos, ...). Há um chefe no final de cada nível. É melhor ter o maior número possível de actualizações antes deste encontro.
dstlk	As pessoas tremem de medo desses monstros. Uma força misteriosa os desperta de seu longo sono. &quot;Levante-se e mostre suas presas!&quot; O silêncio da noite é quebrado pelos rosnados e rugidos desses espíritos malignos que foram convocados da vida após a morte. Eles estão vindo... esta tarde! DarkStalkers - os guerreiros da noite! DarkStalkers apresenta lutas espetaculares de monstros sobrenaturais com 4X os gráficos de SFII (seus 15.000 padrões de animação o destacam na frente de SSFII Turbo, resultando em movimentos realistas com animações suaves). Com jogabilidade infinita da qual você nunca se cansará, provoque seu oponente com movimentos incríveis como o Ataque Especial e o Golpe Mortal que são humanamente impossíveis. Estamos falando de variedades ilimitadas de ataques! O poder secreto inimaginável das trevas é liberado!
dtfamily	Um tiroteio vertical no qual você pode escolher 5 personagens incríveis diferentes. Parece que o objetivo principal deste jogo é destruir todos os alimentos e escapar ficar gordo.
dybb99	Dynamite Baseball '99 é a atualização da versão original. Dynamite Baseball é simplesmente um jogo de beisebol da Sega. Escolha seu time e seus jogadores e jogue, você adivinhou, beisebol. Para um dos primeiros jogos de Naomi, os gráficos são muito bons. Os jogadores têm uma aparência realista que era rara em sua época.
dybbnao	Dynamite Baseball é simplesmente um jogo de beisebol da Sega. Escolha seu time e seus jogadores e jogue, você adivinhou, beisebol. Para um dos primeiros jogos de Naomi, os gráficos são muito bons. Os jogadores têm uma aparência realista que não era comum em sua época.
dyger	Dyger é um jogo de tiro de rolagem vertical 2D em que você assume o controle de um piloto solitário e sua nave espacial. Na você progride e luta contra várias naves espaciais, armas terrestres, tanques, navios e bosses, power-ups estão disponíveis. A nave espacial tem armas separadas para unidades/navios voadores e terrestres. O jogo pode ser jogado sozinho ou com um amigo.
dynabb	Competições americanas, mas muito simplificadas em comparação com os jogos de beisebol que estavam sendo lançados no Dreamcast graças ao Visual Concepts.
dynabb97	Dynamite Baseball '97 é um jogo de beisebol em 3-D, uma sequência do &quot;Dynamite Baseball&quot; original, lançado em 1996. A música é muito idêntica às músicas do jogo Sega Model 3, &quot;Harley-Davidson & L.A. Riders&quot;, e de um jogo anterior do Sega Model 2, &quot;Sega Ski Super-G&quot;.
dynamcop	Dynamite Cop é um beat 'em up 3D para até dois jogadores, nos quais os jogadores jogam como Bruno Delinger, Jean Ivy ou Eddie Brown e lutam através de níveis a bordo de um navio de cruzeiro e em uma ilha deserta para salvar a filha do presidente de um grupo de piratas modernos liderados por Wolf &quot;White Fang&quot; Hongo, o principal antagonista do primeiro jogo. É a sequência do jogo de 1996, Dynamite Deka, que foi lançado fora do Japão como Die Hard Arcade.
dynwar	O objetivo dos jogadores é acabar com o Huang Ching, a organização responsável pela preocupação da Dinastia Han, e até dois jogadores podem lutar lado a lado para alcançar este objetivo. Este jogo sempre rola para a direita. Os jogadores devem ser capazes de sobreviver às hordas rebeldes para alcançar e matar o general rebelde em cada fase para libertar a província.
eca	Emergency Call Ambulance é um jogo de arcade lançado para o hardware Sega Model 3 em 1999. Os jogadores assumem o papel de um motorista de ambulância na cidade de Chicago e têm a tarefa de entregar pacientes ao hospital. É conhecido por ser um jogo extremamente difícil, pois o jogador deve chegar ao hospital rapidamente e sem bater, apesar das rotas perigosas que devem ser tomadas.
ecofghtr	Eco Fighters é um jogo de tiro horizontal, onde o jogador controla uma nave com uma arma rotativa. Conforme sugerido pelo título, o jogo tem um tema &quot;ecológico&quot;. Também foi desenvolvido pela mesma equipe a partir de dois títulos de arcade Mega Man, The Power Battle e The Power Fighters.
eightman	O super-herói deve parar a destruição de uma cidade nas mãos de um robô gigante e seu criador. O objetivo, como Eightman (ou Nineman), é mover a esquerda ou a direita golpeando inimigos e lutar contra um chefe no final do nível. Em alguns níveis, você está perseguindo um veículo enquanto os inimigos pulam em você. Os power-ups podem ser coletados ao longo do caminho, o que, quando coletados, farão seus chutes e golpes mais fortes, além de dar bombas que são usadas para acertar todos os inimigos. Se um jogo de dois jogadores estiver em andamento, uma faísca surgirá entre eles e o poder da bomba será aumentado.
elevator	É o Agente 17 (nome de código: &quot;Otto&quot;). A sua missão é recuperar todos os documentos ultra-secretos de um edifício de segurança e escapar no carro de fuga, localizado na cave do edifício. nnOs espiões inimigos estão espalhados pelo edifício de 30 andares e têm apenas uma missão: executar o Agente 17 a todo o custo. O agente 17 pode matá-los de várias maneiras: disparando-lhes com a sua arma, dando-lhes pontapés enquanto salta sobre eles, disparando uma luz no tecto enquanto está num elevador, deixando cair a luz sobre um deles e atropelando-os com um elevador. nnSempre que uma luz tiver sido lançada, os corredores ficarão escuros por um curto período de tempo, tornando mais difícil para os espiões inimigos verem.
enduror	Enduro Racer é um jogo de corridas off-road em que o jogador conduz uma bicicleta de terra através de pistas extremamente montanhosas e sinuosas. Cada raça está coberta de toros, rochas, árvores e adversários que devem ser saltados ou evitados. Os saltos só podem ser feitos em certos pontos de cada circuito. Estes locais têm uma rampa que percorre a largura da pista. Os jogadores devem estar num &quot;wheelie&quot; quando a rampa é alcançada, e a bicicleta será impelida para o ar. Se a bicicleta não estiver em wheelie, a rampa será atravessada mas a bicicleta aterrará na roda da frente e colidirá. Seja numa mota ou num carro, os adversários que encontra não lhe fazem nenhum favor e cada veículo que ultrapassa ganha pontos que podem ser convertidos em upgrades para a sua mota.
equites	Equites é um jogo de rolagem vertical precoce que dispara contra eles. Transforme-se de um mech que anda pela terra em um jato voador e volte novamente neste shooter de 1984 de Alpha Denshi.
esckids	Uma abordagem incomum no gênero de corrida com visão aérea, Escape Kids tem até 4 jogadores assumindo o papel de corredor atlético e competindo para ser o primeiro a cruzar a linha de chegada em várias corridas de 3 voltas. Além de correr, cada jogador tem um número limitado de 'Super Jumps'; isso permite que o jogador pule sobre os corredores e obstáculos rivais.
esh	Este jogo retoma o eterno princípio de Dragon's Lair: resgatar a bela princesa Sindy, que foi sequestrada e mantida prisioneira pelo malvado imperador Esh, que reina como um tirano em seu planeta. Como sempre, quem tem que fazer todo o trabalho é você, Don Davis. Nem preciso dizer que o caminho será longo e repleto de armadilhas cada vez mais traiçoeiras. Somente sua coragem e rapidez de reação poderão ajudá-lo a combater o imperador e reencontrar sua amada. Fiel à tradição do gameplay de laserdisc, será preciso interagir com as ações, movendo-se no momento certo e destruindo os inimigos ao executar os movimentos em um tempo previamente calculado. Para não fugir à regra, o filme é belíssimo e o humor está sempre presente.
esprade	ESP Ra.De. é um jogo de arcade de 1998 desenvolvido pela Cave e publicado pela Atlus. É o primeiro jogo não DonPachi lançado pela Cave. ESP Ra.De. recebeu prequelas espirituais na forma da série Espgaluda; no entanto, ESP Ra.De. está relacionado à série Espgaluda apenas pelo nome compartilhado e programador Tsuneki Ikeda. Em 2018, Tóquio atingiu sua extensão máxima, sendo vítima de problemas comuns, como superpopulação e criminalidade. Por esse motivo, uma ilha artificial, apropriadamente chamada Tokyo-2, é criada no exterior, graças ao apoio da sombria corporação &quot;Yaksa&quot;, liderada pelo ilusório bilionário Garra Ono, cujos vínculos com a encarnação moderna de Yakuza não foram comprovados.
eto	Monte até três objetos iguais, na horizontal, na vertical ou em forma de &quot;L&quot;, que podem ser rodados em qualquer direção.
exctscc2	O jogo permite que um ou dois jogadores joguem e tem um esquema de controle onde eles podem atacar, atirar, passe curto e passe longo. Emocionante Futebol teve toques realistas para a época: chutes de canto, arremessos, cobranças de pênaltis e cheerleaders, além de vozes digitalizadas e uma vista aérea influente.
exctsccr	Futebol emocionante é um jogo de futebol de associação que inclui a disputa de pênaltis se o jogo terminar em empate. Se você ganhar o jogo que você passar para o próximo nível, cada vez que o adversário fica mais difícil de bater. Quando você começa a jogar você pode escolher uma das 6 equipes: Itália, Inglaterra, Brasil, Alemanha Ocidental, Áustria ou França. A sequela Exciting Soccer II foi lançada em 1984 com o Japão substituindo a Áustria e música nova, mas jogabilidade idêntica. O jogo permite que um ou dois jogadores joguem e tem um esquema de controle onde eles podem atacar, atirar, passe curto e passe longo. Emocionante Futebol teve toques realistas para a época: chutes de canto, arremessos, cobranças de pênaltis e cheerleaders, além de vozes digitalizadas e uma vista aérea influente.
exedexes	Exed Exes é um shooter vertical arcade desenvolvido pela Capcom. Foi licenciado à Memetron e lançado fora do Japão nas arcadas como Savage Bees Memetron (licenciador do jogo). Usa hardware semelhante ao de 1942 da Capcom, mas é mais um sucessor espiritual do primeiro atirador da Capcom, Vulgus. Tem lugar numa colmeia alienígena de ficção científica onde deves pilotar a tua nave através de muitos níveis protegidos por insectos, alguns tão grandes como a tua nave e outros ainda maiores.
exerion	Bastante inovador para a sua época, Exerion utiliza um efeito de paralaxe na animação dos cenários para simular um efeito de profundidade. O jogador tem de enfrentar adversários beligerantes a bordo de uma nave espacial. O jogo oferece uma boa sensação graças à inércia aplicada à nave. O título é bastante restritivo no que respeita às munições. A nave está limitada a cinquenta cartuchos de munições no início do jogo para tiros simples. No entanto, dispõe também de um canhão duplo que demora mais tempo a recarregar, mas que permite recuperar munições para tiros simples quando se atinge um inimigo.
explbrkr	Explosive Breaker é um jogo de tiro com tema com espaço para rolagem para cima, onde você assume o controle de um dos seis pilotos diferentes e de seus navios. Os pilotos são Jean, Nigel, Steel, Mai, Mifune e Hanse, cada um com seu próprio padrão de armas. Você luta contra uma variedade de naves espaciais, armas estáticas e chefes. Enquanto estiver jogando, inimigos destruídos derrubam power-ups. Eles incluem: Um power-up de arma frontal (P), mísseis (M), mísseis teleguiados (H), algum tipo de bomba de desdém (C), arma lateral (S), bomba extra grande (B) e potência máxima instantânea ( P no bloco).
exprraid	O Express Raider, com tema selvagem do oeste, é separado em dois tipos de jogos diferentes; uma seqüência de luta de rolagem lateral e uma sequência de tiro. O jogador controla um assaltante de trem, ou 'Express Raider', e deve tentar roubar os sacos de dinheiro das locomotivas em movimento. Durante a sequência de luta, o Raider deve lutar contra o caixa do banco, acertar os coiotes e depois pular no trem antes que acelere. Uma vez no trem, ele deve lutar contra outros inimigos e evitar vários projéteis, como garrafas, balas e pás cheias de carvão.
f15se	F-15 Strike Eagle é um jogo de arcada baseado no franchise de simulação de combate aéreo F-15 Strike Eagle II da Microprose. Disponível nas configurações de pé e sentado, o jogador pilota o caça americano F-15E numa variedade de missões no Golfo Pérsico, atacando uma variedade de alvos inimigos, incluindo plataformas petrolíferas e fábricas de armas. Podem ser seleccionados três níveis de dificuldade no início, desde principiante a ás. Estão disponíveis seis cenários diferentes, alguns dos quais têm de ser desbloqueados. A reserva de combustível esgota-se durante o voo, sendo esta a medida do tempo. Pode ser recarregada adicionando créditos ou cumprindo objectivos.
f1dream	A escolha de 4 circuitos disponíveis para F3000 e F1 variou em dificuldade e o jogador conduz contra outros sete carros principais em ambas as categorias. Para a primeira corrida em cada categoria, o jogador recebe uma volta de qualificação molhada ou seca para determinar a sua posição inicial. A partir desse momento, o piloto termina a corrida anterior na posição de partida. As corridas são então disputadas em 2 voltas (F3000) e 3 voltas (F1) com pit stops opcionais para combustível e pneus e o jogador tem a escolha entre turbo ou não-turbo para cada corrida, que também é aleatoriamente molhada ou seca. O jogador também precisa manter seu carro na estrada, já que a condução fora de estrada fará com que o carro abrande drasticamente. O jogo termina se o jogador terminar uma corrida em 7º ou 8º, seu carro ficar sem combustível ou estiver muito danificado para continuar.
f1en	F1 Exhaust Note é um jogo de arcade para dois jogadores baseado no jogo de corrida de Fórmula Um, lançado em 1991. O jogo tem uma configuração de gabinete de corrida dupla padrão. Cada estação de jogador tem um monitor de 25 polegadas, controles de direção, controles de mudança, pedais e um assento decorativo. O som se origina na parte de trás do assento, dando ao jogador um efeito de som surround.
f1lap	F1 Super Lap é um excitante jogo de simulação de Formula 1 (F1) com ótimos gráficos, extremamente realistas. O Jogo usa os nomes reais das equipes de Formula 1, dos carros, dos pilotos e dos patrocinadores.
f355	F355 Challenge é o tributo digital de Yu Suzuki à marca Ferrari (Suzuki dirige uma Ferrari). Ao contrário de outros jogos de direção, este tem apenas um carro: a versão Challenge da Ferrari F355 F1. O programa Ferrari Challenge existe desde o ano modelo 348 e foi projetado para dar aos proprietários da Ferrari a oportunidade de testar sua ousadia contra seus colegas em pistas de corrida ao redor do mundo. Para esse fim, há quase uma dúzia de faixas reproduzidas com precisão no F355 Challenge, bem como uma ampla gama de opções de jogabilidade.
f355twin	F355 Challenge é o tributo digital de Yu Suzuki à marca Ferrari (Suzuki dirige uma Ferrari). Ao contrário de outros jogos de direção, este tem apenas um carro: a versão Challenge da Ferrari F355 F1. O programa Ferrari Challenge existe desde o ano modelo 348 e foi projetado para dar aos proprietários da Ferrari a oportunidade de testar sua ousadia contra seus colegas em pistas de corrida ao redor do mundo. Para esse fim, há quase uma dúzia de faixas reproduzidas com precisão no F355 Challenge, bem como uma ampla gama de opções de jogabilidade.
f355twn2	Continuação do Ferrari F355 Challenge. Este é basicamente o mesmo jogo com o mesmo hardware, mas com outras quatro pistas de corrida.
fatfursp	Fatal Fury Special é uma versão melhorada do jogo de luta 2D da SNK, Fatal Fury 2. É uma conversão do jogo para arcades de 1993 com o mesmo nome. O objetivo ainda é vencer o torneio, derrotando todos os outros lutadores, incluindo o chefe final Wolfgang Krauser. Fatal Fury Special apresenta uma seleção razoavelmente grande de lutadores. Um novo modo Count Down (derrote o máximo de oponentes possíveis em 3 minutos). Esquemas de cores extras para cada personagem. Novos e aprimorados gráficos dos cenários e suporte ao som Dolby Surround.
fatfury1	A cidade de Southtown é anfitriã do torneio King of Fighters. Andy e Terry Bogard participam do torneio porque vencer o torneio é a única maneira de derrotar Geese Howard. Geese Howard controla Southtown City e matou seu pai há vários anos. Também participando do torneio está Joe Higashi, um kickboxer japonês. Selecione Joe, Andy ou Terry, visite vários locais em Southtown City e vença esse torneio! Fatal Fury é um jogo de luta 2D e é o primeiro jogo de uma série de jogos de luta um-contra-um da SNK.
fatfury2	Mais uma vez, os Lobos Solitários retornam! Geese Howard pode ter sido derrotado, mas isso não significa que tudo esteja em paz. Um novo adversário, Wolfgang Krauser, veio para começar um novo torneio Fatal Fury. Os Lobos Solitários retornam, com novos rostos entre eles. Apenas um pode ser declarado vencedor.
fatfury3	Fatal Fury 3: Road to the Final Victory é um jogo de luta mano-a-mano de 1995 lançado pela SNK para o Neo-Geo. É o quarto jogo da série Fatal Fury após Fatal Fury Special (que em si foi uma versão atualizada de Fatal Fury 2). Fatal Fury 3 mantém o formato e os controles do jogo anterior da série, Fatal Fury Special. No entanto, os estágios de batalha de dois planos foram renovados em um formato de três planos conhecido como Oversway System. Novas técnicas introduzidas nesta edição incluem controlar a altura do salto do personagem, bloquear o ataque de um oponente no ar (Air Guard) e um novo tipo de técnicas de combinação conhecidas como Combination Arts, permitindo ao jogador cancelar uma série específica (que varia entre os personagens) de ataques regulares de um para o outro. Além dos Special Moves regulares, e os Super Special Moves que só podem ser executados quando o indicador de vida estiver piscando em vermelho, cada personagem também tem uma &quot;Habilidade Escondida&quot;, que é uma versão mais forte de um Super Special Move.
fbfrenzy	Você nunca mais jogará outro jogo de futebol depois de jogar o Football Frenzy! O Football Frenzy é uma ação contundente no seu melhor! Você ouvirá, em completo estéreo, todas as pancadas para esmagamento de ossos e o impacto de capacete contra capacete, de metal sobre metal. Os grunhidos e gemidos dos jogadores sacrificando seus corpos pela equipe e o colocam direto no campo com eles! Os zooms da câmera proporcionam os mais deslumbrantes close-ups já vistos. Então, traga suas almofadas e capacete! Modo de torneio, exibições cinematográficas e mais de 10 equipes para escolher fazem deste pacote de futebol completo. Jogar contra o computador ou um amigo neste 46-MEG... Football Frenzy!
ffight	Final Fight pode ser jogado por até dois jogadores simultaneamente, com cada jogador controlando um personagem diferente. Antes do jogo começar, o jogador escolhe entre os três personagens principais, Guy, Cody e Haggar, cada um com seu próprio estilo de luta e atributos. Guy é o mais fraco, mas tem ataques mais rápidos, Haggar é o mais forte, mas também o mais lento, e Cody tem todos os atributos. Final Fight consiste em seis etapas ou &quot;rodadas&quot;, bem como duas rodadas de bônus. Cada rodada tem lugar em uma seção diferente de Metro City, como as favelas e do metrô, com a maioria das rodadas com mais de um nível. No final de cada rodada, o jogador enfrentará um personagem de chefe exclusivo dessa rodada.
ffight3b	Final Fight pode ser jogado por até dois jogadores simultaneamente, com cada jogador controlando um personagem diferente. Antes do jogo começar, o jogador escolhe entre os três personagens principais, Guy, Cody e Haggar, cada um com seu próprio estilo de luta e atributos. Guy é o mais fraco, mas tem ataques mais rápidos, Haggar é o mais forte, mas também o mais lento, e Cody tem todos os atributos. Final Fight consiste em seis etapas ou &quot;rodadas&quot;, bem como duas rodadas de bônus. Cada rodada tem lugar em uma seção diferente de Metro City, como as favelas e do metrô, com a maioria das rodadas com mais de um nível. No final de cada rodada, o jogador enfrentará um personagem de chefe exclusivo dessa rodada.
fightfev	Existem 8 personagens para selecionar e dois chefes (o primeiro chefe só pode ser jogado no modo de dois jogadores). O objetivo do jogo é ganhar duas partidas de três. Cada personagem tem um conjunto de movimentos além de dois socos básicos e chutes. Cada personagem também tem um super movimento chamado &quot;Danger Move&quot;, que são semelhantes aos Movimentos de Desespero de Fatal Fury 2. Os jogadores também têm a habilidade de provocar outros, mas ao contrário de jogos como Art of Fighting, isso não tem efeito e na verdade deixar o jogador aberto aos ataques.
finalizr	Você controla um jato e voa por vários estados diferentes na América, atirando em inimigos diferentes.
flagrall	'96 Flag Rally é um jogo de corrida de cima para baixo ambientado em ambientes labirínticos semelhantes ao conceito de New Rally-X . O jogador escolhe entre diferentes garotas e uma seleção de carros ou motos. Situado em vários estágios, o jogador cavalga ou dirige para coletar bandeiras, evitando perigos e oponentes no estilo Pac-Man . Ao bater, uma vida é perdida imediatamente. Um mapa no lado direito da tela mostra as bandeiras restantes através de quadrados amarelos. Existe apenas uma quantidade limitada de tempo, representada por uma barra verde gradualmente preenchida com vermelho à medida que o tempo passa. Duas ações adicionais são possíveis: um impulso com velocidade adicional e deixar para trás fumaça contra os oponentes. De vez em quando, há uma etapa especial também.
flicky	Quando Flicky, o simpático pássaro azul, Tiger, o mais traiçoeiro dos gatos, e Iggy, o curioso lagarto, encontram-se, a confusão é geral. O problema é que Tiger e Iggy são loucos por pequenos passarinhos e Flicky está sempre tentando protegê-los. Tiger e Iggy realmente são impossíveis. Em alguns momentos será preciso atirar xícaras, vasos ou até mesmo maçãs para tentar deter esses terríveis animais! E tudo isto dentro de um imenso labirinto, passando por várias zonas: umas escuras, outras muito bonitas e outras assustadoras! Flicky já partiu para salvar seus amiguinhos. Afinal, ele ainda se lembra do quanto era perseguido quando era somente um pequeno filhote...
flipshot	Battle Flip Shot é um jogo arcade que mistura elementos de Pong com o design de personagens japoneses.
foolrace	Head On é um jogo de corrida de labirinto bidimensional. Você controla seu carro através do labirinto para pegar os pontos e, ao mesmo tempo, evitar o carro, ou carros, que estão constantemente tentando atacá-lo. Passe com sucesso por um labirinto e muitos outros esperam por você. Essa é uma boa prática para dirigir em rodovias na cidade grande.
footbpow	Você nunca mais jogará outro jogo de futebol depois de jogar o Football Frenzy! O Football Frenzy é uma ação contundente no seu melhor! Você ouvirá, em completo estéreo, todas as pancadas para esmagamento de ossos e o impacto de capacete contra capacete, de metal sobre metal. Os grunhidos e gemidos dos jogadores sacrificando seus corpos pela equipe e o colocam direto no campo com eles! Os zooms da câmera proporcionam os mais deslumbrantes close-ups já vistos. Então, traga suas almofadas e capacete! Modo de torneio, exibições cinematográficas e mais de 10 equipes para escolher fazem deste pacote de futebol completo. Jogar contra o computador ou um amigo neste 46-MEG... Football Frenzy!
forgottn	Forgotten Worlds, é um jogo de rolagem lateral de atirar e correr lançado pela Capcom em 1988. É notável por ser o primeiro Título liberado por Capcom para seu hardware do jogo de arcade do sistema do CP. O jogo levou dois anos para se desenvolver, com um orçamento de produção de US $ 5 milhões. Situado em um futuro distante, um deus maligno conhecido como Imperador BIOS destruiu a maior parte da Terra, transformando-a em um deserto abandonado conhecido como o &quot;Mundo de Poeira&quot;. Dois super-soldados sem nome são criados pelo povo para derrotar BIOS e os oito deuses malignos que o servem.
formatz	Situado no ano 2701, o jogador controla um robô que se pode transformar num caça aerodinâmico numa missão para impedir que uma super arma alienígena chegue à Terra. O robô pode avançar, recuar e saltar, e o lutador aerodinâmico pode viajar para qualquer lugar no ecrã, mas tem pouco combustível para o fazer. Uma combinação dos dois deve ser utilizada para evitar obstáculos, bem como para destruir inimigos no ecrã para obter pontos extra.
fotns	Em um mundo sem lei, Kenshiro usa sua arte marcial assassina chamada Hokuto Shiki-Ken para ajudar os fracos e oprimidos. Em cada vilarejo dessa terra pós-apocalipse nuclear que ele passa, inimigos se levantam para enfrentá-lo, mas mesmo antes que percebam, eles já estão mortos. Hokuto No Ken é provavelmente um dos jogos mais interessantes da Atomiswave, tanto pela sua jogabilidade rápida e brutal quanto pelo charme dos personagens e da história que representa.
frogger	Frogger é um jogo para um ou dois jogadores no qual os jogadores devem superar vários riscos para guiar com segurança o anfíbio verde da parte inferior da tela para uma das cinco bases domésticas situadas na parte superior da tela. A metade inferior da tela consiste em um fluxo bidirecional de tráfego, movendo-se por cinco faixas. Para navegar pela estrada com segurança, os lúpulos da Frogger devem ser cronometrados para evitar os veículos, que incluem ônibus, tráfego civil e carros de corrida, com diferentes tipos de veículos se movendo em velocidades diferentes. Além de poder pular verticalmente, Frogger também pode se mover para a esquerda e para a direita, permitindo que ele se mova com o fluxo de tráfego.
frogs	Em um jogo com fundo pintado, o jogador controla um sapo saltitante que deve usar a língua para comer moscas e borboletas em tempo limitado, sem cair na água, o que faz o anfíbio perder segundos preciosos. Devorar uma libélula garante uma partida grátis.
froman2b	bootleg de um protótipo desenvolvido pela Video System originalmente para o Neo-Geo CD
fromanc2	bootleg de um protótipo desenvolvido pela Video System originalmente para o Neo-Geo CD
fround	Jogo de boxe. Você interpreta o papel de Jabbin Jim, que luta contra diferentes oponentes, cada um mais difícil que o anterior. Alguns dos adversários são reconhecíveis nos filmes de Rocky. Seu boxeador possui três atributos: força, velocidade e estaminia, e todos esses fatores contribuem para a sua classificação geral de potência. Os atributos podem ser aprimorados participando de minijogos entre as rodadas.
fshark	Sky Shark é um shooter vertical semelhante ao Raiden. Você começa com quatro vidas e três bombas. Com isso (você pode obter mais vidas em determinados intervalos de pontos e mais bombas podem ser encontradas), você, o &quot;Sky Shark&quot; do seu esquadrão, explode em cinco níveis de campos de batalha infestados por inimigos com até seis atualizações de armas (além de das bombas e da atualização das armas, não há outras armas encontradas). Inclui três níveis de dificuldade e suporte para dois jogadores.
ftspeed	Entre no emocionante mundo das corridas de rua de FASTER THAN SPEED, onde o vencedor manda e o perdedor sai impune! Domine as ruas com a experiência de direção mais viciante da sua vida! Escolha entre 8 carros personalizados. FASTER THAN SPEED levará seus jogadores às ruas exóticas, escuras e secundárias de mais de 6 pistas, desafiando o piloto mais rápido, o mais veloz, o mais casca-grossa e o mais bem equipado a conquistar o asfalto! Para derrotar seu desafiante, você precisa queimar o asfalto com uma variedade de manobras em alta velocidade.
fvipers	Cidade de Armstone, ano desconhecido. O presidente da câmara decidiu organizar um torneio de luta, com a grande final a ser realizada no topo da torre da cidade. Os Vipers, jovens guerreiros urbanos, decidem lutar uns contra os outros, cada um com o seu próprio objectivo em mente. Os oito Vipers vêm de diferentes origens, como o roqueiro Raxel, o órfão que anseia por conhecer o seu pai Bahn, o antigo chefe de gangue de Tóquio, a rainha das passarelas Grace, o gigante com um passado desconhecido Sanman, ...Em Fighting Vipers, uma parede envolve a área de combate e cada lutador está equipado com uma armadura de duas peças que só pode ser quebrada por golpes poderosos. Uma vez destruída a armadura, o infeliz lutador é mais vulnerável aos golpes do adversário, e os danos também podem ser acumulados se ele tocar na parede ou no chão após um lançamento.
fvipers2	A sequência do inovador Fighting Vipers chegou e está pronta para incendiar o mundo dos beat 'em ups mais uma vez. A vingança conquistou sua mente e a agressão envenenou seu sangue enquanto você assume o controle de um bando de 'Víboras', cada um com armas distintas em uma luta para remover a ditadura do prefeito da cidade. Fighting Vipers 2 certamente sobrecarregará seu pulso!
gaialast	Um jogo de tiro vertical da Semicom, onde você pode escolher entre 6 aeronaves diferentes, incluindo um avião amarelo, e lutar em vários estágios diferentes, incluindo uma zona espacial.
galaxyfg	As pessoas rezam aos deuses, mas o diabo veio do céu. Sua missão é derrotar Felden Kryse, governante do submundo. O fantástico desafio desdobra-se ferozmente em oito planetas diferentes. A imagem da tela muda instantaneamente para aumentar e diminuir o zoom com base no desenrolar da batalha. Use o Dash para sua maior vantagem e acelere pelo campo do infinito.
galaxygn	Em Galaxy Gunners, você deve pilotar uma espaçonave poderosa sobre cidades e planetas alienígenas, movendo-se a velocidades incríveis e explodindo o inferno com tudo o que vê! Lute uma guerra de um homem contra as forças do mal e salve a galáxia da destruição total, enquanto você explode inimigos em pedaços e coleciona bônus impressionantes para continuar sua campanha de destruição.
galaxyr	No Galaxy Ranger, você viaja pelo universo e deve combater naves inimigas para lutar contra invasores. No caminho, você voa por desertos exóticos, através de túneis ou sobre cidades futuristas para repelir os invasores. Galaxy Ranger é um jogo com uma realização bastante mediana, apresentando apenas uma sucessão de imagens do espaço, mas pode agradar aos jogadores que buscam uma jogabilidade mais convencional e, assim, querem se afastar do estilo tradicional dos jogos de laserdisc. Importante ressaltar que o jogo não tem nenhuma relação com o desenho animado de mesmo nome lançado em meados dos anos 80.
ganbare	Ganbare Marin-kun é o último e provavelmente mais raro jogo lançado no CPS1. Eu não conheço ninguém que tenha ouvido falar até que ele apareceu para venda. É um jogo de medalhas, mas junto com Tobikose Jumpman e Alien, os melhores que eu já vi. A música copia várias coisas, incluindo a música tema do Indiana Jones.
gangwars	O cenário acontece em Nova York, seguindo os artistas marciais Mike e Jackie, que ouviram uma gangue maléfica liderada pelo antagonista Jaguar, aterrorizando a cidade. Jaguar também seqüestrou uma jovem chamada Cynthia. Mike e Jackie devem lutar por partes da cidade de Nova York (incluindo Chinatown, Manhattan) para devolver a paz à cidade de Nova York, e derrotar Jaguar para salvar Cynthia.
ganryu	Um mês se passou desde que Musashi derrotou seu inimigo jurado, Kojiro. Musashi estava a caminho de Kyoto, onde sua amada Otsu estava esperando por ele. Por essa época, muitos seqüestros haviam ocorrido por um misterioso grupo de ninjas, e Otsu era uma das desaparecidas. Qual é o verdadeiro propósito desses ninjas? A hora de lutar veio novamente para Musashi !! Você deve guiar Musashi ou sua irmã, Suzame, em vários locais, derrotando uma horda de ninjas com apenas uma espada. Power-ups de arma e bônus de vida podem ser coletados ao longo do caminho. Você pode pular alto e usar seu gancho para prender-se e subir em alguns tetos, além de se prender a objetos distantes. No final de cada local, você deve derrotar um guardião para continuar o jogo. Cut-scenes são vistas entre os locais.
garou	Já se passaram vários anos desde que Geese Howard foi derrotado em uma batalha com Terry Bogard, um jovem que queria vingar seu pai. Em vez de procurar ser salvo da morte depois de cair da varanda de seu escritório, Geese decidiu morrer e deixou para trás seu filho, Rock. Terry levou Rock e tornou-se um irmão mais velho para ele, criando o menino durante toda a sua vida. Agora Rock é um adolescente, e Terry é um homem de 30 anos, e ambos estão prestes a se unir em um novo confronto ... rostos novos e antigos se juntam para a maior batalha até agora!
gaunt2	Baseado no jogo de arcade, Gauntlet II é muito semelhante ao original. Até quatro jogadores (um mago, um guerreiro, um elfo e uma valquíria) percorrem vários labirintos, coletam tesouros e poções mágicas e afastam diversas criaturas e fantasmas.
gberet	Green Beret é um jogo de ação / plataforma de rolagem lateral durante a Guerra Fria, no qual um fuzileiro naval das forças especiais dos EUA deve se infiltrar em uma base militar russa para evitar que quatro prisioneiros de guerra sejam executados por esquadrão de tiro. Inicialmente, o soldado está armado apenas com uma faca de combate, mas matando certas tropas inimigas, os jogadores podem obter um lança-chamas de três tiros, um RPG de quatro tiros ou um pacote de três granadas de mão.
gbusters	Prenda criminosos enquanto abate centenas de outros neste shooter da Konami.
gfire2	Golden Fire II é um videogame para arcade, lançado pela Topis em 1992. É um jogo de tabuleiro com 7 por 7 espaços, você escolhe entre 3 grandes líderes do Japão antigo, caricaturados, para se auto-atuar e jogar contra outros; começa Cada um dos lados com duas jóias. Se você avançar o espaço adjacente com uma jóia, produzirá outra; se você avança dois espaços, apenas o tira do lugar. Quando uma peça é colocada próxima à do inimigo, suas peças adjacentes se tornam outras de suas próprias peças. Há ganhos em quem preencher o tabuleiro com mais peças dele ou remover todas as peças do adversário. Ao final de cada fase, uma foto erótica é mostrada como prêmio.
ggisuka	Guilty Gear Isuka apresenta novos personagens, novas arenas e várias novidades da franquia. Agora, quatro jogadores podem lutar em combates dois contra dois ou cooperativamente contra a IA do computador. Um novo modo permite que você personalize a aparência, movimentos e combos de seu próprio personagem com pontos ganhos durante as partidas. Guilty Gear Isuka também apresenta três novos personagens, arenas totalmente novas e um modo de jogo de ação de rolagem lateral. Prove que você é habilidoso o suficiente para vencer o torneio e salve humanos da ameaça Gear.
gground	Gain Ground é um ou dois jogadores que disparam sobre eles com níveis de ecrã único em que o jogador tem de resgatar soldados antes de escapar. Os jogadores podem escolher uma de três personagens, cada uma com as suas próprias armas, forças e fraquezas. O tempo é essencial, e os soldados que não saem do nível estão perdidos. Todos os soldados salvos juntam-se às fileiras dos jogadores como vidas bónus. Os níveis incluem planícies, castelos, florestas, fortalezas, etc.
ggx15	Guilty Gear-X 1.5 é uma versão melhorada do Guilty Gear X. Acontecendo algumas semanas após o primeiro jogo. Um novo Commander Gear foi descoberto com o nome Dizzy. Preocupado com o início de uma segunda guerra, outro Torneio de Cavaleiros Sagrados foi iniciado. A pessoa que pudesse capturar e matar este equipamento seria recompensada com 500.000 dólares mundiais.
ghoshunt	Shooter similar ao &quot;Tickee Tickats&quot;.
ghostlop	Ghost Lop é um excelente jogo de quebra-cabeças baseado em Ghostbusters da Data East de 1996. Ele combina a ação rápida de um jogo no estilo Arkanoid, com o pensamento rápido de um jogo do tipo Bust-A-Move. O jogo foi cogitado para lançamento em 2001, mas a morte prematura da SNK no mesmo ano pode ter terminado com essa possibilidade. A Data East era mais conhecida por sua série Chain Reaction/Magical Drop de jogos de quebra-cabeça, e até mais tarde incluiu os personagens de Ghostlop em um dos lançamentos posteriores para sistemas de jogos domésticos modernos.
ghouls	Três anos após os eventos do último jogo, monstros e demônios retornaram e um raio de luz atingiu a princesa Prin Prin, levando sua alma. Agora cabe ao cavaleiro Arthur derrotar o malvado Lúcifer e restaurar as almas de Prin Prin e o povo. A jogabilidade de Ghouls 'n Ghosts é semelhante à de Ghosts' n Goblins. O jogador controla o cavaleiro Arthur, que deve avançar por uma série de níveis sinistros e derrotar várias criaturas mortas-vivas e demoníacas em sua missão para restaurar todas as pessoas mortas por Lúcifer (Loki nas versões Mega Drive e Master System em inglês) , incluindo sua amada princesa Prin Prin, de volta à vida. Ao longo do caminho, Arthur pode pegar uma variedade de armas e armaduras para ajudá-lo em sua missão. Embora a jogabilidade principal permaneça a mesma do seu antecessor, o jogo agora permite que Arthur dispare diretamente para cima e para baixo enquanto estiver no ar.
gigawing	No Mundo de Giga Wing, muitas guerras foram travadas pelo medalhão de pedra divina. Civilizações inteiras foram destruídas na luta para obter o controle do item lendário. Agora, no ano de 2050, quatro pilotos partiram, cada um carregando uma pedra misteriosa. Diz-se que as pedras são a única maneira de destruir o Medalhão de uma vez por todas. O jogador pode optar por completar a jornada para qualquer um dos quatro pilotos. Giga Wing é um jogo de tiro com rolagem vertical. Até dois jogadores devem dirigir seus aviões ao redor das balas inimigas e destruir tudo em seu caminho com apenas uma quantidade limitada de vidas. Ao tocar no botão A, a arma principal é disparada. Segurar o botão ativa o Reflect Force. O botão B dispara uma bomba de um estoque limitado para se tornar temporariamente invencível. Os power-ups podem ser coletados para aumentar a bomba e o estoque de vida ou aumentar o poder de fogo da arma principal.
glass	Na história de Glass, há muito tempo, os alienígenas atacaram-nos na Terra. Agora é a nossa vez de ripostar nos vossos planetas natais — removendo a camada de vidro de cada fase para descobrir os segredos inesperados e surpreendentes que se escondem por baixo! Desfrute deste clássico atrevido e picante no “Modo Meninos” ou no “Modo Meninas”, dependendo da sua preferência.
gloc	&quot;Citizens Defence Force&quot; não confia nas Nações Unidas para manter a paz no mundo conturbado do século XXI. Eles confiscaram uma horda de aviões e navios de guerra e, como leal à ONU, cabe-te a ti abatê-los. O jogo está dividido em várias fases, elas próprias divididas em sub-fases em terra e no mar, cada uma com um limite de tempo rigoroso e um número alvo de aviões a abater. Tens mísseis e armas normais à tua disposição. Os aviões podem sobreviver a alguns embates. Se não conseguires completar uma secção no tempo previsto, perdes uma vida, mas o número de aviões abatidos anteriormente não é reposto, o que torna a segunda tentativa mais fácil. Se destruíres mais inimigos, terás acesso a aviões melhores.
gnbarich	Gunbarich de Psikyo, lançado em 2001, é um spin-off de &quot; Gunbird &quot;, com a protagonista do Gunbird, Marion.
gng	Ghosts 'n Goblins é um jogo de plataforma em que o jogador controla um cavaleiro chamado Sir Arthur, que deve derrotar zumbis, ogros, demônios, ciclopes, dragões e outros monstros para resgatar a princesa Prin Prin, que foi sequestrada por Satan, rei do mundo demoníaco. Ao longo do caminho, o jogador pode pegar novas armas, bônus e armaduras extras que podem ajudar nessa tarefa. O jogador só pode ser atingido duas vezes antes de perder uma vida. Se o jogador perde uma vida, ele volta ao início do nível, ou a meio caminho, se conseguiu chegar tão longe. Além disso, cada vida pode durar apenas um certo período de tempo. Depois de derrotar o chefe final, o jogador deve repetir o jogo inteiro em um nível de dificuldade mais alto para alcançar a verdadeira batalha final.
goalx3	Um jogo de futebol com todos os ingredientes certos, habilidade, talento, paixão e, claro, OBJETIVOS! Com 28 seleções nacionais, participe de um torneio para se tornar a melhor nação de futebol do mundo. Ultrapasse a fase de grupos de abertura e passe para um estágio de eliminação mata-mata onde o fracasso não é uma opção. Para ajudá-lo no seu caminho, mantenha pressionado o botão de disparo até que a barra de energia fique cheia e você possa fazer um SUPER CHUTE PODEROSO!
goldnaxe	No passado, houve uma guerra terrível entre os Deuses, os criadores do mundo, e os Titãs. Os Titãs foram derrotados graças a uma arma super-poderosa forjada pelos Deuses, chamada &quot;Golden Axe&quot;. Graças a esta arma, os Titãs foram banidos e os Deuses legaram a Terra aos humanos. No entanto, um Titã sobreviveu: Víbora da Morte. Ele apoderou-se do &quot;Golden Axe&quot; e usou-o para destruir o mundo. Raptou o rei de Yuria e a sua filha e ameaçou executá-los se os habitantes não se submetessem incondicionalmente. Três heróis, determinados a vingar-se de Death Adder, partem para o encontrar. Cada personagem tem uma habilidade mágica especial que pode ser carregada chutando pequenas criaturas que deixam cair uma poção.
gotcha	Esta é uma série de &quot;minijogos&quot; muito simples, um pouco como &quot;Wario party&quot; em Gamecube e Ds. Eles são tocados pressionando 3 teclas (verde azul e vermelho), no horário solicitado. Pode estar dirigindo um carro, preparando hambúrgueres, jogando ovos. Um jogo de reflexos não muito difícil, não muito complicado, mas bastante divertido!
gowcaizr	Lançado em 18 de Setembro de 1995, é um jogo de luta com super-heróis próprios produzido pela Technos. É o terceiro jogo de luta produzido pela empresa e trás personagens criados por Masami Oubari, que anteriormente trabalhou nas adaptações de anime da série Fatal Fury. A história de Voltage Fighter: Gowcaizer se passa no futuro. O Japão foi devastado e o governo mudou-se para uma ilha artificial na baía de Tóquio. Um computador central gerencia tudo: segurança, limpeza, tráfego, etc. No meio da ilha está o Instituto Nacional Bernard, no qual estudam milhares de alunos. Desde que um novo diretor foi nomeado para lá, os atos de violência progrediram muito, como se ele fosse a causa. Um aluno, Isato Kaiza, encontrou uma maneira de controlar o poder de uma rocha que pode manifestar uma energia que permite ao portador se transformar: a Pedra Kaizer. Ele então se torna Gowcaizer, o Herói Ardente.
gpilots	O Ghost Pilots é um jogo de tiro de aviões militares no qual você deve abater jatos de combate usando balas ou bombas. Uma vez que você tenha matado caças suficientes, você terá que derrotar um caça a jato para continuar. Depois de alguns estágios, você deve selecionar uma rota para continuar sua jornada. Poderes podem ser coletados que aumentarão seu poder de fogo, e estrelas podem ser obtidas por pontos extras.
gpworld	GP World foi produzido pela Sega em 1984. Neste jogo de corrida automobilística em laserdisc, você pode escolher entre um dos três circuitos disponíveis para competir contra carros de corrida controlados pelo computador. É um jogo com uma realização bastante mediana, em que é difícil sentir a sensação de velocidade, apesar da projeção dos verdadeiros circuitos filmados servindo como cenários. No entanto, ele se distancia do espírito tradicional dos jogos de laserdisc, dos desenhos animados interativos e dos shoot'em ups, o que traz uma certa novidade.
gratia	Gratia é um Shoot'emUp que oferece sprites 2D e fundos com efeitos 3D. O ponto original deste jogo é que você luta em dois níveis, ou seja, você terá que abater os inimigos ao mesmo tempo na sua frente (botão de disparo) e abaixo (já que você está voando, hein!), usando um botão &quot;atirar no chão&quot;. Adicione a isso as habituais &quot;bombas em quantidade limitada-que-limpa-a-tela&quot;, os bônus de power-up 3 tiros, laser, tiro estendido, e você tem mais um tiro.
grdnstrm	Guardian Storm (conhecido na Coréia como Jeon Sin e erroneamente no MAME como Sen Jin) é um shoot 'em up vertical desenvolvido pela Afega e publicado pela Apple Industries. Lançado em maio de 1998, possui oito estágios. Os jogadores coletam ouro que podem ser trocados por power-ups, bombas e vidas extras entre os estágios. Guardian Storm roda no mesmo mecanismo de tiro que o Red Hawk, então pode ser considerado como uma espécie de sequência. O design, no entanto, é muito mais caricatural, embora o anúncio para o lançamento no Ocidente não o exiba. Um dos personagens é Sun Wukong em uma nuvem, e há alguns inimigos loucos como as estátuas de Dol Hareubang da Ilha de Jeju. Powerup de energia durante os estágios se tornaram muito mais raros agora, mais inimigos agora deixam dinheiro, o que pode ser usado para comprar atualizações em uma loja após cada estágio, mas geralmente gastar energia é muito limitado, o que é a principal razão para esse jogo ser muito mais difícil que o Red Hawk. Guardian Storm também teve bastante sucesso internacionalmente.
groundfx	Ground Effects é um jogo de corrida de F1 que suporta até 8 jogadores. Graças aos acordos de licenciamento com a FIA/FOCA e as quatro grandes equipes da temporada de 1992 (McLaren, Williams, Ferrari e Benetton), a Taito foi capaz de incorporar percursos e carros reais de F1 ao jogo.
gstriker	O Grand Striker Human Cup é um jogo de futebol em que se pode ver um efeito 3D muito especial que é um pouco desconfortável de se ver na primeira vez que se joga, mas ao qual se habitua rapidamente. Os controlos são muito básicos e a jogabilidade do jogo centra-se simplesmente em correr e marcar golos que serão simples de marcar, correndo em direcção ao golo da equipa adversária e premindo o botão de remate. Há muito poucas equipas por onde escolher, principalmente equipas europeias. E pode ser jogado com 1 ou 2 jogadores.
gtmr	Um jogo de corridas com carros clássicos da Ferrari, Alfa Romeo, Mercedes Benz e muito mais.
gtmr2	Mille Miglia 2 é a continuação de 1000 Miglia: Great 1000 Miles Rally. Foi lançado em 1995 e tinha uma versão nos EUA, assim como a original, não possuía versões para consoles domésticos, como a original. Seguindo o mesmo gameplay do jogo anterior da série, você precisa concluir as etapas em menos de 60 segundos. Desta vez, tem oito estágios. Muitas vozes são adicionadas no jogo.
gulunpa	Gulun.Pa! Jogo de quebra-cabeça lançado em 1993, desenvolvido e publicado pela Capcom no CPS1. Gulun Pa! é um protótipo CPS1, parece ter sido cancelado bem no início do desenvolvimento, porque embora isso seja jogável apenas no mínimo, o jogo existe, há um punhado do que parecem ser recursos não utilizados que sugerem que deve ter havido mais etapas, mas enquanto a ROM do programa tem um título em inglês de Piyo Piyo, Não existem recursos nos dados gráficos para uma versão em inglês. Nenhum direito autoral é exibido, então este é um desenvolvimento da Capcom.
gunbird	Neste shoot-'em-up vertical, você tem 5 personagens selecionáveis ??que lutam contra o grande exército de piratas, o objetivo é restaurar um espelho mágico. Existem 20 finais diferentes para o jogo
gunbird2	Sete guerreiros são desafiados a encabeçar uma missão para encontrar três elementos poderosos de Sol, Lua e Estrelas. Quem trouxer os elementos para a Deus das Poções será recompensado com a lendária Poção Todo-Poderosa e todos os seus poderes mágicos. Existem sete estágios em cada loop do jogo (total de dois loops). Os três primeiros estágios são escolhidos aleatoriamente entre os quatro possíveis. No segundo ciclo, os inimigos disparam padrões de balas mais densos, movendo-se em velocidades mais rápidas. O estágio 2-1 ocorre no único estágio não disponível no 1º loop, em vez do equivalente a 1-1. Depois de completar o primeiro ciclo com apenas um jogador, o jogador pode escolher uma das duas opções para um desejo com poção mágica, com um final único para cada escolha. Se o 1º loop for completado com dois jogadores, um final específico da combinação será reproduzido.
gunblade	Gunblade NY é um jogo de tiro militar de estilo futurístico, orientado para a perseguição, que coloca você como uma espécie de franco-atirador contra uma horda de Android Terroristas loucos que estão causando nada além de problemas em uma grande cidade futurista nos Estados Unidos da América.
gunfront	O ano é 2120: os terráqueos se espalharam além de sua galáxia e começaram a colonizar planetas desabitados em diferentes sistemas solares. Um desses planetas a ser colonizado era o planeta Gloria, parecido com a Terra, que por acaso possuía um enorme suprimento natural de ouro. Essa descoberta tornou-se essencial para a emigração de Gloria, tanto que os emigrantes seriam empobrecidos pelo custo de chegar ao planeta. Por causa disso, a vida no planeta prosperou em um cenário semelhante ao Velho Oeste americano. Embora fraco, o comércio de ouro ajudou os Glorianos a avançar na tecnologia e no conhecimento, tanto que entre os habitantes viviam inventores e engenheiros talentosos.
gunpey	Um divertido jogo de puzzle. O jogo consiste num tabuleiro de cinco peças de largura e o jogador deve mover os fragmentos de linhas verticalmente numa grelha para fazer com que uma única linha ramificada se conecte horizontalmente de uma extremidade à outra. Quanto mais longas forem as linhas, mais pontos são marcados.
gunsmoke	Gun.Smoke é um jogo de tiros de rolagem vertical ambientado no Velho Oeste. O jogador assume o papel de Billy, um jovem xerife acusado de caçar e matar vários bandidos infames &quot;Procurados&quot;. Cada nível está repleto de bandidos armados e o Sheriff deve atirar em seu caminho através do cenário, antes de finalmente enfrentar o procurado personagem 'chefe' fora da lei no final. Cada fora da lei empunha uma arma especial exclusiva para eles, como um rifle Winchester, facas, dardos ou bumerangues. Atirar nos barris que se espalham pelos níveis revela power-ups como botas (para velocidade extra), rifles (para maior alcance) e balas (para fogo rápido). Os 3 botões direcionais de disparo do jogo (para disparar para a esquerda, direita ou à frente) podem ser combinados (pressionados Simultaneamente) para criar um total de 8 direções de disparo diferentes.
gururin	Seu objetivo é fazer com que três pessoas da mesma cor se alinhem e desapareçam - mas para fazer isso, você não vai virar as pessoas enquanto elas caem, mas sim girar o buraco inteiro assim que aterrissarem. Como roupas em uma secadora, você tem que virar todo o campo de jogo e tentar igualar as miniaturas enquanto elas deslizam para a parte de baixo da tela, reorganizando-se à medida que chegam.
gwar	O país está lutando contra a dominação cruel de seu rei maligno. O líder da guerrilha rebelde e seus camaradas tentam aterrissar secretamente na costa. Os militares do rei estão esperando por eles, no entanto, e os jogadores devem abrir caminho para o interior para alcançar e destruir a fortaleza do palácio do rei. Neste, a pseudo-sequência do soberbo &quot;Ikari Warriors&quot; da SNK (lançado dois anos antes), os jogadores devem mais uma vez atirar em uma série de níveis de rolagem vertical, todos embalados com um grande número de soldados inimigos, posições de armas e veículos . Cada nível também contém um número de prisioneiros capturados amarrados a estacas de madeira, e estes podem ser resgatados para ganhar pontos extras. As armas dos jogadores têm apenas uma quantidade limitada de munição e munições / granadas adicionais devem ser coletadas ao longo do caminho. Uma série de atualizações de armas também podem ser encontradas. Em vários pontos do jogo, os jogadores também podem entrar em tanques inimigos desocupados, que fornecem maior poder de fogo e resistência a tiros inimigos. Muitos ataques inimigos, no entanto, acabarão por ver o tanque explodir - isso é seguido por um flash de aviso para permitir que o jogador saia do tanque antes que a explosão ocorra. Se o jogador for pego dentro ou perto do tanque quando ele explodir, uma vida será perdida. Tal como acontece com &quot;Ikari Warriors&quot;, Guerrilla War apresenta uma jogabilidade completa de 360 ​​graus com tropas de ataque aparecendo de todas as direções. As contrapartes dos jogadores na tela podem girar de acordo.
gwarrior	O jogo é controlado com um joystick de 8 direções e três botões: o botão de ataque, o botão de guarda e o botão de seleção de armas. Existem seis estágios, cada um com diferentes temas e efeitos ambientais baseados na gravidade. Alguns outros recursos introduzidos nos Guerreiros Galácticos que foram usados ​​em jogos de luta posteriores incluem dano de bloco, bloqueio aéreo, capacidade de atirar / atirar projéteis, capacidade de executar vários ataques enquanto estiver no ar, uma barra de saúde moderna (ao contrário de um medidor de saúde) com entalhes como na série Mega Man da Capcom, que estreou dois anos depois), a capacidade de alternar entre armados e desarmados e ataques de diferentes níveis de força.
gypsyjug	Neste jogo controlamos um homem que tem de fazer malabarismos com os ovos que caem nos seus braços e cabeça, temos de mover o homem de um lado para o outro, saltando os ovos nos seus braços e cabeça, tentando evitar que eles caiam ao chão. Se deixarmos cair os ovos no chão, os pintos nascem e o jogo perde-se.
gyrodine	A girodina é um shoot'em de rolagem vertical, em que o jogador controla um girodino, um híbrido de um helicóptero e um avião, que tem lâminas para elevação e outro sistema de propulsão. O jogo tem dois botões, e o jogador tem três armas à sua disposição. Um botão dispara projécteis contra alvos aéreos. O outro botão dispara metralhadoras em alvos terrestres. Se ambos os botões forem premidos ao mesmo tempo, o gyrodyne dispara um míssil de referência. Por conseguinte, o jogador não pode disparar as duas armas ao mesmo tempo. Além disso, quando o jogador se move da direita para a esquerda, as armas rolam. Não há pausa entre níveis, mas há longos períodos em que os inimigos não atacam, e eventualmente atacam o jogador. O jogo tem gráficos muito detalhados para a época, com pequenos personagens, carros, casas e até guarda-sóis nas praias.
halleysc	Um shooter espacial. Proteja a Terra de cometas e asteróides.
hangon	Em um jogo que antecipa a consagrada fórmula de Pac-Man, um carro percorre um labirinto para coletar pontos. Às vezes é preciso trocar de faixa, já que um veículo viaja no sentido contrário, correndo o risco de colidir. A sequência Head On 2 apresenta um labirinto mais complexo.
happy6	Happy 6-in-1 inclui um jogo de teste baseado em texto, um jogo de cozinha, um jogo baseado em azulejos e três jogos de cartas de jogo.
harley	Em Harley-Davidson & LA Riders, o jogador monta um dos cinco modelos Harley-Davidson. O objetivo é completar uma série de postos de controle ao redor de Los Angeles dentro de um limite de tempo. O objetivo é semelhante ao jogo de arcade da Sega, Crazy Taxi (1999).
hatena	Hatena? no Daibouken - Adventure Quiz 2 é, como o nome sugere, um jogo de perguntas japonês. Se não falas essa língua, deixa-a correr.
hcastle	O Conde Drácula dorme por centenas de anos. Durante esse tempo, a paz existe na vila e Drácula não passa de uma mera lenda. No entanto, um dia um jovem casal chamado Simon e Serena estava comemorando seu casamento na igreja da vila. O casal foi envolvido com felicidade, enquanto os sinos do casamento tocavam, o futuro parecia abençoado ... De repente, o céu vazio estava coberto de nuvens escuras e com um trovão que sacudia a terra, Drácula despertou mais uma vez. Pedindo o sangue da menina bonita, ele voou durante o meio do casamento e de repente levou a noiva com ele. Agora, a fim de salvar Serena, Simon vai para o castelo demoníaco.
hcrash	Hyper Crash é um jogo de condução em perspectiva de terceira pessoa, no qual você deve dirigir ao longo de um percurso por vários estágios, destruindo o máximo de carros possível. À medida que você avança, um medidor de combustível diminui lentamente e, se esvaziar, termina o jogo. Para reabastecer seu carro, você deve destruir os outros carros para mantê-lo abastecido. Existem duas maneiras de destruí-los, pressionando repetidamente um carro até que o medidor de dano encha ou jogando o carro no ar para aterrissar neles. Virar o carro destrói os outros de uma só vez, mas isso desperdiça combustível. À medida que você avança, outros carros também voam no ar e, se você for destruído, isso desperdiçará combustível. Outros obstáculos a serem observados são os barris que, quando atingidos, destroem seu carro, mas você pode colocar outros carros neles.
hdrivair	Você controla um carro que se transforma em um planador neste jogo de corrida.
headon	Head On é um jogo de corrida de labirinto bidimensional. Você controla seu carro através do labirinto para pegar os pontos e, ao mesmo tempo, evitar o carro, ou carros, que estão constantemente tentando atacá-lo. Passe com sucesso por um labirinto e muitos outros esperam por você. Essa é uma boa prática para dirigir em rodovias na cidade grande.
headon2	Head On 2 é um jogo de corrida em labirinto em 2-D. Você controla seu carro através do labirinto para pegar os pontos e, ao mesmo tempo, evitar o carro, ou carros, que estão constantemente tentando atacá-lo. Passe com sucesso por um labirinto e muitos outros esperam por você. Essa é uma boa prática para dirigir em rodovias na cidade grande.
hexion	Um bom jogo de tetris. Este jogo possui blocos baseados em átomos hexagonais em vez de blocos baseados em átomos tetragonais normais.
hgkairak	Taisen Hot Gimmick O Kairakuten é um jogo de mahjong strip com lindos gráficos e doze ótimos oponentes. Depois de ganhar três rodadas contra um adversário ou esgotar todos os seus créditos, o jogador é dado a opção de 'punir' o adversário. Cada garota possui duas cenas de punição, das quais o jogador pode escolher apenas uma para ver. Quando mostrado, o jogador deve pressionar repetidamente o botão A para avançar a sequência animada para revelar mais nudez. Depois de derrotar um adversário (ou depois de continuar), o jogador pode comprar itens de trapaça para usar contra o próximo oponente. O jogo termina quando todos os créditos do jogador estiverem esgotados.
hidnctch	Hidden Catch' é um jogo de puzzle em que tem de comparar duas imagens ou cenas, uma à esquerda e outra à direita, a fim de encontrar as diferenças entre elas e marcá-las à medida que as encontra.
higemaru	Torne-se Momotaro, que deve jogar barris em inimigos para parar os piratas Higemaru malvados. O jogo é inspirado no Bomberman
hippodrm	Um jogo de luta onde a história é simples. Lutadores foram reunidos para provar seu valor. Você joga o guerreiro visível à esquerda na foto e você enfrenta várias e variadas criaturas: uma mulher-cobra, um esqueleto alado, um homem-lagarto, um dragão, um bruxo, um homem-escorpião, gêmeos e o chefe, um gigante que você só terá que usar ... Após cada luta, o ouro que você ganhou (com base nos seus pontos de vida e no tempo necessário para matar seus inimigos) permitirá que você compre novas armas ou poções.
hoccer	Você é Andrew, a equipe de um homem só. Ord e Clee são robôs cujo objetivo é destruí-lo da maneira que puderem (empurrando-o contra as pranchas, girando ou batendo com uma bola sobrecarregada). Bata Ord e Clee com sua bola ou batendo contra os lados. Os pontos também são marcados ao acertar o gol e acertar os alvos nas laterais.
hogalley	Vs. Hogan's Alley leva o jogo que você lembra a um nível totalmente novo. Não é mais preciso selecionar o Jogo A ou o Jogo B, o Vs. versão arcade combina os dois. Passe de um tiro no alcance do alvo para um cenário de cidade mais desafiador sem começar um novo jogo. Qual é a melhor parte que você diz? A jogabilidade é mais rápida, sem longas esperas entre as rodadas, este jogo acelera. Então você acha que é um Mestre do Zapper? Esta é sua chance de provar isso.
hotd	Abra caminho em uma mansão assombrada cheia de zumbis enlouquecidos, mortos-vivos com motosserra e outras desagradáveis criaturas! Sua missão é investigar o paradeiro misterioso dos engenheiros do centro de genética e da primeira equipe de operários enviada para tentar resgata-los, que também desapareceu. Sua missão é destruir o maligno criador dos mortos-vivos, Dr. Curien, enquanto tenta salvar os cientistas (e sua garota, que também estará em perigo). O jogo é dividido em 4 capítulos: Gigante blindado, Morcego Humano, Aranha Gigante e &quot;O Mágico&quot;. O jogo permite que você destrua parcialmente os corpos dos inimigos, podendo explodir, por exemplo, os braços que carregam as motosserras, mas lembre-se, acertar diretamente a cabeça é a maneira mais rápida de matar o inimigo.
hotdebut	Um jogo de Quiz com temática erótica.
hotgm4ev	Taisen Hot Gimmick 4 Ever é o quarto jogo da série Hot Gimmick e apresenta três modos de jogo. O 'Punish Mode' possui dez ótimos oponentes (mais três oponentes secretos) para o jogador punir após derrotá-los no mahjong. Depois de ganhar três rodadas contra um adversário ou esgotar todos os seus créditos, é dada a opção de 'punir' o adversário. Cada garota possui duas cenas de punição, das quais o jogador pode escolher apenas uma para ver. Quando mostrado, o jogador deve pressionar repetidamente o botão A para avançar a sequência animada para revelar mais nudez. Depois de derrotar um adversário (ou depois de continuar), o jogador pode comprar itens de trapaça para usar contra o próximo oponente. O jogo termina quando todos os créditos do jogador estiverem esgotados. O jogo também conta com o modo de detetive Mahjong para um jogador e o modo 'Jan-God contra Jan-Devil Mode' para dois jogadores.
hotgmck	Taisen Hot Gimmick é um jogo de mahjong strip com oito oponentes (mais três oponentes bônus). Depois de ganhar três rodadas contra um adversário ou esgotar todos os seus créditos, é dada a opção de 'punir' o adversário. Cada garota apresenta duas ou três cenas de punição, das quais o jogador pode escolher apenas uma para ver. Quando mostrado, o jogador deve pressionar repetidamente o botão A para avançar a sequência animada para revelar mais nudez. Depois de derrotar um adversário (ou depois de continuar), o jogador pode comprar itens de trapaça para usar contra o próximo oponente. O jogo termina quando todos os créditos do jogador estiverem esgotados.
hotgmck3	Taisen Hot Gimmick 3 Digital Surfing é o terceiro jogo da série Hot Gimmick e é o primeiro da série a apresentar três diferentes modos de jogo. O modo 'Digital Surfing' é o familiar modo de mahjong de um jogador. Possui dez ótimos oponentes (mais um oponente secreto) para o jogador punir depois de derrotá-los no mahjong. Depois de ganhar três rodadas contra um adversário ou esgotar todos os seus créditos, o jogador é dado a opção de 'punir' o adversário. Cada garota possui duas cenas de punição, das quais o jogador pode escolher apenas uma para ver. Quando mostrado, o jogador deve pressionar repetidamente o botão A para avançar a sequência animada para revelar mais nudez. Depois de derrotar um adversário (ou depois de continuar), o jogador pode comprar itens de trapaça para usar contra o próximo oponente. O jogo termina quando todos os créditos do jogador estiverem esgotados. O jogo também conta com um modo de história de um jogador de 'Mahjong Fighters' e um modo de dois jogadores 'Jan-Prince vs. Jan-Shogun'
hotgmcki	Taisen Hot Gimmick Integral é o quinto jogo da série mahjong strip Hot Gimmick. É um trabalho primoroso, apresentando as garotas de todos os quatro jogos anteriores da série. Este jogo também faz muitas mudanças no estilo original de jogo para uma experiência única e mais desafiadora. Ao contrário dos jogos anteriores, o Taisen Hot Gimmick Integral apresenta apenas o modo mahjong de um jogador. Além disso, se um jogador ganhar três rodadas sem esgotar os créditos dos oponentes, ele avançará para o próximo adversário, mas não terá a chance de ver a cena da punição. E, estranhamente, apesar de reciclar as animações dos jogos anteriores, cada garota apresenta apenas uma cena de punição. Caso contrário, as coisas são muito parecidas. Durante a cena da punição, o jogador deve pressionar repetidamente o botão A para avançar a sequência animada para revelar mais nudez. Depois de derrotar um adversário (ou depois de continuar), o jogador pode comprar itens de trapaça para usar contra o próximo oponente. E, claro, o jogo acaba quando todos os créditos de apostas do jogador estiverem esgotados.
hotpinbl	O jogo oferece uma simulação realista de uma máquina de pinball, completa com os elementos típicos como bumpers, rampas, torres de impacto e alvos de bônus. O jogador utiliza flippers para controlar uma bola metálica, com o objetivo de marcar pontos, coletar bônus, ativar modos multiball e desfrutar de uma variedade de temas e níveis de dificuldade.
hsf2	Este é um jogo de luta competitivo da Capcom que foi originalmente lançado para o PlayStation 2 em 2003 no Japão e em 2004 na América do Norte e Ásia. Lançado para comemorar o 15º aniversário da série Street Fighter, o Hyper Street Fighter II é um porte modificado do Super Street Fighter II Turbo, no qual os jogadores podem controlar qualquer versão dos personagens principais dos cinco jogos do Street Fighter II lançados anteriormente para os fliperamas. Embora, originalmente lançado como um jogo de console doméstico, um porte de arcade foi lançado pouco tempo depois em quantidades limitadas, transformando-a na sexta e última iteração para arcade.
hvoltage	Era uma vez, o homem na Terra concentrou todo o poder da ciência superlativa para controlar o universo e transformá-lo em força de braços. Nós reprimimos o sistema galáctico onde vivia a criatura de alto grau e expandimos seu território sucessivamente. No entanto, agora é 3030 e governamos um país imenso. Mas, tornou-se muito grande para fazer ot. O olho não poderia ter chegado finalmente em todas as partes dos corpos celestes e a rebelião surgiu aqui e ali.... e finalmente a grande revolta surgiu em um país chamado Regit. O exército rebelde estendeu o seu poder rapidamente, centrando-se em torno do seu território e apressou-se a construir um país fortalecido por um torou ghly. Para controlar isso, fomos para Regit em Alta Tensão.
ibara	Ibara e um Shmup vertical lancado em 2005 pela desenvolvedora japonesa Cave e programada por Shinobu Aigawa. O tempo é o século 19, onde todos estao excitados com o desenvolvimento dos motores a vapor. Sob o emblema Jardim de Rosas, as unhas assustadoras de um homem de ferro risonho destruiam construcoes e o rugido de um aviao que cobria o ceu queima a Terra. Os gritos desesperados e as labaredas iluminavam a fortaleza, como se uma bela flor brotasse de uma terra castigada. O Imperador, incapaz de lidar com a situacao ordenou que sua Unidade Especial de Combate Imperial entrassem no front, vulgo, os Negociadores. &quot;Aniquilem o Jardim de Rosas com suas naves!&quot;. As naves que ja haviam sido secretamente preparadas, como se previssem a ameaça porvir brilharam forte.
iceclimb	Você é um esquimó que quer escalar montanhas. Você pode pular e quebrar o gelo, ou esmagar monstros com um martelo equipado. O mau tempo irá dificultar o seu progresso através de 20 cenários diferentes. Um jogo de plataforma bem divertido.
igmo	Um jogo de plataforma onde você controla um personagem bastante estranho que deve evitar ou destruir uma variedade de inimigos.
ikari	Ikari Warriors é um jogo de tiro vertical em que um ou dois jogadores assumem o papel de dois soldados de bandana que usam músculos enquanto se envolvem em guerra na selva, lutando por terra e água para chegar à vila de Ikari. Os jogadores podem girar suas armas em 360 graus, permitindo que eles disparem e se movam em todas as direções. Entre os soldados e seu destino está uma multidão de soldados inimigos, tanques, helicópteros e bunkers reforçados.
ikki	Situado no antigo Japão medieval, onde uma aldeia agrícola pobre está planejando uma insurreição para derrubar seu senhor feudal. No entanto, os únicos participantes na revolta são o personagem do jogador, Gonbe, e o personagem opcional de segundo jogador, Tago, e o jogador luta contra um exército de ninjas, samurais armados, fantasmas e soldados de infantaria. O jogo tem um ótimo e colorido design de níveis, inspirado nos costumes e mitos japoneses da época. O movimento do personagem é controlado com um joystick de 8 direções, e pressionar o botão único permite que o jogador ataque lançando uma foice. A direção em que a foice é lançada não pode ser determinada pelo jogador, e a arma irá automaticamente para o inimigo mais próximo. Isso força a ênfase em evitar ataques em vez de atacar agressivamente. O lado direito da tela exibe os pontos do jogador, junto com um mapa do nível. A localização das moedas koban é exibida neste mapa, mas os jogadores devem contornar as paredes e outras barreiras para chegar a esses locais. O nível é completado quando o jogador pega todas as 8 moedas koban de ouro que estão espalhadas pelo mapa, ou se elas capturam o daikan (lorde feudal japonês) que pode aparecer aleatoriamente durante o nível. O jogador perde uma vida quando entra em contato com qualquer um dos personagens inimigos ou projéteis. Existe um estágio de bônus e algumas ações extras de ação como pegar uma chave para salvar um prisioneiro e itens especiais para aumentar a velocidade do personagem.
imgfight	Uma misteriosa forma de vida alienígena está a espalhar-se pela galáxia e a tentar conquistar o mundo. Tomou o controlo da base lunar e ameaça descer à Terra. Os humanos enviaram o avião de combate mais avançado para se oporem aos alienígenas: o OF-1. O OF-1 tem a capacidade de mudar de velocidade em qualquer altura e pode ser equipado com várias armas e cápsulas. O OF-1 é a última esperança da humanidade! ImageFight é um jogo de tiros espaciais de cima para baixo e de deslocação vertical. Em cada nível, há naves inimigas, torres, robôs e outras máquinas que disparam projécteis ou tentam abalroar-te.
imsorry	Jogo que faz paródia de Kakuei Tanaka, primeiro-ministro japonês na década de 1970 por ser corrupto e ganancioso. Percorrendo labirintos para coletar barras de ouro, uma versão caricata do político precisa saltar sobre ou derrotar com socos inimigos como Michael Jackson, Madonna e Carl Lewis.
indy500	Senhoras e senhores, liguem os vossos motores!!
indyheat	Indy Heat é um jogo de corridas com o nome do campeão de Indianápolis de 1985. Conduzes carros da Indy que terás de aprender a dominar! Terás de fazer paragens regulares nas boxes para reparar os danos sofridos e encher o depósito de combustível à medida que a corrida avança.
indytemp	Joga-se como Indy que deve atravessar três níveis de repetição. Nível de Mina: Chicoteie o seu caminho através de uma mina para libertar as crianças presas no seu interior. Use o seu chicote para balançar através dos abismos, subir escadas, rolar nas passadeiras e defender-se contra ataques de vários inimigos. Fuja com o carrinho da mina depois de libertar todas as crianças. Nível do carrinho de minas: Escolha o caminho certo através de uma rede de carris ferroviários, andando num carrinho de minas. Evite buracos, carris partidos e guardas para chegar ao fim do caminho em segurança. Nível do Templo: Dirija-se ao altar e agarre a Pedra Sankara enquanto Mola Ram, os morcegos e os guardas Thuggee o atacam. Cuidado com a lava.
inidv3cy	Initial D - Version 3 é um emocionante jogo de corrida baseado no popular mangá e anime Initial D. Entre no mundo das corridas de rua ilegais e assuma o volante de carros de alto desempenho. Enfrente desafiantes corridas de montanha enquanto domina técnicas de derrapagem e ultrapassagens arriscadas. Com gráficos realistas e uma trilha sonora empolgante, você se sentirá imerso na adrenalina das corridas de Initial D. Desbloqueie novos carros, aprimore seu veículo e prove ser o piloto mais habilidoso das estradas. Prepare-se para a emoção e a velocidade em Initial D - Version 3!
initd	Initial D - Arcade Stage lançado em 2002 para Sega NAOMI 2 é um emocionante jogo de corrida baseado no popular mangá e anime &quot;Initial D&quot;. Com gráficos impressionantes e controles precisos, os jogadores embarcam em corridas intensas pelas montanhas, enfrentando rivais habilidosos. Escolha seu carro favorito e domine as curvas fechadas, derrapagens e ultrapassagens para se tornar o melhor corredor das pistas. Com modos de jogo variados, incluindo batalhas contra chefes e competições multiplayer, Initial D - Arcade Stage oferece uma experiência de corrida emocionante e cheia de adrenalina. Prepare-se para acelerar e mostrar suas habilidades no volante!
initdexp	Initial D - Arcade Stage lançado em 2002 para Sega NAOMI 2 é um emocionante jogo de corrida baseado no popular mangá e anime &quot;Initial D&quot;. Com gráficos impressionantes e controles precisos, os jogadores embarcam em corridas intensas pelas montanhas, enfrentando rivais habilidosos. Escolha seu carro favorito e domine as curvas fechadas, derrapagens e ultrapassagens para se tornar o melhor corredor das pistas. Com modos de jogo variados, incluindo batalhas contra chefes e competições multiplayer, Initial D - Arcade Stage oferece uma experiência de corrida emocionante e cheia de adrenalina. Prepare-se para acelerar e mostrar suas habilidades no volante!
initdv2j	Initial D: Arcade Stage Ver. 2 é um jogo de corrida baseado no popular anime e mangá Initial D. Lançado em 2003 (2002 no Japão) para o sistema de arcade Naomi 2, o jogo oferece uma experiência imersiva de corrida de carros de rua. Os jogadores podem escolher entre uma variedade de veículos e competir em pistas emocionantes inspiradas nas montanhas japonesas. Com controles realistas e gráficos impressionantes, Initial D: Arcade Stage Ver. 2 captura a emoção e a adrenalina das corridas de rua, permitindo que os jogadores se tornem o lendário piloto Takumi Fujiwara em busca da glória nas pistas.
initdv3e	Initial D - Version 3 é um emocionante jogo de corrida baseado no popular mangá e anime Initial D. Entre no mundo das corridas de rua ilegais e assuma o volante de carros de alto desempenho. Enfrente desafiantes corridas de montanha enquanto domina técnicas de derrapagem e ultrapassagens arriscadas. Com gráficos realistas e uma trilha sonora empolgante, você se sentirá imerso na adrenalina das corridas de Initial D. Desbloqueie novos carros, aprimore seu veículo e prove ser o piloto mais habilidoso das estradas. Prepare-se para a emoção e a velocidade em Initial D - Version 3!
initdv3j	Initial D - Version 3 é um emocionante jogo de corrida baseado no popular mangá e anime Initial D. Entre no mundo das corridas de rua ilegais e assuma o volante de carros de alto desempenho. Enfrente desafiantes corridas de montanha enquanto domina técnicas de derrapagem e ultrapassagens arriscadas. Com gráficos realistas e uma trilha sonora empolgante, você se sentirá imerso na adrenalina das corridas de Initial D. Desbloqueie novos carros, aprimore seu veículo e prove ser o piloto mais habilidoso das estradas. Prepare-se para a emoção e a velocidade em Initial D - Version 3!
inthunt	Um jogo de tiro de rolagem lateral 2D no qual você assume o controle de um pequeno submarino de ataque e participa de um combate subaquático. As forças da Dark Anarchy Society ameaçam destruir as cidades mais importantes da Terra e só você pode passar por suas defesas e destruir seu covil subaquático secreto. In the Hunt segue o modelo clássico para jogos de tiro em 2D, com o recurso adicional de poder controlar a velocidade de rolagem. Inclui sete níveis de ação subaquática (e fique de olho nas ameaças acima da superfície), armas atualizáveis e jogabilidade cooperativa para dois jogadores.
invadpt2	Space Invaders Part II é a sequência do lendário &quot;Space Invaders&quot;; A Parte II é praticamente idêntico ao jogo original, com o jogador mais uma vez movendo uma base de laser para frente e para trás ao longo da parte inferior da tela, atirando ondas infinitas de alienígenas marchando para baixo em direção ao jogador. Mais uma vez, O arcade dos discos voadores dará pontos extras.
invds	Um navio de guerra patrulha o mar em busca de submarinos inimigos, que podem aparecer a qualquer momento. É preciso atacar tais embarcações com minas submarinas e, ao mesmo tempo, desviar dos torpedos lançados pelos oponentes. Um radar ajuda na tarefa.
invmulti	Space Invaders Multigame é um kit desenvolvido pela Braze Technologies que permite jogar oito jogos diferentes em uma única placa arcade de Space Invaders. Este kit inclui jogos como Space Invaders, Space Invaders Deluxe, Jatre Specter, Lunar Rescue, Space Laser, Balloon Bomber, Galaxy Wars e Super Earth Invasion. O kit é fácil de instalar e não requer soldagem ou habilidades especiais. Basta pressionar simultaneamente os botões P1-START e P2-START para acessar o menu de seleção de jogos. Além disso, inclui funcionalidades como o salvamento das pontuações mais altas e as configurações de ajustes na tela.
inyourfa	In Your Face é um jogo de basquete de rua de meia quadra de um contra um (ou dois contra dois). Parece ser baseado em um jogo de basquete anterior publicado pela Jaleco no NES conhecido como Hoops.
ipminvad	É como &quot;Space Invaders&quot;, com gráficos idênticos. Ele usa um monitor colorido em vez de um monitor preto e branco com uma sobreposição de cores. O famoso 'coffee break' exclusivo para IPM Invaders é adicionado. O que é a 'pausa para o café'? O 'coffee break' é uma animação que aparece a cada três níveis. era o antigo nome da empresa de Irem.
ironclad	O Ironclad é um shooter de rolagem lateral desenvolvido pela Saurus em 1996. Ironclad foi mostrado pela primeira vez em seu formato nativo de cartucho MVS na feira ACME de março de 1996 em Orlando, Flórida. Embora o jogo tenha sido lançado no sistema NEOGEO CD, nunca foi lançado oficialmente nos formatos de cartucho MVS ou HOME. Ironclad foi o mais procurado de todos os CD-protos devido ao seu apelo aos fãs de shoot 'em up. Isso era mais provável por coincidentemente ter causado o maior número de falsas alegações; mais do que qualquer outro cartucho protótipo! 13 anos depois, em novembro de 2009, a SNK finalmente liberou os dados nativos da ROM para o jogo e, como resultado, finalmente conseguimos o jogo e agora podemos aproveitá-lo para sempre!
ironhors	O Iron Horse é um jogo de plataforma de rolagem horizontal, ambientado no Velho Oeste, no qual o jogador assume o papel de ladrão de trens. O cowboy pode usar os punhos, pistolas ou chicote e deve seguir o caminho de um trem em movimento, matando cowboys inimigos e coletando sacos de dinheiro.
irrmaze	The Irritating Maze no Neo Geo é um jogo onde você controla uma bola de metal através de um labirinto. O objetivo é alcançar a saída sem fazer contato com as bordas eletrificadas. Para complicar ainda mais a tarefa do jogador, os 3 cursos do jogo são aprimorados com várias armadilhas e o tempo é limitado.
istellar	No Interstellar, você pilota uma nave espacial chamada &quot;Ferald Runner&quot;. Sua missão é voar até planetas distantes para combater e destruir naves espaciais alienígenas, assim como suas bases. Armado com lasers e bombas, você viaja por universos desérticos, atravessa cavernas e sobrevoa cidades em busca do OVNI Delta, o esconderijo dos inimigos que precisa ser destruído! Interstellar é um jogo de tiro bastante simpático em sua execução e com uma jogabilidade que lembra bastante a de Space Harrier. As imagens 3D são bastante peculiares, chegando a ser psicodélicas, mas a ação está sempre presente. Enfim, é um bom &quot;pequeno&quot; jogo de 2 giga que, tenho certeza, encontrará seu público. Interstellar Laser Fantasy é um jogo de laserdisc lançado pela Funai em 1983. As imagens de fundo que servem como cenários foram criadas pela empresa japonesa Gakken.
jackal	Jackal é um jogo de jipe com visão aérea para até 2 jogadores. O controlador se move em quatro direções: o botão A dispara suas granadas (atualizáveis para bazuca) e o botão B, sua metralhadora, que SEMPRE dispara para a parte superior da tela. Sua missão é localizar instalações onde os soldados estão presos, resgatar o maior número possível e escoltá-los para uma zona de desembarque segura, onde serão transportados por transporte aéreo. Depois disso, você precisará travar uma batalha contra o inimigo para progredir.
jackrabt	Um coelho tenta coletar cenouras enquanto é perseguido por doninhas.
janshin	Teste sua paciência e habilidade enquanto joga contra o computador e tente derrotá-lo no surpreendente e antigo jogo chinês de Mahjong. Combine as peças e supere seu oponente para ganhar e acumular grandes quantias em dinheiro!
jchan2	Apresenta lutadores digitalizados, os chefes são 3 versões diferentes de Jackie Chan. Jogo bem engraçado, controles responsivos, um pouco de Jackie 'absorvente', montes de pequenos vídeos e coisas engraçadas.
jdredd	O jogo não foi baseado no filme - na verdade, foi iniciado muito antes dos programadores / designers conhecerem o filme. Durante seu desenvolvimento, passou por três mudanças de nome (sendo duas completamente não-relacionadas) antes de finalmente voltar a ser um jogo baseado em Dredd!
jockeygp	Jockey Grand Prix é um jogo de Turfe particular, porque só lida com os prognósticos. Então aposte em um ou mais cavalos e reze durante a corrida para que ele venca. O título introduz um sistema de classificação para cada cavalo que determina as chances de vencer a corrida.
jojo	O JoJo's Venture é um jogo de luta 2D baseado na série de mangás japoneses JoJo's Bizarre Adventure (famosa pela violência exagerada, um intrincado enredo e inúmeras referências ao rock ocidental).
jojoba	O jogo combina os gráficos inspirados em anime da Capcom, como visto na série Darkstalkers, com os personagens e eventos coloridos da criação de Hirohiko Araki, resultando em um estilo visual altamente estilizado e detalhado. Ele também apresenta muitas das mecânicas de jogo vistas nos jogos de luta anteriores da Capcom, como o uso de medidores de potência para Super Moves, bem como um novo Modo de Suporte. No enredo do jogo (baseado no Stardust Crusaders, o terceiro arco da história do mangá), um Stand é uma manifestação da psique, ou um espírito, que acompanha cada personagem e pode ser convocado ou dispensado à vontade pelo jogador, resultando em variações na lista de movimentos e habilidades do personagem. Apesar de seu poder, Stands tem uma desvantagem; qualquer dano recebido pelo Stand é transmitido ao seu usuário. Hirohiko Araki serviu como consultor para o jogo e criou peças exclusivas de arte para sua promoção e embalagem; mais notavelmente, ele desenvolveu a partir do zero um novo design de personagens para Midler, já que a Capcom estava interessada em usá-la no jogo e ela tinha sido apenas vagamente mostrada no mangá original.
joyfulr	Um jogo de direção estranho com um carro que tem braços longos que se estendem para pegar uma variedade de itens comestíveis que aparecem ao longo da estrada. O objetivo é dirigir com segurança pela estrada. Pegue combustível suficiente para se manter vivo enquanto evita outros veículos que passam, pegue o máximo de objetos bônus possíveis, incluindo maçãs, cerejas, bananas, bolotas, peixes vivos e dinheiro, e estacione seu carro na garagem. Dirigir enquanto tenta pegar as guloseimas é difícil e você pode bater muito facilmente em estradas estreitas. O ritmo do jogo é frustrante porque as mãos se movem lentamente enquanto o próprio carro se move muito rápido, especialmente nas últimas rodadas. Se uma de suas mãos atinge uma árvore ou qualquer outro objeto estranho em sua busca por comida, o carro estremece de dor por alguns momentos até que possa usar suas mãos novamente. Você pode obter um bônus por colocar alimentos usados ​​em latas de lixo. Pegar peixes que saltam dos rios próximos é uma aposta segura, mas a maioria dos outros bônus são colocados, então você pode cair se tentar agarrá-los. A melhor estratégia é ir apenas para o combustível, já que o carro é um grande bebedor de gasolina e você também pode ganhar um bônus pelo combustível que sobra no final da viagem.
joyjoy	Todos os consoles tendo recebido um clone do Tetris, o Neo Geo não poderia derrogar o ajuste. Os programadores da SNK tiveram que encontrar algo fabuloso para reacender o interesse de Tetris. Esta ligeira vantagem pode passar despercebida para os não iniciados, mas para outros, é imediatamente óbvio. A cada linha que você realiza, as partes presentes acima não são mais, como em Tetris, mantidas pela operação do Espírito Santo.
jumpbug	Jump Bug foi o primeiro jogo de plataforma a incluir rolagem horizontal e vertical. Foi desenvolvido pela Alfa Denshi sob contrato com a Hoei / Coreland e lançado no arcade em 1981. Jump Bug foi portado para a Emerson Arcadia e o sistema Leisure Vision. Jogabilidade: o jogador controla um carro pulando constantemente enquanto dirige por vários ambientes, incluindo uma cidade, uma pirâmide e até debaixo d'água. A altura do salto e a velocidade de uma queda podem ser controladas com o joystick. O jogador pode atirar em vários inimigos assim que aparecerem. Os pontos são ganhos coletando tesouros, matando inimigos e pulando nas nuvens.
junglek	Versão brasileira de &quot;Jungle King&quot;. Ao contrário da versão da Taito America, a única alteração pós-processo judicial feita nesta versão foi o nome do jogo. Nenhuma outra mudança foi implementada.
jyangoku	Jyangokushi - Haoh No Saihai é um emocionante jogo de mahjong desenvolvido pela Capcom para o sistema Capcom Play System 2 (CPS2). Inspirado na cultura tradicional chinesa, o jogo oferece uma experiência autêntica de mahjong com uma rica ambientação e desafios estratégicos. No jogo, você embarcará em uma jornada através do antigo Império Chinês, enfrentando habilidosos oponentes em emocionantes partidas de mahjong. Mostre suas habilidades estratégicas enquanto tenta formar combinações de peças e criar sequências vencedoras para derrotar seus adversários.
kabukikl	&quot;Kabuki Klash&quot; é um jogo de luta em 2D que apresenta personagens da famosa série japonesa de RPG Tengai Makyou, também conhecida como Far East of Eden. Os heróis dos três primeiros jogos de Tengai Makyou devem participar de um torneio e descobrir quem é o lutador mais habilidoso na terra mágica de Jipang (que é muito semelhante ao Japão medieval). Os personagens incluem conhecidos heróis de Far East of Eden, como Ziria, Manjimaru, Kabuki, Orochimaru e outros - um total de oito personagens jogáveis. Durante as lutas, você pode dar um soco, chutar ou usar ataques especiais, que exigem um uso preciso dos botões e também esgotam o sua barra de magia. Existem itens aleatórios (como poções de cura) jogados no campo de batalha enquanto você está lutando, o que você pode pegar.
kamenrid	Masked Riders Club: Battle Race é um jogo de corrida de ação de cima para baixo baseado na franquia de televisão Kamen Rider. O jogo consiste em nove níveis de rolagem vertical que precisam ser concluídos antes do tempo acabar, com temas como um ambiente industrial, uma praia, um ambiente com neve etc., cada um com seus próprios inimigos. No início, o jogador escolhe um dos dez super-heróis Kamen Riders (Rider 1, Rider 2, Rider V3, Riderman, Rider X, Amazon, Stronger, Super1, Rider 2X ou Black RX). Os motociclistas são seres humanos alterados, com temas de gafanhotos, e cada um vem com sua própria motocicleta, classificada em três estatísticas diferentes, além de uma arma única, como uma lâmina, um gancho, uma pequena rajada de fogo ou um poste. O jogo para um jogador é jogado apenas no lado esquerdo da tela. A parte do meio mostra o progresso no mapa de níveis e o mapa direito no mapa global dos nove níveis.
karnovr	Karnov's Revenge é um clone 2-D da Data East de Street Fighter II. Escolha um dos 13 lutadores de todo o mundo para jogar, cada um com seus movimentos únicos e ataques especiais. Como de costume, há dois rounds em cada estágio, e o objetivo de cada round é drenar a energia do seu oponente para ganhar a luta. Se houver um empate após dois rounds, um terceiro round é jogado. Há um limite de tempo e, se isso expirar, o jogador com menos energia perde.
kbadlands	Badlands é um jogo de disco laser que contém sequências de vídeo animadas que fazem uso total dos recursos gráficos de vídeo e da capacidade de armazenamento da mídia de disco laser. Em Badlands, um único jogador (ou um segundo turno alternado) controla um cowboy chamado Buck, cuja esposa e filhos foram brutalmente assassinados por uma gangue de bandidos liderada pelo notório Landolf. Agora, tudo que Buck quer fazer é vingar a morte deles, e ele pode se conseguir matar todos os membros da gangue, incluindo seu líder Landolf. Primeiro, Buck deve encontrar todos os bandidos e, felizmente, alguns deles estão se escondendo na cidade local. Outros, entretanto, podem estar em uma selva com monstros pré-históricos, ou mesmo em uma caverna cheia de morcegos! Quando Buck encontra um fora da lei, o jogador deve enfrentá-lo em um confronto. Buck precisará ter reflexos rápidos para sobreviver, porque ele deve atirar e matar um fora da lei antes que ele o mate, ou uma vida será perdida. Mas Buck não pode atirar em um fora-da-lei antes que o fora-da-lei tenha sacado uma arma ou atirar em pessoas inocentes, porque se o fizer, será enforcado ou preso e perderá uma de suas vidas!
kenseim	Ken Sei Sei Mogura é um jogo arcade estilo 'Whack-a-Mole'. O jogo joga como qualquer outro jogo de estilo 'Whack-a-Mole', com um tema 'Street Fighter II'. O lado do jogador assume Ryu e o lado do jogador dois é Chun-Li. As toupeiras são substituídas por M.Bisons. Na tela de jogos, ele mostra os dois batendo um M.Bison estilo chibi com marretas no estágio 'SFII' real do Bison na Tailândia.
kf2k3pcb	Como The King of Fighters 2002, este jogo volta ao antigo formato 3-para-3 usado do KOF '94 ao KOF '98. Um novo recurso para este jogo que os fãs do KOF da velha guarda podem ter dificuldade em se acostumar é o novo sistema de equipe intercambiável. Você ainda escolhe três personagens e decide a ordem dos seus personagens antes de uma partida, mas agora você tem a opção de mudar para outro personagem durante uma partida. Você pode mudar a qualquer momento durante uma partida, mas você não pode quando dois de seus companheiros de equipe foram retirados, e apenas um personagem é deixado em reserva.
kikikai	Sacerdotisa Sayo-chan deve repelir fantasmas, a fim de resgatar sete deuses da sorte! Os Sete Deuses da Sorte foram sequestrados por fantasmas gigantes. Armado com talismãs e uma haste de purificação, Sayo-Chan deve viajar para a vila fantasma e derrotar os inimigos que estão determinados a impedi-la de resgatar os deuses.
kingball	O jogador controla dois homens verdes (provavelmente soldados do exército do rei) com um canhão laranja que dispara contra esquadrões de balões descendentes. Você deve proteger o rei e impedir que ele seja capturado e levado por um dos balões. Diferente da maioria dos jogos de tiro, o canhão do jogador pode ser atingido e destruído inúmeras vezes; é o rei que deve ser protegido. O jogo termina quando o rei é levado três vezes.
kingpin	Kingpin é uma mistura entre um jogo de bowling muito básico e um jogo de azar.
kingrt66	The King of Route 66 é o sucessor de 18 Wheeler: American Pro Trucker para o sistema Naomi 2. Assuma o volante de poderosos caminhões e embarque em uma jornada épica pelas estradas dos Estados Unidos. Transporte cargas valiosas, enfrente desafios de tempo e prove suas habilidades como rei da estrada. Com gráficos impressionantes, controles realistas e uma trilha sonora envolvente, The King of Route 66 oferece uma experiência imersiva de condução de caminhões. Mostre suas habilidades de direção e torne-se o verdadeiro rei das estradas americanas.
kinst	Em um futuro distante, uma empresa monopolística e tecnológica chamada Ultratech organiza um torneio de lutas conhecido como &quot;Killer Instinct&quot;. Muitos lutadores respondem ao desafio de participar, incluindo vários guerreiros experimentais da Ultratech. Para aumentar o desafio do torneio, a Ultratech utiliza uma tecnologia que pode criar pontes entre dimensões alternativas, liberando uma criatura conhecida como Eyedol. Eyedol é um antigo guerreiro de duas cabeças que foi aprisionado junto com seu rival, Gargos. Alguns guerreiros entram no torneio em busca de glória ou fuga. Outros lutadores estão tentando acabar com a corrupção da Ultratech. Killer Instinct é um jogo 2D contra luta que apresenta gráficos 3D renderizados com base em sprites. Os jogadores escolhem entre dez personagens: Orquídea, Cinder, Jago, Glacius, Fulgore, Riptor, Sabrewulf, Spinal, T.J. Combo e Thunder. O jogo é conhecido por seu pesado sistema de luta baseado em combo, permitindo aos jogadores realizar movimentos que acertam um grande número de acertos em seu oponente, sendo o maior o &quot;Ultra Combo&quot;. O jogo também apresenta quebra de combinação, movimentos finais e fatalidades no palco, barras de energia duplas e uma trilha sonora de techno inspirada na dance music.
kinst2	Killer Instinct 2 é uma sequência direta de Killer Instinct. Os sobreviventes do primeiro são transportados no passado e lutam entre si para determinar quem enfrentará o malvado Gorgos. Ao usar um dos onze personagens disponíveis, o (s) jogador (es) lutam entre si ou contra a IA no modo história. O objetivo de uma partida é esgotar a barra de saúde do outro personagem executando ataques normais e especiais (com foco em combos). Cada lutador também tem uma segunda barra de energia que se enche depois de ser atingida ou bloqueada que, quando cheia, permite movimentos especialmente poderosos. Depois de derrotar o inimigo, o jogador pode executar um movimento final - mas isso pode mudar o final.
kizuna	1 ano atrás, King Lion criou o torneio &quot;Battle of the Beast God&quot; para ver quem tinha o que era necessário para enfrenta-lo e derrota-lo em seu próprio tempo e oportunidade. Nove lutadores haviam entrado na competição e cada um deles lutou do seu próprio jeito, mas no final... Sho Hayate provou ser o guerreiro mais forte e o fez ganhando a competição enquanto derrotou King Lion (e o seu meste King Leo) nas finais do torneio. Para conseguir se vingar de Hayate e todos aqueles que causaram a sua decadência, King Lion organiza uma segunda versão do torneio &quot;Battle of the Beast God&quot;, mas dessa vez... Há uma nova regra. Times de 2 pessoas devem participar nessa competição e eles devem trabalhar em conjunto para conseguir a vitória ou então encarar a derrota. Os competidores do torneio do ano passado ficam sabendo do novo torneio organizado por King Lion e então cada um deles decide unir forças em acordos temporários. Com exceção de Carol Stanzack, que decide não participar do torneio para continuar o seu treino de ginástica, e Nicola Zaza, que está muito ocupado trabalhando em seu mais recente projeto científico, Hayate e todos os outros retornam preparados para enfrentar a nova ameaça de King Lion. Entretanto, há gente nova na parada: dois novos desafiores entram na briga e eles tem razões próprias para estarem na competição. Os lutadores devem se preparar não apenas para lutar contra King Lion, mas também uma ameaçada desconhecida iminente que se esconde nas sombras dessa competição.
knights	Knights of the Round é um jogo de arcade lançado pela Capcom em 1991. Um side-scrolling beat 'em up baseado livremente sobre a lenda do Rei Arthur e os Cavaleiros da Tábula Redonda, o jogo apresenta um sistema avançado de melhorias no estilo RPG, com os lutadores obtendo novas armas e armaduras confome avançam através do jogo, no entanto, o jogador não pode escolher como atualizar seu personagem - sistema de melhorias é estático.
kod	The King of Dragons é um jogo de 1991, que permite aos jogadores escolher entre cinco personagens (Elfo, Mago, Lutador, Clérigo e Anão) para viajar pelo reino de Malus e derrotar os monstros que assumiram, assim como seu líder, o dragão vermelho Gildiss. Como os Cavaleiros da Távola da Capcom, ele possui um sistema de avanço de nível, permitindo que os atributos de caráter sejam atualizados à medida que os jogadores progridem no jogo. A configuração é muito semelhante à de Dungeons & Dragons e outros mundos de fantasia medieval, com monstros familiares como Orcs, Gnolls, Harpies, Wyverns, Cyclopes e Minotaurs. O jogo foi portado para o Super NES e lançado em 1994. Uma versão emulada do jogo foi lançado como parte da Capcom Classics Collection Vol. 2 e Capcom Classics Coleção: Reloaded.
kof2000	O último King of Fighters lançado pela SNK em seu estado original, The King of Fighters 2000 expande a história e jogabilidade apresentada em The King of Fighters '99. O torneio deste ano é patrocinado pelos Ikari Warriors, numa tentativa de descobrir mais sobre a organização NESTS, e descarrilar os planos dos potenciais agentes da NESTS, K 'e Maxima. Nem tudo é tão direto como costuma ser, no entanto, e até mesmo os guerreiros Ikari correm o risco de serem traídos de dentro até o final do torneio.
kof2001	Nesta oitava edição da série King of Fighters, dez equipes diferentes mais uma vez batalham em vários países para decidir qual time será o Rei dos Lutadores deste ano. No entanto, a organização NESTS está mais uma vez no caminho do participante; eles implantaram sua própria equipe de quatro lutadores, liderados por dois indivíduos de alto escalão dentro da NESTS: um homem que afirma ser o Zero original e Igniz, o CEO da NESTS. A lista de personagens foi atualizada novamente para este lançamento da série.
kof2002	O segundo &quot;dream match&quot; sem trama da série King of Fighters, este jogo apresenta 39 personagens normais e 5 personagens secretos, alguns dos quais não aparecem desde o KOF98. O sistema de jogabilidade também mudou. O sistema de atacantes e as equipes de quatro personagens encontradas nos últimos três lançamentos de KOF foram totalmente removidos. Em seu lugar estão as equipes de três personagens da velha guarda e o sistema &quot;Advance&quot; do The King of Fighters '97 e The King of Fighters '98.
kof2003	Como The King of Fighters 2002, este jogo volta ao antigo formato 3-para-3 usado do KOF '94 ao KOF '98. Um novo recurso para este jogo que os fãs do KOF da velha guarda podem ter dificuldade em se acostumar é o novo sistema de equipe intercambiável. Você ainda escolhe três personagens e decide a ordem dos seus personagens antes de uma partida, mas agora você tem a opção de mudar para outro personagem durante uma partida. Você pode mudar a qualquer momento durante uma partida, mas você não pode quando dois de seus companheiros de equipe foram retirados, e apenas um personagem é deixado em reserva.
kof94	King of Fighters '94 é notável por ser um dos primeiros jogos de luta conhecidos que coloca times de lutadores um contra o outro em combate único. Cada equipe consiste de três lutadores para cada jogador, sendo o vencedor o jogador que é capaz de eliminar o outro time primeiro. Cada personagem ativo pode carregar, ao estilo &quot;Art of Fighting&quot;, para ganhar acesso a &quot;Desperation Moves&quot;, ou &quot;DMs&quot; (movimentos que funcionam muito como Super Combos de Street Fighter). Jogando contra o computador, o jogador deve derrotar todas as 8 equipes no jogo, a fim de chegar ao chefe final, Rugal Bernstein.
kof95	A primeira sequência da série King of Fighters começa um ano após o final do primeiro torneio. Mais uma vez, lutadores de todo o mundo recebem um misterioso convite para um torneio de luta em equipe. E assim como no ano passado, parece que o notório criminoso Rugal Bernstein está por trás disso, aparentemente retornando do mundo dos mortos para se erguer mais uma vez ... King of Fighters '95 apresenta o rival de Kyo Kusanagi, Iori Yagami, e coloca Kyo como personagem principal para o resto da série. A jogabilidade de The King of Fighters '95 está essencialmente inalterada em relação ao título anterior, embora introduza o conceito de &quot;edição de equipe&quot;, que permaneceria como um recurso padrão da série. Usando o recurso &quot;editar equipe&quot;, é possível criar uma equipe totalmente personalizada usando qualquer um dos lutadores disponíveis ou usar uma das equipes padrão, se desejar.
kof96	A principal série da SNK retorna para mais um ano. Muitas das mudanças no lançamento do KOF deste ano vêm na forma de gráficos aprimorados, efeitos sonoros, música e sprites de personagens totalmente refeitos. A jogabilidade do sistema foi alterada com a adição de combos multi-hit &quot;Rush&quot; e novos movimentos para praticamente todos os personagens. O enredo da série recebe grande foco nesta versão com a Saga Orochi girando em alta velocidade. Outras características do ano anterior incluem a capacidade de escolher entre o modo &quot;Team Fighting&quot; padrão ou o tradicional estilo de jogo &quot;Single Fighter&quot;, além dos modos de jogo &quot;Versus&quot; e &quot;Survival&quot;.
kof97	Mais um ano, outro KOF. As adições este ano vêm na forma de gráficos e sons ligeiramente melhorados, novos movimentos e um novo modo de jogo. A jogabilidade é muito mais orientada pelo enredo, já que você tem chefes intermediários que podem mudar dependendo de qual time você selecionar. Além disso, existem vários finais especiais que são mostrados apenas quando certas combinações &quot;Edit Team&quot; são selecionadas. Novos personagens incluem o New Face Team, o Fatal Fury Outlaw Team (com a estréia em KOF de &quot;Blue&quot; Mary Ryan e Ryuji Yamazaki, e o retorno de Billy Kane), e o aluno de Kyo, Shingo Yabuki. No total, The King of Fighters '97 tem 29 personagens diferentes.
kof98	O King of Fighters '98 faz uma pausa na saga Orochi e, em vez disso, é apresentado como um &quot;Dream Match&quot; (semelhante ao Mortal Kombat Trilogy, mas sem o componente história). A maioria dos personagens dos últimos quatro anos retorna, fornecendo ao jogador uma lista muito grande contendo 38 psersonagens. Muitos dos personagens foram alterados na tentativa de equilibrar o jogo, independentemente da escolha do lutador pelo jogador. Rugal Bernstein é fornecido como um personagem não-secreto pela primeira vez no KOF '98, e vários personagens regulares ocultam versões &quot;alternativas&quot; que também podem ser usadas no jogo.
kof99	Chegamos mais uma vez ao tempo para o famoso KOF Tournament! Novos rostos e velhos se juntam para participar do último torneio KOF, mas algo parece errado. Por que o torneio deste ano foi anunciado sem fanfarra? O que poderia estar acontecendo? Isso é para você descobrir! Apresentando uma jogabilidade KOF clássica com um novo toque: The Striker Match!
kofnw	he King of Fighters Neowave (ou somente &quot;KoF:NW&quot;) é um jogo de videogame lançado em 2004 feito pela SNK Playmore. Foi o primeiro jogo da série The King of Fighters a ser desenvolvido com o hardware Atomiswave (deixando de lado, finalmente, o uso do hardware Neo Geo) e foi desenvolvido exatamente para testar a performance da tal quando usada nos jogos da empresa SNK Playmore.The King of Fighters Neowave não é considerado canônico (parte da história oficial) na cronologia da série KOF.O jogo não possui história, finais com enredo ou diálogo de vitória, situando-se fora da &quot;Saga NESTS&quot; ou &quot;Saga Ash&quot;.com o Foco Técnico, o objetivo principal de Neowave foi testar o novo hardware de arcade Atomiswave da Sammy, após a SNK deixar o sistema Neo Geo.O jogo é basicamente uma &quot;remixagem&quot; de KOF 2002, reaproveitando a maioria dos sprites e mecânicas, com a adição de Young Geese como chefe principal e novos modos de barra de especial.
kofxi	O décimo primeiro jogo da série KOF após The King of Fighters 2003. De acordo com a Sega: 'Por mais de 10 anos, a série King of Fighters tem sido a escolha dos jogadores em todo o mundo. A 11ª equipe de lutadores continua essa tradição. KOF11 é adequado para um a dois jogadores, com buy-in contínuo. Escolha entre 33 lutadores, incluindo 4 novos personagens. Um quinto botão de controle foi adicionado para aprimorar suas habilidades, desferindo um golpe devastador em seu oponente, se acertado no momento certo. Um novo medidor de habilidade executa uma variedade de movimentos de tag-off e novos ataques. Um jogador também pode montar um time de três lutadores, selecionando três combatentes.
konamigt	Dirija seu carro por uma série de cursos, evitando outros carros e motocicletas. Dirija através de bolhas de combustível para obter mais combustível. Ficar sem combustível e é game over.
kotm	King of the Monsters é um jogo de lutas (humano Vs humano ou humano Vs computador) no qual são usados criaturas gigantes que competem pelo título de campeão mundial dos monstros. O jogador tem o controle de monstros parecidos com Godzillas e batalham em diferentes cidades do mundo. A medida que a luta avança as cidades são gradualmente destruídas pelas criaturas. Os jogadores podem interagir com os cenários, pegando barcos por exemplo, e usando como armas contra seu rival.
kotm2	O objeto do King of the Monsters 2 é semelhante ao seu predecessor. Escolha entre três monstros que incluem um grande lagarto, um grande macaco robótico e um enorme humano mutante. Em seguida, caminhe por cada cidade, certificando-se de destruir tudo no local, incluindo aviões, edifícios e outras criaturas. Quando destruídos, alguns prédios revelam power-ups que tornam seu personagem mais poderoso. No final de cada cidade, você vai cara a cara com a criatura chefe. Existem pequenos estágios entre os quais você luta contra um segundo monstro por pontos de bônus, ou você cai do céu e aterrissa debaixo d'água onde você tenta coletar pontos e power-ups enquanto cai.
kouyakyu	O Koukou Yakyuuis é um jogo de basebol japonês da Alpha Denshi.
kov7sprt	Knights of Valour é um jogo de ação arcade de rolagem lateral do gênero beat 'em up, lançado pela International Games System em 1999. O enredo é vagamente adaptado do romance histórico chinês Romance dos Três Reinos e apresenta os Cinco Generais Tigres, Zhuge Liang, Diaochan e outros como personagens jogáveis. A jogabilidade envolve o uso de poderes mágicos que não estão presentes em outros jogos também baseados no romance.
kozure	Kodure Ookami é baseado em uma famosa série de mangás intitulada '' Lone Wolf and Cub '', na qual nosso herói, Oogami Itto, busca vingança contra Retsudo Yagyu do clã Yagyu Kage. O clã Yagyu e seus ninjas pilharam sua pequena vila e mataram sua esposa anos antes, e agora Oogami está em uma missão para impedir que a seita Yagyu Kage destrua mais vidas. Armado apenas com sua katana, Oogami sai com seu filho pequeno em uma busca que se tornou um dos mangás mais vendidos, &quot;Lone Wolf and Cub&quot;, e a série de filmes, a série &quot;Baby Cart&quot;.
kurucham	Dois jogadores se posicionam em cantos opostos de um campo retangular formado por peças hexagonais de várias cores. Cada jogador controla um conjunto de peças da mesma cor, todas conectadas por pelo menos um lado. Na sua vez, o jogador escolhe uma das cores restantes, que transforma todas as suas peças atuais naquela cor e adiciona ao seu conjunto todas as peças adjacentes da mesma cor escolhida. O primeiro jogador a controlar a maioria das peças do campo vence a partida.
kyros	O Kairos raptou crianças e prendeu-as em espelhos dentro do seu castelo. O jogador assume o papel de Mac em sua busca, então salve-os. A parte principal do jogo é passar caminhando pelo castelo e lutando contra os capangas do Kairo - com as mãos nuas ou com armas que podem ser recolhidas no caminho. No entanto, o caminho não é completamente linear: há rotas diferentes para tomar. Uma sala de chefe espera no final de cada nível (total de cinco). Há também uma infinidade de extras para coletar que têm efeitos como a destruição de todos os inimigos na tela ou deformação. Libertar crianças suficientes perfurando espelhos dá um tempo curto de invulnerabilidade.
ladykill	Lady killer é um jogo adulto de quebra-cabeça com oito mulheres sexy. O objetivo do jogo é mergulhar e pular através da superfície da área de jogo para revelar a imagem da garota por baixo. No início de cada nível, o jogador seleciona qual garota ele quer revelar. Sua imagem é mostrada e então coberta pelo tabuleiro do jogo. Então o nível começa. O jogador deve se mover para evitar os inimigos enquanto tenta virar as peças no tabuleiro, mergulhando e aparecendo através deles. As peças invertidas geralmente revelam power-ups para ajudar o jogador. O jogador é morto sempre que toca ou é atingido por um inimigo, mas o jogador pode matar inimigos lançando uma peça em que o inimigo está. Os inimigos aparecerão novamente até que o nível seja concluído. O nível é completado quando todas as peças forem removidas.
lamachin	Durante sua missão, você encontrará uma enorme quantidade de inimigos, desde robôs de tamanho humano até cápsulas de armas extremamente rápidas. O jogador está armado com uma metralhadora pesada que ele usa para sobreviver aos 4 estágios do jogo.
laserbat	Este jogo foi fabricado e distribuído pela Bally Midway nos EUA como &quot;Lazarian&quot;. O jogador controla uma nave espacial que atravessa missões para resgatar outras naves espaciais que ficaram presas. Ao fazer isso, o jogador terá que atirar meteoritos, alienígenas e olhos voadores. A nave espacial do jogador pode morrer quando atingida por meteoros e ser atingida por alienígenas ou canhões.
lastblad	Durante o período da história japonesa conhecido como Bakumatsu, Shinnosuke Kagami, cansado de não ver nenhum oponente a sua altura, decide abrir o Portão do Inferno para que ele pudesse ter o sublime poder sobre a Terra. Porém a historia começa antes disso. Kaede era um jovem feliz que vivia a treinar com seu mestre e pai adotivo Gaisei e seus dois irmãos adotivos: Minakata Moriya e Yuki. Certa tarde Kaede e Yuki decidem treinar, ao voltar encontram seu mestre morto ao chão com Moriya ao lado sem dizer nada, logo Kaede parte para cima de Moriya e lhe desfere um soco no rosto, porem Moriya se levantava e sai de lá sem dizer nada. Anos depois, Kaede (agora com seus 17 anos) e Yuki (com seus 18 anos), partem em busca de respostas acerca do assassinato de seu mestre. Em sua jornada Kaede descobre que é a reencarnação do Deus Seiryu, o Dragão Azul do Trovão. Juntamente com as outras reencarnações de Deuses: Genbu no Okina, que representa Genbu a Tartaruga Negra da Terra, Naoe Shigen, que representa Byakku o Tigre Branco do Vento, e Shinnosuke Kagami, que representava a Suzaku a Fênix Vermelha do Fogo. Yuki e Kaede descobrem que o verdadeiro assassino de seu mestre era Kagami e não Moriya. Após enfrentar e derrotar o Demônio das espadas Akatsuki Musashi, que havia chegado à terra através do portão aberto por Kagami, Kaede manifesta seu verdadeiro poder e a força de Seiryu no confronto contra Kagami. Kaede derrota Kagami, porém o Portão do Inferno permanece aberto. The Last Blade é um Jogo eletrônico de luta em 2D, lançado pela desenvolvedora de jogos eletrônicos japonesa SNK em 1997.
lastbld2	Kaede consegue finalmente derrotar Shinnosuke, porém os portões do inferno não se fecham. Seis meses depois, Okina avisa que é necessario encontrar uma moça que tenha o poder de selar o mal. Kaede e Yuki partem viagem à procura desta até que, eventualmente, ambos descobrem que a própria moça capaz desta tarefa seria Yuki. Com isso, Kaede se entristece por ter que deixar Yuki correr perigo e pelo fato de ter que lutar contra o seu próprio pai, Kouryu. The Last Blade 2 é um Jogo eletrônico de luta desenvolvido pela SNK para arcades em 1998, ambientado no período da história do Japão conhecido como Bakumatsu, servindo como sequência direta para o jogo The Last Blade.
lastbrnx	O líder da Soul Crew, a gangue mais difícil de Tóquio, foi cruelmente assassinado. Pouco depois, um desafio de grafite anônimo apareceu por toda a cidade &quot;convidando&quot; todos os líderes de gangues da cidade para um torneio de luta que determinará qual grupo tem o poder de governar Tóquio. Todos sabiam que recusar-se a participar não era uma opção.
lastduel	O jogador alterna cada nível entre o uso do carro e da nave espacial. O veículo tem dois ataques principais, um dos quais varia dependendo da forma como o veículo tomou. No modo carro, o veículo pode saltar sobre buracos e inimigos. No modo navio, o veículo pode executar um movimento de barril, tornando-o temporariamente invencível. O jogador pode seleccionar Power-Ups que incluem um laser de fogo grande e lento, um fogo duplo, um fogo largo e opções que proporcionam ataques laterais. As acelerações só estavam disponíveis no modo navio. Cada secção de condução é cronometrada e se o jogador não conseguir alcançar o patrão a tempo, perderá uma vida. No entanto, no momento em que o jogador encontrar o chefe, o temporizador será removido.
lastfort	Jogo de paciência de mahjong.
lasthope	Pilote sua luta nave estelar Z-42 Warpstar como a última linha de defesa da Terra contra o avanço do Império do Mal. Last Hope - um &quot;atirador tático&quot; auto-descrito se parece muito com uma versão mais difícil de um clássico R-Type. O jogo, no entanto, adiciona uma inovação menor à fórmula testada e comprovada, permitindo que o jogador gire a cápsula de proteção 360 ° ao redor da espaçonave. O jogo apresenta seis estágios distintos e quatro armas.
lastmisn	O teu povo odeia-te e exilou-te, mas respeita as tuas capacidades como piloto de caça. Por isso, enviaram-te numa missão suicida para eliminar os seus inimigos e impedir que eles te ataquem no futuro. O jogo é um shoot-em-up com deslocação multidirecional a partir de cima. A tua nave roda premindo a esquerda ou a direita. A tua nave está equipada com bombas inteligentes e a sua arma básica pode ser melhorada através da recolha de fichas que os inimigos abatidos podem libertar.
lazercmd	Você tem uma visão geral de um labirinto com dois lados, os lados se espelham. O lado esquerdo da tela é amarelo e o lado direito é verde. De cada lado estão quinze tanques. O objetivo é explodir todos os tanques dos jogadores adversários (ou tantos quantos você puder antes que o tempo se esgote). Você pode controlar apenas um tanque de cada vez, você pode movê-los e explodir os tanques de seus oponentes (geralmente, obter um dos tanques ativos é uma boa ideia). Quando você explodir, seu tanque desaparece, e você deve mover um pequeno sinal para outro tanque para retomar o jogo (este blip é invisível a menos que seja contra uma parede). Você também pode deixar seu tanque e ir para outro, pressionando o segundo botão. Este é apenas um grande título estratégico, até hoje. Vale a pena jogar se você gosta desse tipo de coisa. Apenas esteja ciente de que este é um título apenas para dois jogadores, então você precisará de um amigo para jogar contra.
lbowling	League Bowling no Neo Geo oferece a chance de derrubar pinos de boliche, o que é mais de bom humor. Jogável em até 4, este título oferece muitos modos de jogo para apimentar o modo clássico. O conjunto é pontuado por pequenas cenas em look cartoon, que chegam para alegrar as festas.
ldrun	O Império Bungeling roubou uma enorme reserva de ouro de seus legítimos proprietários, e sua missão é se infiltrar no tesouro e recuperá-lo. Isso implica mover através de 150 telas de plataformas, escadas e cordas. O Império enviou guardas robóticos para proteger o ouro, e o contato com qualquer um deles custará sua vida. Seu método de escapar deles é pressionar o fogo para cavar um buraco em sua linha de movimento, fazendo com que caiam brevemente, permitindo que ele se mova pelo espaço com segurança. Depois que todo o ouro tiver sido coletado, uma escada é adicionada, permitindo que você passe para a próxima tela. A conclusão dessas telas geralmente requer planejamento e precisão avançados.
ldrun2	Em 1984, depois de desenvolver a primeira conversão de arcada de Lode Runner, Irem desenvolveu uma sequela em um período muito curto de tempo. Esta segunda versão continha 30 níveis selecionados dos 150 níveis originais, em comparação com os 24 níveis da primeira versão. Além dos novos níveis e algumas novas visões para os inimigos (todos com o mesmo comportamento), não há diferença no jogo.
ldrun3	Uma sequência de Lode Runner 2 para o Japão com todos os novos níveis. A jogabilidade é a mesma que a original. Você ainda precisa coletar o ouro e evitar os robôs. Depois de coletar todo o ouro em um nível, aparecerá uma nova escada que você poderá usar para passar ao próximo nível.
ldrun4	Esta é a última das quatro conversões de Lode Runner. Como os dois anteriores, ele contém 30 dos 150 níveis da versão original. No entanto, esta versão inaugura uma nova jogabilidade: o jogo cooperativo com 2 jogadores. Nesse modo, dois jogadores devem trabalhar juntos para capturar cada barra de ouro, algumas das quais não são acessíveis sem esse par colaborativo para atingir seu objetivo. É a única versão dos quatro que não foi traduzida para o inglês.
leds2011	LED Storm é um jogo de condução e luta vertical, frequentemente comparado com Bump' n' Jump ou Spy Hunter. A vista é de cima e o jogador controla um veículo que se pode mover horizontalmente no ecrã, alterar a velocidade e fazer grandes saltos, como em Bump' n' Jump, para evitar obstáculos e esmagar veículos opostos. O ecrã também se desloca horizontalmente com base em movimentos laterais, embora o veículo esteja sempre virado para cima.
legendos	Joe Yabuki é um pequeno bandido vagando pelas ruas. Ele é avistado por um treinador de boxe retirado do circuito que o vê como um futuro campeão e que, portanto, decide pegá-lo nas mãos. Esta é a trama deste jogo de boxe para a Neo Geo, adaptado do mangá &quot;Ashita No Joe&quot; criado por Tetsuya Chiba e Asao Takamori nos anos 70.
legionna	Neste jogo de scrolling lateral, três vigilantes juntam-se para resgatar a namorada do seu chefe de um grupo criminoso impiedoso que invadiu a sua cidade.
lemans24	Le Mans 24 é um jogo de arcade da Sega produzido em 1997 e é baseado na placa de sistema de arcade Sega Model 3. O jogo é baseado na corrida de mesmo nome com alguns de seus carros da corrida de 1996 , incluindo os que apareceram em Scud Race . Foi licenciado pelos seus organizadores, Automobile Club de l'Ouest. Apenas carros GT1 e Grupo C aparecem no jogo com o JWA Gulf Porsche 917 aparecendo como um carro bônus no final da corrida. Sonic the Hedgehog faz uma participação especial como um piloto secreto, desbloqueado digitando um código de trapaça.
lethalen	Como um policial disfarçado, a missão do jogador é acabar com uma série de criminosos que variam de assaltantes de bancos, seqüestradores e vários outros infratores da lei. Além de defender a lei, os jogadores também devem tentar proteger membros inocentes do público das quadrilhas criminosas, tomando cuidado para não atirar neles acidentalmente. Atirar em vítimas inocentes resultará na redução do nível de energia do jogador. Lethal Enforcers é um jogo de pistola leve nos trilhos. Inicialmente, o jogador está armado apenas com um revólver de edição padrão, mas atualizações de armas como uma .357 Magnum, uma espingarda e uma pistola automática podem ser coletadas atirando em seus colegas na tela conforme o jogo avança. Enquanto algumas armas podem ser recarregadas, outras não podem e são úteis apenas por um tempo limitado. Qualquer atualização de arma é perdida no caso de um jogador perder uma vida.
lethalth	Um simples shoot-em-up com múltiplos finais com base no seu desempenho em cada nível. Suas armas aumentam a força e ficam mais fortes quando você pressiona o botão de disparo rapidamente, mas o medidor de força será drenado se você parar de pressionar o botão. Depois de carregar energia suficiente, você pode pressionar o botão de bomba para um ataque inteligente que consome todo o medidor de energia. Com mais energia, cria uma explosão maior. Os power-ups trocam sua arma para disparar projéteis diferentes, como lasers que se espalham em ângulos retos e um lança-chamas que chega mais longe com mais potência.
lizwiz	O jogador deve usar um joystick de oito direções para assumir o controle do Mago dos Lagartos, cuja missão é ajudar a libertar as pessoas que estão presas no planeta Zyfus. O Mago dos Lagartos faz isso atirando nas rochas que voam daquele vulcão em erupção na parte inferior da tela, que explodirá em chamas se ele as perder e for comido pelos lagartos parecidos com dragões pelo fogo. Quando os prisioneiros emergem do vulcão, o Mago dos Lagartos também deve resgatá-los do planeta, levando-os para as plataformas na superfície. O jogador também deve enfrentar Spydors em certos níveis, que devem ser mortos antes de chegarem à superfície.
lkage	Você interpreta Kage, um ninja habilidoso em busca de resgatar a princesa Kiri das mãos do senhor da guerra Yoshi. Armado apenas com uma espada e 'facas estelares', você deve abrir caminho através de incontáveis capangas e chefes ocasionais para concluir sua tarefa. Os níveis incluem a floresta, o fosso, dentro e fora do castelo. Esses níveis se repetem à medida que as estações mudam. A jogabilidade é de rolagem lateral. Os movimentos de Kage incluem a habilidade de pular extremamente alto no ar, agarrar e escalar árvores, bloquear e atacar com sua espada e lançar shuriken. O jogo pode ser um desafio às vezes, porque o jogador morre em um golpe. 2 jogadores são suportados, mas devem se revezar.
locomotn	Loco-Motion é um jogo de arcade no estilo de quebra-cabeça, no qual um trem está montado em uma grade de peças de pista móveis. O objetivo é guiar o trem pelas estações de trem localizadas ao redor da borda do campo de jogos. Uma seção vazia na grade permite que o jogador troque peças de pista adjacentes para aquela seção para alterar o caminho do trem, e uma luz de rastreamento mostra o caminho que o trem está seguindo enquanto se move. Um botão do acelerador move o trem mais rapidamente em seu caminho, e um botão de pânico muda a faixa de trilho em que o trem está com uma faixa aleatória na grade.
loderndf	Produzido por Broderbund/Psikyo em 2000, Uma reedição modernizada com belos gráficos do clássico dos anos 80 Lode Runner.
loffire	Line of Fire é um jogo de tiros na primeira pessoa inspirado em Operation Wolf. Estás preso atrás das linhas inimigas e tens de escapar a todo o custo. Ao longo de 8 níveis, disparas contra o mais pequeno indício de presença inimiga. As situações são variadas e tens de sair do campo de visão de um atirador furtivo ou assumir o controlo de barcos, por exemplo. Além disso, a tua viagem levar-te-á da selva à base inimiga e à cidade em ruínas.
lomakai	O jogador controla um jovem guerreiro cuja missão é resgatar uma princesa de um feiticeiro malvado. O guerreiro começa apenas com uma espada, mas pode comprar outras armas e artigos mágicos nas lojas. A jogabilidade consiste em abrir caminho através de níveis não lineares, usando chaves para abrir portas e matar ou evitar vários inimigos. É dado ao jogador um tempo fixo para completar cada nível.
lostwsga	The Lost World: Jurassic Park é um jogo de arcade de lightgun/pistola da Sega. Foi lançado em 1997. É a continuação do jogo de tiro Jurassic Park da Sega de 1994. O jogador controla um dos dois rangers na Isla Sorna, Site B, cujo objetivo é encontrar Ian Malcolm e Sarah Harding, que são os únicos que podem tirá-los da ilha. Um terceiro videogame baseado em Jurassic Park III foi feito pela Konami em 2001.
lotlot	Em Lot Lot, controla directamente uma seta e indirectamente outra que segue a sua seta original com um atraso de (aproximadamente) 4 segundos. Quando se prime o botão, todas as bolas no compartimento para as quais uma seta aponta são imediatamente trocadas pelo conteúdo do compartimento para o qual a outra seta aponta. O objectivo do Lote de Lote é tirar tantas bolas pequenas (que se pareçam com bolas de Pachinko) dos compartimentos da grelha e para as caixas de pontuação, a fim de atingir a pontuação requerida, e passar à ronda seguinte.
loverboy	Um jogo de labirinto adulto, com níveis explícitos de ação sexual no meio. Neste jogo controverso, você controla um homem nu com um chapéu roxo que corre pelo labirinto da cidade perseguindo e violando mulheres indefesas e deve pegar todos os itens femininos, evitando ser pego pelos policiais e seu cachorro furioso.
lpadv	Um diagrama de puzzle de lógica/tipo Picross lançado apenas para arcadas no Japão.
lresort	Em um futuro distante, os humanos colonizaram o espaço. Um vírus de origem desconhecida apoderou-se da maioria das inteligências artificiais, voltando-as contra a humanidade com o único objetivo de aniquilá-la. Você joga como um dos pilotos da Operação Last Resort neste jogo sobre Neo Geo, a última esperança para os humanos.
lupin3	O jogador tem que guiar Lupin (que não se parece com o ladrão) em um labirinto. O objetivo é roubar os sacos de dinheiro da parte superior da tela para o fundo, evitando guardas e cães de guarda. Há um movimento em que o jogador pode sair do caminho, mas isso deduz sua pontuação. Após o final de cada etapa, uma cena em que Lupin em um carro clássico viaja em direção ao parque e conhece Fujiko. Depois de completar três etapas, ela se apaixona por Lupin. Na versão internacional, Fujiko declara seu amor a Lupin depois de completar a quarta etapa.
lwings	A raça humana estava prestes a alcançar a evolução de uma civilização antiga para um estado de milhares de anos, com a ajuda de DARK, um computador super-poderoso deixado pelos astronautas há muito tempo. O mundo estava em pânico. A raça humana estava à beira da extinção. ARES, deus da guerra, deu duas jovens Asas de Amor e Coragem e confiou-lhes a sobrevivência e o futuro da raça humana. O tempo é essencial. Destruir DARK
mach3	Prepare-se para um grande espetáculo com M.A.C.H. 3, um dos melhores jogos do gênero. Em cenários reais filmados de tirar o fôlego, você terá que enfrentar uma verdadeira armada que quer acabar com você. Sua missão é simples: eliminar tudo o que aparecer pela frente. Como você deve imaginar, este jogo é um excelente passatempo para extravasar, conseguindo se destacar dos outros títulos de laserdisc. Você controla um avião a jato, chamado &quot;Military Air Command Hunter&quot;, em dois tipos de missões e também deve evitar os tiros inimigos. Os alvos são indicados por miras amarelas. Os dois tipos de missão são: bombardeio e combate aéreo. Na missão de bombardeio, a visão é de cima, em alta altitude, e você precisa atingir os alvos no solo com bombas. Na missão de caça em baixa altitude, é necessário abater aviões inimigos, além das defesas terrestres, enquanto evita colidir com os cenários
machbrkr	Mach Breakers é um jogo de esportes de competições futurísticas com sete opções de personagens e um desafio divertido.
macross	Super Spacefortress Macross é um shoot'em up com rolagem vertical baseado no filme teatral de 1984 da franquia Macross, comumente conhecido em inglês como Macross: Você se lembra do amor ?. Os jogadores controlam os caças VF-1 Valkyrie dos pilotos ace Max Jenius e (apenas em jogos para dois jogadores) Hikaru Ichijyo em combate contra os Zentradi. O jogo consiste em sete níveis, principalmente baseados em cenas de ação do filme, incluindo confrontos sobre a cidade de Macross, nos anéis de Saturno, a superfície da Terra devastada e a batalha final contra Boddole Zer. A jogabilidade é semelhante a Raiden: a Valquíria pode se transformar em um dos três modos diferentes, coletando a energia apropriada: no modo Lutador, o navio dispara um tiro espalhado, o modo Gerwalk tem um laser estreito, mas poderoso, que atravessa os inimigos, e Battroid O modo apresenta mísseis teleguiados. A intensidade dos ataques pode ser aprimorada em três estágios através de outra ativação. Também existem bombas inteligentes para capturar que limpam a maioria dos inimigos da tela com um tiro. Cada nível termina com uma batalha de chefe. Além de abater as hordas de inimigos, pegar medalhas e raras bonecas Minmay também aumenta a pontuação. No modo para dois jogadores, os dois jogadores enfrentam o inimigo simultaneamente. Entre os níveis, as cenas recriam cenas do filme para ilustrar o enredo.
macross2	É como um jogo de tiro com rolagem lateral ao contrário de seu antecessor Super Spacefortress Macross, e mais voltado para o jogo competitivo. Os personagens dos jogadores ainda são fixos por lado: o Jogador 1 é Silvie, o Jogador 2 é Nexx. Existem 10 níveis no total, divididos entre os níveis de dificuldade &quot;Iniciante&quot; &quot;Médio&quot; e &quot;Especialista&quot;, respectivamente, com apenas o nível final sendo compartilhado por todos.
macrossp	Macross Plus é um shooter de rolagem vertical em 2D, baseado no anime Macross. O jogador pode escolher um de três personagens: Isamu Dyson no YF-19, Guld Bowman no YF-21 e uma piloto feminina sem nome no VF-11. A jogabilidade é muito simples - o jogador voa para frente e atira nos inimigos. Ele tem armas, bombas e mísseis (tiro de imprensa para liberar ataques de mísseis - eles têm um sistema de controle especial). O jogador pode coletar power-ups descartados por inimigos especiais.
madgear	Até 2011, a única maneira de viajar em alta velocidade é nos céus construir alto acima do solo. Estes tornam-se populares entre os boy-racers e freaks de velocidade geral muito em breve, e é por isso que você está apontando para hurtle através deles nesta conversão arcade. A estrada rola verticalmente, com algumas curvas moderadamente afiadas de uma forma semelhante ao Spy Hunter Você tem um dispositivo de salto para limpar os muitos saltos, ou para aterrar e achatar os outros maníacos que alinham a estrada. Tens de escolher o caminho a seguir em garfos estilo OutRun na estrada.
mag_burn	A sua nave espacial despenhou-se num planeta misterioso habitado por criaturas estranhas, raptam uma da sua tripulação e tentam destruir a sua nave.
mag_day	Um jogo de tiro espacial com rolagem lateral lançado em 1987 e co-desenvolvido e lançado pelas desenvolvedoras espanholas EFO S.A. e Cedar. O jogo tem capacidade para até 2 jogadores, mas não há jogo cooperativo.
mag_drac	O Conde Drácula dorme por centenas de anos. Durante esse tempo, a paz existe na vila e Drácula não passa de uma mera lenda. No entanto, um dia um jovem casal chamado Simon e Serena estava comemorando seu casamento na igreja da vila. O casal foi envolvido com felicidade, enquanto os sinos do casamento tocavam, o futuro parecia abençoado ... De repente, o céu vazio estava coberto de nuvens escuras e com um trovão que sacudia a terra, Drácula despertou mais uma vez. Pedindo o sangue da menina bonita, ele voou durante o meio do casamento e de repente levou a noiva com ele. Agora, a fim de salvar Serena, Simon vai para o castelo demoníaco.
magdrop2	Em Magical Drop II em Neo Geo, controle um palhaço que apanha e atira balões. Você tem que coletá-los por cores idênticas para que explodam e liberem espaço. O modo de dois jogadores permite competir contra a CPU ou um amigo.
magdrop3	Esta é a terceira parte da série de quebra-cabeças Magical Drop. No jogo, você controla um palhaço que joga bolinhas na tela no aglomerado de bolinhas, pedras e cristais multicoloridos. O objetivo é obter três ou mais peças da mesma cor para remover as bolinhas, mas você também pode pegar mais de uma na hora para criar combos e obter melhores blocos &quot;especiais&quot; na parte superior da tela. Você pode jogar o jogo nos modos single player ou contra um amigo no modo versus. No modo versus, você escolhe seu personagem, muito parecido com um jogo de luta, cada um com seus próprios contra-ataques e habilidades.
maglord	Magician Lord em Neo Geo é um jogo de ação e aventura onde você joga como o poderoso mago Elta e deve lutar seu caminho através de oito níveis cheios de inimigos demoníacos. Use seus poderes mágicos para se transformar em um dragão, samurai e muito mais!
magspot	Atire larvas e larvas que caem de um OVNI. As larvas perdidas girarão casulos e quando um total de sete eclodem, elas se transformam em Ultramoths que enxameiam contra seu navio. Destrua todos os bugs na tela para aumentar sua classificação.
magtruck	Magical Truck Adventure dá ao jogador a sensação de realmente pilotar um vagão. Um pedal de ação e uma alavanca de caminhão ajudam o jogador a perseguir, pular e desviar dos vilões do mal que ameaçam roubar a pedra preciosa de Alma. Toda essa emoção acontece em uma ferrovia com 6 rotas cênicas incrivelmente detalhadas. Os 3 estágios desafiadores incluem uma série de obstáculos, rinocerontes selvagens, crocodilos famintos e trens em alta velocidade, para citar alguns.
mahretsu	Um jogo mahjong onde você pode criar seu próprio rosto para seu personagem!
mainevt	Um jogo de luta livre no qual você seleciona 2 lutadores entre 8 e compete em batalhas de duplas. Se o jogador vencer, sua equipe passa para a próxima partida. Se ele perder, ele recebe uma revanche imediata, já que o jogo não termina até que a energia do jogador caia para zero. Algumas das características mais distintas do jogo eram um botão &quot;Action&quot; de gigante, que piscaria sempre que um ataque, agarramento ou submissão pudesse ser executado; e um locutor entusiasta que apresentava os lutadores e narrava as ações durante as partidas.
manxtt	O cenário do jogo é o TT da Ilha de Man - o mundialmente famoso e exigente evento de corridas de motocicletas realizado na Ilha de Man. Há dois percursos para correr: o percurso de Laxey Coast para novatos e o mais difícil TT (&quot;Troféu Turístico&quot;) para jogadores veteranos. Enquanto o TT Course é baseado no curso real na Ilha de Man, o Laxey Coast é um curso fictício projetado pelos desenvolvedores do jogo, embora seu cenário seja desenhado da Ilha de Man. O jogo de arcade era conhecido na época por seus gráficos impressionantes e gabinete inovador.
mappy	Você controla o Mappy, um camundongo policial cujo trabalho é coletar objetos de valor (eletrônicos de consumo) da casa de um gato. Você está sendo perseguido por uma gangue de cinco gatos cor de rosa. As portas são sua única defesa contra os gatos. Você troca de andares pulando de um dos trampolins para o outro. Os pontos são ganhos pela recuperação de bens roubados. Outras maneiras de ganhar pontos são saltando em um trampolins, colocando gatos no microondas, atingindo gatos com uma porta, atingindo gatos com um sino, recuperando tesouros do gato chefe Goro ou jogando gatos num buraco no chão.
marble	Uma adaptação do jogo arcade. Marble Madness é um jogo de labirinto abstracto para um ou dois jogadores, dependendo da plataforma. O objectivo é guiar um pequeno mármore de vidro através de um labirinto tridimensional e alcançar a linha de chegada antes que o tempo se esgote. Os segundos restantes no cronómetro quando a linha de chegada é atravessada são transferidos para o nível seguinte. Para além de ter de navegar no mármore sobre perigosas passadeiras e rampas, numerosos obstáculos e criaturas hostis tentarão atrasar o progresso do mármore ou derrubá-lo da borda de uma plataforma, desperdiçando segundos ainda mais preciosos até aparecer um mármore de substituição.
mariner	Um velho tiro de rolagem horizontal com um fundo de rolagem vertical. O jogador tem que guiar um submarino armado com torpedos e mísseis por cinco níveis enquanto luta contra diferentes terrores subaquáticos. No final de cada área, o submarino-chefe aparece.
mario	Mario Bros. é um excelente jogo de plataforma de tela única, no qual o lendário &quot;Mario Bros.&quot;, Mario e Luigi, deve tentar livrar cada nível de um número de pragas que infestaram o sistema hidráulico: Shellcreepers (tartarugas), Sidesteppers ( caranguejos que precisam ser atingidos duas vezes) e Fighterflies (moscas que só podem ser atacadas quando tocam em uma plataforma). Os jogadores podem pular para cima para acertar a plataforma acima deles, o que 'lançará' qualquer inimigo da plataforma acima nas costas. Os inimigos propensos podem então ser chutados na água para removê-los. Um botão 'POW' também aparece em várias telas; isso pode ser 'golpeado' por um jogador, fazendo com que todos os inimigos na tela vire de costas; bem como destruir qualquer bola de fogo inimiga que possa estar por perto. Cada prisioneiro de guerra só pode ser usado no máximo três vezes.
marukodq	Um jogo de quiz japonês baseado em uma série de mangá/anime!
marvins	Um jogo de labirinto onde você luta contra Robonóides enquanto tenta limpar o labirinto de pontos. Duas maneiras de terminar cada rack: Coma todos os pontos ou destrua um certo número de Robonóides (listados na parte inferior da tela). Duas maneiras de destruir os Robonóides: Atire neles ou remova o solo sob eles em certos pontos do labirinto (o 'Truque').
matrim	O rei de certo país quer encontrar um digno sucessor para o trono e o marido ideal para sua filhinha (ou uma mulher bonita e forte para seu filho mais velho). Então ele tem um torneio de lutas onde o prêmio é a mão da princesa e a sucessão do trono.
maxspeed	Maximum Speed ​​é um jogo de corrida que inclui um modo para um jogador e um modo para dois jogadores frente a frente, 6 pistas diferentes e permite que os jogadores escolham entre transmissão automática ou manual. Existem 3 níveis de dificuldade disponíveis, o que garante que Maximum Speed ​​permaneça divertido e atraente para uma variedade de jogadores. Os jogadores também podem escolher entre 3 estilos de corrida distintos: Stock Car, Kart de Fórmula ou Pickup Truck. Maximum Speed ​​também apresenta ótimos gráficos de ação em 3D e feedback do volante, que adicionam um grau de realismo ao jogo.
mayday	A nave do jogador sobrevoa uma superfície do planeta com rolagem horizontal. Ondas de navios inimigos atacam e devem ser destruídas para que o jogador avance para o próximo planeta. O botão Mayday atrasa o jogo por cinco segundos. O navio do jogador dispara para frente e para trás. O jogo em si não é uma cópia direta do Defender. Possui um joystick de 8 vias, dois botões de disparo (para frente e para trás) e um botão para o dia da semana. O botão Mayday diminui tudo na tela por alguns segundos e faz a tela piscar. Embora ele apenas role da direita para a esquerda, você pode acelerar e diminuir o ritmo de avanço do navio. A primeira onda que está sobre o mar de submarinos. Os submarinos, que se parecem muito com Baiters no Defender, disparam na parte inferior da tela e disparam para o navio do jogador. Os tiros do jogador são apontados diagonalmente para as ondas. A segunda onda está voando através de uma caverna com enxames de alienígenas voando e saltando da direita para a esquerda em direção ao jogador. Ao contrário do Defender, você pode colidir com as paredes da caverna. A terceira onda é colocada sobre uma superfície do planeta que rola suavemente. As ondas posteriores seguem um padrão semelhante.
mayhem	Um jogo de esportes que é como uma combinação de roller derby e futebol com quatro gols. Uma bola entra em jogo e você deve colocá-la em um dos quatro objetivos designados, aquele que está aceso e piscando. Seu oponente está tentando fazer o mesmo. Você pode dar uma cotovelada no seu oponente para fazê-lo perder a bola e, em seguida, pegar a bola e jogá-la no gol ou correr até o gol e colocá-lo. Pontos são concedidos por cada gol que é feito.
mazeinv	Um cruzamento entre um jogo de labirinto e um shooter. Colete todas as frutas em labirintos com paredes em movimento, evitando vários inimigos. Alguns inimigos podem ser destruídos com tiros, enquanto outros ficam atordoados.
mbombrd	Muscle Bomber Duo: Ultimate Team Battle, é uma versão atualizada do Slam Masters original que elimina o modo Single Match do jogo original, concentrando-se apenas na equipe de dois contra dois Modo de batalha. O mesmo personagem pode agora ser escolhido por mais de um jogador e cada lutador agora tem dois movimentos especiais adicionais: um ataque lateral duplo e um movimento de vácuo. Duo é o único jogo da série a manter o título Muscle Bomber para seus lançamentos internacionais. Embora os jogadores possam escolher sua equipe como quiser, existem cinco combinações &quot;oficiais&quot; que o jogo reconhecerá e dará um nome. As equipes de tags oficiais são as seguintes: Hyper Cannons (Biff and Gunloc) Exotic Warriors (Rasta and Oni) Deadly Brothers (Titan and Stingray) Knuckle Busters (Haggar and Grater) Silent Assassins (Scorpion and Jumbo)
mechatt	Mechanized Attack é um jogo de tiro desenvolvido e publicado pela SNK. Foi lançado na América do Norte para o fliperama em 1989, e foi portado para o Nintendo Entertainment System em 1990. Pode ser jogado com o controlador NES ou com a pistola de luz NES Zapper.
megaman	Mega Man: The Power Battle, é um jogo arcade e um título spin-off para a série Mega Man. A história do jogo é simplista; O maléfico Doutor Wily reconstruiu alguns de seus Robot Masters, com os quais ele está tentando dominar o mundo, forçando os heróis a detê-lo. Foi lançado no Japão em 1995 e foi seguido por uma sequela, Mega Man 2: The Power Fighters, no ano seguinte. Ambos os jogos foram portados para consoles domésticos na América do Norte em 2004 como parte da Mega Man Anniversary Collection para PlayStation 2, Nintendo GameCube e Xbox. Uma adaptação de ambos os jogos para o Neo Geo Pocket Color, intitulado Rockman: Battle & Fighters, também foi feita.
megaman2	Mega Man 2: The Power Fighters é um jogo de luta/tiro arcade 2D. O jogador escolhe um personagem entre os 4 disponíveis: Mega Man, Proto Man, Bass e Duo. Cada personagem tem atributos e habilidades diferentes. A jogabilidade é quase idêntica ao jogo anterior, lutando com uma arma em vez de um soco. O jogador luta contra chefes dos jogos &quot;normais&quot; do Mega Man. Ele pode usar um canhão de arma (e o braço mecânico de Duo) para atacar e carregá-los para fazê-los disparar com mais força. Depois de derrotar o inimigo, o personagem pode pegar sua habilidade especial.
megazone	Mega Zone é um jogo de rolagem vertical de cima para baixo. Os jogadores passam por várias zonas de territórios inimigos para alcançar seu último destino, a Mega Zone, para ter um confronto final com a torre de comando dos inimigos. Os jogadores pilotam um tanque de foguetes anfíbios e atiram em 32 tipos diferentes de inimigos. Se o jogador coletar doze pods de energia, isso fará com que apareça um &quot;MEG&quot; (curto de Mega). A obtenção dessa energização faz com que o tanque se combine com outro tanque e triplica o tamanho e o poder de fogo do tanque. No caminho para a Mega Zone, os jogadores ocasionalmente alcançam uma bifurcação na qual podem escolher qual caminho desejam seguir.
mercs	Mercs, originalmente lançado como Senj? no ?kami II, é um jogo arcade de 1990 do tipo correr e atirar desenvolvido e publicado pela Capcom para as arcadas. É uma continuação ao 1985 Commando. Foi seguido por Wolf of the Battlefield: Commando 3 em 2008, um jogo para download. A versão arcade do jogo tem até três jogadores disponíveis para jogar. Os jogadores são membros de uma equipe secreta e mercenária conhecida como a &quot;Força Lobo&quot;. A equipe é composta por Joseph Gibson (jogador 1 em azul), Howard Powell (jogador 2 em vermelho) e Thomas Clarke (jogador 3 em amarelo). Seu objetivo é resgatar um ex-presidente de rebeldes no país ficcional africano de Zutula, que é administrado por um governo de apartheid. O jogo tem seis níveis, mais o nível final, onde o objetivo é resgatar o presidente do Hercules Transporte.
metlsavr	Metal Saver é um jogo no estilo Snow Bros. Um ou dois jogadores assumem o papel de um garoto chamado Hanbit e uma garota chamada Narae, dois lutadores que devem lutar em níveis de tela única, eles devem destruir os inimigos usando diferentes habilidades para passar os próximos níveis.
mgcrystl	O jogador personifica um mágico passando por um conjunto de labirintos suspensos no ar; o objetivo do jogo é resgatar os duendes presos dentro dos cristais mágicos. O jogo tem um total de 6 mundos. Cada mundo é dividido em três atos e tem uma luta contra o chefe e um estágio de bônus no final.
miexchng	Money Puzzle Exchanger no Neo Geo é um jogo de puzzle no qual deve agrupar peças do mesmo valor em grupos de 4 ou mais para que desapareçam. Conforme você avança, novas peças aparecem no topo da tela e o objetivo é classificá-las com rapidez suficiente para não ficarem sobrecarregadas.
minasan	Um desafiante jogo de mahjong com personagens muito estranhos e elementos emprestados do jogo de tabuleiro. É baseado na comédia japonesa 'Minasan no Okage Desu' criada por 'Tunnels', que foi ao ar na Fuji TV de 1988-97. Muitos desses personagens aparecem no jogo.
missb2	O jogador assume o papel de um dos dois ratos de cor amarela e verde. Armado apenas com a capacidade de soprar bolhas e saltar, o objetivo é capturar e matar todos os seus inimigos dentro das bolhas para avançar para a próxima fase. As bolhas também podem ser usadas como plataformas temporárias, para ajudar os ratos a alcançar áreas anteriormente inacessíveis de um nível. Se um jogador é tocado por um inimigo, então o jogador morre.
missile	Invasores misteriosos estão a atacar as tuas cidades! Como comandante de uma base de mísseis, é da tua responsabilidade defendê-las. Os inimigos virão do céu para tentar destruir as cidades na parte inferior do ecrã. Tens de disparar mísseis para evitar os bombardeamentos. Tens uma quantidade limitada de munições, por isso certifica-te de que os teus disparos são precisos.
mjgtaste	jogo de Hahjong baseado no porno-manga G-taste.
mk	Mortal Kombat é um jogo de luta de rolagem lateral. O combate é organizado como uma partida individual, permitindo que cada jogador execute uma variedade de socos, chutes e movimentos especiais para derrotar seu oponente. Quando o adversário enfrenta a derrota no segundo turno, o vencedor pode realizar um movimento final denominado &quot;Fatality&quot; no perdedor. O Fatality é um movimento único para cada lutador que mata o perdedor de forma criativa em uma finalização sangrenta.
mk2	Mortal Kombat II é uma sequência direta do original de 1992, com novos lutadores (aumentando a lista de personagens de 7 para 12) e melhores gráficos. Tal como acontece com o seu antecessor, as partidas de MKII são divididos em rounds, com a vitória dada ao primeiro jogador a ganhar dois rounds. No momento da derrota, o lutador derrotado ficará atordoado e o vencedor terá a oportunidade de executar um &quot;finishing move&quot;. Alguns dos movimentos de luta padrão (movimentos compartilhados por todos os personagens) foram expandidos ou aprimorados. Um soco agachado foi adicionado e o 'roundhouse kick' é mais poderoso e agora bate os adversários na tela. Além disso, a diferença nos &quot;hitboxes&quot; entre chutes altos e baixos é agora mais marcada. Além disso, os personagens que retornam ganham novos movimentos especiais e MKII marca a primeira aparição de vários Fatalities - assim como movimentos de finalização adicionais e não letais - na série. Além dos Fatalities de seu antecessor, MKII oferece 'Babalities' (transformar um adversário derrotado em um bebê chorão), 'Friendships' (uma interação não maliciosa, como dançar ou dar um presente para o oponente derrotado) e Fatalities específicos (o vencedor arremesando seu oponente em um abismo, em estacas no teto ou em uma &quot;piscina&quot; de ácido). Cada personagem ainda compartilha atributos genéricos - velocidade, potência, altura do salto e tempo no ar - embora com &quot;hitboxes&quot; diferentes. A sequela descarta o sistema de pontos de sua prequela em favor de uma contagem de vitórias consecutivas.
mk3	Tendo conseguido subjugar o reino da Terra, Shao Kahn toma todas as almas humanas da Terra como suas. Para impedir que o reino de Outworld assimile totalmente o Earthrealm, alguns guerreiros da Terra foram escolhidos para proteger suas almas de Shao Kahn, a fim de defender o reino da Terra em um novo torneio de Mortal Kombat. 14 personagens digitalizados lutam para derrubar Shao Kahn e seu tenente do Centauro, Motaro.
mk4	A quarta edição da série clássica 'Mortal Kombat'. Novos gráficos, novos lutadores e todo um novo desafio esperam por você. Prepare-se para lutar e entrar em uma nova dimensão.
mmatrix	Mars Matrix é um shoot-em-up de rolagem vertical. Mars Matrix oferece uma jogabilidade única baseada no sistema &quot;mosquito&quot;. Ao manter pressionado o botão de disparo, sua nave pode absorver os tiros e depois &quot;cuspi-los&quot; nos inimigos. Além disso, cada inimigo destruído (e cada tiro refletido) libera cubos de experiência de vários valores, que podem ser multiplicados por encadeamento. Essa experiência é usada para fortalecer sua nave e também atua como um multiplicador para sua pontuação.
mole	As toupeiras surgem de nove buracos, e o jogador tem 60 segundos para mandá-las fugir de volta ao subsolo batendo na cabeça com um martelo. Os jogadores podem usar o joystick ou o teclado para posicionar o martelo.
moomesa	Wild West C.O.W. Boys of Moo Mesa é um jogo de plataforma 'n' gun de rolagem horizontal para até quatro jogadores. O jogo se passa no oeste selvagem da América e é baseado na série de desenhos animados com o mesmo nome. Os jogadores assumem o papel de quatro vacas recentemente mutantes - agora transformadas em homens da lei; o Cowlorado Kid, o Dakota Dude, o Marshall Moo Montana e o Buffalo Bull que carrega uma espingarda. Os homens da lei devem atravessar estágios cheios de inimigos para derrubar criminosos procurados.
mooncrst	O jogador deve mover a sua nave à medida que surgem ondas de extraterrestres na base do ecrã. Os alienígenas amarelos partem-se quando são atingidos, enquanto os alienígenas magenta são os mais difíceis. Quando o caminho estiver livre, o jogador deve tentar atracar a sua nave manualmente dentro de um determinado tempo. Uma vez atracada com sucesso, o jogador ganha pontos de bónus.
moshougi	Shougi no Tatsujin foi lançado em setembro de 1995 no Japão. O título deste jogo foi traduzido do japonês como 'Mestre de Shougi'. O 'Shougi' é um jogo de xadrez japonês.
motoraid	Baseado no Manx TT Superbike, mas seguindo o exemplo de Road Rash, o jogador deve correr com sua moto derrotando seus oponentes e o relógio. Ele tem todos os recursos padrão de um título como este: passar por um checkpoint adiciona mais tempo e, quando a contagem regressiva chega a zero, o jogador para. Os oponentes podem ser baleados com uma arma com as próprias mãos. O modo turbo pode ser ativado pressionando o acelerador duas vezes.
mp_bio	Bio-Hazard Battle é um jogo de tiro espacial de rolagem horizontal. Você pode escolher uma das quatro naves, cada uma com seus próprios ataques. Durante o jogo, você pode aprimorar as armas de suas naves coletando bolas coloridas flutuando ao redor. Você pode armazenar até 3 armas diferentes ao mesmo tempo, executando ataques em diferentes direções.
mp_col3	Columns III é um jogo de quebra-cabeça. Alinhe 3 ou mais itens da mesma cor na vertical, na horizontal ou na diagonal.
mp_gaxe2	Não muito tempo depois do fim do maligno reinado do Death Adder, surge outro mal. A paz da terra foi novamente ameaçada, desta vez por 'Dark Guld', que deveria estar preso, mas aparentemente não está. Em vez disso, ele agora colocou as mãos no Machado Dourado e o está usando para seus propósitos desagradáveis, e com seus lacaios está causando muito mais caos. Então, mais uma vez, Ax-Battler, o feroz bárbaro; Tyris-Flare, a amazona destemida; Gilius Thunderhead, o anão feroz, levantam-se para lidar com a opressão, com o seu poder e magia, e recuperar o Machado Dourado.
mp_gslam	Grand Slam - The Tennis Tournament é um jogo de tênis da Sega. Existem três tipos de terreno disponíveis e um modo de treinamento que permite que você se familiarize com os controles antes de começar a trabalhar. O modo de Exibição está disponível para jogos rápidos (com 1 ou 2 jogadores), enquanto que o modo de Circuito, você enfrentará muitos adversários em sequência.
mp_gunhe	Gunstar Heroes é um shooter side-scrolling muito na veia de Contra. Os personagens jogáveis, Red e Blue, representam diferentes esquemas de controle: O Red é um tiro livre, que permite ao jogador se mover livremente enquanto dispara; e Blue sendo Tiro Fixo, o que faz com que o jogador permaneça fixo em um ponto enquanto dispara. Existem quatro tipos diferentes de armas básicas que o jogador pode escolher no início do jogo: Force, que dispara uma série rápida de pequenas balas; Lightning, que dispara lasers retos que perfuram os inimigos; Chaser, que dispara estrelas que entram nos inimigos; e Flame, um lança-chamas de curto alcance muito poderoso. Essas armas caem como power-ups durante todo o jogo, e o jogo pode manter dois de cada vez. Combinando duas armas, uma nova arma pode ser formada. Por exemplo, combinar Lightning e Flame resulta em uma arma de feixe de curto alcance que ignora a maioria das colisões de muros e inimigos. Contando as armas básicas, há um total de 14 diferentes armas possíveis no jogo. Além de usar armas, o jogador pode enfrentar inimigos em combates próximos. Inimigos podem ser arremessados, e outros golpes podem ser executados, como ataques de deslizamento e salto, e uma patinada de longo alcance.
mp_mazin	Mazin Wars é um beat 'em up baseado no mangá do Go Nagai &quot;MazinSaga&quot;. O Doctor Hell quer destruir a humanidade novamente e cabe a você pará-lo, encarnando o poderoso Mazinger Z. Use sua espada e seus super golpes para lutar pelo seu caminho através das fases e enfrentar os chefes poderosos antes de enfrentar o próprio Dr. Hell e acabar com o perigo.
mp_shnb3	Neo Zeed está ameaçando o mundo mais uma vez. O maligno sindicato do crime - que pensava ter sido derrotado dois anos atrás - voltou, liderado por um homem conhecido apenas como o Mestre das Sombras. Joe Musashi sentiu sua presença e desceu das montanhas do Japão para enfrentar seu inimigo mais uma vez. Como o Shinobi, mais forte que o aço e mais rápido do que um redemoinho, o último guardião das técnicas do Oboro Ninjitsu, só ele pode parar Neo Zeed.
mp_soni2	Adivinhe quem está de volta e mais rápido do que nunca? Ele mesmo, Sonic!! E desta vez nosso herói não está mais sozinho: ele agora traz Tails, uma esperta raposa com duas caudas, que desde bebê já sonhava em acompanhar Sonic em suas aventuras! Mas alguma coisa assustadora está acontecendo. Os amigos do Sonic estão desaparecendo... Você já viu esta história antes?... Isto mesmo, Dr. Robotnik ainda não desistiu!! O louco cientista está capturando todos os animais e forçando-os a construir uma máquina assustadora!! Ele só precisa encontrar as 7 poderosas esmeraldas, para conseguir ter o mundo aos seus pés!! E se dar saltos fantásticos, rodopios estonteantes e &quot;loopings&quot; malucos já lhe parecia incrível, espere até ver os novos truques que Sonic aprendeu para vencer os perigos das mais de 20 níveis desta aventura! Então, se você já está apto para esta dose dupla de emoção, se apresse, pois Sonic e Tails só estão esperando por você para começar!! A versão Mega Play tem várias diferenças em relação ao jogo de Mega Drive, mas menos do que a versão Sonic 1 Mega Play. Códigos de trapaça não podem ser usados ??pois não existe o menu de Opções. O modo de dois jogadores está presente e acessível inserindo dois créditos para jogar (um para cada jogador) e apertando o botão 2P Start. O modo se comporta de maneira um pouco diferente, apresentando a tela de continue depois que qualquer um dos jogadores ganhar uma zona e solicitar aos dois jogadores para inserir créditos e tentar novamente. No modo de 1 jogador, nem 50.000 pontos nem 100 anéis dão ao jogador uma vida extra. Em vez disso, o jogador recebe um único 1-up em 30.000 pontos, a fim de tornar o jogo mais difícil para uma experiência de arcade. No jogo single-player, monitores 1-up são substituídos por monitores de 10 Anéis, e monitores 1-up não aparecem nos monitores aleatórios no modo para 2 jogadores. Todas as Zonas estão presentes, ao contrário da versão Mega Play do Sonic 1. Fases Especiais também estão faltando e quando passar por um checkpoint, nenhum círculo de estrelas aparecerá. Embora nenhuma esmeralda possa ser coletada, você receberá automaticamente o final bom ao completar o jogo. Também não há tabela de pontuação máxima. No modo de 1 jogador, o contador de tempo no HUD foi removido completamente, mas ainda está presente para ambos os participantes no modo de 2 jogadores.
mp_sonic	Sonic era um ouriço tranquilo até que um dia um louco cientista transformou seus amigos da floresta em perversos robôs. Amizade para Sonic é uma coisa muito séria, por isso ele resolveu libertar seus companheiros da maldição, usando suas duas armas: seus espinhos e sua velocidade supersônica. Sonic desafia a lei da gravidade com muitos saltos, rodopios e loopings malucos. Cuidado para não ficar tonto! O perigo estará por toda parte, portanto fique atento. Existem passagens secretas, portas invisíveis e cápsulas de energia escondidas pelo caminho. Aperte o cinto, pois esta será a aventura mais veloz, colorida e alucinante da sua vida! Em pouco tempo Sonic será o seu maior herói! A versão do Mega Play tem um grande número de diferenças do jogo de Mega Drive. Em primeiro lugar, a segunda revisão é usada para que as nuvens de rolagem na Green Hill Zone estejam presentes. No entanto, códigos de trapaça não podem ser usados. 1-ups não têm efeito e continues aumentam pela inserção de fichas. Existem também apenas quatro Zonas: Green Hill Zone, Spring Yard Zone, Star Light Zone e Scrap Brain Zone (que não tem seu ato final). Fases especiais também não existem e pular nos anéis gigantes só faz com que você desapareça. Os créditos não são usados. Você também pode inserir suas iniciais na tela de Pontuação Máxima após o Game Over, ficando sem vida ou terminando o jogo. Há também um limite de tempo rigorosamente aplicado exclusivo para cada fase. Se a fase não for concluída, você morrerá e o cronômetro será reiniciado.
mp_sor2	Um ano depois de derrotar o maligno sindicato do crime liderado pelo Sr. X, as coisas correram bem para a cidade. mas agora o Sr. X retornou e como se as coisas não pudessem piorar, ele enviou alguns de seus capangas para sequestrar Adam Hunter. Agora cabe a Axel Stone e Blaze Fielding levar a cidade de volta para seus bons cidadãos, mas desta vez eles não estão sozinhos, porque se juntam a eles um lutador profissional que é amigo de Axel chamado Max Thunder, e o irmão mais novo de Adam: Eddie 'Skate' Hunter. Esses 4 farão o possível para acabar com o novo reinado de terror do sindicato e levar a paz às Ruas de Fúria.
mp_twcup	Tecmo World Cup é um jogo de futebol convencional pseudo-3D. A e C passam a bola; B chuta. Ele permite que você escolha entre várias equipes nacionais para jogar futebol. Como todos os jogos de futebol, existem muitas estratégias disponíveis.
mpang	Poderoso! Pang é o quarto jogo da magnífica série Pang. Embora o design de arte tenha mudado drasticamente, Mighty! Pang mantém a mesma jogabilidade de seus antecessores. O jogo apresenta três modos de jogo: modo de pânico, modo de turnê e modo especialista.
mpumpkin	&quot;Magical Pumpkin&quot; é projetado com personagens da Sanrio. Você também pode desfrutar do jogo de condução da TV operando o volante e três botões. O jogo consiste em duas fases com uma tela de rolagem vertical e horizontal. Um mecanismo embutido vibra o volante quando os obstáculos são atingidos. A taxa e o tempo de jogo podem ser trocados. O carro de três lugares tem um preço OP de 1.080.000 ienes.
mrdrillr	O mundo do Mr Driller foi coberto por blocos misteriosos. Armado apenas com uma potente broca, tens de escavar o teu caminho para a segurança antes que o seu fornecimento de ar se esgote! Mr Driller é um jogo de puzzle em tempo real que depende apenas de raciocínio rápido e um pouco de planeamento. A jogabilidade é uma combinação de Tetris e Boulder Dash: tens de perfurar blocos multicoloridos para chegares ao fundo, evitando que os blocos de cima caiam e te esmaguem devido a demasiada perfuração.
ms5pcb	A quinta edição da mais famosa série de tiro dos arcades traz muitas mudanças: desta vez, você não enfrentará o exército de Morden como nos jogos anteriores, mas um novo grupo de inimigos que compõe o já mencionado Exército Ptolemaico. Mais conteúdo neste título incluem 3 armas e 2 veículos de jogos passados foram reincorporados, assim como 3 novos veículos. A adição mais importante é um movimento deslizante: pressionar o botão B ao fazer o agachamento fará seu personagem deslizar por um curto período de tempo no solo. Você não será capaz de lançar granadas, mas sua arma pode ser disparada normalmente.
msh	Marvel Super Heroes é um jogo de luta 2D e o segundo título da Capcom a apresentar personagens do universo de quadrinhos da Marvel. A jogabilidade é muito semelhante a X-Men: Children of the Atom, mas com um medidor Super Combo simplificado e a adição de joias infinitas. Cada personagem começa com um conjunto de joias. Eles podem ser ativados durante uma luta para melhorar a velocidade, poder e defesa, ou fornecer habilidades especiais para criar paredes de pedra, abrir uma fenda no espaço ou reverter os controles do oponente. O uso das joias é inspirado na série de quadrinhos The Infinity Gauntlet. Existem dez personagens jogáveis. Os heróis são Capitão América, O Incrível Hulk, Homem de Ferro, Psylocke, Homem-Aranha e Wolverine. Os vilões são Blackheart, Juggernaut, Magneto e Shuma-Gorath. Anita da série Darkstalkers é um personagem oculto na versão japonesa. Os chefes são o Doutor Doom e Thanos. Durante a luta contra o chefe, Thanos rouba todas as joias do jogador (exceto a mente) e as usa com novos efeitos.
mshvsf	Marvel Super Heroes vs. Street Fighter é a segunda parcela da série Marvel vs. Capcom de jogos de luta 2D. Ele utiliza o mesmo formato de tag team um-a-um anteriormente empregado em X-Men vs. Street Fighter. O jogador escolhe uma equipe de dois lutadores, cada um com seu medidor de vida; no início da partida, o primeiro personagem selecionado é controlado pelo jogador, enquanto o segundo personagem permanece fora da tela e atua como suporte. Usando uma combinação de movimentos do joystick e botões pressionados, o jogador deve executar vários movimentos para esgotar os indicadores de vida do time adversário. O primeiro jogador a drenar completamente a saúde do oponente é declarado o vencedor. Se o cronômetro chegar a zero, o jogador que possuir mais saúde vence. A mudança de jogabilidade mais notável em Marvel Super Heroes vs. Street Fighter é a adição do &quot;Variable Assist&quot;. Com a assistência variável, o jogador pode convocar seu personagem fora da tela para realizar um movimento especial sem alterar seu personagem atualmente controlado, abrindo novas possibilidades para combos durante a batalha e expandindo bastante o papel do personagem secundário. A capacidade de usar assistências seria mais tarde se tornou um elemento de jogabilidade exclusivo usado em várias edições futuras da série Marvel vs. Capcom.
mslider	Um jogo de puzzles ao estilo de Puzzle Bobble, ambientado num mundo de fantasia. Oferece a escolha de três personagens (15 no modo para dois jogadores) e dois modos de jogo (solo ou versus).
mslug	Metal Slug, originalmente lançado no Neo Geo, é um side-scrolling shoot'em'up. O jogador(es) assume o papel de um soldado (ou dois) e luta contra um gigantesco exército. Cada nível consiste em correr para frente e explodir tudo o que se move, enquanto coleta power-ups ao longo do caminho (há também uma grande variedade de armas no jogo). No final de cada nível, o jogador enfrenta um chefe gigantesco.
mslug2	Como Marco, Eri, Tarma ou Fio, você deve derrotar o malvado General Morden e seus capangas. Para fazer isso, você deve derrotar vários inimigos que ficam no seu caminho. Ao longo do jogo, você pode coletar novas armas, incluindo Heavy Machine Gun, Shot Gun, Rocket Launcher, Flame Shot, Laser Shot, Flame Bottles, and Armor Piercer. Também espalhados por todo o jogo, você pode andar em quatro veículos diferentes (conhecidos como Slugs), como o Metal Slug, Slug Flyer, SlugNoid e Camel Slug. Ao usar esses veículos, você pode causar uma destruição impressionante contra o exército maligno de Morden. Outros itens, como energia, munição extra e comida (coma demais e seu jogador ganhará peso) também são encontrados durante o jogo.
mslug3	Na terceira parte da série Metal Slug, o General Morden está de volta e ele planeja estabelecer uma nova ordem mundial. Você guia um dos heróis: Marco, Tarma, Eri ou Fio enquanto eles abrem caminho através de níveis laterais com um tema único, repleto de incontáveis inimigos e chefes difíceis. Você tem que libertar os reféns e você pode montar veículos bizarros, como camelos, elefantes, tanques e robôs.
mslug4	O 5º episódio da mais famosa série de tiro dos arcades traz a jogabilidade clássica inalterada, uma nova arma, 6 novos veículos, bem como 2 novos soldados para o panteão. A introdução mais notável da série é o Sistema Metalish, dando ao jogador uma nova possibilidade de ganhar mais pontos: depois de pegar certos emblemas em forma de escudo, uma barra de cronômetro será exibida na parte superior da tela. Durante esse tempo, você deve atirar rapidamente no maior número de inimigos possível e, dependendo da sua atuação, você receberá um bônus correspondente a um distintivo que será adicionado à sua pontuação após completá-lo. Quando você morre, o bônus desaparece.
mslug5	A quinta edição da mais famosa série de tiro dos arcades traz muitas mudanças: desta vez, você não enfrentará o exército de Morden como nos jogos anteriores, mas um novo grupo de inimigos que compõe o já mencionado Exército Ptolemaico. Mais conteúdo neste título incluem 3 armas e 2 veículos de jogos passados foram reincorporados, assim como 3 novos veículos. A adição mais importante é um movimento deslizante: pressionar o botão B ao fazer o agachamento fará seu personagem deslizar por um curto período de tempo no solo. Você não será capaz de lançar granadas, mas sua arma pode ser disparada normalmente.
mslug6	Metal Slug 6 retorna aos eventos da aliança Rebelde-Marciana vista nos Metal Slugs 2, X, e 3, mas em escala diferente. Ao invés de apenas relembrar o enredo dos jogos anteriores, em que Marcianos quebram a aliança e os Rebeldes auxiliam o jogador, agora todos juntos combatem uma ameaça ainda maior. Metal Slug 6 introduz uma nova mecânica intitulada &quot;Weapon Stock System&quot;. Dois power-ups de armas podem ser carregados ao mesmo tempo. Os jogadores podem alternar entre eles, ou simplesmente abandoná-los em favor da arma padrão. Assim que é obtido novo power-up, ele ocupa um slot inativo ou, se ambos estão ocupados, substitui a arma mais antiga das duas. O placar agora é multiplicado por potências de 2. Quanto mais rápido os inimigos são eliminados, maior a potência aplicada, como pode-se conferir num medidor na parte de baixo da tela. Quando o medidor indica &quot;Max&quot;, inimigos e objetos destrutíveis deixarão moedas a fim de aumentar ainda mais o placar do jogador.
mslugx	Metal Slug X é uma versão alternativa do Metal Slug 2. Diferente do primeiro jogo da franquia, Metal Slug X permite que você escolha os personagens Marco, Tarma, Eri e Fio. O General Morden derrotado por Marco e Tarma resolve se aliar a alienígenas que vem do espaço e a sua contínua ambição de conquistar o mundo. Durante as missões deve-se libertar os prisioneiros, estes oferecem armas e equipamentos que podem ser usados no combate. São 6 missões até o final onde os alienígenas prendem Morden e o Exército se une para destruir os alienígenas e libertar o general.
msword	Magic Sword: Heroic Fantasy, é um jogo arcade de fantasia de rolagem lateral lançado pela Capcom em 1990. O jogador pode usar uma espada, machado ou magia, e também pode resgatar e recrutar aliados potenciais de várias classes de personagens, cada um dos quais tem suas próprias habilidades especiais. Três anos antes, a Capcom havia lançado o Black Tiger semelhante em 1987. Magic Sword se passe em um mundo sem nome, que está sendo ameaçado pelo senhor das trevas Drokmar, que tem controle sobre um cristal maligno conhecido como o &quot;Orbe Negro&quot;, que lhe permitiria governar o mundo. Para evitar que isso aconteça, o herói, conhecido como o Bravo, deve escalar o topo da torre de 50 andares em que reside Drokmar, conhecido como Dragon Keep. No final do jogo, quando Drokmar é derrotado, o jogador tem a opção de duas terminações: Destrua o Orbe Negro, ou assumir o controle dele, tornando-se o novo Senhor das Trevas.
mt_aftrb	After Burner é um jogo de tiro em aeronaves. O objetivo é simples: use o seu F-14 Tomcat e atire no máximo de inimigos que conseguir. Esta aeronave tem duas armas: mísseis travados e canhões Vulcan (basicamente metralhadoras). O jogo é visto de trás do avião com você lutando onda após onda de combatentes inimigos e uma luta contra chefes no final. Mas no fundo ele oferece a mecânica de tiro usual, o que significa que você passa a maior parte do seu tempo se esquivando e atirando. Às vezes você se depara com um amigável avião de suprimentos e, se acoplar com ele, poderá reabastecer seus mísseis.
mt_arrow	Por algum tempo, Zorgon V tentou invadir o laboratório espacial do Dr. Herbert Schwinn e roubar seu projeto de viagem no tempo. O Dr. Schwinn, cuja esposa foi vítima de criminosos espaciais, desenvolveu um veículo de ataque usando a mais recente tecnologia a laser. Anna, sua única filha. Você deve pilotar a nave e com ela entrar no complexo mundo de Zorgon V para destruir tudo à vista. Ajudando a família Schwinn a se vingar de Zorgon V? Junte-se à equipe Arrow Flash.
mt_astrm	Os alienígenas estão invadindo a Terra, e cabe aos &quot;Alien Busters&quot; acabar com eles e destruir seu criador. Os Busters consistem em 3 integrantes: Karla, Gordon e Scooter. Cada um deles tem suas próprias armas e ataques especiais. Quando você inicia o jogo, você pode selecionar qualquer um desses personagens para jogar. Há oito missões para completar com vários estágios, e cada missão faz com que você exploda alienígenas até o fim, das ruas até a nave-mãe, onde você encontrará a mãe de todos os alienígenas. Infelizmente, explodir esses alienígenas não será uma tarefa fácil, pois eles se tornam mais difíceis em todas as missões e são capazes de se esconder em objetos como plantas, caixas de correio, lixeiras, tambores e vários outros. Cada missão tem um objetivo como resgatar pessoas destruindo um OVNI.
mt_astro	Astro Warrior leva você à imensidão do universo, numa batalha emocionante contra poderosas estações e naves inimigas. Atire rápido. Atire na hora certa. A precisão será sua maior aliada. Neste jogo de aventura espacial, as chances estão contra você, e a única saída é tornar sua nave mais forte e com mais armas. Mas para isso você precisa ser um verdadeiro campeão. Prepare-se para muita ação, pois qualquer descuido pode levá-lo ao fim do jogo.
mt_asyn	Mais uma vez, os extraterrestres estão a tornar a vida dos humanos miserável. O jogador assume o papel de Ricky ou Mary, parte de um grupo raptado por extraterrestres. A bordo da nave dos raptores, a missão do jogador é resgatar o maior número possível de prisioneiros num tempo limitado e escapar, evitando os ataques dos alienígenas. Para o efeito, o jogador tem à sua disposição um arsenal variado. O clímax é uma batalha épica contra a rainha-mãe dos alienígenas.
mt_bbros	Mobo e Robo Bonanza estão a ver o seu programa de televisão preferido quando a imagem começa a estalar e a sombra de um estranho misterioso aparece no ecrã. Este personagem pede-lhes que recolham certos objectos que colocou dentro de vários edifícios para testar a sua segurança. Se devolverem os objectos com sucesso, Mobo e Robo são recompensados. Ambos declaram que farão o trabalho em apenas três minutos. No entanto, pouco sabem eles que cada edifício está cheio de guardas de segurança que irão fazer soar o alarme se forem apanhados. Por isso, é necessário recolher todos os tesouros antes de deixar os edifícios e disparar contra os seguranças que se metam no seu caminho. Não se esqueça que tem um limite de tempo. Um mapa do jogo irá ajudá-lo a localizar os tesouros.
mt_beast	És um herói ressuscitado pelo deus Zeus para salvar a sua filha Atena. Em cenários inspirados na Grécia antiga, tens de lutar contra hordas de mortos-vivos e demónios, com um chefe no final de cada nível, até encontrares o deus Neff, que mantém a jovem em cativeiro. O título Altered Beast refere-se às tuas capacidades de metamorfose. Neste jogo de plataformas, podes recolher bolas espirituais ao derrotar lobos de duas cabeças, que te permitem transformar em diferentes bestas, como lobisomem, dragão, tigre, urso e outras, dependendo da versão. Cada forma, ligada a um nível, tem capacidades especiais como o voo e ataques poderosos, que ultrapassam em muito os socos e pontapés básicos da tua forma humana.
mt_calga	CALIFORNIA GAMES é um teste de habilidade para um ou mais jogadores, até um máximo de oito. O objectivo é ganhar troféus em cada evento, com excepção do troféu para o melhor desempenho global. Há vários eventos desportivos: Half Pipe Skate, Foot Bag, Surf, Skating, BMX Bike Racing, e Flying Disk. Pode treinar ou competir num único evento, competir em todos os eventos, ou mesmo realizar uma competição com os eventos da sua escolha. Cada jogador escolhe um patrocinador para a competição. Será julgado em cada evento, e eles manterão um registo dos seus totais. Os troféus são atribuídos aos melhores. Se estabelecer um novo recorde num evento, o seu nome será gravado e exibido no quadro de honra. Tente tornar-se o campeão da Califórnia!
mt_cols	As regras são simples. Uma coluna de 3 peças quadradas empilhadas umas sobre as outras é jogada na área de jogo. O jogador pode mover esta peça para a esquerda e para a direita à medida que ela cai (como em &quot;Tetris&quot;), mas não pode girá-la. Em vez disso, pressionar um botão moverá a ordem dos blocos em uma posição. O objetivo do jogo é colocar as colunas no fundo do poço de forma a criar linhas de 3 ou mais blocos da mesma cor (horizontalmente, verticalmente ou diagonalmente). Quando isso acontece, esses blocos desaparecem e todos os blocos que repousam sobre eles caem imediatamente de acordo com a gravidade. Muitas vezes, isso fará com que linhas adicionais sejam organizadas, produzindo um efeito em cascata. A chave para um jogo longo (e, portanto, uma pontuação alta) é configurar essas cachoeiras.
mt_crack	Ben e Andy. Os dois melhores agentes do Serviço Especial acabam de aceitar uma missão perigosa, eliminar o Sr. K e seu Sistema de Vida Artificial. O Sr. K planeja destruir todos os tipos de vida humana na Terra usando os robôs assassinos que ele criou. Apenas Ben e Andy podem detê-lo. Ajude-os a se infiltrar na cidade assustadora do Sr. K. Coloque as bombas Clystron e corra antes que elas explodam. Mate o Sr. K!
mt_eswat	Um poderoso sindicato do crime está causando estragos em sua cidade. Como um policial novato, você deve provar seu valor capturando criminosos perigosos para ser promovido a um agente da E-Swat, a máquina de combate ao crime mais cruel que já andou pelas ruas! Muitos perigos esperam por você, mas tudo faz parte do trabalho de um policial! Possui bons gráficos e som, bem como uma boa variedade de inimigos e desafios para vencer!
mt_fshrk	Fire Shark é um jogo de tiro de rolagem vertical com tema militar que lembra 1942, no qual os jogadores assumem o controle do biplano titular em dez níveis cada vez mais difíceis para derrotar uma variedade de forças inimigas, como tanques, navios de guerra, monoplanos kamikaze e artilharia da misteriosa Strange Fleet. Este é o principal objetivo do jogo. O jogo funciona de forma semelhante ao seu antecessor, pois os jogadores controlam suas aeronaves contra um fundo em constante rolagem, e o cenário nunca para até que um aeroporto seja alcançado. Os jogadores têm duas armas à sua disposição: o tiro padrão que percorre uma distância de até metade da altura da tela e bombas capazes de aniquilar qualquer inimigo pego dentro de seu raio de explosão
mt_fwrld	Nosso planeta era bonito, com cidades maravilhosas e campos deslumbrantes. Isto até o ataque dos Aliens! Com fogo, bombas e napalm eles devastaram o mundo! Fizeram de nosso planeta algo tão abominável que ele passou a ser marginalizado pelo resto do Universo - o mundo esquecido (Forgotten World). Mas você decidiu que isto não pode continuar. Você é um super guerreiro dotado de incrível força e energia, que tomou como sua a tarefa de recuperar o planeta para seus verdadeiros donos: os homens. Não será fácil, pois você terá que enfrentar os punhos do Homem de Ferro, escapar da baforada de fogo do Dragão do Lixo e superar outros seres igualmente assustadores. Para tanto serão sete níveis diferentes até o confronto com o rei dos alienígenas: o Tirano da Guerra. Você deve recuperar o domínio do planeta e devolver seu verdadeiro nome: terra! Está preparado?
mt_fz	Fantasy Zone é basicamente um clone de outro clássico dos fliperamas, Gradius. Opa Opa pode voar em qualquer direção e deve localizar e destruir bases inimigas antes que um chefe apareça. As duas principais formas de ataque são fogo rápido e uma bomba que se arqueia para baixo. As moedas são coletadas para comprar atualizações. Existem 8 níveis e cada um é projetado com uma estética de cor pastel e pastel, criada para distingui-lo de outros shmups da época. Há muitos pequenos detalhes que eu apreciei, como a maneira como Opa Opa fica com pés pequenos quando atinge o chão. A música é cativante e eu realmente gostei da atmosfera da selva.
mt_gaxe	O jogo se passa na terra fictícia nomeada Yuria. um mundo de alta fantasia no estilo Conan o Bárbaro. Uma entidade maléfica conhecida como Death Adder capturou o rei e sua filha, mantendo os dois em cativeiro dentro de seu castelo. Death Adder também encontra o Golden Axe (Machado de Ouro), que é o símbolo de Yuria, com isso, ele ameaça destruir tanto o machado quanto a família real, a menos que o povo de Yuria o aceite como governante. Então, três guerreiros partem em uma missão de salvar Yuria e vingar suas perdas pelas mãos de Death Adder. O primeiro é Gilius Thunderhead, das minas de Wolud, que teve seu irmão gêmeo assassinado pelos soldados de Death Adder. O segundo é o bárbaro Ax Battler, que procura vingança pelo assassinato de sua mãe. E no final, mas não menos importante, temos Tyris Flare, que teve seus pais assassinados pelo próprio Death Adder.
mt_gaxe2	O Senhor das Trevas, Dark Guld, acordou mais uma vez. Com a ajuda do famoso &quot;Golden Axe&quot;, ele e o seu clã maléfico destruíram reinos inteiros, causando o caos em todo o mundo. Mais uma vez, os três valentes guerreiros erguem-se contra estes opressores e não vão parar de lutar até que o &quot;Golden Axe&quot; volte ao seu lugar.
mt_gfoot	Great Football é um jogo de esportes desenvolvido e publicado pela Sega para o Sega Master System e o sistema de arcade Sega Mega-Tech. O jogo faz parte da série Great Sports e é baseado no futebol americano.
mt_ggolf	Mantenha a cabeça baixa. Olhos na bola. Agarre o taco com firmeza... e faça um balanço. Bem-vindo ao Sega Master's Tournament, onde você tem que jogar em menos tacadas do que o par se quiser vencer. Então, prepare-se para se divertir de verdade. E não se esqueça de jogar pelo seguro. Este percurso de campeonato foi preparado para um verdadeiro desafio competitivo. Dezoito buracos cheios de roughs, bunkers e obstáculos de água testarão seus nervos. Mas não se preocupe. Você tem movimentos inteligentes para enfrentar o desafio de um fairway de perna de cachorro ou um green complicado.
mt_gng	Tanta coisa aconteceu desde que Arthur salvou Gunievere do Rei Goblin e depois saiu de casa para lutar longe de casa. Os demônios agora conquistaram o reino, e Arthur volta para casa apenas para ver o único sobrevivente do castelo, seu amado Gunievere cortado diante de seus olhos pelo próprio Lúcifer! Agora Arthur mais uma vez embarca em uma batalha de um homem só contra os habitantes demoníacos da noite para salvar a alma de Gunievere neste clássico de fliperama. Possui excelentes gráficos e áudio em estilo gótico, controle aprimorado e um desafio diabólico que testará os profissionais. O amor nunca morre...
mt_gsocr	Inglês Drible, passe, chute e marque! Duas seleções de jogos estão disponíveis para jogar. O primeiro é um jogo de futebol de perspectiva de cima para baixo. O segundo é um concurso de pênaltis em perspectiva de 3ª pessoa. A equipe que marcar mais gols em qualquer seleção de jogo vence. No entanto, se o tempo regulamentar acabar no modo de jogo de futebol regular, haverá uma disputa de pênaltis para determinar o vencedor. nnTodas as mesmas regras se aplicam a este jogo de futebol como em uma partida da vida real. Há kickoffs, violações de impedimento, carrinhos, escanteios, arremessos fora de campo e defesas de goleiro, tudo durante o jogo.
mt_kcham	A premissa do jogo é que o personagem principal Kid Chameleon pode usar máscaras para se transformar em diferentes personagens para usar diferentes habilidades.
mt_lastb	Last Battle é um jogo de luta side-scrolling no qual o jogador assume o controle de um artista marcial chamado Aarzak, que deve derrotar sozinho (e com os pés) os lacaios de um lutador malvado chamado Duke e, finalmente, enfrentar três generais que sequestraram sua namorada. O herói luta usando socos e chutes, combinando esses movimentos com saltos e agachamentos. Ele também tem uma barra especial que recarrega com o tempo. Quando o medidor de energia está cheio, Aarzak ganha um impulso que lhe permite realizar ataques rápidos pelo resto do nível. A versão original japonesa é baseada no mangá e anime Fist of the North Star; o protagonista é Kenshiro, o principal herói da série. Todos os nomes dos personagens foram alterados na versão traduzida, assim como a presença de sangue censurado. No entanto, o resto dos gráficos, jogabilidade e locais permanecem os mesmos.
mt_mlh	Este jogo de hóquei contém um modo de exibição, torneio, tiro e duelo. Ele também tem 16 equipes representando equipes reais da NHL, mas o jogo não lista nenhum jogador real da NHL da época. O modo de exposição é apenas um a um entre 2 equipes. No modo torneio, uma equipe deve vencer para avançar para a próxima rodada. Se uma equipe perde, ela é eliminada. O modo de pênaltis consiste em duas equipes se revezando chutando no goleiro e quem marcar mais gols vence.
mt_mwalk	Moonwalker de Michael Jackson é baseado no filme de Michael Jackson de mesmo nome. Mr. Big sequestrou crianças e tem coisas ruins reservadas para elas, como drogá-las e escravizá-las. Portanto, cabe a Michael usar seus poderes mágicos e talento de dança para tentar pegar Mr. Big e salvar seus amiguinhos. nnMichael Jackson pode pular, jogar estrelas mágicas e dançar para frustrar seus oponentes enquanto procura por crianças escondidas. Os palcos vêm em várias formas e tamanhos de alguns dos vídeos de sucesso de Jackson que acontecem nas ruas e cemitérios.
mt_mystd	Mystic Defender é um jogo de plataforma de rolagem lateral. É a sequência de SpellCaster para o Sega Master System. No entanto, nesta sequência, os elementos de RPG foram omitidos em favor da jogabilidade de plataforma de rolagem lateral. Neste jogo, você joga como Joe Yamata (Kujaku) em uma missão para resgatar Alexandra do malvado Zao, que usa sua alma para ressuscitar seu mestre Zareth no Castelo Azuchi. Você tem quatro tipos de magia para atacar e pode carregar suas explosões e mudar o tipo de magia durante o jogo.
mt_orun	Out Run é um jogo Classico, praticamente obrigatoriode ter jogado! Jogo de direção 3D no qual o jogador controla uma Ferrari Testarossa Spider a partir de uma perspectiva traseira em terceira pessoa. A câmera é posicionada perto do solo, simulando a posição de um piloto da Ferrari e limitando a visão do jogador à distância. As curvas da estrada, os cumes e as descidas, que aumentam o desafio obscurecendo os obstáculos que se aproximam, como o tráfego que o jogador deve evitar. O objetivo do jogo é alcançar a linha de chegada contra um cronômetro. O mundo do jogo é dividido em vários estágios, cada um terminando em um ponto de verificação, e chegar ao final de um estágio fornece mais tempo. No final de cada estágio, a pista se bifurca para dar ao jogador uma escolha de caminhos que levam a cinco destinos finais. Os destinos representam diferentes níveis de dificuldade, e cada um termina com sua própria cena final, incluindo a quebra da Ferrari ou a apresentação de um troféu.
mt_parlg	Escolha entre os emocionantes desafios e a ação de Bilhar, Dardos ou World Bingo! No bilhar, escolha a bola nove ou gire. Jogue jogos de dardos 301 ou 501. Ou teste sua sorte em um jogo de apostas altas do World Bingo.
mt_revsh	Há alguns anos atrás, Joe Musashi derrotou o grupo terrorista ninja conhecido como Zeed, e a paz regressou ao mundo durante algum tempo. Esses anos passaram e Zeed está de volta, desta vez tornaram-se muito mais fortes e poderosos (para não mencionar que mudaram o seu nome para Neo Zeed). Para além dos seus planos de domínio mundial, os Neo Zeed têm um novo objectivo, o desaparecimento do homem que os derrotou. Para começar, o sensei de Musashi (o professor ninja) foi morto, e se isso não foi suficiente, a noiva de Joe Naoko foi raptada e tomada como refém pelo Neo Zeed. E agora para Joe Musashi, desta vez é pessoal.
mt_shado	1997 DC, Nova YorknnnnDepois de derrotar o império do crime, Neo Zeed, o mestre ninja Joe Musashi decidiu desaparecer por um tempo. Mas uma nova ameaça surgiu, em uma forma reptiliana que vivia apenas de instinto vicioso. O monstro colossal moveu-se lenta e silenciosamente, e seu ataque foi implacável. Pessoas infelizes o suficiente para sobreviver a ele tornaram-se seus reféns e o pânico em massa invadiu as ruas. nnCabia apenas aos Shinobi agir. Suas armas eram furtivas e de ataque rápido, seus únicos aliados eram suas armas, a magia do Ninja e seu fiel cachorro.
mt_shang	Em Super Hang-On, você corre com uma motocicleta ao redor do mundo, completando cada seção da pista dentro de um limite de tempo. Existem outras motocicletas na estrada, mas vencê-las não é importante, então elas podem ser consideradas obstáculos móveis. Cada continente tem um nível de dificuldade diferente.
mt_shar2	Space Harrier II segue os passos de seu antecessor e envolve você (um Space Harrier) saindo para salvar &quot;Fantasy Land&quot;. Existem 13 estágios para completar, jogando-se e explodindo os bandidos e chefes conforme eles se aproximam. O jogo é jogado por trás do personagem principal, e a paisagem flui rapidamente em 3D, semelhante ao efeito usado em muitos jogos de carros como Outrun. O jogo usa muitos dos inimigos e chefes do primeiro Space Harrier, mas também adiciona novos.
mt_shnbi	Você controla um shinobi, Joe Musashi, que deve lutar em cada nível em busca de reféns que precisam ser resgatados. Você tem shurikens, chutes e socos para se defender, bem como uma poderosa magia ninja que pode limpar a tela dos inimigos de uma só vez. Cada nível é dividido em cenas menores e os reféns são guardados por caras grandes que jogam espadas. Cuidado com capangas e ninjas inimigos armados. Ao chegar ao final de cada nível, você lutará contra um chefe. Estes variam de gigantes de 8 pés de altura a helicópteros de combate.
mt_smgp	Super Monaco GP é um jogo de corrida em perspectiva em primeira pessoa que permite que você corra com outros carros no famoso circuito do Grande Prêmio de Mônaco. Primeiro, você precisa se qualificar para uma posição no grid, pilotando uma versão reduzida do percurso. Quanto mais rápido você dirigir, maior será o seu posicionamento no grid. A corrida real vê você competir contra 19 outros pilotos e, além de tentar vencê-los todos, você tem que chegar aos postos de controle dentro de um limite de tempo ou a corrida termina. Você também tem que ficar na frente de uma determinada posição que começa em 20º e diminui à medida que a corrida avança.
mt_soni2	Após ter aprontado todas e ter sido derrotado por Sonic, o Dr. Robotnik não aprendeu a lição. O vilão havia feito um plano de robotizar os animais da floresta, enquanto procurava as Chaos Emeralds. Mas Sonic atrapalhou o seu plano. Robotnik agora resolveu refazer seu plano, buscando evitar os erros cometidos. Ele novamente capturou os animais para colocá-los dentro dos robôs e os espalhou por toda a parte. E não é só isso: ele ainda construiu uma enorme Fortaleza Voadora. No Espaço, ele ainda colocou em funcionamento um laboratório secreto, que ele chamou de Death Egg (Ovo da Morte). Lá ele desenvolveu uma cópia metálica do Sonic, que possui as mesmas habilidades do ouriço. Construiu também um poderoso robô à prova de Sonic. Contudo, para esse plano dar certo, será necessário que Robotnik precise da energia das Chaos Emeralds. E o vilão sabe que agora elas são 7, e que precisa localizá-las antes de Sonic ou o final será o mesmo. O ouriço, ao saber dos seus planos, sabe que chegou a hora de detê-lo novamente e é surpreendido quando um fã seu - Tails - pede para ajudá-lo. Sonic não aceita de início, mas de tanto insistir, Tails consegue convencer o ouriço. Agora, essa dupla vai estar unida para deter Robotnik. Tails precisará correr muito para alcançar o Sonic, mas sua participação é fundamental: ele constrói um avião que será necessário para que Sonic chegue até a Fortaleza Voadora de Robotnik. Dentro da Fortaleza, Sonic vai ter que sobreviver e dar um jeito de chegar até a Death Egg para pôr fim de vez nos planos de Robotnik. Conseguirá superar mais esse desafio? A versão Mega-Tech é essencialmente a mesma que o jogo de Mega Drive. Códigos de trapaça ainda funcionam e o modo de dois jogadores e a tela de opções ainda estão presentes. Além disso, como todos os jogos da Mega-Tech, há um limite de tempo de duração do jogo e uma tabela de recordes na tela superior. O limite de tempo pode ser aumentado inserindo fichas.
mt_sonic	Em South Island todos viviam tranquilamente até aparecer um cientista maluco, Dr. Robotnik. Com o objetivo de dominar o mundo, Robotnik capturou inúmeros animais para usá-los em sua nova experiência: ele quer formar um exército de robôs (os badniks) comandados por esses animais, que ficarão presos dentro deles. Enquanto isso, ele terá tempo de sobra para procurar as místicas Chaos Emeralds (em português: Esmeralda do Caos). Essas pedras possuem um poder desconhecido, mas sabe-se que quem as possuir terá uma grande fonte de energia ao seu dispor. O único que poderá deter este plano é o ouriço azul Sonic the Hedgehog. Graças à sua velocidade, ele enfrentará todos os badniks, que após destruídos, liberam o animal que os comandavam. Mas Sonic terá que enfrentar várias vezes o Dr. Robotnik. O desafio está lançado. Será o ouriço forte e esperto o suficiente para pôr fim aos planos de Robotnik? A versão Mega-Tech é essencialmente a mesma que o jogo de Mega Drive. As duas primeiras revisões de Sonic the Hedgehog foram usadas em várias máquinas e os códigos de trapaça ainda funcionam. Além disso, como todos os jogos da Mega-Tech, há um limite de tempo de duração do jogo e uma tabela de recordes na tela superior. O limite de tempo pode ser aumentado inserindo fichas.
mt_spman	O Rei do Crime plantou uma bomba destinada a dizimar Nova York em 24 horas e pregou a bomba no Homem-Aranha. Somente o mesmo lançador da teia pode encontrar os vilões com a engenhosidade do Rei do Crime
mt_srage	Streets of Rage, a resposta da Sega a Final Fight, segue a história de três jovens policiais (Adam Hunter, Axel Stone e Blaze Fielding) em uma cidade controlada por um sindicato do crime liderado por um &quot;Mr. X&quot; onde o crime é desenfreado, o que leva os três heróis a fazer um pacto para deixar a força e derrubar o sindicato por conta própria. nnO jogo é direto e simples. Três botões são usados, um para pular, outro para atacar e outro para realizar um ataque à distância de um carro de apoio da polícia.
mt_srbb	Este jogo de basquete usa uma visão lateral da quadra de rolagem para recriar o jogo, com 8 equipes representando as principais cidades dos Estados Unidos. Eles podem ser jogados em partidas de Exibição e Torneio, com um modo de 2 jogadores e 3 níveis de habilidade. Antes de cada partida, você pode escolher entre marcação de zona e marcação homem a homem, e isso pode ser alterado a cada quarto ou durante um intervalo. Faltas de contato físico são impossíveis, mesmo que sejam chamadas de &quot;viagem&quot;. As tentativas de Tip-off e Slam-Dunk mudam para uma visão de close-up 3D e são controladas pressionando o botão B o mais forte possível - às vezes você pode fazer com que os jogadores defensores bloqueiem uma tentativa de enterrada.
mt_stbld	Esta sequência de Thunder Blade é muito semelhante ao jogo de arcade original. Suba em um helicóptero e exploda os muitos inimigos com seus canhões e mísseis. Os quatro estágios do jogo seguem um padrão semelhante: a primeira parte é de uma perspectiva atrás do helicóptero, onde os jogadores devem não apenas desviar do fogo inimigo, mas também de obstáculos como edifícios ou cavernas. No meio, os jogadores enfrentam um ou dois inimigos chefes menores. Quando a primeira parte de um nível termina, a visão muda para uma perspectiva de cima para baixo para confronto com o chefe final do nível.
mt_stf	Sports Talk Football é o segundo jogo de futebol da Sega planejado para o Megadrive/Genesis, novamente licenciado pelo quarterback do San Francisco 49ers, Joe Montana. As opções incluem jogos de exibição e um modo de liga. O jogo apresenta 28 equipes e um manual de mais de 50 jogos. Os jogadores também podem criar um &quot;time dos sonhos&quot; de todos os jogadores do jogo e salvá-lo por meio de uma senha. A ação é vista em uma visão horizontal do campo, que muda para uma visão ampliada quando a linha de scrimmage é cruzada. Dois jogadores podem jogar um contra o outro ou cooperativamente no mesmo time.
mt_tetri	Tetris é uma das muitas conversões do famoso jogo de empilhamento de blocos. O objetivo é colocar peças compostas por quatro peças em um poço de dez por vinte, organizando-as em fileiras completas, que depois desaparecem. À medida que as linhas são limpas, o ritmo do jogo aumenta e o plano de fundo muda, e o jogo termina se a pilha atingir o topo do poço. Além de um modo infinito padrão para um ou dois jogadores, o jogo também inclui um modo de &quot;tempo de teste&quot; para um ou dois jogadores, onde o objetivo é obter o máximo de pontos possível em três minutos. Há também um modo &quot;duplo&quot;, onde dois jogadores trabalham juntos para preencher linhas em um poço extragrande, cada um controlando suas próprias peças simultaneamente. está no fundo do poço no início do jogo e se a próxima peça estiver visível.
mt_tfor2	Thunder Force II é um jogo de tiro de rolagem lateral e de cima para baixo. No jogo, você controla um navio. Em algumas fases, a ação é de rolagem lateral e em outras é de cima para baixo (overhead). O sistema de armas é bastante simples. Você pode alternar entre disparar uma arma mais poderosa diretamente para a frente ou duas armas menos poderosas que disparam para frente e para trás ao mesmo tempo. Existem vários power-ups que melhoram seu poder de fogo. nnNos níveis de cima para baixo, você só pode viajar em direções cardeais e não pode contornar facilmente os obstáculos ou diminuir a velocidade. O controle em níveis de rolagem lateral se assemelha ao R-Type ou Gradius, mas com sistemas de armas mais básicos. Em futuras encarnações da série, o visual de cima para baixo seria abandonado.
mt_tgolf	É hora de jogar uma das maiores competições de golfe da história: o Torneio Arnold Palmer. E não será nada fácil. Com a permissão de apenas 16 jogadores, você terá que provar sua qualidade. Você pode jogar em campos exuberantes, mas há muitos obstáculos. de armadilhas de água e areia a terrenos acidentados.
mt_tlbba	É o primeiro jogo de beisebol de 16 bits disponível no mercado. Jogue sozinho ou com um amigo. Escolha uma das 26 equipes das Ligas Principais. O jogo usa todos os nomes de cidades reais, mas as estatísticas e os nomes dos jogadores são fictícios. Uma vez em campo, o jogo segue as regras padrão do beisebol.
mt_tout	A sequência de OutRun apresenta uma jogabilidade central semelhante à original, com a ação vista por trás do carro e o desafio de completar cada estágio dentro do limite de tempo. O menor obstáculo pode fazer com que o carro vire, diminua a velocidade ou até capote; Em cada caso, você perderá tempo. Há bifurcações na estrada e uma série de novos recursos: condições climáticas modificadas, corridas noturnas, obstáculos nas pistas, marchas automáticas opcionais, carros de polícia tattilones.
mt_wcsoc	Este jogo de futebol permite que você escolha um time que represente um dos vinte e quatro países ao redor do mundo para participar do torneio da Copa do Mundo, que é idêntico à verdadeira Copa do Mundo de 1990. Depois de escolher seu time, você também pode selecionar quais jogadores deseja em campo, para complementar os pontos fortes e fracos do time. Existem também modos para partidas de exibição individuais, seja contra o computador ou contra um amigo. nnA ação é vista de cima com grandes sprites de jogadores. O jogo violento é incentivado, pois não há cobranças de falta. A jogabilidade é bem simples: você só pode controlar o jogador mais próximo da bola, e muitas regras do futebol (como bandeiras de pênalti e impedimentos) estão faltando.
mt_wwar	Wrestle War coloca o jogador no papel de um lutador profissional novato, Bruce Blade, que deve enfrentar uma série de ataques para ganhar o campeonato. A promoção de wrestling &quot;Sega Wrestling Alliance&quot; na qual os lutadores competem é fictícia. Não há lutadores da vida real ou torneios licenciados usados no jogo; No entanto, muitos dos personagens têm uma forte semelhança com lutadores populares ou personagens de filmes. nnO anel é feito em pseudo 3D. Os gráficos são sprite, mas os lutadores podem se mover ao longo dos eixos Z e X e o ringue girará instantaneamente 90 graus para dar a você uma visão melhor da ação se a visão do jogador estiver bloqueada. Os movimentos disponíveis são soco, chute e pegada. O objetivo é consumir a barra de vida dos oponentes e bloqueá-los.
mtetrisc	A Capcom e a Disney unem forças para lhe trazer o Magical Tetris Challenge. Escolhe Mickey, Minnie, Donald ou Goofy e compete em batalhas competitivas do jogo de blocos favorito de toda a gente da Mãe Rússia, Tetris.
mtwins	Mega Twins, também conhecido como Chiki Chiki Boys, é um jogo de ação de rolagem lateral lançado para os arcades pela Capcom em 1990. Foi o décimo jogo lançado para o hardware do Sistema CP. O jogo conta com dois gêmeos que estão tentando retomar o controle de sua terra, Alurea, depois que um monstro inesperadamente ataca, destruindo tudo em seu caminho. O povo de Alurea viveu em paz por mil anos e esqueceu-se de lutar, mas os únicos sobreviventes da terra, os filhos gêmeos do rei, devem assumir o desafio e devolver o seu reino à sua antiga glória. Os dois gêmeos, com cerca de 15 anos no momento em que o jogo acontece, se aventurar em busca de uma pedra lendária conhecida como &quot;Dragon Blue Eyes&quot;, as quais existem rumores de serem capaz de colocar tudo de volta ao lugar.
mushike	O jogo envolve batalhas entre cartas que descrevem várias espécies de besouros. As cartas podem ser escaneadas por uma máquina de arcade Mushiking, que realizará as batalhas e distribuirá novas cartas. Até 2008, mais de 100.000 torneios foram realizados, e 20 milhões de cartas foram distribuídas. O jogo entrou no Guinness World Records como o jogo de arcade com o maior número de torneios realizados. Mushiking inspirou vários jogos de cartas infantis em arcades que, até 2015, somam até 50 jogos, lançados por Taito, Sega, Konami, Bandai Namco, Takara Tomy, Atlus e Square Enix.
mutnat	Experimentos genéticos deram terrivelmente errados e transformaram toda a população de uma cidade em mutantes. Em Mutation Nation on Neo Geo, você joga como um dos dois bravos companheiros encarregados de trazer ordem a esta vila amaldiçoada.
mvsc	Marvel vs. Capcom: Clash of Super Heroes é o quinto jogo de luta licenciado pela Marvel Comics pela Capcom e o terceiro jogo da série Marvel vs. Capcom. Em contraste com X-Men vs. Street Fighter e Marvel Super Heroes vs. Street Fighter, o jogo apresenta personagens de várias franquias da Capcom, como Mega Man e Strider, ao invés de apenas personagens de Street Fighter. O jogo se passa na continuidade dos quadrinhos da Marvel, quando o professor Charles Xavier clama aos heróis para detê-lo antes que ele se funda com a consciência de Magneto e se torne o ser conhecido como Onslaught, o chefe final. O jogo foi desenvolvido no final de 1997 e lançado pela primeira vez em janeiro de 1998.
mvsc2	Marvel vs. Capcom 2: New Age of Heroes é a quarta edição da série Marvel vs. Capcom, de jogos de luta baseados em equipes. Os jogadores selecionam um time de três personagens para competir em batalhas um-a-um, em oposição aos times de dois personagens do jogo anterior da série, Marvel vs. Capcom: Clash of Super Heroes. O jogo apresenta uma versão mais refinada do &quot;sistema de variáveis&quot; usado nos jogos anteriores, que permite aos jogadores convocar outros membros da equipe a qualquer momento durante a partida. Ligeiramente diferente de Clash of Super Heroes, que apresentava personagens parceiros não-jogáveis ​​que o jogador podia convocar à vontade.
mwarr	Um jogo competitivo de luta individual com personagens que ocasionalmente podem sofrer mutações por um período limitado de tempo.
myhero	My Hero é um jogo de beat-'em-up bastante básico, em que o objetivo é viajar para a direita, socando e chutando inimigos enquanto tenta não ser atingido muitas vezes. Eventualmente, você chegará a uma clareira e terá que lutar contra um chefe - derrotá-lo brevemente o reunirá com sua namorada, antes que ela seja sequestrada novamente. O jogo faz um loop indefinidamente e termina quando o jogador fica sem vida.
nam1975	Como soldado, você e / ou um amigo devem viajar pelo Vietnã para impedir que o cientista e seu mundo destruam a máquina a laser. No jogo, você deve atirar em soldados inimigos, tanques, helicópteros, jipes e muito mais, apontando o cursor da metralhadora e atirando neles. Em cada local, você pode pegar armas mais poderosas, como metralhadoras e lança-chamas, mas elas têm um suprimento limitado de munição. Pressionar para baixo no joystick enquanto corre ao mesmo tempo fará com que seu personagem realize uma cambalhota e fique invencível por um segundo. No final de cada local, você precisará derrotar uma série de chefes, que não são iguais a cada jogo. As cenas cortadas são visualizadas entre locais e contêm um diálogo digitalizado dramático.
naname	Melhore suas habilidades em japonês enquanto aprimora seus reflexos e pensamento crítico a novas alturas no Naname de Magic incrivelmente legal e retrô! Selecione um dos 5 personagens incríveis e, em seguida, bata no tabuleiro para organizar os ícones em queda o mais rápido possível! Seu objetivo é assistir os ícones caindo da parte superior da tela e fazê-los cair estrategicamente nos lugares corretos para criar linhas - diagonalmente para atacar e horizontalmente para pontuar grande - e eliminar para criar mais espaço para outros ícones em queda!
narc	NARC é um shoot-em-up com scroll lateral, que pode ser jogado por até dois jogadores. É um jogo bastante violento, no qual os jogadores assumem o papel dos &quot;Narcs&quot;, policiais futuristas cujo dever é prender ou matar traficantes de drogas, viciados e cães de ataque enquanto lutam para esmagar a organização criminosa conhecida como K.R.A.K. Os Narcs têm metralhadoras e lançadores de foguetes à sua disposição e os jogadores também podem confiscar drogas e dinheiro para ganhar pontos extras. A pontuação extra, por sua vez, é totalizada no final de cada nível com a contagem das drogas e dinheiro apreendidos. Em muitos estágios, é necessário encontrar uma Cartão Chave (Keycard) especial de cor específica para poder avançar para a próxima seção do nível.
naughtyb	Naughty Boy foi produzido por Jaleco em 1982. Um jogo de rolagem vertical onde o jogador controla um garoto que joga pedras em monstros para destruí-los.O garoto deve evitar monstros enquanto tenta chegar ao topo de cada nível e prosseguir para o próximo. Existem várias bandeiras no topo de cada nível que devem ser destruídas para avançar para o próximo nível. Ocasionalmente, há uma rodada de bônus em que seu personagem voa para frente e para trás na parte superior da tela em um balão de ar quente, na tentativa de lançar pedras sobre um monstro que está correndo na parte inferior da tela. Existe um medidor de combustível que determina quando a rodada de bônus terminará.O jogo foi criado pela Jaleco e licenciado pela Cinematronics para fabricação e distribuição nos EUA.
navarone	Navalone é um jogo de tiro de arcade com tela fixa. O jogador controla um navio de guerra e deve atacar uma ilha inimiga. O jogo usa um ponto de vista de cima para baixo semelhante a outros atiradores de seu tipo, mas difere no sentido de que o navio de guerra não pode ser movido apenas para a esquerda e para a direita na parte inferior, mas também para cima e para baixo nas laterais. A ilha cobre a maior parte da tela e está cheia de vários objetos. Isso inclui pequenos pontos e minas que podem ser removidos atirando neles. Disparar em uma mina também removerá todos os pontos e minas adjacentes. Existem também várias torres indestrutíveis cujo fogo deve ser evitado. Finalmente, no centro da ilha, há um grande crânio com um olho coberto que é cercado por paredes. Às vezes aparecem aberturas nas paredes e o jogador pode atirar na caveira. Para completar um nível, todos os pontos e minas devem ser removidos da ilha. Quando terminar, o jogador pode receber um bônus baseado em quanto tempo resta.
nbajamex	Midway perdeu a licença NBA Jam para Acclaim em 1995. Midway desenvolveu os jogos 2-D &quot;NBA Hangtime&quot; e &quot;NBA Maximum Hangtime&quot;, enquanto Acclaim desenvolveu o jogo 3-D NBA Jam Extreme.
ncombat	Ninja Combat em Neo Geo é um beat'em lançado na plataforma SNK. Sozinho ou com 2 jogadores, jogue como um ninja e derrote seus oponentes com armas brancas, técnicas de combate e bônus de poder espalhados pelos campos. No meio de cada nível, o jogador enfrenta um meio-chefe que, uma vez derrotado, torna-se jogável.
ncommand	Ninja Commando em Neo Geo é um beat'em all no qual o jogador comanda três guerreiros com estilos particulares. Durante sete níveis, viaje pelos 4 cantos do globo e neutralize o &quot;destruidor&quot; antes que ele consiga transformar o planeta em um campo de batalha. Cada personagem tem uma técnica normal e uma técnica mortal que deve ser usada com moderação, pois diminui sua barra de energia.
nemesis	O povo de Gradius está com problemas. As bactérias ameobóides lançaram um ataque total contra o planeta, e cabe a você voar para a batalha e salvá-las. Ao longo do caminho, você poderá alimentar sua nave com alta velocidade, campos de força, lasers, mísseis, canhões de feixe duplo e muito mais para ajudá-lo na batalha. Baseado no jogo de arcade, Gradius é um atirador de rolagem lateral. Atirar em certos inimigos deixará um pod de power-up para trás, que pode ser coletado para adicionar mais poder ao seu navio. Cada nível apresenta uma grande variedade de inimigos tentando impedi-lo, com um grande chefe no final. A jogabilidade é para um ou dois jogadores alternados.
nemo	Uma noite, enquanto Nemo dorme, ele é visitado em um sonho pelo rei de Slumberland, que convida Nemo a vir brincar com a filha do rei, a princesa. Nemo encontra-se incapaz de encontrar a princesa no entanto, assim ele e 'Flip', um companheiro estranho que também aparece no sonho, decidem explorar Slumberland e encontrar o rei. Nemo é um jogo shoot-em-up de colorido e abstrato dentro do mundo dos sonhos de Slumberland, um mundo surreal em que os brinquedos das crianças são malvados e devem ser destruído. Nemo está armado com uma coisas mágicas que emitem uma explosão de magia para destruir os muitos inimigos, alguns dos quais exigem vários acertos. Uma série de power-ups também aparecem em intervalos regulares para ajudar Nemo em sua busca através de sete estágios difíceis.
neobombe	Neo Bomberman em Neo Geo é um jogo de ação no qual você joga como um dos 12 personagens oferecidos. O objetivo do jogo é detonar uma bomba perto de seu oponente para reduzi-lo a cinzas. Dois modos estão disponíveis: um modo normal compreendendo 5 ambientes diferentes e um modo de batalha permitindo que 4 jogadores competam simultaneamente com 2 consoles conectados
neocup98	Neo Geo Cup'98 é um simulador de futebol baseado na Copa do Mundo de 1998. Este título é uma nova parcela da série Super Sidekicks e atualiza todos os dados para focar no evento. Na fase de qualificação ou durante o mata-mata, lidere uma das 64 equipes disponíveis para a vitória.
neodrift	Neo Drift Out em Neo Geo é um jogo de rally que inclui 3 veículos (Toyota Celica, Subaru Impreza e Mitsubishi Lancer) e 6 corridas para tantos ambientes. A direção é feita exclusivamente em patins e cada percurso deve ser concluído dentro do tempo estipulado para acessar o próximo nível.
neomrdo	Neo Mr. Do! é uma versão aprimorada do Mr. Do!, e apresenta gráficos melhorados, som estéreo e intermissões que podem ser visualizadas quando uma área é concluída. Você também pode viajar para as fases bônus, onde o objetivo é fazer o seu caminho em direção à saída, colocando cuidadosamente as maçãs para criar um caminho. Estes estágios bônus podem ser alcançados matando todos os inimigos na tela, ao invés de coletar todos os itens que estão em grupos.
ngbc	NeoGeo Special Cast traz o jogo de luta em duplas NeoGeo Battle Coliseum. Além dos heróis e heroínas originais, apresenta uma série de personagens únicos que transcendem o tempo. Armados com armas e robôs, guerreiros de títulos antigos e novos da outrora dominante plataforma NeoGeo foram reunidos nesta nova versão para Xbox LIVE Arcade, com gráficos de personagens e cenários refeitos em alta definição.
nightstr	Night Striker é um jogo de 1989 desenvolvido e publicado pela Taito para o Sistema Taito Z. No jogo, o jogador voa em um carro blindado atirando em invasores inimigos para destruir uma organização terrorista. Night Striker combina elementos de jogo do Space Harrier e Out Run da Sega.
ninjamas	Ninja Master's no Neo Geo é um jogo de luta com 10 personagens de estilos diferentes. Para aumentar a intensidade dos duelos, o título privilegia os “golpes” e outros combos para encenar sucessões de sequências uma mais sangrenta que a outra. Cada personagem tem uma arma de lâmina e um único tiro, disparado quando o medidor de força está cheio.
nitd	Esta era uma história antiga, quando as pessoas ainda acreditavam em bruxaria. Lá vivia um coveiro em uma aldeia muito pequena em uma região remota. Ele viveu uma vida tranquila e solitária em um canto do cemitério. Ele se manteve longe das pessoas da aldeia devido à sua aparência muito feia. Um dia, ele percebeu que as sepulturas foram saqueadas e alguns cadáveres foram roubados. Ele não queria que as pessoas da aldeia descobrissem, então ele decidiu eliminar os ladrões por si mesmo. Assim, ele patrulhava o cemitério todas as noites. Existem cinco fases com cinco níveis cada, e cada uma delas tem você jogando bolas de fogo em ghouls, fantasmas, goblins e zumbis. Quando você continua jogando bolas de fogo nesses inimigos, eles se incendeiam em uma bola de fogo gigante, que você pode atirar em outros inimigos para matá-los, e obter o tesouro restante antes de passar para o próximo nível. No final do quinto nível, um chefe deve ser derrotado para continuar o jogo.
nitedrvr	Night Driver é um jogo de condução bidimensional simples. Sua perspectiva é de trás do volante do carro enquanto você dirige pela estrada.
nmsengen	Quando as raparigas saem do trabalho, preparam-se para jogar mahjong de striptease!
nob	Este jogo é um jogo de scrolling vertical em que o jogador controla uma personagem que tem de subir a uma árvore e disparar contra inimigos semelhantes a insectos. A história é a seguinte: a princesa foi raptada pelos vilões do mundo dos insectos, e o Zippy Bug tem de a salvar. Após dispararem sobre os inimigos, deixam cair frutos que o jogador pode apanhar para ganhar pontos extra, bem como caveiras que são mortíferas se forem atingidas. O jogador pode voar durante pouco tempo, e cada vez que o faz, é utilizada uma das letras de &quot;I Love You&quot; na parte inferior do ecrã. As cartas regeneram-se durante um curto período de tempo. Existem também outros objectos, tais como a chave, que rodeia o jogador com uma bolha e os torna invulneráveis a um golpe. Outro objecto é um anel que parece reabastecer instantaneamente todas as letras &quot;I Love You&quot; utilizadas.
nouryoku	O jogo é composto por seções de quiz, nas quais você joga vários minijogos. A escolha de respostas corretas dá-lhe pontos, enquanto as incorretas custam-lhe a vida. O medidor de vida também se esgota à medida que você leva mais tempo para responder a uma pergunta. Se o medidor de vida esvaziar, o jogo acabou. No final de cada rodada, o medidor de vida é reabastecido dependendo de sua porcentagem de respostas corretas e de quão rápido você fez a rodada. Em seguida, você fará uma rodada de bônus em que responderá a tantas perguntas corretas no tempo limitado que tiver para marcar pontos extras e reabastecer mais vida. Há oito rodadas em todo o jogo.
nss_actr	Jogas 'The Master' e deves salvar o mundo do mal. Primeiro purificas a terra enviando o teu espírito para um guerreiro com uma grande espada e poderes mágicos. Esta parte de rolagem lateral coloca os jogadores em muitos locais diferentes.
nss_adam	The Addams Family é um jogo de plataforma baseado no filme de 1991 de mesmo nome lançado pela Ocean Software em 1992. O jogo foi lançado para o Sega Mega Drive / Genesis, Super NES, Amiga e Atari ST. A Ocean lançou várias outras versões do jogo para outras plataformas, apresentando diferentes níveis e jogabilidade. Uma versão foi lançada para o Sega Master System, Nintendo Entertainment System e Sega Game Gear, com a última portada pela Acclaim Entertainment. Um terceiro título foi desenvolvido para o Game Boy e um quarto foi produzido para os computadores domésticos Amstrad CPC, Commodore 64 e ZX Spectrum. Em todas as versões, os jogadores controlam Gomez Addams enquanto ele tenta resgatar outros membros da família Addams.
nss_fzer	O jogo se passa em 2560, quando o constante contato com formas alienígenas deu origem a um rico mercado intergalático. O F-Zero foi uma competição criada pelos magnatas da época que queriam criar um evento equiparável à Fórmula 1, mas em escala intergalática. Em F-Zero, o objetivo do jogador é competir em um Grand prix, chegando dentro das primeiras posições a fim de não ser desqualificado. Em cada volta percorrida, as posições qualificatórias diminuem em número e, para cada pista completada sem ser desqualificado, o corredor ganha pontos de acordo com a posição em que terminou. O jogador pode escolher dentre quatro personagens para percorrer o Grand prix, cada um possuindo veículo próprio com configurações distintas.
nss_smw	Quando você pensou que Bowser e seus Koopalings já aprenderam a lição sobre brincar com os irmãos Mario, eles já estão fazendo isso novamente. A única diferença é que Bowser agora está causando estragos
nsub	O objetivo do jogo é manobrar um submarino na tela, o &quot;N-Sub&quot;, com o joystick e afundar a frota inimiga com fogo de torpedo no Mar Azul Cobalto. O jogador pode disparar torpedos vertical e horizontalmente de seus submarinos pressionando dois botões &quot;FIRE&quot; separados. O jogador pode segurar o botão por mais tempo para disparar três torpedos em rápida sucessão. Navios inimigos atacam o N-Sub com mísseis, torpedos e cargas de profundidade. Uma rodada de jogabilidade termina quando o jogador derrota uma onda de doze naves inimigas. Rodadas sucessivas aumentam em dificuldade. O jogador tem várias vidas, ou chances de continuar após ser atingido por um navio inimigo, e pode receber mais vidas alcançando pontuações mais altas. O jogo termina quando o jogador esgota suas vidas.
nwarr	Darkstalkers' Revenge é o segundo jogo da série Darkstalkers de jogos de luta de terror gótico. Lançado em 1995, é a versão atualizada do jogo original que introduziu várias mudanças na jogabilidade do jogo. O jogo introduziu dois novos personagens jogáveis, Donovan Baine e Hsien-Ko, que queriam caçar os outros Darkstalkers (daí o título japonês, Vampire Hunter). Os dois chefes do primeiro jogo, Huitzil e Pyron, agora também eram personagens jogáveis. O jogo foi lançado primeiro para arcade e depois para o Sega Saturn. A arte do personagem foi feita por Ikeno.
oceanhun	Os jogadores encontrarão uma variedade de vida marinha, que domina os sete mares, enquanto exploram ruínas antigas que indicam o fascínio pelo espectro de cores, criado pela luz do sol que brilha através da água. A batalha não é apenas contra a vida marinha ameaçadora, mas os icebergs titânicos, capazes de afundar o Ocean Hunter. Apresentando gráficos e efeitos subaquáticos espetaculares através de sete estágios.
olds	Oriental Legend é um beat 'em up exclusivo da China desenvolvido pela IGS. É baseado na mitologia chinesa e tem jogabilidade semelhante aos jogos de D&D da Capcom. É notável por seu enorme elenco de personagens.
oldsplus	Oriental Legend é um beat 'em up exclusivo da China desenvolvido pela IGS. É baseado na mitologia chinesa e tem jogabilidade semelhante aos jogos de D&D da Capcom. É notável por seu enorme elenco de personagens.
opaopa	Os malvados Menons voltaram ... em bases de vários níveis, escondidas em sete planetas diferentes! O bravo Opa-Opa foi chamado para lutar contra sua ameaça maligna. E se juntando a ele na luta está seu irmão mais novo, Upa-Upa. Sua missão: Guiar esta brava equipe de irmãos através de nível após nível de labirintos traiçoeiros. Pegue as moedas de ouro roubadas pelo tesouro Menon e use-as para comprar armas poderosas. A Fantasy Zone está contando com você! Não os decepcione.
openice	NHL Open Ice é o NBA Jam para hóquei no gelo, com uma ação de arcade 2 contra 2 com uma licença completa da NHL, incluindo nomes e logotipos de equipes reais e 120 jogadores reais da NHLPA com estatísticas reflexivas para a temporada de 1995-96.
opwolf	Operation Wolf è uno sparatutto in cui il giocatore assume il ruolo dell'agente delle forze speciali &quot;Roy Adams&quot;, incaricato di infiltrarsi e catturare sei basi pesantemente fortificate, con l'obiettivo finale di salvare cinque ostaggi e condurli al sicuro. Per completare ogni fase, il giocatore deve sparare al maggior numero di soldati e veicoli nemici. I soldati nemici possono lanciare granate e coltelli, mentre i veicoli nemici possono sparare missili e lanciare razzi. Le munizioni e le granate del giocatore sono limitate, ma possono essere rifornite sparando a barili e casse. Di tanto in tanto compare un bonus mitragliatrice ad alta potenza, che dà all'arma del giocatore munizioni illimitate e una maggiore cadenza di fuoco per 10 secondi.
orbitron	Defenda seu planeta contra navios atacantes.
orlegend	Oriental Legend é um beat 'em up exclusivo da China desenvolvido pela IGS. É baseado na mitologia chinesa e tem jogabilidade semelhante aos jogos de D&D da Capcom. É notável por seu enorme elenco de personagens.
oscar	Os jogadores controlam um poderoso robô mecha chamado Oscar, que representa a última esperança para a humanidade contra a opressão das máquinas; ele deve avançar por vastos e exóticos terrenos da cidade de Ordio e destruir todos os inimigos mecânicos, enquanto acumula cápsulas de poder escolha os &quot;seletores&quot; para atualizar seu armamento e habilidades para ganhar pontos à medida que avança nos níveis e enfrenta gigantes e poderosos chefes mecha para recuperar a paz e salvar a cidade.
osman	Osman é um jogo de plataforma de ação com rolagem lateral produzido pela Mitchell Corp., lançado exclusivamente para fliperamas em 1996. Muitos ex-funcionários da Capcom, incluindo Kouichi Yotsui (creditado como Isuke), trabalharam na versão arcade original de Strider e projetaram Osman como um sequência não oficial de Strider. Yotsui dirigiu os dois títulos. Em contraste com o cenário futurista cazaque-soviético de Strider, Osman se passa em um cenário árabe cyberpunk iluminado por neon, enquanto Strider Hiryu é substituído por um protagonista do Oriente Médio chamado Kirin, que luta sem armas.O enredo bizarro do jogo supostamente zomba da experiência do diretor Kouichi Yotsui na Capcom depois de Strider. É o final do século XXI e o mundo está sob o controle de um único governo federal. Um dia, uma nova ameaça conhecida como Abdullah, o Escravo, aparece, causando terror e pânico generalizados. O medo no coração dos homens incita ao abandono de toda atividade econômica. O governo federal, que é a base do capitalismo e da civilização moderna, tornou-se nada menos que uma idéia insidiosa que corrompe os fundamentos da própria sociedade. Destrói as idiossincrasias e variações entre os pontos de vista nacionais, sufocando-os em nome da &quot;liberdade&quot; e de seus próprios ideais internos. Só o diretor de assuntos judiciais, Jack Layzon, entende a situação, temendo o pior. Ele convoca o assassino solitário que dominou o 'estilo secreto' ...
overrev	Over REV é um jogo de corrida de 1997 desenvolvido pela Jaleco para o tabuleiro de arcade Model 2 da Sega. Possui quatro pistas bem renderizadas em toda a área da Grande Tóquio. Embora tenha alguns problemas sérios com a física de direção e colisões, se você ficar com o jogo por tempo suficiente para superar suas complexidades, pode ser bastante recompensador. Como o outro modelo de corrida 2 da Jaleco, Super GT 24h, recomendamos o uso de uma transmissão automática.
overtop	Jogo de corrida de carros em um percurso muito variado, alternando asfalto, terra, neve e calçada suja. Cenários soberbos onde se destacam as animações e o clima que irá variar aleatoriamente. As etapas da corrida são sete: Cidade, Vila, Lado do Lago, Montanha, Deserto, Cidade Portuária e Parque. São oito veículos que podemos selecionar, todos baseados em modelos reais, sem licença, entre os quais Ferrari F50, Hummer H1, Peugeot 205 e Lamborghini Diablo entre outros.
p47	Joga como piloto de um P-47. A tua missão é basicamente destruir o maior número possível de inimigos. Isto significa eliminar o máximo possível de unidades aéreas e terrestres. Irá passar por quatro missões (cada uma dividida em duas partes) e no final de cada uma dessas partes existe um boss inimigo para enfrentar. Embora tenha munições ilimitadas, o inimigo fá-lo-á pagar pela invasão da sua terra natal. Poderá fazê-lo com vários power-ups e também com um segundo jogador (se ele fizer buy-in). A sua missão não será fácil, mas é necessária para que possa garantir tanto o céu como o solo para as nossas tropas. O jogo está dividido em quatro missões. Dentro destas quatro missões, existem 2 partes. Uma parte implica passar por cima da terra e a outra parte é passar por cima da água ou estar no ar. Independentemente da parte em que se encontra, ainda terá de lidar com as mesmas coisas básicas. Após a segunda parte da missão quatro, as missões serão novamente repetidas com a missão um.
packbang	Pack'n Bang Bang é um jogo inédito de Kaneko que deveria ser lançado em 1994. O jogo é uma plataforma no estilo vs, em que o jogador precisa derrotar o oponente destruindo os blocos de apoio e colocando-os nos picos.
pacplus	Os fantasmas são os mesmos, mas suas formas comestíveis são alteradas. O labirinto é familiar, se um pouco diferente na cor. Os prêmios no centro são um pouco diferentes. Tenha cuidado, no entanto: Pac-Man pode comer uma pílula de poder e descobrir que Blinky, que está bem na frente do energizador para ele comer imediatamente, ainda está vermelho, e agora Pac-Man está morto. Além disso, você pode tentar comer os fantasmas depois de receber o prêmio do centro. Eles voltarão às suas formas normais logo após se tornarem visíveis.
pang	O jogador controla uma personagem que está confinada a um tabuleiro do tamanho de um ecrã no qual saltam bolas gigantes que ameaçam a personagem. O personagem só pode mover-se para a esquerda e para a direita e lançar ganchos para cima em ângulos rectos para rebentar as bolas. Quando uma bola grande é atingida, divide-se em duas outras bolas de tamanho intermédio, que por sua vez se dividem em duas bolas mais pequenas, que podem ser destruídas definitivamente. Quanto mais pequena for a bola, mais pequeno é o ressalto e mais apertado é o tempo para passar por baixo da bola. O objectivo do jogo é destruir as bolas antes do fim do tempo sem ser atingido.
pang3	Pang! 3, também conhecido como Buster Buddies, é um jogo de arcade de 1995 desenvolvido pela Capcom e publicado pela Mitchell Corp. Pinturas famosas são usadas como cenários para a ação. Ajude os dois personagens individuais a usarem as suas habilidades especiais para superar os obstáculos e estourar os balões! Assuma o controle de Don Tacos e use sua capacidade de atirar duas barreiras em direções separadas, ou Pirate Hog e sua habilidade incrível de enganchar barreiras sobre os níveis no topo da área também! Há também o Pink Leopard e Sheila the Thief para ajudar as missões! Com seus personagens escolhidos você deve percorrer os níveis para estourar todas os balões no menor número de acertos e tempo possível.
panicbom	Panic Bomber: Bomberman é um videogame de quebra-cabeça desenvolvido por Raizing e Hudson, então publicado pela SNK em 1994 no PC Engine e em janeiro de 1995 no Neo-Geo MVS (NGM 073) 1,2,3. Foi adaptado no mesmo ano para Virtual Boy e em 1998 para PlayStation. Uma nova versão do jogo foi lançada em 2005 no PlayStation Portable. As versões de console foram comercializadas apenas no Japão. O jogo faz parte da série Bomberman, mas difere do conceito original por desenhar seu princípio de Tetris ou Puyo Puyo
paperboy	Paperboy é um jogo eletrônico de arcade, desenvolvido em 1985 pela Atari Games. Os jogadores tomam o papel de um menino entregador de jornais que faz o seu trabalho ao longo de um bairro suburbano em sua bicicleta. O jogador controla um entregador de jornais em uma bicicleta ao longo de uma rua suburbana, que é exibido em uma cabine com visão de perspectiva (ou projeção oblíqua). O jogador tenta entregar uma semana de jornais diários para assinantes, tenta também vandalizar os lares dos não assinantes e deve evitar os perigos ao longo da rua. Os assinantes são perdidos por falta de entrega ou por danos em suas casas, e podem ser recuperados após um perfeito dia de entrega. O jogo começa com uma escolha de um destes níveis de dificuldade: Easy Street, Middle Road e Hard Way. O objeto do jogo é entregar perfeitamente os jornais para assinantes durante uma semana inteira e evitar a queda (que conta como uma das vidas do jogador) antes de terminar a semana. O jogo tem a duração de sete dias no jogo, de segunda a domingo. Controlando o entregador com o guidão, o jogador tenta entregar jornais aos assinantes. Cada dia começa por mostrar uma visão geral da rua indicando assinantes e não-assinantes. As casas dos assinantes e as dos não-assinantes também são fáceis de discernir no próprio nível: estas são escuras, enquanto aquelas têm cores brilhantes.
pass	Um jogo de labirinto que é um bootleg do Go! Vai! Mile Smile.
pbaction	Pinball Action apresenta três áreas de pinball separadas, para além da área inicial. Cada uma das 'faces' adicionais tem um desafio que, quando concluído, permite ao jogador o acesso a três créditos extra especiais. As três faces apresentam desafios modelados no bowling, póquer e slot machines.
pbobbl2n	Bub e Bob estão de volta! Como em Tetris ao contrário, você atira bolhas em uma série de bolhas de cores diferentes presas em um teto sempre descendo, tentando combiná-las três por três para fazê-las desaparecer. Esta edição contém desafios de quebra-cabeça, multiplayer e estágios progressivos normais.
pbobble	Puzzle Bobble (conhecido como Bust-A-Move fora do Japão) é um spin-off da série Bubble Bobble, apresentando temas do jogo original (como inimigos presos em bolhas pela alegre dupla de dinossauros Bub e Bob que devem ser estouradas ). Os jogadores tentam limpar uma placa de bolhas coloridas, disparando outras bolhas em um ângulo e combinando várias bolhas da mesma cor. Sua animação e música japonesas caracteristicamente fofas, juntamente com sua mecânica de jogo e designs de níveis, tornaram-se um sucesso como um título de arcade e geraram várias sequências e ports para os consoles domésticos.
pbobblen	Puzzle Bobble (conhecido como Bust-A-Move fora do Japão) é um spin-off da série Bubble Bobble, apresentando temas do jogo original (como inimigos presos em bolhas pela alegre dupla de dinossauros Bub e Bob que devem ser estouradas ). Os jogadores tentam limpar uma placa de bolhas coloridas, disparando outras bolhas em um ângulo e combinando várias bolhas da mesma cor. Sua animação e música japonesas caracteristicamente fofas, juntamente com sua mecânica de jogo e designs de níveis, tornaram-se um sucesso como um título de arcade e geraram várias sequências e ports para os consoles domésticos.
pc_1942	Controle um avião no estilo da Segunda Guerra Mundial sobre 32 mares e paisagens de rolagem vertical. Atire em vários tipos de aviões inimigos. Colete uma variedade de power-ups de armas.
pc_bfght	Em Balloon Fight você precisa voar com o auxílio de dois balões e tentar estourar os balões dos seus oponentes antes deles estourarem os seus. Quando todos os balões de um oponente forem estourados, um para-quedas se abrirá para que ele pouse em segurança. Nesse momento você precisa derrotá-lo caindo diretamente sobre ele antes que ele possa encher um novo balão e voltar à batalha. Se ambos os seus balões forem estourados, você cairá na água abaixo e perderá uma vida. Há também uma segunda variação de jogo chamada &quot;Balloon Trip&quot;, onde você precisa coletar tantos balões quanto possível, evitando cair no oceano e desviando de labirintos de raios.
peggle	Peggle é um jogo de arcade em que um personagem parecido com uma bola cai do topo da tela e a tarefa do jogador é fazê-lo acertar o maior número possível de pinos antes de pousar em um dos copos no fundo. O jogo é jogado com um único controle que é usado para girar os pinos e mover as xícaras para a esquerda e direita. O objetivo do jogo é simplesmente limpar todos os pinos em cada nível, o que acontece quando são tocados pela bola. Pegs de determinadas cores exigem vários hits, mas também valem mais pontos. Os copos na parte inferior têm propriedades diferentes. Alguns deles dão bônus em termos de tempo extra ou pontos, enquanto outros fazem com que a bola salte de volta aos pinos novamente.
percuss	Você controla uma nave espacial que tenta destruir a base inimiga.
pgoal	Lançado em 1996, Pleasure Goal (título japonês: Futsal) é o primeiro e único jogo de futebol da Saurus para o Neo Geo. Possui 16 times que competem pela &quot;Taça Saurus&quot;. Seu time joga contra todos os outros do seu grupo, depois vai para as semifinais de um torneio de eliminação e depois para a final para ganhar a copa. Vale ressaltar que as regras do Pleasure Goal mal se baseiam no Futsal, que é basicamente um estilo de futsal de 5 contra 5 jogadores.
pharrier	Planet Harriers é o sucessor espiritual do clássico jogo Space Harrier, trazendo uma experiência de arcade cheia de ação para os jogadores. Um jogador pode selecionar um dos quatro personagens: Glenn, X, Cory ou Nick. O personagem voa em perspectiva into-the-screen, atirando em inimigos e mísseis que se aproximam. Em um jogo de dois jogadores, os dois personagens podem se acoplar para recuperar energia.Utilize ataques especiais e manobras evasivas para superar desafios emocionantes. Com gráficos impressionantes e uma trilha sonora envolvente, Planet Harriers oferece uma jornada espacial cheia de adrenalina. Prepare-se para voar pelos céus e se tornar um verdadeiro herói intergaláctico!
pitfall2	Tu és o grande aventureiro, o mundialmente famoso explorador da selva, o extraordinário caçador de tesouros Pifall Harry. Percorre a floresta e as grutas perdidas e recolhe tesouros para ganhares pontos.
pktgaldx	Um jogo de bilhar com quatro níveis, cada um indicado por uma mulher diferente. Marque pontos suficientes para fazer a mulher se despir e avançar para o próximo nível. É possível tentar truques entre os quadros e, quando duas pessoas jogam, o vencedor é o melhor dos dois quadros.
plsmaswd	Plasma Sword: Nightmare of Bilstein é o sucessor de Star Gladiator lançado para Playstation. Tal como o seu antecessor, foi lançado pela primeira vez em Arcade antes de ser transferido para o Dreamcast. O jogo apresenta 22 personagens animados em um mundo futurista tridimensional, exceto fundos e menus, que são bitmaps 2D simples sem muito movimento. Os estágios são ilimitados em todas as direções, então não é possível cair da borda. A especialidade deste jogo são os chamados &quot;movimentos de plasma&quot;, visualmente muito atraente movimentos especiais que preenchem a tela e pode ser executado quando você tiver acumulado suficiente &quot;poder de plasma&quot;. Apesar dos 22 caracteres, existem apenas 11 desenhos de movimento diferentes, já que um desenho é compartilhado por dois caracteres.
pltkids	Um shooter horizontal de temática infantil onde você joga com uma criança em um avião atirando em chefes impressionantes como um avião de caça.
pnickj	Inglês Pnickies é um jogo de quebra-cabeça semelhante ao Puyo Puyo, onde você empilha blocos de gelatina de cores diferentes e, idealmente, forma reações em cadeia. A diferença para Puyo Puyo é que os blocos não desaparecem quando um certo número de blocos da mesma cor são conectados, mas em vez disso existem blocos de estrelas que também vêm nas mesmas cores que os blocos normais. Para fazer os blocos desaparecerem, o jogador deve formar um grupo conectado de blocos da mesma cor que contenham dois blocos estelares. Assim que o 2º bloco estrela for adicionado, o grupo afetado desaparece e todos os blocos que estavam em cima de partes desse grupo cairão.
pnyaa	Um bom jogo de quebra-cabeça que é bastante semelhante ao Super Puzzle Fighter, mas não atinge o mesmo nível de qualidade!
pokonyan	Pokonyan! Balloon é um raro jogo da Capcom do Kids Amusement Park. Você está em um balão, soltando flores e pegando outro balão.
polepos2	Pole Position II é um jogo de corrida para um jogador. A ação do jogo ocorre em quatro pistas diferentes - o Fuji Speedway no Japão, o Test Track (uma pista oval como Indy), o Seaside Speedway (com o Long Beach Pike ao fundo) e o Suzuka Speedway no Japão. O cenário único e pitoresco em torno de cada pista acrescenta realismo emocionante a cada corrida! O jogador dirige um carro de corrida de Fórmula 1 em cada pista. O primeiro objetivo do jogo é terminar a volta de qualificação o mais rápido possível. Se o jogador vencer o tempo, ele ou ela se qualifica para a corrida. Caso contrário, ele ou ela dirige o restante de seu tempo ao longo do curso de qualificação.
pong	O jogador controla uma barra branca, que pode ser movimentada verticalmente em um dos cantos da tela. O objetivo é rebater uma pequena bola até que ela atravesse o campo do adversário. Vence o competidor que alcançar 11 pontos primeiro. O mais antigo jogo eletrônico a ser considerado um sucesso comercial, Pong inspirou empresas do mundo inteiro a começarem a investir na industria.
ponpoko	Ponpoko é um jogo de arcade lançado em 1982 pela Sigma Enterprises. É um jogo de plataforma semelhante ao Donkey Kong e Mario Bros. Em Ponpoko, o jogador controla um Tanuki (um cão-guaxinim japonês) que pode subir escadas, atravessar pisos e pular espaços e tachas enquanto tenta evitar cobras vermelhas e amarelas. O jogador deve coletar todas as frutas e legumes para avançar para o próximo nível. Há também cestas que contêm pontos ou cobras. Quando o nível final for alcançado (o nível da caneca de cerveja), o jogo repetirá esse nível infinitamente.
popbounc	Esmagar o inimigo! Os animais mutantes vieram por um motivo, para destruir você. Mas você tem a oportunidade de usar seu remo, como um mestre, para acertá-los repetidamente. Faça a bola quicar e, aos poucos, mate todos. Colete as pílulas que ocasionalmente caem para ajudá-lo em seu caminho para se tornar um mestre do remo. Desafie um amigo para provar sua habilidade!
popper	Neste jogo, você controla um coelho, cujo objetivo é pular para cada labirinto para completar um nível.
popspops	O objetivo do jogo é recuperar o título de uma música. Quando o jogo é iniciado, o jogador pode selecionar um nível de iniciante ou mania. A seguir, uma roda giratória é mostrada. O jogador precisa pressionar o botão &quot;stop&quot; e a roda diminuirá. Quando pára, sabe-se quantos pontos o jogador receberá se conseguir adivinhar uma letra que esteja em algum lugar do título.
powerbal	Power Balls é um jogo de ação estilo Arkanoid, desenvolvido e publicado pela Playmark for Arcades. Ao iniciar o jogo, os jogadores escolhem um personagem, cada um com suas próprias forças e fraquezas. Os jogadores iniciam um estágio no lado esquerdo da tela com vários objetos espalhados pelo lado direito. Uma bola é então batida para a direita, o que danifica os objetos. Quando a bola é devolvida ao jogador, ele deve bater na bola de volta ou perderá uma vida. Depois que todos os objetos forem destruídos, os jogadores passarão para o próximo estágio. Cada quantidade definida de estágios enfrenta um chefe que deve ser atingido da mesma maneira que os obstáculos.
powerdrv	Até três jogadores podem controlar ao mesmo tempo um 'Monster Truck' em várias pistas e campos de corrida. Você ganha dinheiro ganhando vários concursos realizados em lugares de todo o país. Os ganhos pagam a taxa de inscrição no próximo evento.
powerins	A história gira em torno do clã Goketsuji. De cinco em cinco anos é organizado um torneio para determinar quem é o lutador mais forte e consequentemente lider do clã. Apenas os decendentes do clã podem participar de tal torneio. A atual líder, Oume Goketsuji, tem defendido o seu reinado por mais de 60 anos... ou seja, no game, todos os personagens possuem algum grau de parentesco. Para todos os participantes, um assistente chamado Kuroko é atribuído a cuidar de todas as suas necessidades... e mais um torneio se aproxima, e a atual líder Oume, com seus 78 anos de idade tentará defender o título. No entanto, desta vez, a irmã mais nova de Oume, Otane, que há varios anos fugiu de casa, entrou no torneio com o objetivo de derrotar sua irmã mais velha e ter controle sobre o clã Goketsuji.
prehisle	Navios desaparecem no Triângulo das Bermudas. Dois aviões são enviados para uma ilha inexplorada para investigar os desaparecimentos. Descobrem uma terra esquecida pelo tempo, povoada por centenas de dinossauros hostis. O jogador pilota o seu avião através dos vários níveis em fases de deslocação horizontal e vertical. Os ambientes são variados (e os inimigos também): floresta, céu, caverna, fundo do mar... nnO tiro básico do seu avião só pode ser apontado a si, mas pode apanhar vários bónus nos ovos de dinossauro ao longo dos níveis. Estes bónus têm a forma de dólares, que aumentam a tua pontuação, de Ss, que te permitem andar mais depressa, ou de módulos. Estes módulos ligam-se à tua máquina e modificam o teu tiro básico, tornando-o mais potente e um pouco mais largo.
preisle2	Prehistoric Isle 2 em Neo Geo é um jogo de tiro em que você enfrenta dinossauros. Com um ou dois jogadores, pilote um helicóptero e destrua esses monstros pré-históricos. O título é composto por 6 níveis em vários ambientes como a cidade, o mar, a selva ... Na medida do possível, você também deve salvar os civis em perigo.
prmrsocr	Premier Soccer é um jogo de futebol em que você seleciona um time e tenta levá-lo à final e vencer. Você primeiro seleciona o continente em que deseja tocar antes de selecionar um país desse continente. Você também tem quatro opções de quão perto você deseja que a câmera esteja ao jogar. A partida real é jogada de uma vista lateral de cima para baixo, onde o arremesso rola para onde o jogador com a bola se move. Todas as regras usuais de futebol existem com cobranças de falta, pênaltis, reposição e escanteio. O árbitro também aparecerá se um cartão amarelo ou vermelho for brandido. Você controla um jogador com um joystick e vários botões para selecionar diferentes chutes ou tackles. Vença o jogo e ele passará para a próxima rodada e será um adversário mais difícil.
progear	Numa época em que a industrialização do mundo estava apenas começando, surgiram várias invenções que mudaram a vida do reino pacífico. Um deles era uma hélice que evoluiu da geração eólica pura usando a eletricidade criada para fazê-la girar novamente. Chamava-se &quot;The Professional Gear&quot;, ou simplesmente &quot;Progear&quot;. Esta invenção foi a chave para conquistar o grande céu aberto. Outra descoberta cumpriu o antigo sonho do corpo imortal. Mas só era acessível a alguns anciãos ricos. Eles formaram um novo conselho chamado &quot;o Motorouin&quot; e declararam o atual governo como uma instituição corrupta e gananciosa e que querem corrigi-lo com um novo sistema educacional, a fim de criar uma nova raça humana. Então eles construíram uma força militar para realizar o primeiro passo de seu plano, que era a tomada do reino. O governo decidiu parar a agressão colocando seu exército em movimento. Foi uma batalha assustadora com muitas baixas. Mas foi vencido pelo Motorouin. Esta batalha é mencionada nos livros de história como &quot;O Castigo dos Sábios&quot;.
pspikes2	Power Spikes 2 no Neo Geo é um jogo esportivo no qual você lidera uma das três categorias de times de vôlei: seleções internacionais para homens, mulheres e times futuristas. Os jogos são divididos em três fases de jogo: ataque, defesa e saque. Varie os ataques graças à panóplia de movimentos especiais e antecipe os do seu oponente para sair vitorioso dos vários torneios.
psychic5	Psychic 5 é um jogo de plataformas em 2D. É o prequel do jogo Famicom Esper Boukentai. Você controla um dos cinco Espers, personagens com habilidades psíquicas, e precisa manobrar em um total de 8 níveis semelhantes ao labirinto, encontrando e derrotando Satanás no final de cada um. Os jogadores podem pular e atacar, ou diminuir sua descida no ar, pairando (segurando). Dois Espers estão disponíveis no início, com o restante desbloqueado ao encontrar e quebrar Magic Jars. Cada Esper possui atributos diferentes; por exemplo, o grande Bunta é lento, mas extremamente poderoso e muito bom em abrir muitas portas que bloqueiam o progresso ao longo dos estágios. Os jogadores podem alternar entre Espers no início de cada nível, após iniciar uma nova vida ou usando cabines telefônicas espalhadas pelos estágios. Os inimigos são objetos possuídos como relógios e móveis, além de uma bruxa chamada Zara que voa perpetuamente pelo palco; se derrotada, ela concederá acesso temporário a uma vassoura útil.
pulstar	Uma ameaça alienígena paira sobre a galáxia e só você e seu fiel lutador conseguem derrotá-los. Pulstar é um shooter de rolagem lateral 2D no qual você controla sua nave enquanto ela passa por estágios cheios de ondas após ondas de inimigos empenhados em sua destruição. Você pode atualizar suas armas principais coletando power-ups e recarregar energia para liberar ataques carregados com o custo de consumo de energia. Além disso, sua nave vem com uma sempre presente cápsula de &quot;opcional&quot; que flutua em torno de sua nave e que pode ser posicionada em várias posições para ajudar a proteger a nave ou aumentar seu poder de fogo. Mesmo completamente 2D, o jogo usa sprites 3D pré-renderizados e inclui cutscenes totalmente animadas entre cada nível. Também possui suporte para modo cooperativo.
punisher	The Punisher é um jogo arcade, beat 'em up,desenvolvido e lançado pela Capcom em 1993. Ele estrela o anti-herói da Marvel Comics o Punisher e co-estrela da S.H.I.E.L.D., o Agente Nick Fury, como o personagem do segundo jogador juntos embarcam em uma missão para matar o senhor do crime o Kingpin e derrubar sua organização. Apesar de seguir a mesma fórmula geral que o anterior beat 'em ups da Capcom, o jogo tem uma gama de armas utilizáveis ??e uma apresentação em estilo de quadrinhos
punkshot	O Punk Shot leva até quatro jogadores ao centro de Nova York para jogar basquete de rua em dois contra dois, sem árbitro, sem regras. As equipes adversárias enfrentam uma partida disputada em quatro quartos (2 a 5 minutos cada), em quadras improvisadas em 3 locais diferentes: o beco, o parque e o porto. Naturalmente, não se trata apenas de ser legal e atirar um b-ball fora da escola: de cada lado você tem dois caras que não são bons, com um entusiasmo constante por causar problemas na vizinhança. Como tal, o Punk Shot transforma alegremente o basquete em um esporte de contato total - as cabeças serão esmagadas, o nariz perfurado e as partes íntimas chutadas. Para completar, cada quadra apresenta uma variedade de riscos ambientais, desde cascas de banana escorregadias e fogo no traseiro, até os cães do parque e seu gosto especial por calças.
pushman	Para os fãs do tipo Sokoban, com um pouco mais de desafio. Alguns monstros te perseguem, mas por outro lado, você tem a possibilidade limitada de atirar em blocos. Os monstros morrem se você os esmagar com um bloco ou uma catraca. Engraçado, mas rapidamente chato, a música é bastante média.
puyofev	Puyo Puyo é um pouco descendente do Columns. Aqui, você tem blocos de Puyos que caem, cada bloco contendo 2 Puyos. Os Puyos são de cores diferentes, e o objetivo é obviamente eliminar os Puyos limpando sua tela até que a tela do seu oponente esteja inundada. Para explodir os Puyos, nada mais simples: reuni-los por cor em grupos de pelo menos 4. Eles então explodirão, fazendo cair os outros Puyos que eles estavam sustentando... estes últimos podem explodir formando novos grupos e assim fazer uma corrente. A grande novidade neste jogo é que você pode preencher um medidor para entrar no modo &quot;fever&quot;... Neste modo, você tem um certo número de Puyos na tela, que são dispostos de tal forma que você pode explodir todos eles com um único bloco, realizando assim uma corrente que vai atrapalhar o jogo do seu oponente.
puyopuy2	Esta sequela do Puyo Puyo é, tal como o seu antecessor, um jogo de blocos em queda, em que o objetivo é combinar quatro ou mais blocos (Puyos) da mesma cor, que depois desaparecem. Os restantes Puyos caem e podem produzir combinações que provocam o aparecimento de blocos nocivos especiais no terreno do inimigo.
puzlstar	Em cada quebra-cabeça, o jogador tem vários ícones empilhados e tempo limitado para completá-lo ganhando um determinado número de combos. O jogador obtém uma combinação colocando três dos mesmos ícones juntos em uma linha. Em cada linha da pilha, o jogador só pode extrair um ícone da coluna mais à esquerda. Obter ícones inconsistentes em todos os três slots os coloca na parte inferior da pilha. Colocar uma estrela no slot apropriado e obter um combo dá ao jogador um impulso de tempo extra. Usar um impulso extra adiciona cinco segundos ao tempo restante. O jogador pode colocar de volta um ícone se cometer um erro, mas essa habilidade é limitada. O cumprimento do objetivo do combo garante a promoção do jogador, o que torna possível pular níveis de quebra-cabeça. Quando todos os níveis terminam, o jogador passa para o próximo estágio, cada um mais difícil do que o primeiro.
puzzldpr	Puzzle De Pon R em Neo Geo é um jogo de puzzle cujo objetivo é idêntico ao da obra anterior, ou seja, fazer desaparecer um alvo rodeado de berlindes coloridos. Este título incorpora novos níveis e uma bomba adicional. O objetivo secundário é fazer uma pontuação honrosa, o jogo inclui muitos bônus, incluindo o &quot;Million Shot&quot; que traz de volta, uma vez atingido, um milhão de pontos.
puzzledp	O jogador elimina as bolas coloridas na tela atirando bolas contra outras bolas da mesma cor, o objetivo do jogo não é limpar a tela das bolas. Em vez disso, é necessário limpar todas as bolas ao redor da forma do nível, conhecido como &quot;drop token&quot;. Uma vez que esta forma é liberada, ela explode e o jogador viaja para o próximo nível. Existem 39 níveis no jogo, divididos em grupos de três níveis. Nos dois primeiros níveis, a forma é algo genérico; no terceiro nível, a forma é um signo do Zodíaco, até o nível 36 (já que há 12 sinais). A forma do nível 39 é o símbolo solar.
puzznic	O desafio em cada nível de Puzznic é manobrar uma seleção de blocos em posição de modo a eliminá-los a todos, fazendo contacto com blocos do mesmo estilo. O jogador controla uma cruz direcional que pode mover um bloco para a esquerda ou para a direita, fazendo-o cair se não houver nenhum bloco por baixo do espaço que iria ocupar. A resolução dos níveis apresenta uma série de complicações. As plataformas móveis significam que é preciso mover um bloco num determinado momento, ou numa determinada ordem, para evitar que fiquem bloqueados.
pwrinst2	Oume Goketsuji, líder do clã Goketsuji nos últimos 60 anos, finalmente foi derrotado por sua irmã mais nova, Otane, o dia em que ela superou sua irmã mais velha finalmente chegou. Uma noite, Oshima Goketsuji apareceu inesperadamente na frente de Oume e ofereceu sua ajuda para se vingar de Otane. De acordo com as regras do clã, se o líder morrer ou sair, um novo torneio deve ser realizado imediatamente para encontrar um sucessor. Naquela mesma noite, Oshima e Oume enviaram seus servos para dispor de Otane, então enquanto Otane dormia, ela foi seqüestrada e jogada no mar. No dia seguinte, Kuroko encontrou uma carta supostamente escrita por Otane, onde ela recusou o direito de ser o líder do clã. Uma semana depois, todos os concorrentes do torneio anterior e outros membros da família foram convocados para serem informados sobre a decisão de Otane e o início de um novo torneio.
pzlbreak	Um jogo de quebra-cabeça para um ou dois jogadores publicado e desenvolvido pela SemiCom em 1997. O objetivo do jogo é remover os blocos que abaixam do topo da área de jogo, desviando as bolas com uma raquete.
pzloop2	Itália A sequência da obra de mesmo nome com algumas melhorias. Sempre podemos selecionar Level, Panic, Vs, mas notamos o aparecimento de um modo Power no qual grandes esferas vítreas podem estourar as menores atraindo umas às outras. Há também a possibilidade de atirar em baús para bônus do tipo &quot;bomba&quot;. Muito tático, requer raciocínio rápido para criar reações em cadeia; Este jogo rapidamente faz você esquecer sua pobreza gráfica e seu lado &quot;desenho animado pouco atraente&quot;. Depois de entender o modo de raciocínio a ser usado, você se envolve rapidamente na ação. A atmosfera sonora, sem ser excelente, acompanha bastante o jogo e sabe aumentar a pressão. Bom para esquecer suas preocupações após um longo dia de trabalho!
qad	O jogo é semelhante a um jogo de tabuleiro, onde o jogador recebe um lance de dados predeterminado que move o jogador até seis casas no tabuleiro; no entanto, se o jogador tiver essa opção, ele poderá se mover para um espaço de sua escolha se houver uma bifurcação na estrada. Depois de aterrissar em um espaço, o jogador recebe uma série de perguntas (a quantidade de perguntas que precisam ser respondidas aumentam à medida que o jogo avança) para voltar ao tabuleiro para outro teste de dados. O jogador recebe um limite de tempo para responder à pergunta, com pontos que variam de acordo com a rapidez com que o jogador respondeu à pergunta corretamente. Se o jogador for bem sucedido em responder a uma pergunta, um dos orbes acima do retrato do inimigo se acenderá, indicando uma resposta correta. Se o jogador responder uma pergunta incorretamente, ele perderá um ponto de vida. Se o jogador perder todos os pontos de vida, o jogador deve continuar dentro do limite de tempo ou então o jogo termina.
qndream	Um jogo de perguntas para 1 a 2 jogadores, você joga como um ou dois personagens que precisam responder a um questionário de múltipla escolha (questionário de múltipla escolha). O jogo se passa com várias mulheres jovens, sete no total, e alguns personagens no meio. Tudo isso acontece no universo capcom (street fighter, luta final, etc.) com também quizzes de questões de conhecimentos gerais, lógico já que isso acontece na frente de escolas de ensino médio e faculdades. Agradável de jogar para quem pratica japonês, pois só é lançado no Japão.
qsangoku	Quiz Sangokushi - Chiryaku no Hasha é um jogo de perguntas dos samurais.
qtheater	Três aventuras estão à sua disposição neste jogo de quiz. Na primeira delas, o jogador é uma garotinha que encontra um alien e voa no espaço com ele. A segunda se passa no mundo dos ratos, onde há uma busca pelo queijo sagrado. A terceira é uma aventura medieval, onde um casal de guerreiros com sabres de luz enfrenta dragões.
qtono1	Quiz Tonosama no Yabou é um jogo de perguntas baseado na guerra.
qtono2j	Quiz Tonosama no Yabou 2 - Zenkoku-ban é um jogo de perguntas feudal japonês da Capcom.
quartet	O Quartet é um híbrido de plataforma da Sega para um a quatro jogadores, selecionado entre Joe (amarelo), Mary (vermelho), Lee (azul) e Edgar (verde). A ação ocorre em vários níveis de rolagem lateral, cuja maioria consiste em ação simples da plataforma. Em alguns níveis, no entanto, existem jet packs para os jogadores coletarem, e a ênfase da jogabilidade mudou para a de um shoot-em-up de rolagem lateral padrão. O objetivo do jogo é destruir um exército de robôs que assumiram uma estação satélite da colônia da Terra. Cada nível tem um personagem chefe que deve ser destruído. Após sua morte, ele libera uma chave da porta que deve ser usada para sair do nível. Poderes de armas e personagens podem ser coletados para ajudar os jogadores em sua tarefa.
quizdai2	Um quiz japonês.
quizdais	Jogo japonês com perguntas e respostas do tipo quiz.
quizkof	Jogo japonês com quiz perguntas e respostas da saga King of Fighters.
quizqgd	Quiz Keitai Q mode é um jogo de perguntas e respostas desenvolvido pela Amedio e publicado pela Taito para o sistema arcade Sega NAOMI.
quiztou	Os jogadores devem ajudar quatro personagens Kufū, Hana No Sei, Koseibutsugakusha e Nōfu a recuperar o controle de uma ilha respondendo a perguntas de múltipla escolha (muito parecido com o que Scott e Stanley tiveram que fazer para recuperar as joias perdidas da coroa para o &quot;Bakuretsu Quiz&quot;); cada um dos personagens começa em um dos quatro cantos da ilha e conquista um quadrado depois de limpar o palco. Eles podem então decidir para qual quadrado eles querem ir em seguida, pressionando um dos Botões de Resposta - e se um personagem passar para outro quadrado conquistado, ele invocará um tipo especial de teste, no qual o dono do quadrado conquistado definirá o invasor oito perguntas (e haverá uma palavra-chave comum a todas as oito respostas). Se o invasor responder todas as oito perguntas corretamente, ele (ou ela, no caso de Hana No Sei) tomará posse do quadrado; mas se errarem, o dono mandará o invasor de volta à última casa conquistada.
rabbit	Rabbit é um jogo de luta 2D, com gráficos coloridos de desenho animado. O jogo tem 8 personagens jogáveis - Wu Ling (Coelho), Tien-Ren (falcão), Oito (boi), Hou-En (lobo), Ja-Koh (cobra), Yu-Lan (raposa), Rex (tigre) e Eddy (javali). O jogador escolhe um desses heróis e deve derrotar todos os adversários, além do chefe final. Cada personagem tem um espírito animal especial que ajuda na batalha (por exemplo, a aventura bizarra de JoJo) - e eles têm uma barra de espíritos para usar esses especiais. O jogo usa o joystick mais 4 botões - para soco leve, soco pesado, chute leve e chute pesado.
ragnagrd	Este é um jogo de luta originalmente desenhado em 3D, e transpostos sprites 2D (conhecidos como Computação Gráfica, ou CG), como Donkey Kong Country ou Pulstar. História: É um mundo ocupado por deuses, o mundo em que reina o deus do Arco de Orion. Ele decidiu oferecer sua sucessão em um torneio em oito deuses. O vencedor terá acesso ao trono do deus do Arco de Orion. Uma luta entre os deuses está prestes a começar.
raiden2	Excelente continuação do clássico original &quot;Raiden&quot;. Assim como o original, os jogadores controlam um jato/nave espacial através de vários níveis enquanto atiram em outras naves e bombardeiam tanques no solo.
raidendx	Raiden DX é um jogo de arcade. O jogo apresenta uma jogabilidade de tiro com rolagem vertical semelhante à dos antecessores Raiden e Raiden II. O jogador controla um caça a jato e abre caminho por vários estágios que são divididos em níveis. Ao destruir edifícios e inimigos, o jogador pode coletar power-ups para obter melhores armas, bombas, mísseis e ganhar pontos extras. Existem três estágios: Prática, Iniciante e Especialista. A prática apresenta apenas um nível. O Novice apresenta 5 níveis e o Expert apresenta 8 níveis, incluindo versões remisturadas dos níveis Iniciante e Prático. No final de cada nível, o jogador tem que derrotar um chefe de nível.
rallybik	Há um rali de moto cross-country indo de São Francisco a Nova York. No Rally Bike, o jogador tem apenas um objetivo: subir na classificação dos pilotos e chegar a uma posição alta o suficiente para se classificar para a próxima corrida. O jogo contém seis fases para percorrer. O jogador controla uma motocicleta e deve cruzar a linha de chegada antes de um número estabelecido de bicicletas concorrentes. O jogador deve evitar colidir com obstáculos, competidores adversários, veículos e ficar sem gasolina. Durante uma corrida, há certas áreas onde o jogador pode reabastecer, mas parar para reabastecer fará com que as motos do concorrente aproveitem e passem correndo pelo jogador. Os competidores nunca ficam sem combustível, mas são capazes de colidir com os obstáculos, tirando-os da corrida.
rambo3	Rambo III no arcade é um jogo diferente do Rambo III nos consoles ou nos lançamentos domésticos - é um shooter pseudo-3D em terceira pessoa, semelhante ao G.I. Joe no fliperama ou Space Harrier. O jogo é baseado no famoso filme - o jogador controla Rambo (enquanto o segundo jogador controla o coronel Trautman), que está sempre correndo, atirando nos inimigos e coletando vários objetos. Ele tem uma arma com munição ilimitada e um arco com flechas explosivas. No final de cada nível, Rambo deve lutar contra um chefe.
rampage	George, Lizzy e Ralph eram apenas americanos comuns, até que um experimento deu errado, transformando-os em gorila, lagarto e lobisomem, respectivamente. Depois disso, os três planejam dar a volta na destruição de prédios, e até 3 jogadores humanos podem entrar. Esmagar nas bordas dos prédios por tempo suficiente fará com que desmoronem. A polícia e os militares estão atrás de você, e atirarão em você, então tente destruí-los (se não conseguir, você pode evitar as balas). Você precisará comer regularmente, com coisas como plantas em oferta, para evitar voltar a ser humano.
rangrmsn	Um jogo de tiro militar 3D para 1 ou 2 jogadores, onde os participantes usam espingardas de ação por bombeamento para atirar nos inimigos na tela. O jogo possui quatro missões diferentes: Missão na Selva, Missão no Deserto, Missão de Resgate em Ambientes Fechados e Missão na Tundra.
rbff1	O quarto título da série Fatal Fury. Agora, você pode destruir objetos da cena da luta e os lutadores de &quot;Fatal Fury 2&quot; estão de volta à lista: Terry Bogard, Andy Bogard, Joe Higashi, Franco Bash, Mai Shiranui, Bob Wilson, Geese Howard, Billy Kane, Hon-Fu, Ryuji Yamazaki, Sokaku Mochizuki, Blue Mary, Kim Kaphwan, Jin Chonrei, Jin Chonshu e Duck King.
rbff2	A série de luta Fatal Fury da SNK chega ao seu 7º episódio trazendo muitas &quot;inovações&quot; e algumas mudanças significativas, a começar pelos personagens: todos os 20 lutadores do jogo anterior retornam com novos sprites e fases completamente redesenhadas, bem como alguns movimentos remodelados (ou novos). O tradicional sistema de combate vem com modificações sensíveis, como a remoção do &quot;Rank System&quot; (SSS, SS, S, AAA etc.) e objetos quebráveis no solo. O sistema de jogo usando 2 planos de batalha (primeiro plano / plano de fundo) permanece semi-intacto, porque agora alguns campos de batalha (como o palco de Cheng Sinzan) usam um único plano, forçando os jogadores a usar apenas a defesa básica para evitar ataques. Mas a principal adição deste título (e a razão para o subtítulo &quot;The Newcomers&quot;) são dois novos personagens para o elenco principal de Fatal Fury: Rick Strowd, um misterioso lutador com um estilo de luta particular e Li Xiangfei, uma jovem mulher chinesa lutadora de artes marciais.
rbffspec	Esta é continuação de Real Bout Fatal Fury, com a qual a série chegou a seu sexto título, nesta temos 20 personagens Terry Bogard, Andy Bogard, Joe Higashi, Mai Shiranui, Tung Fu Rue, Cheng Chinzan e Laurence Blood, Wolfgang Krauser, Duck King, Kim Kaphwan, Blue Mary, Hon-Fu, Bob Wilson, Mokizuki Sokaku, Franco Bash, Ryuji Yamazaki, Jin Chonshu, Jin Chonrei, Billy Kane e Geese Howard e seus sprites são 100% remodelados. Além disso, o jogo mantém a capacidade de destruir algumas coisas da zona de luta.
rbisland	Rainbow Islands - A história de Bubble Bobble 2 é uma sequência do lendário &quot;Bubble Bobble&quot; - lançado um ano antes - um ou dois jogadores (que, diferentemente de 'Bubble Bobble', não jogam mais simultaneamente) assumem o papel de Bub e Bob, que agora retornou à sua forma humana original após seu sucesso no Bubble Bobble. Os heróis que retornaram foram convidados a resgatar as Ilhas Arco-íris das garras dos vários inimigos que invadiram as ilhas em sua ausência. Bob e Bob estão armados com a capacidade de criar arco-íris sólidos. Esse engenhoso dispositivo de jogo funciona como uma arma (para matar um inimigo instantaneamente ou prendê-lo e colapsar o arco-íris nele, o último essencial para a coleta de gemas bônus - conforme detalhado em 'Dicas e truques') e como temporário plataforma que permite que os jogadores cheguem a partes inacessíveis do nível, enquanto correm para chegar ao topo da ilha antes que o tempo limite do jogo expire.
rblaster	No Road Blaster, você é um policial furioso ao volante de um carro potente em busca de uma gangue de motoqueiros que atacou e matou sua esposa recém-casada. Cabe a você sobreviver, enfrentando o trânsito na contramão, passando apertado entre caminhões, motos de punks e múltiplas explosões. Será necessário ter reflexos rápidos para seguir as instruções na tela (com dificuldade crescente) e avançar na história. Vingue-se dos marginais fazendo-os comer poeira para erradicar a gangue deles! A ação, vista em primeira pessoa, é extremamente rápida, mantendo gráficos animados suaves e detalhados.
rchase2	Rail Chase 2 é um jogo de tiro em 3D jogado a partir de uma perspectiva em primeira pessoa. É a continuação de Rail Chase. Uma organização chamada EKKL Empire sequestrou a cientista Mary Bates e a força a desenvolver armas para eles. O jornalista Flint Rickman consegue se infiltrar na organização para salvá-la. O jogo começa com os dois tentando escapar em um vagão de trem.
rdft2	Raiden Fighters 2 ocorre quatro anos após os eventos do primeiro. Como resultado, alguns grupos guerrilheiros sobreviventes se reúnem sob um ditador. Juntos, esse grupo de bandidos forma uma nova nação e lança uma série de ataques contra as forças combatentes. Em resposta a esses ataques surpresa, o governo convoca novamente as tropas anteriores, equipadas com munição reorganizada.
redearth	Red Earth (Warzard no Japão) se passa no ano de 1999 de uma Terra alternativa, segue as aventuras de quatro heróis enquanto enfrentam um exército de monstros míticos desencadeados por Scion para provocar a destruição do mundo. Faça a sua escolha entre Leo, o Rei Leão, Mai-Ling, a Artista Marcial, Tessa, a Bruxa, ou Kenji, o Ninja, enquanto eles lutam pelo mundo a fim de derrotar Scion, o gigante de ferro.
redrobin	Um jogo side-scrolling no estilo de Super Mario Bros., você limpa um tabuleiro coletando joias e outros objetos de valor. Cuidado com os obstáculos e outros itens que tentam derrubá-lo!
repulse	No jogo, os jogadores batalham contra a nação invasora de Aquila para defender a Terra da dominação mundial. Repulse é um jogo de tiro fixo que lembra Space Invaders e Phoenix, no qual o jogador controla um canhão laser movendo-o pela parte inferior da tela e disparando contra inimigos robóticos e descendo naves alienígenas por seis estágios, cinco dos quais hospedar um chefe no final que deve ser derrotado para avançar ainda mais.
ridhero	Um jogo de esportes com tons de RPG. Com três modos de jogo: modo de história, arcade e multiplay. embora o prato principal se concentre no modo história, no qual nos colocaremos no lugar de um jovem piloto novato, com poucos recursos cujo objetivo será derrotar Diamond Dave, o piloto mais habilidoso e rápido da cidade. Para isso, devemos competir contra adversários cada vez mais rápidos, e assim ganhar dinheiro suficiente para comprar uma motocicleta mais potente, ou melhorá-la corrida após corrida.
ridleofp	Lance uma bola ao redor da tela para eliminar blocos e marcar pontos. Desvie a bola usando sua raquete.
ringdest	Ring of Destruction: Slam Masters II, é a sequela de 1994 de Saturday Night Slam Masters e o segundo jogo da série. Não foi portado para consoles domésticos. Ao contrário do primeiro jogo, que jogava como um jogo de luta tradicional, o formato do Ring of Destruction foi alterado para jogar como um jogo de luta 2D individual (semelhante ao Super Street Fighter II), com a ação restrita a um avião. A configuração do jogo foi alterada para uma configuração de cinco botões (dois botões de perfuração, dois botões de chute e um botão de agarrar). O objetivo de cada partida é esgotar a barra de vida do oponente em duas de três rodadas. Não é mais necessário que o jogador derrube seu oponente para vencer uma partida, embora todos os outros movimentos tenham sido retidos.
roboarmy	Jeed, um cientista de robótica secretamente levantou um exército de robôs e pretende assumir o controle da cidade de Neo-Detroit. Este cientista louco usa cérebros humanos para colocá-los em carcaças de robôs e transformá-los em bravos lutadores por conta própria. Ele robotiza tudo: humanos, pássaros, cães, macacos ... Felizmente, seu processo de escravização não funcionou bem em dois policiais que haviam se tornado robôs. Eles se levantarão contra ele e frustrarão seus planos.
robocop2	RoboCop 2 é um jogo de tiro em 2D com jogabilidade 2.5D que coloca os jogadores no lugar do RoboCop. O jogo é baseado no filme de mesmo nome e segue sua trama. Você luta contra vários inimigos, incluindo escória de rua, cadáveres ambulantes, mecânicos, robôs e chefes. A maior parte do jogo inclui tiro com rolagem lateral e fuga de inimigos, mas os inimigos podem ser capturados, perfurados e jogados para baixo. Às vezes, os inimigos aparecem no fundo da tela e só podem ser mortos enquanto apontam para a tela. Ao longo do caminho, mais armas como uma arma Cobra, Bazuca e Gatling podem ser apanhadas. Estes têm munição limitada. O jogador também tem a capacidade de pular e, às vezes, cápsulas extras podem ser adquiridas. Nos estágios de bônus, o RoboCop precisa atirar em helicópteros e caminhões enquanto dirige um carro ou motocicleta da polícia. Isso é feito movendo a mira sobre a tela enquanto dirige em direção à tela. O jogo pode ser jogado sozinho ou com um amigo.
robokid	Em Atomic Robo-Kid, o jogador controla um robô movido a laser que pode evoluir recolhendo os bónus deixados por certos inimigos. Cada nova arma obtida é adicionada às armas disponíveis, e o jogador pode selecionar uma arma em qualquer altura. Podem ser recolhidas quatro armas diferentes. O robô dispara na direção em que se desloca, para a direita ou para a esquerda do ecrã. Nos níveis com deslocação multidirecional, o tiro permanece na horizontal. Os níveis são bastante curtos, mas abundantes.
robowres	Seis robôs de seis países competem num torneio que, para além do elemento robô, está mais próximo da luta livre americana, mexicana ou japonesa do que da luta livre clássica. Diferentes combinações de botões desencadeiam diferentes técnicas, consoante a proximidade dos combatentes. O robô derrotado é transformado em sucata pronta a ser reciclada, enquanto o vencedor passa à ronda seguinte.
rockclim	Você controla um cara que tenta escalar uma rocha.
rockn3	Jogo de ritmo. Os controles são um pouco exigentes, mas este jogo é realmente muito divertido. É como uma versão japonesa do Guitar Hero, mas muito mais simples.
roishtar	The Return of Ishtar é a sequela de &quot;The Tower of Druaga&quot;. Gilgamesh (o cavaleiro) e Ki (a feiticeira) estão no topo da Torre de Druaga com o &quot;bastão de cristal azul&quot;. Agora que Druaga foi derrotado, a torre regressou ao seu estado de ruína, depois de ter sido atingida pelo relâmpago de Anu. Agora que a torre mudou, Gil e Ki têm de encontrar uma nova saída para levar o cajado de cristal azul de volta a Ishtar. A torre está cheia de monstros ferozes que já não são controlados por Druaga. No seu caminho, terão de recolher chaves e itens especiais. A torre tem várias saídas e o número total de níveis é 128.
rollerg	Rollergames é o nome de dois videogames da Konami de 1990, um de arcade operado por moedas, o outro de um Nintendo Entertainment System e ambos baseados no programa de televisão de mesmo nome. Este jogo de arcade é fiel ao show, ao contrário da versão NES do RollerGames, que é um jogo de rolagem lateral. O jogo é para dois jogadores e apresenta todos os skatistas e gerentes da liga. Os valores das pontuações são cortados pela metade em relação à exibição real (e arredondados, se necessário) e apresentam apenas quatro ciclos de 99 segundos em vez de 45 segundos em quatro períodos de 6 minutos.
rotd	Originalmente concebido pelo estúdio Evoga para ser uma continuação do jogo de luta Double Dragon de 1995 (transformando-o numa homenagem depois de não conseguir os direitos intelectuais da série), Rage of the Dragons é um jogo de luta de duplas de 2 contra 2, o mesmo estilo de arte do antigo Sengoku 3 da Noise Factory. A história envolve vários pares de artistas marciais e aqueles com poderes sobrenaturais, com todos tendo motivações pessoais para lutar em Sunshine City. Alguns desses lutadores aproveitam o poder dos espíritos do dragão (com os irmãos Billy e Jimmy Lewis controlando os Dragões Azul e Vermelho e o principal antagonista, Johann, controlando o Dragão Negro).
rotr	O Rise of the Robots é um jogo de luta 2.5D. Joga-se como o cyborg Eco35-2, meio-robô meio-homem, criado pela empresa Electrocorp, a fim de contrariar o motim que está a ser produzido na sua fábrica Metropolis 4, após a reprogramação de certos robôs injectando-os com o vírus EGO, tornando-os conscientes da sua situação e, portanto, agressivos. Terá de os combater um a um em batalhas de duelo para parar esta rebelião. O título destinava-se a ser graficamente revolucionário. Mas embora os robôs de combate sejam bastante bonitos (com sprites 3D transcritos num universo 2D), o cenário é apenas em 2D estático e sem graça. Além disso, a animação dentro do jogo é lenta, mesmo bastante &quot;pesada&quot;, com impacto directo na manipulação. A lentidão do seu robô e o poder variável dos inimigos (ao ponto de alguns robôs serem ultra poderosos e atomizarem-no em dois disparos) rapidamente tornam as lutas desequilibradas.
rthunder	Rolling Thunder é a força policial secreta mais poderosa do mundo e você é seu melhor agente. Sua missão é parar uma conspiração clandestina para conquistar o mundo e salvar a agente Leila, que foi capturada. Começando armado apenas com uma arma, você tem que fazer o seu caminho através de corredores fortemente guardados e passagens secretas para encontrar Leila e parar o inimigo. O Rolling Thunder apresenta ação de rolagem lateral baseada no jogo de arcade.
rumblef	Rumble Fish é um jogo de luta criado pela Dimps para a plataforma de arcade Atomiswave. Sua característica mais marcante é o motor gráfico, que anima os membros dos personagens separadamente.Rumble Fish é um jogo de luta 2D 1 contra 1, contém dois elementos únicos do jogo, são as barras separadas para técnicas ofensivas e defensivas, além da possibilidade de danificar e destruir a armadura dos personagens. Os modos Arcade, Versus, História, Treinamento e Sobrevivência estão incluídos, juntamente com uma galeria de arte desbloqueável.
rumblef2	O Rumble Fish 2 usa todos os elementos do primeiro jogo e adiciona alguns novos. Os medidores de Ataque e Defesa foram divididos em três seções cada, permitindo mais uso de Artes Ofensivas e Defensivas, bem como técnicas ligadas a cada medidor. Uma adição ao game é o Boost Dive, que coloca cada personagem em um estado energizado de acordo com seu estilo de luta. A maioria dos personagens teve modificações em seus movelists de alguma forma, como novos movimentos e novos comandos para movimentos antigos.
rvschool	A história das Escolas Rivais introduz o jogador a uma cidade japonesa chamada Cidade de Aoharu, onde várias escolas locais são vítimas de ataques desconhecidos e sequestros de estudantes e funcionários. Os diferentes personagens do jogo partiram para descobrir quem é o responsável pelos ataques à sua escola, com cenas de corte e lutas retratando suas interações com as outras escolas e entre si. Eventualmente, a história revela que uma escola de elite na cidade, a Justice High, é responsável pelos ataques. Finalmente, o time do jogador enfrentará Raizo Imawano, o diretor da escola e o primeiro chefe do jogo. Se certos requisitos forem cumpridos durante a luta contra Raizo, a história continuaria, pois o jogador iria para uma verdadeira luta final contra Hyo Imawano, o sobrinho de Raizo e o verdadeiro cérebro por trás dos eventos do jogo.
rygar	Rygar é um jogo clássico para vários consoles caseiros. Também possui uma versão Arcade que é jogado de forma diferente das versões caseiras.
ryukyu	O Solitaire / Poker é certamente uma combinação estranha, mas é exactamente isso que este jogo é. É ainda mais interessante quando se apercebe que também há um toque de bingo neste jogo. O seu objectivo é tirar cartas escondidas de uma de quatro pilhas diferentes e dividi-las em cinco &quot;mãos&quot; diferentes que são contadas de acordo com os valores tradicionais do póquer. No entanto, as mãos podem ser marcadas em qualquer combinação... vertical, horizontal ou diagonal no tabuleiro... (é aqui que entra o elemento bingo).
s1945	Em 1945, a segunda guerra mundial terminou. Logo, houve paz, mas uma organização de oficiais militares de alta patente de todo o mundo forma um exército global conhecido como CANY. Sua missão é conquistar o mundo. Atividades da CANY foram encontradas em áreas como a União Soviética, a América, o Japão e até a Alemanha. É revelado que CANY tinha armas nunca antes, de foguetes a robôs gigantes. O mundo rapidamente formou um grupo de pilotos e aviões chamados Strikers, cuja missão é livrar CANY do mundo.
s1945ii	As forças de CANY foram demolidas pelos Strikers. No entanto, uma facção conhecida como FGR agora tem a tecnologia CANY e planeja iniciar uma guerra global com tecnologia mecha massiva. Mais uma vez, os Strikers são convocados para salvar o mundo.
s1945iii	Ano de 1999, outono. O incontável grupo de máquinas superninimais &quot;nano-machine&quot;, que veio sobrevoando, invadiu a principal arma e terminais militares de cada país do espaço exterior e começou a multiplicação. Este grupo de armas que é automatizado com o ataque repetido das &quot;nano-machines&quot; de forma Indiscriminada as metrópoles de cada país estavam em um estado devastador. O medo da extensa guerra nuclear com os misseis nucleares estratégicos atingiu o mundo !!! Mal a unidade de cada país que impede a invasão da &quot;nano-machine&quot; é convocada por causa das manobras de erradicação de armas não tripuladas. Então, lutar com as armas do mundo inteiro não foi suficiente. Os combatentes começam o ataque ao núcleo inimigo! Passados meio século de tempo, a nova lenda da força especial STRIKERS começa agora!
s1945p	O jogador escolhe um dos seis aviões ou pode optar por uma escolha aleatória. Os quatro primeiros estágios estão em ordem aleatória, enquanto os quatro últimos são seqüenciais. Os jogadores coletam reforços de armas, bombas e barras de ouro para ganhar pontos. Cada avião tem um &quot;super tiro&quot; único, que é carregado causando dano em inimigos e disparado mantendo pressionado e soltando o botão de disparo. Super tiros podem ser armazenados, embora o número varie de avião para avião. O uso de uma bomba resulta em um grande e amigável avião mergulhando na tela e bloqueando tiros enquanto devolve o fogo por alguns segundos. Depois que o jogador vence o chefe final, o jogo começa novamente desde o início, embora em um nível de dificuldade muito maior. Todos os níveis são semelhantes aos de Strikers 1945 II. Apenas um dos quatro chefes escolhidos aleatoriamente e o sexto chefe são alterados.
safarir	Ao apertar de um botão, um carro branco se aproxima. Você deve evitá-lo e selecionar o curso mais seguro, em um labirinto. Quando a primeira formação de pontos se extingue, 2 carros opostos avançam na sua direção a partir da tela superior. Você deve evitá-los e atropelar o Leão e a Cobra para marcar pontos bônus misteriosos ... Nunca fique desprevenido, as zonas de derrapagem são perigosas! Quando 4 padrões são eliminados, 3 carros avançam em você !! Apenas jogadores habilidosos conseguem !!
sailormn	O jogo é um jogo &quot;beat-'em-up&quot; de rolagem lateral, um ou dois jogadores escolhem o Senshi desejado e viajam por vários estágios derrotando inimigos. Os itens às vezes são derrubados por inimigos que podem variar de itens que restauram a saúde, dão pontos extras ou cristais que permitem que o Senshi realize ataques especiais. Até cinco cristais podem ser coletados por jogador para fortalecer os ataques especiais do Senshi. Durante os momentos mais difíceis da batalha, Tuxedo Mask aparecerá e jogará uma rosa, que é um bônus para pegar e partir.
salmankt	Um clássico jogo de dominó inspirado em uma série de mangá japonesa de Hiroshi Motomiya. Foi publicado na revista Weekly Young Jump de 1994 a 2002, com vários períodos de inatividade durante sua publicação. Salaryman Kintaro vendeu mais de 30 milhões de cópias impressas.
samsh5sp	Samurai Shodown V Special, conhecido como Samurai Spirits Zero Special no Japão, é o nono jogo da série de jogos de luta Samurai Shodown, desenvolvida pela SNK. Este jogo é uma versão atualizada do jogo titulado como Samurai Shodown V, e é o último jogo oficial desenvolvido para a plataforma Neo Geo. Ao contrário de Samurai Shodown V, a história desta versão atualizada teve um pequeno papel no jogo através de somente falas dos personagens de vitória. Há um pequeno diálogo que se encontra exclusivo à versão japonesa, onde era executado quando o personagem do jogador executava o seu zetsumei ougi. A versão em inglês simplesmente usa suas falas de vitória normais, dependendo de quantos pontos de vida restavam.
samsho	No início do Japão, um homem chamado Shiro Tokisada Amakusa prega uma religião herética. Pouco sabe alguém que Amakusa é realmente um servo do mal Ambrosia, que assumiu o corpo de Amakusa. Ambrosia deseja encobrir o mundo na escuridão. Agora, escolha entre 12 guerreiros (e 3 personagens bônus) para lutar pela honra de destruir Amakusa e cumprir uma missão.
samsho2	Uma das lendárias séries de jogos de luta da SNK faz seu retorno! Em Samurai Shodown II, você pode assumir o papel de um dos 15 guerreiros ao lutar pela terra para derrotar o malvado Mizuki! Corte, chute e fatie seus oponentes ao meio ... faça o que for necessário ... viva pela espada e morra por sua lâmina.
samsho3	Os 12 samurais (e ninjas) da elite estão de volta, desta vez para responder à ameaça do demônio Zankuro, Minazuki. O espadachim possuído massacrou brutalmente inocentes em seu caminho, mas não conseguiu erguer sua lâmina para os gritos de um bebê inocente. Jurando nunca mais derramar sangue inocente, ele tem como alvo aqueles que vivem pelo caminho da espada ... mas agora o caçador se torna o caçado. O terceiro jogo na série Samurai Shodown apresenta duas técnicas diferentes para cada personagem. As técnicas de &quot;Slash&quot; são os movimentos originais da maioria dos personagens, enquanto as técnicas de &quot;Bust&quot; podem ser a versão &quot;obscura&quot; de cada personagem.
samsho4	Trazendo um novo fôlego para a série de luta de espadachins da SNK, esta 4ª edição marca o retorno de 3 personagens clássicos (Yagyu Jubei, Charlotte e Tam Tam, agora com material atualizado), apresenta 2 personagens recém-chegados ao panteão (os irmãos Sogetsu Kazama e Kazuki Kazama) e traz alguns novos cenários. Apesar dessas pequenas melhorias, o jogo preservou (e melhorou muito) muitos elementos que fizeram o anterior (Samurai Shodown III) um título bastante popular, como o movimento &quot;dodge&quot; e a chance de escolher entre duas versões do lutador: o padrão e um estilo &quot;obscuro&quot; alternativo (SLASH e BUST, respectivamente). Com a intenção de fornecer mais ação nas batalhas, os movimentos &quot;No Contest&quot; foram introduzidos: trabalhando de maneira similar (e sob certas condições) aos muitos jogos da Série Mortal Kombat, seu lutador executará um movimento de abate final em um oponente atordoado.
samsho5	Sete anos após o quarto jogo da série, Samurai Shodown retorna. No período de tempo do jogo, este se passa antes do primeiro jogo, daí o título japonês Samurai Spirits Zero. Acontece em 1786 de Janeiro até o final do verão. O jogo é, portanto, considerado uma prequela para a série. A jogabilidade geral foi ligeiramente alterada. É um pouco mais rápido e o sistema Slash / Bust foi removido. Cada personagem agora tem apenas uma versão, ou o modo Bust é simplesmente substituído por um novo personagem de configuração muito semelhante. Barras de combinação, esquivas e &quot;fatalities&quot; também desapareceram. Os movimentos básicos foram modelados após os primeiros jogos da série. Eles consistem em três tipos de barras, um único chute e várias manobras de esquiva semelhantes a Samurai Shodown II. Existem 24 personagens, um elenco familiar com alguns novos rostos. Ao contrário dos jogos anteriores, não é possível matar o seu adversário.
samsptk	Samurai Shodown VI é um jogo de luta 2D que traz mais de 24 lutadores diferentes, cada um com seu estilo e golpes especiais. Existem também mais de seis artes marciais representadas neste título.
samuraia	A história da fantasia científica de Samurai Aces se passa em torno dos seis personagens do Japão Feudal (período Sengoku) enviados em uma missão para parar um culto maligno e resgatar a filha sequestrada do Shogun, a princesa Tsukihime (Princesa da Lua), antes que ela possa ser usada como sacrifício para ressuscitar seu deus demônio. O jogo apresenta 22 finais, diferentes para vários personagens e pares para dois jogadores.
sauro	Jogo submarino de rolagem horizontal. Guie seu submarino através de uma chuva de cargas de profundidade, minas, navios inimigos e submarinos. Colete combustível, canhões triplos, mísseis e escudo no caminho. Lute contra um submarino difícil no final de cada seção.
savagere	O malévolo King Lion coroou-se como o mestre do Fuun-Ken, um novo estilo de artes marciais que inclui armas de arremesso além do combate corpo-a-corpo. Isso não combina com o resto dos lutadores do Fuun-Ken em todo o mundo, então todos eles decidem se superar em lutas clássicas de 2 rounds para decidir quem vai derrotar o próprio King Lion. Savage Reign é um jogo de luta 2D um contra um no qual você seleciona seu personagem e tenta derrotar todos os adversários usando seus ataques básicos e movimentos especiais. O jogo apresenta 2 planos horizontais diferentes para os quais os personagens podem pular livremente para evitar ataques ao estilo Fatal Fury. Você não pode escapar completamente, no entanto, como todos os personagens têm uma arma de arremesso, eles podem usar de maneiras diferentes para alcançar um ao outro, não importa onde eles estejam.
sbishi	Cada jogo da compilação contém minijogos, alguns baseados em clássicos de arcade, como Breakout (&quot;Car Destroyer) e Pac-Man (&quot; Super Gulper &quot;). Outros jogos, como&quot; Perm-Mania &quot;, nos quais o jogador toca de dançarino e precisa acompanhar o ritmo para fazer crescer o penteado afro de seu dançarino, e &quot;Jump for the Meat&quot;, no qual o jogador interpreta um fisiculturista em um pula-pula que precisa pular alto para agarrar um pedaço de carne, parecem ser criações mais originais.
sbomber	As versões paródicas de Space Invaders são quase um gênero em si, um gênero do qual o Space Bomber é uma bela personificação. Após uma introdução kitsch que imediatamente atrapalha (os alienígenas ruins estão chegando, uau! Pabo!), Atacamos parte de um jogo completamente a oeste. Com base em um Space Invaders (sem rolagem, inimigos vindos de cima), o jogo adiciona maior liberdade de movimento, um sistema de power-ups, mas acima de tudo um sistema de captura de inimigos: a nave uma garra que lhe permite sequestrar e armazenar até 3 oponentes. Podemos então usá-lo como uma arma: cada tipo de inimigo capturado tendo um efeito diferente, as possibilidades são muito numerosas, com muitas piadas estúpidas para inicializar. O jogo joga especialmente as cartas dos quadrinhos, com inimigos de tirar o fôlego (porco gigante e lixo voador são apenas vislumbres ...), e em uma excelente e muito divertida jogabilidade, especialmente (como sempre neste gênero dois jogadores). Os gráficos são bastante especiais, em um 3D nem sempre muito bem sucedido, mas bastante original.
sbrkout	O Super Breakout tem uma jogabilidade semelhante à do original, mas com novas variações. O seu objectivo é marcar o máximo de pontos possível, destruindo os tijolos no topo do ecrã. Para o fazer, tem de utilizar a raquete na parte inferior do ecrã para manter uma bola a saltar dentro do campo de jogo. Estão incluídas quatro variações de jogo. A primeira é &quot;Breakout&quot; e é jogada como o jogo original.
schamp	Sonic the Fighters é um jogo de luta 3D, com personagens da franquia Sonic the Hedgehog. A história é que o Doutor Eggman construiu o Death Egg II, uma nova versão de sua instalação que apareceu nos jogos anteriores. Impedí-lo exige as Chaos Emeralds e várias pessoas, incluindo heróis como Sonic the Hedgehog e Miles &quot;Tails&quot; Prower participam de um torneio de luta para reuní-las. No total, existem oito personagens jogáveis e dois chefões (Metal Sonic e Dr. Eggman). A jogabilidade é típica de um jogo de luta, 1 contra 1 em uma melhor de 3. Os jogadores usam saltos, socos, pontapés e armas especiais. Bean the Dynamite, por exemplo, um pato que faz sua estréia no universo Sonic, usa bombas. O bloqueio é feito usando uma quantidade limitada de barreiras. Toda a ação é ilustrada de uma maneira cômica, como seria de esperar de um jogo do Sonic. Uma rodada é ganha quando um jogador consegue esgotar a saúde de um oponente, a menos que o tempo se esgote, caso em que o personagem com mais saúde restante é o vencedor. Os ambientes são arenas 3D fechadas, mas a jogabilidade é principalmente 2D, permitindo manobras de esquiva limitadas.
scobra	Super Cobra é um jogo de tiro com rolagem lateral baseado no jogo de arcade. Você é um piloto de helicóptero em uma missão de vigilância em território inimigo; seu objetivo é passar pelas várias pistas de obstáculos vivas e marcar o máximo de pontos possível. Prédios altos, montanhas, túneis estreitos e vários inimigos (como tanques, foguetes, minas e muito mais) podem atrapalhar e destruir seu helicóptero, se você não tomar cuidado. Para ajudar a se defender, o helicóptero está armado com uma metralhadora e bombas que podem ser usadas para destruir os tanques e foguetes inimigos. Para tornar a tarefa mais difícil, seu helicóptero tem uma quantidade limitada de combustível. Em toda a paisagem existem tanques de combustível; se um deles for baleado ou bombardeado, você receberá combustível extra. À medida que os níveis progridem, os inimigos se tornam mais agressivos, o combustível se torna mais escasso e a paisagem fica mais difícil de navegar.
scontra	A história se passa em dezembro de 2634 dC, um ano após os eventos do Contra original. Recebido um perturbador pedido de socorro do general Hal, ele estava a caminho da América do Sul, preparando as sétimas manobras militares do Exército GX, informando que o Exército GX se rebelou. O ramo superior das forças da Federação cria Bill Rizer e Lance Bean para investigar a situação. Eles chegam às ruínas da base, apenas para serem atacados pelas tropas do Exército GX. Ao olhar para a cor de sua pele descolorida de azul e seus olhos avermelhados, Bill Rizer e Lance Bean contra-atacam o fogo inimigo e descobrem criaturas de aparência familiar alojadas em seus corpos.
scotrsht	O Scooter Shooter é um shooter de rolagem lateral em arcade 2D com tela dividida. Os jogadores voam em scooters especiais e competem entre si (o jogador pode jogar contra a CPU ou o segundo jogador) - eles começam no extremo oposto do mapa e vão em direção ao centro. Eles devem matar vários inimigos na estrada.
scramble	O Scramble é um shoot-em-up de rolagem lateral, no qual um único jogador assume o controle de uma nave espacial e deve tentar lutar por seis níveis diferentes cheios de inimigos - destruindo o maior número possível de tanques de combustível e intalações no solo - antes de chegar à base inimiga e destruindo. O contato com qualquer cenário, instalações terrestres, navios inimigos ou estilos de projeto resulta em uma perda instantânea de vidas. O navio Scramble está armado com um blaster e bombas. O projétil está disparando para a frente apenas enquanto as bombas caem para atingir instalações inimigas terrestres e coletar combustível de lixões.
scud	SCUD Race, &quot;Sport Car Ultimate Drive&quot; ou também conhecido como Sega Super GT na América do Norte, é um jogo de corrida arcade lançado pela Sega em 1996. O Jogo conta com quatro lindos designs de pistas. Quatro carros selecionáveis, incluindo Ferrari F40, Dodge Viper, Porsche 911 e McLarren F1.
sdodgeb	Super Dodgeball no Neo Geo é um jogo de esportes cujas regras são semelhantes às da bola prisioneira. Duas equipes de 3 competem em uma arena. O objetivo é pegar a bola e arremessá-la nos adversários, de forma a tirá-los do campo. A vitória só é obtida eliminando os 3 jogadores adversários.
secretag	No papel de um agente secreto inspirado em James Bond, a tua missão é deter a todo o custo uma organização terrorista chamada Council for World Domination. Depois de receberes as instruções, és transportado de avião para o local onde a ação começa. Salta do avião e cai em queda livre até à zona de aterragem. Vários bandidos juntam-se à tua posição e tentam eliminar-te. Uma aterragem bem sucedida conduz a oito níveis de aviso que incluem cenas como locais de construção, fábricas, ação subaquática e uma perseguição de motas.
sectionz	Neste jogo, você joga como um pequeno homem vermelho usando um capacete e uma única arma que dispara horizontalmente; você atira com o primeiro botão, o segundo botão permite que você se vire. A rolagem começa da esquerda para a direita, depois vai de baixo para cima, da direita para a esquerda, de cima para baixo, de cima para baixo para terminar como no início, da esquerda para a direita, isso é multidirecional.
segawski	O objetivo deste jogo é semelhante ao último, &quot;Top Skater&quot;. Exceto que você usa um esqui aquático, em vez de skateboaring.
sengokmj	Sengoku em Neo Geo é um beat'em tudo definido na terra do sol nascente. A história começa quando um shogun negro ameaça invadir o mundo e levanta um exército de espíritos de samurai para escravizar a humanidade. O jogador incorpora dois heróis que são adeptos das artes marciais e possuem poderes divinos. Ataque o exército de demônios e tente entrar em sua fortaleza.
sengoku	Sengoku em Neo Geo é um beat'em tudo definido na terra do sol nascente. A história começa quando um shogun negro ameaça invadir o mundo e levanta um exército de espíritos de samurai para escravizar a humanidade. O jogador incorpora dois heróis que são adeptos das artes marciais e possuem poderes divinos. Ataque o exército de demônios e tente entrar em sua fortaleza.
sengoku2	Regresso ao mundo das batalhas místicas. Regresso ao pesadelo que nunca mais acaba. O grande confronto com o senhor da guerra demoníaca no castelo demoníaco era suposto ser o fim, mas a guerra só agora começou... O castelo demoníaco domina a terra e o senhor das trevas domina a imponente fortaleza. Os lendários guerreiros samurais são novamente convocados. Devem agora viajar no tempo, mas com mais experiência e novos poderes. Lutar com mais técnicas de ataque, novos bónus, mais magia e transformar em uma das quatro identidades nesta incrível sequela a Sengoku.
sengoku3	O terceiro jogo da série Sengoku beat'em up, Sengoku 3 volta a colocá-lo a si e a um amigo contra as forças não-mortas de Nobunaga, mas desta vez pode escolher livremente entre um grupo de personagens diferentes, cada um com as suas próprias armas e capacidades, e escolher onde no mundo quer atacar. O jogo incorpora um sistema de combate mais complexo, semelhante ao de um jogo de combate um contra um, oferecendo aos jogadores diferentes botões de ataque, movimentos especiais baseados em entradas direccionais, combos e até uma super barra usada para desencadear super movimentos devastadores. Não se pode trocar de armas ou transformar em outras personagens como nos jogos anteriores, mas pode-se adquirir diferentes armas à distância para ataques adicionais, bem como desbloquear certos chefes para aumentar o número de personagens disponíveis.
sf	Os mestres de artes marciais Ryu e Ken entram em um torneio mundial de artes marciais que abrange 5 nações e enfrentam 10 dos maiores lutadores do mundo. O jogo pode ser jogado sozinho ou com 2 jogadores competindo, com o jogador 1 assumindo o papel de Ryu e o jogador 2 como Ken. O antecessor do ultra popular &quot;Street Fighter II - The World Warrior&quot;.
sf2	Street Fighter II: The World Warrior é um videojogo de luta competitivo, lançado originalmente para as máquinas arcade em 1991. É o segundo jogo da série Street Fighter e a sequela do jogo original, lançado em 1987. Foi o décimo quarto título da Capcom a usar um hardware CP System. Street Fighter II melhorou muitos dos conceitos introduzidos no primeiro jogo, incluindo o uso de movimentos especiais baseados em comandos, uma configuração de seis botões, ao mesmo tempo que oferecia aos jogadores uma seleção múltipla de personagens jogáveis, cada um com o seu próprio estilo de luta. Street Fighter II também introduziu o sistema de ?combos? e o combate &quot;frente-a-frente&quot; entre dois jogadores.
sf2ce	Dos cantos do globo vêm doze dos lutadores mais durões, vindo das ruas. Escolha o seu campeão e entre na arena como um dos oito desafiadores originais ou como um dos quatro Grandes Mestres! Soque seu oponente e nocautei-os até a abertura da contagem, como Balrog. Proteja-se de sua presa como Sagat e em seguida os atordoe com seu impressionante tiro Tiger. Fatie seu oponente com garra de Vega e enviá-los correndo para casa. Ou golpeie o medo em seus inimigos como o M. Bison, o grande mestre de tudo!
sf2hf	Street Fighter II: Hyper Fighting é um jogo de luta competitivo lançado para as arcadas pela Capcom em 1992. É o terceiro jogo da série Street Fighter II que é uma sub-série de Street Fighter. Lançado menos de um ano após a edição anterior, o Hyper Fighting introduziu uma velocidade de reprodução mais rápida e novos movimentos especiais para determinados personagens, bem como refinamento adicional para o equilíbrio de personagens. Hyper Fighting é o ultimo jogo da série a utilizar o hardware original do CP System. Ele foi distribuído como um kit de atualização projetado para ser instalado em placas de circuito impresso Champion Edition.
sfa	É o Street Fighter como você sempre se lembra, com alguns novos golpes, personagens e sistemas de combos, além de uma aparência mais polida. Os novos golpes disponíveis para cada lutador, chamados de Super Moves, permitem que eles iniciem golpes muito poderosos. Uma barra na parte inferior da tela representa o poder que você tem que usar para os golpes. Você começa a primeira rodada com 0, e cada ataque que você faz adiciona poder à barra. Uma vez que você alcance o nível 3, você pode desencadear ataques especiais, que às vezes nocauteiam o oponente. A outra grande mudança na série Street Fighter são os contadores Alpha. Estes podem ser usados para contra-atacar um ataque após o bloqueio.
sfa2	Street Fighter Alpha 2, conhecido como Street Fighter Zero 2 no Japão, Ásia e América do Sul, é um jogo de luta lançado em 1996 para o hardware de arcade CPS II pela Capcom. O jogo é ao mesmo tempo uma sequência e um remake para o Street Fighter Alpha do ano anterior: Warriors 'Dreams, que é em si um prologo da série Street Fighter II em termos de enredo e cenário.
sfa3	Street Fighter Alpha 3, o terceiro jogo da série Alpha, tem um total de 31 lutadores, o maior número da série até agora. Novos personagens incluem velhos favoritos E. Honda, Blanka, Vega, Cammy, T. Hawk, Dee Jay, Juni e Juli. Alguns dos mais novos lutadores incluem um ex-personagem da Final Fight (Cody, que está preso desde o último jogo da Final Fight, ou é o que suas roupas sugerem), Karin Kanzuki e Rainbow Mika.
sfex	Street Fighter EX é um jogo de luta 2D com gráficos 3D, lançado para máquinas arcade em 1996. Foi uma produção conjunta entre a Capcom e a Arika, embora apenas a Arika fosse responsável pela programação. Foi o primeiro videojogo da série Street Fighter com gráficos poligonais. O sistema de luta Street Fighter EX utiliza sistemas de luta da série Street Fighter II e da série Street Fighter Alpha. Ele é jogado como um jogo de luta 2D, mas em certos movimentos você pode ver zooms e mudanças de câmera graças aos gráficos 3D. O jogo utiliza movimentos especiais e Super Combos semelhantes aos jogos anteriores da série. Como no Street Fighter Alpha e Darkstalkers, o medidor Super Combos, que é usado para fazer esses e outros movimentos, é dividido em três níveis. O jogo introduz várias novas funcionalidades para melhorar as opções de combate do jogador.
sfex2	Street Fighter EX2 é um videogame de luta co-produzido pela Capcom e Arika, lançado originalmente em 1998 para a Arcade e executado em hardware Sony ZN-2. É uma sequela do Street Fighter EX. Uma versão actualizada do jogo intitulado Street Fighter EX2 Plus foi lançada em 1999 também para a Arcade e mais tarde uma versão foi feita para a PlayStation. Foi seguido pelo Street Fighter EX3. Street Fighter EX2 e em geral toda a saga de Ex é uma história paralela (Spin-Off) à história oficial da saga dos lutadores de rua.
sfex2p	É uma versão melhorada do Street Fighter EX 2 que induz os vários modos de jogo do Street Fighter EX+, incluindo o modo Expert que foi a grande novidade do título original, e adiciona vários outros modos de bônus como quebra de satélite ou luta contra um ciclóide que só pode ser derrotado sob a influência do novo modo Excel, a principal originalidade do jogo EX2.
sfexp	Esta atualização arcade somente de Street Fighter EX torna alguns personagens escondidos selecionáveis.
sfiii	Street Fighter III - New Generation é uma Nova Geração de Street Fighters! Apresenta sprites de personagens maiores do que os jogos Street Fighter anteriores com a animação 2D mais detalhada e mais suave já feita até momento de seu lançamento, um nível de qualidade que ainda precisa ser igualado por qualquer outro jogo 2-D fora da série Street Fighter III a partir de 2004; alguns reclamam que muitas coisas são animadas e cada animação contém muitos quadros, diminuindo o ritmo do jogo.
sfiii2	Street Fighter III - 2nd Impact: Giant Attack é a sequência de Street Fighter III New Generation, ambos produzidos pela Capcom. O jogo roda na placa CP System III de arcade e foi desenvolvido a partir do Street Fighter III original, com algumas mudanças, correções e adaptações. Praticamente todo o elenco do jogo original foi mantido para o desenvolvimento desse Street Fighter, que teve depois a única conversão para consoles caseiros dentro da coletânea: ?Street Fighter III Double Impact?, para Sega Dreamcast, que continha os dois primeiros jogos da série Street Fighter III.
sfiii3	Street Fighter III 3ª Strike: Fight for the Future é um jogo de luta 2D produzido pela Capcom, originalmente lançado para o arcade em 1999. É a segunda expansão do Street Fighter III, após o Street Fighter III 2nd Impact. Como seus antecessores, ele é executado no hardware CP System III. 3rd Strike. Aumentou a lista de personagens adicionando mais cinco novos, entre eles a Chun-Li. Também adicionou refinamentos adicionais às mecânicas e regras do jogo anterior.
sftm	O jogo inspirado no filme... inspirado no jogo?! É pior que o ovo e a galinha! O único título da franquia que não é publicado pela Capcom, e é um fracasso total. Os gráficos são ásperos, a animação requintada, a trilha sonora irritante, o cenário feio, as lutas perigosas, e além disso, há Van Damme e Kylie Minogue.
sfz2al	Street Fighter Zero 2 Alpha é uma versão aprimorada de &quot;Street Fighter Zero 2&quot; lançada em fliperamas no Japão, sudeste da Ásia, Brasil e regiões hispânicas. Na América do Norte e Europa, onde seu antecessor é conhecido como &quot;Street Fighter Alpha 2&quot;, esta versão aprimorada aparece apenas nos consoles domésticos.
sfz3ugd	Street Fighter Alpha 3 não é apenas uma sequência de uma das melhores séries de jogos de luta. Este é um dos jogos mais inovadores já lançados, um dos jogos mais perfeitos feitos por um mestre dos jogos de luta: Capcom.
sgemf	Super Gem Fighter: Mini Mix / Pocket Fighters é um jogo de luta lindo, abstrato e bem-humorado que inclui versões miniaturizadas de vários jogos de luta da Capcom, incluindo a lendária série &quot;Street Fighter&quot;, bem como &quot;Darkstalkers&quot; e o pouco conhecido &quot;Red Earth&quot;. Durante uma luta, os jogadores poderão liberar gemas coloridas de ataques bem-sucedidos contra seu oponente, bem como dos baús de madeira que aparecem regularmente. Coletar essas joias 'ativará' o personagem do jogador, dando-lhe ataques mais poderosos.
sgnascar	Nascar Racing é um jogo de corrida emocionante que leva os jogadores ao mundo da famosa competição de corrida da NASCAR. Escolha seu carro de corrida favorito e enfrente os desafios das pistas ovais icônicas. Com gráficos impressionantes e detalhados, você sentirá a emoção da velocidade enquanto luta pela vitória. Ajuste seu carro para obter o melhor desempenho e ultrapasse seus adversários em batalhas acirradas. Prepare-se para a ação veloz e torne-se o campeão da NASCAR Racing! O jogo é baseado na série Winston Cup (agora &quot;Sprint Cup&quot;), com versões digitalizadas de Talladega Superspeedway, Richmond International Raceway e Watkins Glen International (e uma pista oculta &quot;Team Sega&quot;, desbloqueada após 700 pessoas jogarem o jogo). Os carros selecionáveis ​​incluem o Pontiac Grand Prix, o Ford Taurus, o Chevrolet Monte Carlo e o Pontiac Firebird.
sgt24h	Jogo de corrida 3D no estilo JALECO GT 24H Le Mans lançado em 1996. É muito voltado para o fliperama, fácil de manusear e muito fácil de manter seus rastros, mesmo em altas velocidades - os freios não se desgastam muito! A atmosfera techno bastante animada combina perfeitamente com a ação.
shangril	Jogo de mahjong 3D em uma versão arcade dupla.
shdancer	Shadow Dancer é um jogo em que se controla um Shinobi. Com a ajuda do seu cão, deve matar os seus inimigos enquanto se aventura em locais como aeroportos, vias férreas, cascatas, esgotos, etc. Além disso, é necessário encontrar e desactivar várias bombas pelo caminho antes de deixar cada uma destas áreas. Tem também a opção de usar magia contra inimigos, que pode consistir em tornados ou bolas de fogo. Há várias missões que deve completar, e cada uma tem objectivos diferentes, tais como neutralizar um comando inimigo, perturbar a rota de abastecimento do inimigo, atacar as unidades industriais do inimigo, atacar as forças subterrâneas do inimigo, e libertar e proteger a base do vaivém. Cada missão consiste em três fases e há um chefe em cada uma das fases finais da missão.
shimpact	Super High Impact é um jogo de futebol americano estilo arcade que é um predecessor do NFL Blitz. É a sequência do jogo High Impact Football.
shocktr2	Shock Troopers 2nd Squad oferece mais uma vez uma série de níveis nos quais você deve, sozinho ou em pares, derrotar os planos sinistros do ditador local. Desta vez, a equipe de comando deve intervir em Billberk, uma nação ameaçada por um misterioso conglomerado que produz armas de destruição em massa, o D.I.C.
shocktro	Shock Troopers é um jogo de ação completo. Sozinhos ou em pares, comande guerreiros prontos para qualquer coisa e lute contra a ameaça terrorista. O jogo oferece três caminhos distintos para chegar ao quartel-general inimigo. Munido de uma submetralhadora, bazuca ou outras armas semelhantes, você pode escolher atravessar a selva, o vale ou passar pelas cordilheiras.
shougi2	Segunda parte do classico jogo de mesa de um ou dois jogadores publicado e desenvolvido pela Alpha Denshi.
sidearms	Uma raça alienígena maligna chamada &quot;Bozon&quot; está a tentar exterminar a Humanidade, e o Tenente Henry e o Sargento Sanders têm a responsabilidade de salvar a Raça Humana. Cada um deles veste um fato Mobilsuit - um fato de combate com motor a jacto e fortemente blindado - e empreende a sua missão. nSide Arms é um Shoot-em-up de deslocamento horizontal e ocasionalmente vertical para um ou dois jogadores. Cada jogador tem dois botões de disparo, um para disparar à frente e outro para disparar atrás; crucial para um jogo em que os inimigos atacam de todas as direcções. Disparar sobre certos inimigos revelará os power-ups - apresentados como ícones &quot;POW&quot; - e disparar sobre os ícones mudará o seu tipo ou revelará uma arma especial.
silkworm	O jogo coloca-o no comando de um helicóptero cuja missão é derrotar ondas de inimigos antes de enfrentar um de dois chefes recorrentes que se alternam no final de cada etapa. Os inimigos chegam ao ecrã, na sua maioria pela direita, e destrói-os. Não há variação no fluxo dos níveis: o cenário nunca é um obstáculo, a rolagem não muda e os adversários são sempre mais ou menos os mesmos. O principal interesse do jogo é o jogo dos dois jogadores. O segundo jogador tem um jipe. O segundo jogador tem um jipe, que está no chão, pelo que terá de jogar de forma diferente do primeiro jogador, e os adversários são literalmente dezenas deles, pelo que o objectivo do jogo multijogador será elaborar estratégias para tirar o máximo partido dos pontos fortes e fracos de cada unidade.
simpsons	Waylon Smithers acaba de roubar um diamante de Springfield Jewellers para o Sr. Burns. Enquanto tenta fugir, ele se choca com Homer, que bate o diamante na mão. Maggie pega na boca, levando Smithers a agarrá-la e fugir. Os Simpsons decidem ir atrás dele, mas Burns tem muitos capangas, que querem impedir a família de recuperar a filha.
skichamp	Ski Champ é a continuação do Sega Ski Super-G lançado em 1996. Esta nova versão roda na placa Model 3 que oferece gráficos ainda mais detalhados e mais efeitos gráficos como fumaça ou fogo. Você escolhe 1 de 4 personagens para jogar. Você começa no topo da montanha de neve, continua a esquiar em declive. No final de cada estágio, o jogador pode seguir uma rota diferente.
skisuprg	Jogo do tipo &quot;Simulação 3D de corridas de esqui&quot;. Ele apareceu em um fliperama com um par de esquis que facilitavam as manobras, com o objetivo de correr contra outros oponentes dentro de um limite de tempo. O jogo tem dois modos: World Series e Time Attack.
skullxbo	Joga como pirata (podes escolher entre dois) numa variedade de níveis com temas de piratas, como navios e fortalezas, ou lutando contra ninjas, esqueletos e outras criaturas para recuperares o teu dinheiro suado de um feiticeiro malvado. Também podes lutar lado a lado com um amigo.nnOs combates funcionam como uma esgrima, com alguns movimentos diferentes, incluindo a defesa. Os níveis passam a correr, com um boss no final de cada um. Ganhas dinheiro ao derrotar os teus inimigos e ao procurar tesouros no local marcado com um X.
skyadvnt	A Sky Adventure foi produzida pela SNK em 1989. SNK lançou 156 máquinas diferentes em nosso banco de dados sob este nome comercial, começando em 1979. Outras máquinas feitas pela SNK durante o período de tempo Sky Adventure foi produzido incluem Prehistoric Isle In 1930, Super Champion Baseball, Next Space, The, Ikari III: The Rescue, Genshi-Tou 1930's, Touchdown Fever II, P.O.W. - Prisioneiros de Guerra, Fighting Soccer, Paddle Mania, e Lee Trevino's Fighting Golf. Escolha entre quatro planos para repelir o ataque do Coronel Claud. Voando sobre vários terrenos você é atacado do ar e do solo a partir de uma variedade de máquinas voadoras, animais, plantas e pedras enormes. A pontuação é mantida numa base de &quot;Act&quot; e uma pontuação mais alta no final de cada acto dar-te-á um bónus maior, como numa nave extra ou em mais potência de fogo. Enquanto você é obrigado a escolher o seu avião no início de cada ACT você pode trocá-lo na mosca!
skytargt	Sega Touring Car Championship é um jogo de corrida arcade Sega Model 2C CRX desenvolvido pela Sega AM5 em 1996. É semelhante ao Sega Rally Championship em design, mas usa carros de turismo em vez de carros de rally. Ao contrário do Sega Rally Championship, o Sega Touring Car Championship nunca viu uma sequência e é considerado um jogo muito menos bem-sucedido por uma série de razões, principalmente a curva de dificuldade íngreme e a entrega de carros muitas vezes desajeitada.
slammast	Saturday Night Slam Masters - Lançado em 13 de Julho de 1993 nos Arcades, é um jogo de wrestling profissional com personagens fictícios criados pelo mangaká Tetsuo Hara, famoso pela série Hokuto no Ken. Ele também desenhou todas as artworks do jogo. O jogo foi seguido de um upgrade chamado &quot;Muscle Bomber Duo: Ultimate Team Battle&quot; em Dezembro de 1993.
slipstrm	Slip Stream é um jogo de Fórmula 1 baseado em duendes, com quatro circuitos: Alemanha, Japão, Austrália e o essencial Mónaco. O jogador pode escolher um dos oito carros de Fórmula 1, cada um com diferentes níveis de comportamento, aceleração, velocidade e aderência. O jogo oferece três modos de jogo: contra-relógio em uma ou todas as quatro corridas e campeonatos mundiais em quatro corridas. Cada carro tem um rácio alto e baixo. Durante a corrida, um medidor de turbo enche-se, o que acelera temporariamente. Os opositores também podem tirar partido deste turbo.
smashtv	Em Super Smash T.V., estamos no futuro, em 1999 (o jogo foi lançado em 1992) e a violência em programas de TV acabou se tornando o meio mais lucrativo de entreter os telespectadores. A missão do jogador é encarar uma horda de ciborgues mutantes pela sua vida. Serão seis armas à sua disposição e muitas telas até o final. Você poderá atirar em diversas direções ao pressionar os botões do controle. É possível ainda controlar um personagem com dois controles: o direcional do controle 1 garante a movimentação e o direcional do controle 2 atira em 8 direções, um verdadeiro trabalho em equipe para sobreviver nesse caos.
smgolf	Vs. Stroke & Match: Golf é um jogo de golfe desenvolvido para os Vs. Arcade Systems e fabricado pela Nintendo Company Limited em 1984. É um jogo de golfe de 18 buracos em que o jogador escolhe um jogo por tacadas ou por buracos contra um jogador humano ou computador. É definido para permitir um certo número de oscilações por crédito. O jogador ganha ou perde swings dependendo do resultado de cada buraco. Este mesmo jogo foi portado para o Famicom e Nintendo Entertainment System com muito poucas diferenças. Este jogo foi lançado em duas edições, uma edição Men's Golf e Ladies Golf com personagens masculinos e femininos. O jogador de golfe sem nome, estrelando a edição Men's Golf, tem uma semelhança impressionante com Mario.
snowbros	Um ou dois jogadores assumem o papel de bonecos de neve Nick e Tom enquanto lutam contra uma variedade de monstros em mais de cinquenta níveis de tela única baseados em plataforma. Os bonecos de neve podem jogar bolas de neve nos inimigos com o objetivo de envolvê-los completamente na neve. Os inimigos encerrados podem ser chutados para destruí-los, e isso é conseguido ao lado da bola de neve e pressionando o botão &quot;chutar&quot;. Isso faz com que a bola de neve gigante voe pela tela, matando todos os inimigos que estiverem no caminho. Se os jogadores demorarem muito tempo para completar um estágio, uma cabeça de abóbora maligna aparecerá e tentará matá-los. A abóbora é invencível, mas pode ser atordoada com bolas de neve. Depois de um curto período de tempo, a abóbora do mal gerará fantasmas que podem viajar livremente pelo palco enquanto procuram Nick e Tom. Esses fantasmas não podem ser mortos ou atordoados, então a única esperança do jogador é evitá-los enquanto elimina os inimigos padrão restantes, para passar para a próxima tela o mais rápido possível.
socbrawl	Soccer Brawl no Neo Geo é um jogo de futebol futurista. A única regra neste esporte é marcar mais gols que seu oponente. Todos os tiros são permitidos: é possível eletrocutar o adversário e atirar nele para recuperar a bola. Na fase de posse, o jogador deve carregar uma barra de energia antes de desferir um remate imparável à baliza.
soldam	Soldam é um jogo de quebra-cabeça em que o objetivo é combinar as frutas soldadas ao longo de uma linha inteira. As frutas caem do topo em um quadrado 2x2 que pode ser girado. Se as arestas corresponderem à cor, todas as frutas na direção das arestas correspondentes mudarão de cor para corresponder. As arestas correspondentes podem ser feitas na horizontal, vertical ou diagonal. As combinações podem ser feitas se a cor de mais de duas das mesmas peças de aresta corresponderem. Quando uma linha inteira de frutas corresponder, ela será limpa e as frutas que não corresponderem cairão. No entanto, à medida que o tempo jogado em cada estágio avança, o topo do tabuleiro começará a cair. Se uma fruta chegar ao topo do tabuleiro, o jogo terminará.
soldivid	Um excelente shoot'em-up em rolagem horizontal.
sonic	Aquele malvado e gorducho Dr. Eggman está nisso de novo! Desta vez, ele construiu uma nova ilha chamada Eggman Island e pretende usá-la para conquistar o mundo. Inevitavelmente, Sonic the Hedgehog, seu maior adversário está atrás dele, mas pouco sabia o nosso herói que Eggman se preparou para sua chegada. Agora, Sonic e dois de seus amigos, Ray the Flying Squirrel e Mighty the Armadillo estão presos dentro da Eggman Island! Podem nossos heróis escaparem e mais uma vez estragar os planos de Eggman? SegaSonic the Hedgehog é um jogo de plataforma isométrico no qual até três jogadores (controlando Sonic, Ray ou Mighty) devem lutar através da Eggman Island e escapar vivos. Mas Eggman não tornará fácil - em cada quarto, há uma série de armadilhas mortais que podem soletrar morte se Sonic e companhia não forem rápidos o bastante, assim como inimigos cujo único objetivo é ver Sonic morto. Um simples deslize e Sonic é um ouriço morto. Dispersos ao longo das fases, no entanto, estão anéis que aumentam a saúde, bem como a pontuação dos jogadores.
sonic2mb	Após ter aprontado todas e ter sido derrotado por Sonic, o Dr. Robotnik não aprendeu a lição. O vilão havia feito um plano de robotizar os animais da floresta, enquanto procurava as Chaos Emeralds (Esmeraldas do Caos). Mas Sonic atrapalhou o seu plano. Robotnik agora resolveu refazer seu plano, buscando evitar os erros cometidos. Ele novamente capturou os animais para colocá-los dentro dos robôs e os espalhou por toda a parte. E não é só isso: ele ainda construiu uma enorme Fortaleza Voadora. No Espaço, ele ainda colocou em funcionamento um laboratório secreto, que ele chamou de Death Egg (Ovo da Morte). Lá ele desenvolveu uma cópia metálica do Sonic, que possui as mesmas habilidades do ouriço. Construiu também um poderoso robô à prova de Sonic.
soniccar	Waku Waku Sonic Patrol Car é um passeio infantil que apresenta Sonic the Hedgehog fazendo o papel de um policial, patrulhando as ruas de uma cidade e mantendo-a segura do Dr. Eggman. O jogo foi lançado em dezembro de 1991, em japonês e inglês. A versão em inglês não foi exportada para outros países e provavelmente foi usada em áreas onde um grande número de turistas de língua inglesa frequentam. O jogo usa a música de fundo da Green Hill Zone do original Sonic the Hedgehog, embora os sprites na tela sejam refinados e pareçam bastante diferentes daqueles usados no jogo original do Sega Mega Drive. Além disso, existem falas no jogo. Sonic e Eggman falam em japonês durante todo o jogo/passeio. O jogo começa com Sonic dando um discurso introdutório, em seguida, saindo de uma delegacia de polícia e pulando em seu carro de patrulha. Neste ponto, o passeio começa e o jogador pode controlar o carro do Sonic como quiser. Ao longo do caminho, a ação faz uma pausa para deixar um grupo de flickies atravessar a rua. Enquanto o passeio recomeça, as coisas permanecem em paz por outro curto período de tempo, então Eggman aparece e começa a empurrar os carros para o lado. Espera-se que o jogador então ative a sirene e o persiga, pulando do carro ocasionalmente para ferir Eggman. Quando ele está danificado o suficiente, Eggman desiste e sai. Se nenhuma ação for tomada por tempo suficiente, no entanto, Eggman vai fugir. De qualquer forma, Sonic vai parar na frente da delegacia e o passeio/jogo termina depois que Sonic dá um discurso final.
sonicfgt	SegaSonic Cosmo Fighter (ou SegaSonic Cosmo Fighter Galaxy Patrol) é um passeio infantil de 1993 que apresenta Sonic the Hedgehog lutando contra inimigos no espaço que aparecem no monitor dentro do passeio. O objetivo é tentar resgatar os amigos de Sonic (Flicky e sua turma) do Doctor Eggman. O jogo é um shoot-'em-up mostrado de uma perspectiva top-down.
sonicwi2	Aero Fighters 2 é um shooter de rolagem vertical na mesma linha de 1942 e jogos similares. Suporta até dois jogadores e tem 8 aeronaves diferentes para escolher, cada uma equipada com armas primárias e secundárias exclusivas. Os power-ups melhoram o visual, a potência, o tamanho e a forma dos disparos. Bombas ativam um poder especial que geralmente apaga os inimigos na tela. O jogo tem um total de 10 etapas (Japão, Brasil, Atlântico, EUA, França, Austrália, Himalaia, México, Havaí e Espaço), todas com uma batalha final contra chefões.
sonicwi3	Aero Fighters 3 é um shooter de rolagem vertical na mesma linha de 1942 e jogos similares. Ele suporta até dois jogadores e tem 10 aeronaves diferentes para escolher, cada uma equipada com armas primárias e secundárias exclusivas. Os power-ups melhoram o visual, a potência, o tamanho e a forma dos disparos. Bombas ativam um poder especial que geralmente apaga os inimigos na tela. O jogo tem um total de 8 palcos colocados em vários países (Japão, Alemanha, Líbia, Egito, Pacífico, EUA, Inglaterra, França, Panamá, Tailândia, Ucrânia, Atlântico e Espaço), todos eles com uma batalha final contra um chefe.
sonson	Son Son Son é um jogo de plataforma 2-D de deslocamento lateral. A tela rola automaticamente, parando apenas para lutar contra grandes inimigos. A tela apresenta seis plataformas contínuas que ocasionalmente apresentam pequenas lacunas. Sonson e Tonton caminham automaticamente através destas plataformas. Pressionar para cima ou para baixo fará com que eles pulem para cima ou para baixo para a próxima plataforma. Pressionar para a esquerda faz com que eles se movam mais lentamente do que a tela rola, essencialmente continuando a se mover para frente, mas em um ritmo reduzido. Pressionar para a direita faz o oposto - SonSon e TonTon se moverão pelas plataformas mais rápido do que a tela rola. A dupla tem apenas um ataque - a capacidade de disparar explosões de energia das suas pautas. Tocar num inimigo ou num projéctil hostil faz com que o jogador perca uma vida. Se um jogador tiver vidas adicionais, regressará ao ecrã montado numa nuvem que lhe dará invencibilidade temporária. Se o jogador pressionar a vara de controle em qualquer direção, a nuvem desaparecerá e o personagem retomará seu modo de caminhada habitual.
soulsurf	Soul Surfer é um jogo de surf emocionante que oferece aos jogadores a oportunidade de experimentar a emoção das ondas. Pegue sua prancha e domine as melhores ondas em belos cenários tropicais. Realize manobras radicais, como tubos e aéreos, enquanto busca a pontuação perfeita. Com gráficos impressionantes e controles intuitivos, você se sentirá como um verdadeiro surfista profissional. Explore diferentes modos de jogo, participe de competições e desbloqueie novos desafios. Prepare-se para pegar a onda perfeita e se tornar o mestre do surf em Soul Surfer! Surfe pelas praias ao redor do mundo: Califórnia, Polinésia, Japão, Havaí, África do Sul, Europa e Austrália.
spaceace	Você está interpretando Dexter, um cara que luta contra o maluco Borf que sequestrou sua namorada Kimberly e agora está ameaçando o mundo com sua temida arma, o &quot;Raio Infanto&quot; que transforma adultos em crianças. O jogo funciona como uma história em quadrinhos - o visual é semelhante ao de muitos filmes de desenho animado. Em cada cena você só tem que decidir em que direção o teclado deve ser atingido para evitar uma das inúmeras telas de morte e avançar para a próxima tela ...
spacegun	No ano de 2039, a humanidade iniciou uma profunda exploração do espaço. No entanto, no meio desta expansão espacial profunda, há muitos perigos desconhecidos à espera de viajantes e exploradores cansados. Uma mensagem de socorro foi transmitida de uma nave espacial danificada. Tu recebeste a mensagem. Serás capaz de salvar os reféns indefesos das garras dos piratas espaciais? Corre por corredores e salas repletas de alienígenas de todos os tamanhos, bem como pela superfície do planeta em regiões muito mais perigosas, em busca de sobreviventes.
spang	Super Pang é uma sequência do original de 1989, na qual um ou dois jogadores controlam personagens armados com arpões, que devem destruir os numerosos balões de tamanho diferente que saltam ao redor de cada estágio de tela única. Quando atingidos por um arpão, os balões se dividem em fragmentos menores, de maneira semelhante ao clássico de 1979 da Atari, &quot;Asteroids&quot;. Os jogadores só podem disparar as armas de arpão virtualmente para cima, mas podem se mover para a esquerda e para a direita e subir as escadas que aparecem em muitos dos estágios. O jogo tem dois modos diferentes de jogo:
spf2t	Mergulhe no emocionante jogo de quebra-cabeça que combina diversão irresistível e viciante com personagens famosos da Capcom. Derrote seu oponente empilhando bloco após bloco em padrões estratégicos e combinações de cores. Seja o primeiro a preencher a tela do oponente com bloqueios e vitórias por nocaute! Mas esteja preparado para mais, porque você não pode jogar apenas uma vez.
spiders	Você controla uma nave que deve atirar em uma teia de aranha crescente e atacar aranhas. Você deve ter cuidado para não deixar a teia de aranha chegar à parte inferior da tela ou deixar muitas aranhas passarem por você, ou sua nave será destruída. A cada poucas rodadas, o rosto de uma mulher aparece e faz carinhos afetuosos para você.
spikeofe	Spikeout: Final Edition é a atualização de 1999 para Spikeout: Digital Battle Online , e a segunda da série Spikeout de jogos de arcade.
spikeout	Spikeout: Digital Battle Online é um jogo de arcade beat-'em-up Sega Model 3, e o primeiro jogo da série Spikeout. Spikeout é notável por ser o primeiro arcade beat'em-up cujos gabinetes podem ser conectados, resultando em um máximo de quatro jogadores competindo no mesmo nível com telas diferentes. Durante o desenvolvimento, o jogo ficou conhecido como Spike . Foi seguido por uma atualização, Spikeout: Final Edition , em 1999.
spinmast	SpinMaster on Neo Geo é um jogo de plataforma com dois cowboys, Johnny e Tom. A história começa quando um professor louco sequestra sua amiga Mary. Dois coelhos com uma cajadada só, os dois amigos decidem levar ajuda ao amigo, enquanto procuram um tesouro escondido. Durante cinco níveis, você deve enfrentar os lacaios do professor enquanto coleta fragmentos de cartas que indicam o caminho do saque.
splndrbt	Um jogo futurista de corridas de naves espaciais. Junte-se à corrida intergaláctica, dirija sua nave espacial de corrida a toda velocidade e destrua as naves espaciais adversárias, pegue a energia e os itens de munição, nesta corrida espacial envolvente, evite todos os obstáculos e curvas perigosas para passar para a próxima corrida para a vitória!
splndrbt2	Sequencia do primeiro jogo da franquia. Um jogo futurista de corridas de naves espaciais. Junte-se à corrida intergaláctica, dirija sua nave espacial de corrida a toda velocidade e destrua as naves espaciais adversárias, pegue a energia e os itens de munição, nesta corrida espacial envolvente, evite todos os obstáculos e curvas perigosas para passar para a próxima corrida para a vitória!
sprtshot	Jogo de tiro competitivo para 1 a 2 jogadores, no qual os jogadores, utilizando pistolas com mira ótica, têm de acertar num determinado número de alvos que aparecem no ecrã dentro de um determinado prazo para se qualificarem e passarem à ronda seguinte.
spyhunt	Em Spy Hunter, a ação desenrola-se a partir de cima. O teu carro está equipado com metralhadoras para te ajudar a eliminar os muitos inimigos na estrada, mas tem cuidado para não disparares contra civis. De vez em quando, encontrarás uma carrinha de armas e, se fores contra ela, o teu carro será equipado com uma segunda arma. Em vários pontos, a estrada divide-se e podes entrar num hangar para transformar temporariamente o teu carro num barco. Os carros tentarão fazer-te sair da estrada, os inimigos dispararão contra ti a partir da traseira de uma limusina e os helicópteros lançarão bombas sobre ti.
spyhunt2	Jogo de direção / tiro usando uma perspectiva 3D por trás e acima do carro. O carro pode atingir várias armas diferentes, até quatro ao mesmo tempo. Dois jogadores podem jogar ao mesmo tempo cooperativamente.
srally2	Sega Rally 2 é um jogo de Rally para arcade criado pela AM3 e lançado pela Sega em 1998. Entre as novidades da sequência de Sega Rally Championship estão novos veículos, novos ambientes para as pistas (incluindo um na neve e outro tropical) e novos circuitos para os ambientes já existentes.
srallyc	A jogabilidade do Sega Rally Championship é acessível e técnica. O jogo oferece 4 pistas de dificuldade crescente e 3 carros de rally. As pistas são altamente detalhadas e oferecem inúmeros desafios, bem como várias superfícies de pista, animações laterais e ambientes.
srmdb	Sunset Riders é uma plataforma de rolagem horizontal para até quatro jogadores no oeste selvagem da América. Quatro caçadores de recompensa de atiradores de elite (Steve, Billy, Bob e Cormano) decidiram reivindicar as recompensas por matar os bandidos mais procurados no Ocidente, antes de um confronto final contra o infame Sir Richard de la Rose. A ação acontece a pé e a cavalo, com o jogo às vezes interrompido por uma perseguição ao oeste selvagem; como correr nas costas de um rebanho de búfalos em fuga. Cada nível termina com os jogadores entrando em uma batalha individual contra um dos homens procurados que eles estão perseguindo.
srumbler	Speed Rumbler é um jogo de ação onde o jogador corre contra o relógio em um carro blindado dirigido por Super Joe, destruindo outros carros e salvando prisioneiros pelo caminho. O carro de Super Joe está armado com uma arma que pode usar para derrubar carros inimigos, mas os carros inimigos têm alguns truques na manga, por isso Super Joe deve estar sempre de guarda. À medida que o jogador progride nas seis fases do jogo, Super Joe pode receber um impulso ao salvar os cativos, que depois lhe atribuem pontos de bónus, maior poder de fogo ou acelerações. Se o carro do Super Joe for destruído, ele pode continuar a luta a pé com a espingarda. Mas, infelizmente, o Super Joe não é tão poderoso como o seu carro. O Super Joe tem 24 &quot;horas&quot; para destruir o Zapper.
ssf2	Super Street Fighter II: The New Challengers é o quarto jogo da sub-série Street Fighter II de jogos Street Fighter, seguindo Street Fighter II: Hyper Fighting. Além de refinar e equilibrar a lista de personagens existente das parcelas anteriores, Super Street Fighter II também introduziu quatro novos personagens. Este jogo também é conhecido sob o nome de Super Street Fighter II: The Tournament Battle, quando 4 gabinetes estão conectados para jogar no modo torneio.
ssf2mdb	Super Street Fighter II: The New Challengers é o quarto jogo da sub-série Street Fighter II de jogos Street Fighter, seguindo Street Fighter II: Hyper Fighting. Além de refinar e equilibrar a lista de personagens existente das parcelas anteriores, Super Street Fighter II também introduziu quatro novos personagens. Este jogo também é conhecido sob o nome de Super Street Fighter II: The Tournament Battle, quando 4 gabinetes estão conectados para jogar no modo torneio.
ssf2t	Super Street Fighter II Turbo, lançado no Japão como Super Street Fighter II X: Grand Master Challenge, é um jogo de luta competitivo lançado pela Capcom em 1994 para os fliperamas. É a quinta edição de arcade da sub-série Street Street Fighter II. Jogos de lutador, seguindo Super Street Fighter II. Como seu antecessor, ele rodava no hardware do CP System II. O Super Turbo introduziu várias novas mecânicas de jogo no sistema de jogo a partir das versões anteriores do Street Fighter II, incluindo a adição de Movimentos Especiais ativados chamados Super Combos. Ele também introduziu o personagem oculto de Akuma, que se tornaria um personagem recorrente em versões posteriores de Street Fighter e outros jogos de luta da Capcom.
ssideki	Experimente a atmosfera e a emoção de um estádio lotado. O jogo de ação ao vivo da SNK está aqui. Junto com o seu atacante estrela e carrinhos, com passes longos ou rasteiros, dribles que desafiam a gravidade, alcance a vitória e o prêmio da taça SNK. Você será esmagado com a ação realista e você vai acabar lavando as manchas de grama de suas roupas quando tiver terminado.
ssideki2	Super Sidekicks 2 é um jogo de futebol. Você pode escolher entre 48 países (Brasil, Argentina, França, Itália ...), cada um com suas próprias características de jogo. Assim, as equipes são classificadas em cinco critérios: golpe, velocidade, técnica, defesa e ataque. A seleção francesa será mais técnica, enquanto uma seleção como a dos Camarões será mais rápida. A competição ocorre na forma de um torneio: você começa na parte inferior da tabela com as qualificações.
ssideki3	Uma das estrelas do futebol arcade do início dos anos 90 retorna com uma terceira iteração. Logicamente chamado de Super Sidekicks 3 (e com o subtítulo &quot;The Next Glory&quot;), este jogo assume tanto a tocha, mas também herda o pesado fardo de suceder seu ilustre ancião.
ssideki4	A principal (e única) série de jogos de futebol da SNK continua em seu caminho com um quarto episódio. Chamado de Tokuten Oh: Honoh no Libero no Japão, o jogo se torna o The Ultimate 11 no Ocidente, então ele perde o nome de Super Sidekicks. Os modos estão em bom número com Game Start, Exhibition Game (amistoso), Grand Championship e Option. Novamente, podem ser em francês. A possibilidade de tocar a escala desaparece em favor de um toque clássico único, com a mão.
ssprint	Uma conversão do jogo de arcade, Super Sprint é um jogo de corrida para um ou dois jogadores. A jogabilidade é feita a partir de uma visão aérea da pista de corrida. As pistas começam simples e vão ficando cada vez mais complicadas, podendo também apresentar obstáculos que vão de cones de trânsito a tornados. Ocasionalmente, chaves inglesas aparecem na estrada e, quando coletadas, podem ser usadas após uma corrida para aumentar a potência do seu carro com pneus melhores, melhor aceleração ou velocidade máxima mais alta.
ssriders	Sunset Riders é uma plataforma de rolagem horizontal para até quatro jogadores no oeste selvagem da América. Quatro caçadores de recompensa de atiradores de elite (Steve, Billy, Bob e Cormano) decidiram reivindicar as recompensas por matar os bandidos mais procurados no Ocidente, antes de um confronto final contra o infame Sir Richard de la Rose. A ação acontece a pé e a cavalo, com o jogo às vezes interrompido por uma perseguição ao oeste selvagem; como correr nas costas de um rebanho de búfalos em fuga. Cada nível termina com os jogadores entrando em uma batalha individual contra um dos homens procurados que eles estão perseguindo.
sstingry	Um jogo de tiro semi-estratégico de ação de tanque de cima para baixo. Controle seu tanque através do campo de batalha e destruir todos os inimigos no caminho e derrotou a fortaleza inimiga.
stakwin	Stakes Winner é um jogo de corrida de cavalos em 2D. Assumindo o papel de jóqueis, os jogadores devem vencer uma série de corridas usando um dos oito cavalos selecionáveis do jogo. Cada cavalo é classificado em força, velocidade e resistência, tornando cada cavalo diferente no manuseio. Durante o jogo, as classificações de cavalos podem ser aumentadas através da conclusão de níveis de bônus. Cada cavalo tem uma barra de resistência exibida na parte inferior da tela, ao lado de uma imagem da cabeça do cavalo mostrando sua saúde atual. A barra de resistência diminui à medida que o cavalo corre, e quando se esgota, a corrida termina para esse cavalo.
stakwin2	Stakes Winner 2 no Neo Geo é um jogo de esportes em que você sobe na sela para participar de corridas de cavalos na Europa e nos Estados Unidos. Acelerar e começar o sprint no momento certo enquanto administra a fadiga do cavalo, essas são as chaves para um desempenho decente. Se a vitória estiver aí, use seus ganhos para comprar acessórios e, ao mesmo tempo, torne-se ainda mais eficiente.
starcrus	Um atirador espacial de 2 jogadores. Guia a tua nave espacial pelo espaço profundo e destrói o teu adversário para vencer neste Cruzador Estelar! O Star Cruiser é uma variante da guerra espacial. Dois jogadores pilotam naves espaciais exibidas no ecrã e devem tentar disparar um contra o outro para ganhar. Ao contrário da maioria das variantes, os comandos são volantes e pedais de acelerador. Não há sol central. Quando jogadores ou projécteis saem de um lado do ecrã, reaparecem no outro.
starforc	No ano de 2010 do Almanaque Dimensional, um misterioso planeta rebelde apareceu na escuridão do cosmos. Chamava-se Gordess e os seus habitantes, loucos por guerra, saqueavam os recursos de todos os planetas que encontravam, deixando apenas morte no seu rasto. Lutar contra os Gordess parecia impossível, mas contra todas as probabilidades, um corajoso piloto numa nave de patrulha espacial desafiou o exército alienígena. As pessoas chamaram a este patrulheiro espacial &quot;Final Star&quot;, a sua única esperança. Os Gordess têm vindo a cometer assassínios em massa há 2000 anos. Como piloto da &quot;Final Star&quot;, conseguirás pôr fim a isto?
starglad	Primeira parcela de uma trilogia que nunca foi concluída, como há apenas esta primeira parte e sua sequela, Plasma Sword, apareceu no console Dreamcast da Sega. O jogo nunca teve as vendas que a Capcom esperava. E não é que o jogo tenha sido mau, muito pelo contrário, o que acontece é que nesses anos a competição já causou danos suficientes. Jogos como Tekken 2 ou Soul Blade (ambos da Namco) ofereceram muito mais investimentos caprichosos do que o título da Capcom. Apesar de tudo, alguns dos personagens de Star Gladiator tornaram-se muito populares, especialmente o seu protagonista, Hayato Kanzaki, que nos últimos anos tem sido visto como um lutador jogável em Marvel vs Capcom 2, ou junho, sua namorada, que teve cameos como um personagem não jogável em jogos de empresa como Pocket Fighter ou Capcom vs SNK 2.
starlstr	Em Star Luster, o jogador controla Dan Heinick, um piloto do caça estelar Gaia. Ele tem a tarefa de lutar contra o maligno Battura e seus asseclas, que estão empenhados em controlar todo o universo. O jogo é jogado de uma visão interna do cockpit. Os jogadores selecionam um local em seu mapa interplanetário e fazem o warp nele. Locais que podem ser voados para incluir pontos que contêm bases e aglomerados inimigos. Os jogadores devem estar cientes da localização do inimigo, pois os inimigos podem atacar e destruir planetas e bases se chegarem perto o suficiente deles.
starseek	Idol Star Seeker é um jogo de arcade ao estilo de caça-minas, jogado em um campo de azulejos hexagonais. O objetivo é marcar todas as minas e remover todas as peças dentro do prazo para revelar uma imagem de uma garota com pouca roupa. Cada estágio apresenta uma nova imagem de fundo a ser revelada, mas se o estágio não for concluído em tempo hábil, a imagem mudará para a do modelo totalmente vestido de mau humor, mas o jogador ainda terá a chance de concluir o estágio e continuar o jogo. No entanto, se o cronômetro acabar completamente, o jogo terminará.
stcc	Sega Touring Car Championship é um jogo de corrida arcade Sega Model 2C CRX desenvolvido pela Sega AM5 em 1996. É semelhante ao Sega Rally Championship em design, mas usa carros de turismo em vez de carros de rally. Ao contrário do Sega Rally Championship, o Sega Touring Car Championship nunca viu uma sequência e é considerado um jogo muito menos bem-sucedido por uma série de razões, principalmente a curva de dificuldade íngreme e a entrega de carros muitas vezes desajeitada.
stdragon	O jogador controla o ciborgue Saint Dragon, que se rebelou contra o tirânico exército Monster Cyborg. Inicialmente, Saint Dragon está armado com fogo de plasma e sopro de fogo. Ao recolher bónus, o poder de fogo, a velocidade e o poder das armas do dragão podem ser melhorados. Além disso, o dragão tem uma cauda blindada que segue o movimento do jogador, permitindo que seja usada como escudo defensivo. Cada nível culmina numa batalha com um chefe.
strhoop	Qual time é o melhor no 3 contra 3? Escolha entre dez países para descobrir. Os arremessos variam de acordo com a distância. Fake dunk, aloof - uma variedade de técnicas para escolher! Veloz! Poderoso! Mova seu corpo para com o rap e o hip hop. Quando o medidor de potência atinge o seu máximo, o Super Dunk acende!
strider	Strider é um jogo de videogame da Capcom, lançado em 1989 o enredo do jogo é este: Em 2048, a Terra está sob ameaça de Grandmaster Meio, um ser de outra galáxia, que intenciona dominar o nosso planeta. Para tanto, Meio construirá uma estação estelar, localizada entre a Terra e a Lua, denominada de &quot;Third Moon&quot; (trad: Terceira Lua). Todavia, Hiryu, um valente guerreiro Strider, armado com sua poderosa espada cypher, decide opor-se a Meio, combatendo suas forças invasoras. Sozinho nesta luta, Hiryu receberá apenas a ajuda dos &quot;Options&quot; (pequenos robôs, ou ainda animais mecânicos, como uma águia e uma pantera) que ele, eventualmente, venha a encontrar pelo seu caminho.
strider2	Strider Hiryu 2 é uma sequela direta do soberbo original de 1989, o jogador mais uma vez assume o papel de Strider Hiryu, um ninja que usa uma cifra mortal de ejecção de plasma chamada &quot;Falchion&quot;. Os jogadores começam o jogo seleccionando uma das três missões difíceis, com uma quarta a ficar disponível quando as três iniciais estiverem completas. Completando a quarta missão desbloqueará a missão final de &quot;boss&quot;, na qual o jogador tem de lutar contra um número de bosses que inclui o desonesto &quot;Strider Hien&quot; do primeiro jogo Strider. Uma vez que todas as missões são completadas, o personagem de Strider Hien - que usa dois cifras de distância - é desbloqueado.
subs	Você está pilotando um submarino e tentando torpedear seu inimigo quantas vezes puder no tempo permitido. Você não vê seu inimigo nem ele, exceto no sonar, em olhares fugazes e ocasionais e em ver de onde veio um torpedo.
suchie2	Terceiro jogo da série de jogos de mahjong Suchie-Pai. Mais garotas bonitas estão prontas para serem suas oponentes em um jogo de strip mahjong. Uma garota chamada Shiho Katagiri foi sequestrada e cabe a Suchie-Pai salvá-la. Suchie-Pai precisará vencer vários oponentes no mahjong para progredir. As cenas de strip são animadas desta vez. Você também é acompanhado por alguns de seus oponentes, que podem se transformar em heróis. A versão para PlayStation é uma porta censurada e não apresenta conteúdo adulto.
sunaq	Os jogadores, sozinhos ou em pares, escolhem entre quatro personagens, incluindo Goku e três personagens infantis, para participar num jogo de tabuleiro repleto de perguntas triviais. Os jogadores avançam lançando dados e respondendo a perguntas feitas por vários anfitriões, como E.T. e um cowboy a falar inglês complicado. As respostas incorretas custam vidas, enquanto as respostas corretas permitem que os jogadores lancem os dados novamente. Ao aterrar em espaços especiais como “777”, os jogadores podem ganhar vidas extra, movimentos bónus ou pontos adicionais através de uma slot machine. O tabuleiro é infinito, proporcionando um desafio constante para alcançar a pontuação mais alta possível.
superdq	Você é um cavaleiro chamado Don. Sua namorada, Isabella, foi capturada por uma bruxa malvada que a mantém como refém. Você possui uma espada como arma e conta com um ajudante chamado Sancho. Sua missão é abrir caminho até o esconderijo da bruxa malvada e salvar Isabella.
superspy	O Super Spy em Neo Geo é um jogo de ação em primeira pessoa no qual você joga como um espião encarregado de travar uma luta feroz contra terroristas. Com as mãos nuas, armado com faca, pistola ou uzi, neutralize todos os adversários que chegam às dezenas à sua frente. Uma vez que a área está protegida, um acesso se abre para entrar em um novo local hostil.
suprloco	Um jogo de arcade de ação de veículo lançado pela Sega em 1982. Foi um dos primeiros videogames baseado em trens e apresentava música de fundo baseada no hit &quot;Rydeen&quot; da Yellow Magic Orchestra de 1979.
suratk	Surprise Attack é um jogo de plataforma 2D, um pouco semelhante ao Rolling Thunder ou Shinobi. O jogador deve neutralizar os terroristas, que se baseiam em Marte e desarmar bombas-relógio. A jogabilidade é bastante simples - o herói dá certo, atira nos inimigos, encontra bombas, evita balas inimigas, etc., ele deve pular nos andares superiores para contornar obstáculos (e neutralizar algumas bombas)
sushibar	Sushi Bar é um jogo de quebra-cabeça para a placa de arcade Sammy Atomiswave. A jogabilidade é muito semelhante à de Puyo Puyo, onde o jogador deve reorganizar vários alimentos da culinária tradicional japonesa para desbloquear o próximo nível.
svc	SVC Chaos: SNK vs Capcom para Neo Geo é um jogo de luta com os guerreiros das duas famosas séries Street Fighter e King of Fighters. O jogo oferece um modo arcade onde se segue a história de seu herói, assim como os modos versus, challenge e survival.
svcpcb	SVC Chaos: SNK vs Capcom para Neo Geo é um jogo de luta com os guerreiros das duas famosas séries Street Fighter e King of Fighters. O jogo oferece um modo arcade onde se segue a história de seu herói, assim como os modos versus, challenge e survival.
swat	SWAT é um tiroteio abstrato de um ou dois jogadores, no qual o objetivo é impedir que enxames de alienígenas construam um túnel secional da parte inferior da tela para o topo. No topo de cada nível estão as seções do túnel azul, enquanto no fundo estão as roxas. Os alienígenas começam na parte inferior da tela nas seções roxas. À medida que se movem através de um túnel, eles podem construir novas seções em qualquer direção.
swracer	Star Wars Pod Racer é um jogo de corrida de alta velocidade baseado na emocionante corrida de pods vista no universo Star Wars. Escolha entre uma variedade de pilotos e suas naves customizáveis, e desafie seus adversários em pistas exóticas e perigosas. Com gráficos impressionantes e efeitos sonoros autênticos, você se sentirá imerso na ação das corridas intergalácticas. Domine as curvas, desvie de obstáculos e acelere para a vitória em uma experiência de corrida emocionante. Esteja preparado para emoções intensas e torne-se o campeão das corridas de pods em Star Wars Pod Racer!
swtrilgy	Star Wars Trilogy Arcade é um jogo de tiro Model 3 que permite ao jogador montar, voar e atirar em veículos galácticos. Os jogadores viajarão por 6 estágios intergalácticos incrivelmente detalhados, com cenas de Uma Nova Esperança, O Império Contra-Ataca e O Retorno de Jedi, ambos desafiando a precisão dos tiros dos jogadores, bem como as capacidades de manobra do veículo. Segredos escondidos, localizados em todas as fases, permitem ao jogador alterar o curso da fase, tornando cada jogo uma experiência não convencional e emocionante.
talbot	O jogador controla um camponês com um chapéu de ponta vermelha, ele é um criador de coelhos e acompanhado de sua leal raça talbot cão de caça, deve recapturar todos os coelhos que escaparam e estão correndo ao redor do campo de labirinto. Você deve prevenir os ladrões com óculos escuros, roubar seus coelhos enquanto você evita seus ataques, é uma corrida contra o tempo, como você progride através do campo de labirinto você deve encontrar alguns alimentos como leite para reabastecer sua energia e dar ordens ao seu cão para colocar armadilhas ao longo do caminho para parar os ladrões furtivos e também pegar os coelhos mais fácil e trazê-los para a jaula novamente, para ir para a próxima rodada. Com cada rodada muda o padrão do labirinto. Enquanto mais coelhos você pegar mais pontos que você ganha e você ganha o jogo, se os inimigos pegar mais coelhos, você perde o jogo O talbot era um cão de caça branco que agora está extinto por causa de sua falta de propósito e necessidade de cuidado constante, mas ele foi creditado por ser um antepassado do beagle moderno e bloodhound. O termo talbot é usado na heráldica para se referir a um cão de caça bem educado.
tankbust	Você está sentado no controle de um avançado campo de batalha, olhando para o campo de batalha do futuro. Sua missão é procurar e destruir todas as forças inimigas que operam no asteróide que você foi designado para defender. Seu próprio tanque está equipado com um escudo defensivo e dois tipos de armas. Primeiramente, você tem um canhão convencional, disparando projéteis perfurantes de alta velocidade. Além desses, você pode disparar mísseis anti-tanque guiados por arame. Quando acionados, eles são controlados pelo uso das teclas esquerda e direita.
tankfrce	Tank Force é um jogo de arcade de tiro multidirecional, lançado pela Namco em 1991; foi o último jogo a ser executado no hardware do System 1 (que estava em uso há quatro anos), é a sequência Battle City, lançada seis anos antes, que por sua vez é uma sequência do Tank Battalion, lançado cinco anos antes (e onze anos antes deste título). A versão americana do jogo também foi o primeiro dos sete jogos da empresa a exibir a tela &quot;Os vencedores não usam drogas&quot; do Federal Bureau of Investigation durante seu modo de atração - os outros são Steel Gunner 2, F/A, Cosmo Gang o Puzzle, Knuckle Heads, Lucky & Wild e Numan Athletics. Exvania e Super World Court, que eram exclusivos do Japão, também podem exibir a tela em seu modo de atração se a configuração &quot;Exibir tela do FBI&quot; nos menus de opções dos jogos estiver definida como &quot;Sim&quot;.
tapper	Assumindo o papel de um garçom sobrecarregado, o jogador deve servir cerveja para os clientes sempre sedentos que povoam sua barra. Todos os clientes devem ser atendidos antes de alcançar os barris de cerveja. As xícaras vazias também devem ser apanhadas antes que escorreguem do final da barra e quebrem contra o chão. Pontos extras são concedidos por dicas de coleta, enquanto rodadas de bônus consistem em localizar a cerveja que não foi agitada e servi-la.
tblkkuzu	O bloco Kuzushi é um quebra tijolos ao estilo de Breakout ou Arkanoid, onde a sua raquete é liderada por um mecha, que pode alternar duas raquetes, uma laranja e uma azul. Ao alternar as raquetes, pode alternar os diferentes power ups, como se tivesse dois caracteres em um.
tbowl	TECMO BOWL - O jogo das tripas e da glória! Agora, coloque a cinta no capacete e vá em frente! Escolha a sua equipa e selecione jogadas para o seu próprio plano de jogo. A partir do snap, o controle total de cada passe, bloqueio, corrida e ataque está em suas mãos. Tecmo Bowl!
tdragon	Thunder Dragon é um shoot'em-up de rolagem vertical para 1 ou 2 jogadores. Os jogadores controlam um helicóptero futurista através de 8 estágios com um chefe final no final de cada estágio. Os inimigos incluem veículos futuristas, naves espaciais, mecânicos. Os jogadores têm uma arma padrão e bombas especiais para limpeza de tela. A arma padrão pode ser alimentada com mísseis, tiro amplo, lasers ou fogo pesado, escolhendo ícones marcados de 1 a 4.
tdragon2	Thunder Dragon 2 é um shoot'em-up de rolagem vertical para 1 ou 2 jogadores. Os jogadores controlam um avião espanador de colheita ou um avião de aparência mais futurista, ambos com hélice. Existem 8 estágios no total, com uma batalha contra um chefe final (ou como o jogo os chama de &quot;guardião da área&quot;) no final de cada estágio. Os inimigos incluem planos padrão, helicópteros e tanques, além de veículos mais futuristas e naves espaciais. No início de cada etapa, um texto &quot;Batalha é iniciada. Boa sorte&quot; ou &quot;Etapa 2&quot; etc. aparece. Os jogadores podem realmente atirar e destruir essas cartas para ganhar pontos de bônus. Outro recurso notável é uma voz com sotaque que não seja em inglês que solta frases aleatoriamente como &quot;sim cara, vamos seguir em frente&quot;, &quot;saia da minha frente&quot; ou &quot;yeehaw&quot; durante o jogo.
techromn	Tech Romancer é um jogo de luta 3-D robótico futurista da Capcom que atrai fortemente dos vários subgêneros do anime mecha.
tekken	Os 8 melhores artistas marciais do mundo emergem no 'Torneio King Of Iron Fist' por ganhar o título de King of Iron Fist e uma grande bolsa de prêmios em dinheiro. Cada artista fará o seu melhor para derrotar Heihachi e ganhar o prêmio em dinheiro e a fama.
tekken3	Os 19 lutadores mais difíceis do mundo entram no Torneio King of Iron Fist 3, para derrotar Heihachi e Ogre, que levou as almas de muitos dos maiores lutadores do mundo para adotar seu próprio estilo de luta. Cada personagem tem sua própria ambição de vencer o torneio. Um jogo totalmente 3-D com um conceito de luta um a um.
tektagt	O Tekken Tag Tournament é um torneio Iron Fist 'Dream Match', e não tem um enredo adequado para a linha do tempo da história Tekken. O jogo é uma versão aprimorada do Tekken 3, incluindo um novo recurso Tag - onde o jogador seleciona dois lutadores e pode alternar entre os personagens durante o jogo e realizar combos de tag-team. O primeiro lado a ter um personagem a ser nocauteado é o perdedor. A lista de personagens inclui quase (senão todos) os personagens de todos os 3 jogos anteriores.
tempest	As condutas hiperespaciais há muito são cruciais para a capacidade do homem de viajar rapidamente pelo espaço. Assim, quando alienígenas os invadem, torna-se necessário voar e limpá-los. Tempest é um jogo de tiro que usa gráficos de arame. Cada Wireway é tomada por sua vez, e possui uma rede de linhas guiando os caminhos de movimento de você e dos alienígenas. Você fica do lado de fora e continua atirando enquanto os alienígenas se movem em sua direção. Qualquer um que alcance o exterior é fatal ao toque, limitando muito sua amplitude de movimento se 2 ou mais conseguir isso. Alguns alienígenas se movem de lado - ao lidar com isso, planeje com antecedência, permitindo o tempo necessário para as suas viagens. Você tem um Super Zapper, que pode ser usado uma vez em cada nível para eliminar todos os alienígenas ativos no momento, mas isso não marca pontos.
tengai	Excelente shoot'em up horizontal com 5 personagens selecionáveis ??que têm seu próprio enredo e final. O título deste jogo se traduz do japonês como &quot;Além dos céus&quot;. Este jogo é conhecido no Japão como &quot;Sengoku Lâmina - Sengoku Ace Episódio II&quot;, que significa literalmente &quot;Lâmina da Guerra Civil - Civil War Ace Episódio II&quot;
tetrisp	Esta é mais uma versão atualizada do Tetris, lançada para PlayStation, Saturn e Game Boy. Esta versão possui os modos Clássico, Puzzle, Versus e Edit. No modo Puzzle, você deve salvar o professor que sobe ao topo. Para fazer isso, você deve limpar os blocos e trazê-lo para o fundo. O modo Versus leva você a enfrentar outro jogador. O modo de edição permite criar e salvar seus próprios níveis personalizados.
tetrisp2	Tetris Plus 2 é um jogo de arcade da Jaleco e a sequência de Tetris Plus. Possui modos infinito, quebra-cabeça e modo versus.
tgm2	Uma excelente versão de Tetris com novos elementos de gameplay e gráficos.
tgmj	A jogabilidade de TGMs é semelhante à de outros Tetris. O jogador deve mover e girar os tetraminos que caem para formar linhas horizontais que, uma vez completadas, são eliminadas. Durante o jogo, o jogo atribui automaticamente uma classificação ao jogador com base na sua pontuação. A partir das 9 horas, o jogador pode atingir a classificação máxima de GM (Grande Mestre).
thndrx2	Thunder Cross II é um jogo de tiro em 2D com rolagem lateral e sequela de Thunder Cross. Você mais uma vez assume o controle de uma nave espacial para salvar a galáxia. À medida que você avança e luta com várias embarcações espaciais, armas estáticas, andadores e power-ups de chefes estão disponíveis. Os power-ups incluem maior velocidade e / ou marcadores. Foguetes (V), balas de estrela de ponto triplo (B), lasers (L), algum tipo de argamassa (C) e colunas de fogo (F). O jogo pode ser jogado sozinho ou com um amigo.
thunderx	Thunder Cross é um jogo de tiro em 2D de rolagem lateral em que você assume o controle da nave espacial Blue Thunder M-45 em um ambiente temático espacial. Você tem que parar uma organização maligna chamada Black Impulse de conquistar a galáxia. À medida que você avança e luta com várias embarcações espaciais, armas estáticas, andadores e power-ups de chefes estão disponíveis. Os power-ups incluem maior velocidade e / ou marcadores. Um laser bumerangue, laser duplo e altos. Power-ups especiais podem ser usados apenas com uma cápsula de inicialização opcional e incluem um laser macro, bomba nuclear e lança-chamas. O jogo pode ser jogado sozinho ou com um amigo bruxo, em seguida, assume o controle da nave espacial Red Thunder M-24.
tigeroad	Um jogo de plataforma e ação no qual você joga como um jovem monge lutador. Na base armada com um machado, a sua viagem começa mesmo à saída do templo. Os inimigos atacar-te-ão de ambos os lados com velocidade para te surpreenderem. Felizmente, você vai encontrar bônus e especialmente novas armas ao longo do caminho.
timecrs2	Um agente muito importante foi raptado e um satélite militar foi roubado. Dois mercenários têm de os encontrar e deter os terroristas antes que eles lancem o satélite e o agente para o espaço! Vais encontrar a mesma jogabilidade que fez do primeiro Time Crisis um sucesso.
timelimt	Prepare-se para a ação ao entrar no mundo maravilhosamente pixelizado do Tempo Limite! Torne-se um policial e entre em um prédio infestado de gangues para se mover entre os pisos, explodindo o inferno dos bandidos antes de atirar em você! Suba a escada, pegue elevadores e continue atirando para se manter vivo e trazer os membros da gangue à justiça! Lutar bem também lhe dará uma chance nos níveis de bônus para maximizar os pontos e se tornar um mestre!
tinstar	No The Tin Star, um jogo de tiro em tela única, o herói Zeke vai à cidade para proteger os cidadãos que cumprem as leis de bandidos e varmitos. De um tiroteio na rua, uma emboscada no salão, uma briga no curral, a rodada de bônus no deserto aberto, onde o solitário homem da lei Zeke pode dobrar sua pontuação atirando em um hombre do cavalo. O Tin Star é um jogo de tiro complicado, onde você tem que se esquivar e atirar de lado e para cima para limpar várias telas de bandidos.
tmnt	April O'Neil, o amigo repórter das Teenage Mutant Ninja Turtles, é sequestrado pelo vilão Shredder e seus dois capangas, Bebop e Rocksteady. As quatro tartarugas ninjas: Rafael, Michelangelo, Donatello e Leonardo abrem caminho por hordas de soldados de infantaria para resgatar abril. Eles enfrentam inimigos familiares, como o cientista louco Baxter Stockman, o general Traag da Dimensão X e o cérebro alienígena do mal Krang, até o confronto final com o próprio Shredder. Teenage Mutant Ninja Turtles é um jogo de arcade feito pela Konami durante o auge da popularidade da série de desenhos animados. Dependendo da versão do jogo, até dois, três ou quatro jogadores podem participar da ação. O jogo joga como um Double Dragon simplificado. Enquanto a maioria dos inimigos padrão do Foot Soldier são facilmente despachados, alguns atacam com facas ou armas de raios e, portanto, são mais perigosos. No final de cada nível, os jogadores encontram um chefe (ou, em certos casos, dois chefes trabalhando em conjunto, como Bebop e Rocksteady).
tmnt2	A sequência do enorme sucesso original de 1989, 'Turtles in Time', mais uma vez vê os quatro heróis enfrentando Shredder e seu exército. A jogabilidade permanece semelhante ao jogo original, mas a experiência é aprimorada ainda mais com os gráficos e efeitos sonoros obrigatórios. 'Turtles in Time' também apresenta uma variedade maior de níveis, já que a batalha entre o bem e o mal se enfurece ao longo do tempo, enquanto as Tartarugas viajam para os tempos pré-históricos, piratas e do Velho Oeste, em busca do esquivo Splinter. Mais uma vez, o domínio da Konami sobre o gênero estava em evidência, pois a energia e o humor maníacos das séries de desenhos animados e histórias em quadrinhos nas quais o jogo se baseia foram capturados perfeitamente.
todruaga	O jogador assume o papel do Príncipe Gilgamesh (Gil), um valente cavaleiro que tem de salvar a sacerdotisa Ki que está presa pelo demónio Druaga. O jogador está armado com uma espada e um escudo para atacar e defender-se. Desloca-te de um andar para outro, que são construídos como labirintos, em busca da chave que te permitirá sair do nível. A Tower of Druaga tem cerca de 60 andares, com o confronto final a ter lugar no topo. Os itens podem ser encontrados ao completar várias tarefas em cada andar, algumas das quais serão necessárias para completar o jogo.
toki	Toki, conhecido no Japão como JuJu Densetsu, é um jogo de arcade de plataformas de 1989, ou &quot;run and gun&quot;, desenvolvido e publicado no Japão pela TAD Corporation e publicado na América do Norte pela Fabtek. Caracteriza elementos do humor explícito combinados com a ação. O jogador assume o controle de um macaco encantado que deve combater hordas de monstros da selva com bolas de energia de sua boca (descritas com humor como &quot;cuspe de macaco&quot; ou &quot;vômito de macaco&quot; por alguns jogadores). O objetivo final é destruir o mago maligno que lançou um feitiço em você; transformando-se de um macaco de volta em humano e resgatando a princesa sequestrada. O jogo foi portado para vários consoles de videogame e computadores domésticos.
tokio	No jogo, o jogador controla um avião a hélice vermelho, sobrevoando a cidade de Tóquio. Ele é capaz de atirar e capturar outros planos vermelhos e menores, que seguirão o jogador em formação. O jogador pode escolher entre três formações: a primeira é capaz de disparar projéteis ar-ar e ar-solo, o segundo único ar-ar (mas em uma área maior), a terceira apenas ar-ar chão (mas em uma área maior também). Durante o jogo, o jogador deve reagir de acordo com as ameaças e decidir rapidamente qual dos 3 tipos de formação é mais adequado em um determinado momento.
tomahawk	Você joga como um submarino. Existem naves espaciais alienígenas drenando a água do mundo. A Terra precisa de água, então você recebeu ordens para abrir fogo contra os invasores do espaço. Eles se movem em uma formação simples de &quot;ir e vir&quot;, por isso deve ser fácil atingi-los. O nome do jogo vem do tipo de armamento usado para derrotar essas naves espaciais alienígenas. São mísseis Tomahawk, coisas realmente poderosas, capazes de explodir até as naves alienígenas mais fortes em uma única explosão.
tophuntr	Acabe com os piratas do espaço! Tempo: a era do colonialismo espacial. Os temidos Klaptons estão à solta, transformando assentamentos pacíficos em cidades fantasmas. Procurando o preço na cabeça dos Klapton, vêm os caçadores de recompensas cósmicos RODDY e CATHY. Esses dois têm o que é preciso para salvar o universo? Eles podem trabalhar juntos sem competir pelas recompensas? O destino deles, e o destino do universo livre, está EM SUAS MÃOS - o lendário time conhecido como TOP HUNTER!
topskatr	Escolha entre seis personagens únicos com estilo e personalidade individuais. Inclui todos os movimentos radicais do skate: kick flips, giros de 180 graus, giros de 360 ​​graus, indy nose bones, Oilies e muito mais!
tpgolf	Competição de Primeira Classe! Em um belo percurso, a competição silenciosa começará. Selecione entre quatro jogadores individuais. Jogue um jogo de Nassau para um toque diferente. Desfrute de emoção de golfe na vida real!
trally	Thrash Rally no Neo Geo é um jogo de corrida que oferece o controle de um veículo todo-o-terreno em duas competições distintas, o Paris-Dakar ou o Campeonato Mundial de Rally. O objetivo é passar pelos checkpoints antes que o tempo acabe, ultrapassando os demais motoristas.
travrusa	Em um jogo remanescente de Road Fighter e Rally Bike, o jogador assume o controle de um motociclista que está em uma corrida para ser o primeiro a atravessar os Estados Unidos do oeste para a costa leste, começando em Los Angeles e terminando em Nova York Cidade. A jogabilidade consiste no jogador esquivando-se de carros e outros perigos na estrada a caminho do próximo ponto de verificação. Os jogadores podem acelerar ou pisar no freio de sua motocicleta para evitar acidentes. Acidentes fazem com que o jogador perca combustível e ficar sem combustível pode terminar o jogo. Portanto, os jogadores devem ficar de olho no medidor de combustível, que pode ser reabastecido por barris de combustível espalhados ao longo de cada estágio. Cada carro que o jogador passa aumenta suas classificações, o que aumenta sua pontuação.
tricktrp	A princesa de Vegetaria chamada Papaya foi sequestrada pelo diabo. Agora cabe ao príncipe resgatá-la. O príncipe está equipado com uma arma que dispara balas, uma arma laser e bombas. Essas armas podem ser atualizadas continuamente para versões mais poderosas. O príncipe precisa passar por cinco áreas de Vegetaria, pela floresta, uma muralha do castelo, um labirinto, andar de caminhão ferroviário e, finalmente, o castelo do diabo. Cada uma dessas áreas é preenchida com inimigos e um monstro chefe e deve ser derrotada dentro do prazo.
triplew2	Um jogo de mahjong no estilo RPG com muitos itens de bônus a serem encontrados.
trojan	O jogo consiste em seis fases, onde o jogador vai enfrentar a série habitual de pequenos inimigos fritar, bem como um vice-chefe no centro de cada etapa e um chefe no final. O jogador pode começar o jogo em qualquer uma das seis fases. No entanto, o jogador deve jogar o jogo inteiro novamente depois de derrotar o chefe final, Aquiles, para ver o verdadeiro final (semelhante ao dos Goblins n Fantasmas). O jogador pode continuar após o fim do jogo, dependendo da configuração do interruptor DIP.
tryout	Jogo de teste de time de beisebol profissional. Existem testes de arremesso longo, roubo, arremesso, rebatidas e campo.
ts2	Battle Arena Toshinden 2 é um jogo de luta baseado em armas 3D com um total de 15 lutadores diferentes - 11 lutadores principais, 2 lutadores escondidos e 2 bosses. As batalhas acontecem em várias arenas 3D rendidas. Ao contrário da maioria dos outros jogos 3-D do tempo onde apenas os gráficos são 3-D, com a luta real ocorrendo em um avião 2-D.
tstrike	O jogador controla um helicóptero que deve destruir as forças dos inimigos em um campo de batalha aquático. O jogador deve evitar colisões com os aviões inimigos e seus tiros de fogo, assim como algum fogo de soldados e unidades antiaéreas. Evitar colisões com a fortaleza do inimigo é essencial. Às vezes, forças destruídas podem derrubar power-ups para o helicóptero do jogador.
tubep	Tube Panic leva o jogador a um estranho mundo futurista em 3D, onde as batalhas espaciais são travadas dentro de enormes arenas geométricas repletas de hordas mecânicas. Equipada com um canhão de feixe para disparar através das ondas dos grupos de batalha inimigos, a nave do jogador avança continuamente ao longo das paredes das estruturas, com a câmara atrás; a vista muda e gira juntamente com a nave. As viagens podem ser aceleradas ou abrandadas, mas a potência da nave é drenada a um ritmo constante - perdê-la completamente desactivará as tuas armas. O poder só pode ser recarregado com sucesso acoplando com a nave-mãe no final de cada missão, que também concede um bónus de pontuação. Nas muitas secções tubulares do mundo do jogo encontrarás bloqueios indestrutíveis, mini-bosses blindados e os ocasionais &quot;buracos warp&quot; (que transportam o teu navio com segurança alguma distância à frente).
turfmast	Neo Turf Masters é um jogo de golfe que oferece jogos em três países diferentes. Você pode jogar nos EUA, na Alemanha e no Japão. Há 18 buracos por curso, assim como na vida real, que totaliza 54 buracos. O jogo apresenta um modo versus para dois jogadores e três modos para um jogador. Você pode escolher entre seis personagens diferentes, cada um com seus próprios pontos fracos e fortes. Como muitos outros jogos de golfe, você usa um tipo de jogo de clique preciso, onde você clica em um mapa aéreo no qual deseja bater na bola e ajusta o taco, o slice e a força. No modo Versus, você pode ganhar &quot;super clubes&quot; que só podem ser usados uma vez. Estes também podem ser trocados entre amigos.
turtles	Ajude as tartarugas a transportar os seus bebés para um local seguro. Cuidado com os escaravelhos malvados!
twcup90	Tecmo World Cup é um jogo de futebol que apresenta apenas equipes nacionais. Como o título indica, você pode jogar o torneio da Copa do Mundo, que também incluirá uma rodada de qualificação. Você pode escolher seu time dentre 24 nações, embora a variedade não seja idêntica à lista da última Copa do Mundo na época do lançamento dos jogos. Além disso, a qualificação, em contraste com a Copa do Mundo real, tem apenas quatro equipes, já que não participam as 24 equipes disponíveis. Além da Copa do Mundo, o único outro modo para um jogador é um amistoso contra um time escolhido aleatoriamente.
twincobr	Twin Cobra é um shoot-em-up com rolagem vertical. Pilote o helicóptero de ataque TC-17 Twin Cobra para combater as forças do comandante Anziga, líder da nação Kaban. Seu trabalho é voar para Kaban e destruir toda a base militar do comandante Anziga.Você lutará com pequenos helicópteros, tanques e armas fixas, derrotará grandes helicópteros para obter power-ups. Ao selecionar ícones de cores (azul, amarelo, vermelho ou verde), você pode mudar para diferentes tipos de armas. O azul é um tiro de dispersão para a frente, o amarelo é um tiro de quatro direções, o vermelho é um tiro a laser para a frente e o verde é um tiro a laser para a frente contínuo.
twineag2	Twin Eagle II é um jogo de rolagem vertical onde um ou dois jogadores pilotam helicópteros fortemente armados em três estágios, com três áreas cada. No início de cada etapa, os jogadores selecionam seu caminho de ataque pelas três áreas. As áreas com inimigos e alvos no nível do solo são apresentadas em uma vista isométrica de 3/4, enquanto as áreas sem alvos no solo apresentam imagens de paisagem com rolagem. Os jogadores usam suas armas para atacar aeronaves inimigas voadoras e bombas para atacar alvos terrestres, como tanques, lançadores de foguetes e arranha-céus. Se as coisas ficarem muito peludo, o jogador pode usar uma barragem de mísseis para limpar a tela de inimigos e poder de fogo inimigo. Destruir alguns edifícios revela caminhões de cores primárias, que derrubam power-ups e apontam itens quando destruídos. Cada área possui um chefe no final, que deve ser destruído para avançar além da área. A fase final apresenta um chefe adicional antes do final do jogo.
twinfalc	Twin Falcons ou Whizz é um jogo de tiro em 2D militar com tema lateral, onde você assume o controle de um avião de combate. A aeronave possui armas separadas para unidades / navios voadores e terrestres. Você luta contra vários inimigos, como navios, aeronaves e chefes. Enquanto estiver jogando, inimigos destruídos derrubam poderes. Isso inclui: velocidade mais baixa ou mais alta (D e U), laser (L), arma manual de três tiros (3 em círculo), arma automática de três vias (3 em quadrado) e arma de cinco tiros (R).
twinhawk	Twin Hawk é um jogo de rolagem vertical típico, com uma vista de cima para baixo. Seu objetivo é fácil, atire em todos os inimigos ao longo do caminho. Você só tem uma arma padrão no seu avião e nenhuma bomba. Em vez de bombas, você pode chamar planos de ajuda. Esses planos formam uma formação ao seu redor e ajudam a atirar em todos os inimigos. Ao longo do caminho, você tem a chance de coletar power-ups atirando em caminhões de transporte. Quando estes são destruídos, eles liberam uma energização. Existem três tipos. Primeiro é a atualização da arma, com isso você obtém um tiro mais amplo e mais poderoso. Segundo, você recebe mais chamadas para planos auxiliares. E terceiro são vidas extras.
twinspri	Twinklestar Sprites no Neo Geo é um shoot'em up cuja ação intensa contrasta com um estilo gráfico fofo e colorido. Separados por uma barra vertical, dois jogadores se enfrentam em um duelo (humano contra humano ou CPU) e devem eliminar uma série de inimigos o mais rápido possível para enviar bolas de fogo para a área do oponente.
twsoc96	Tecmo World Soccer '96 é um jogo de futebol 2D. O jogo tem um total de 32 equipes jogáveis, cada uma com sua própria formação inicial, além de classificações em três atributos: velocidade, potência e pressão. As equipes são divididas em grupos de quatro em oito regiões do mundo: Europa I-IV, América do Norte, América do Sul, África, Ásia e Oceania. No ataque, você pode executar passes curtos ou longos com os botões A e C, respectivamente, enquanto o botão B executa um chute de pontuação. Enquanto estiver na defesa, você pode alternar manualmente o controle do jogador com o botão B ou deslizar para enfrentar o portador adversário da bola com o botão A. Na maioria das vezes o jogo se parece com um título tradicional de futebol 2D, mas quando o portador da bola e o jogador defensor se enfrentam, o jogo muda para uma interface de simulação.
umk3	Ultimate Mortal Kombat 3 (UMK3) é um jogo de luta da série Mortal Kombat, desenvolvido e lançado pela Midway para arcades em 1995. É uma atualização do Mortal Kombat 3 de 1995, com um sistema de jogo alterado, personagens adicionais como o retorno dos favoritos Kitana e Scorpion que estavam faltando no Mortal Kombat 3, e alguns novos recursos. É essencialmente a versão completa do Mortal Kombat 3.
unsquad	O jogador pode escolher entre três pilotos mercenários: Shin Kazama, Mickey Simon e Greg Gates. Cada piloto voa um avião específico e tem capacidades ligeiramente diferentes. Shin Kazama: Shin voa um F-20 Tigershark; As armas em seu avião atiram apenas para a frente, mas em um ritmo rápido. Shin e seu avião são a combinação mais equilibrada disponível. Mickey Simon: Mickey voa um F-14 Tomcat; As armas em seu avião também atiram para a frente apenas, mas também são maiores (embora mais lento), infligindo mais dano do que o avião Shins. Greg Gates: Greg voa um A-10 Thunderbolt; Este avião tem menor poder de fogo para frente do que os aviões de Shin ou Mickey, porém também dispara um segundo fluxo para baixo em um ângulo de 45 ° a partir da corrente de disparo para a frente
usclssic	Um jogo básico de golfe que começa com uma vista do tee que mostra a velocidade do vento, a direção e a distância do green. Escolha seu taco e gire rolando a bola com a força e a direção desejadas. Orifícios extras dados para o par e abaixo do par.
vandyke	Vandyke é um arcade beat'em up 2D de cima para baixo, semelhante a Avengers.O jogador controla um guerreiro parecido com um bárbaro e luta contra vários inimigos e monstros (escorpiões gigantes, sapos gigantes etc.) Ele usa uma espada como principal arma, mas pode encontrar uma arma melhor (por exemplo: um mangual com uma corrente longa).
vanguard	Em Vanguard, o teu objetivo é pilotar a tua nave espacial até à Cidade Misteriosa, que se encontra no fim de um túnel fortemente vigiado, e, uma vez lá, destruir a criatura Gond. O túnel está dividido em várias zonas diferentes, chamadas Zona da Montanha, Zona do Arco-Íris, Zona do Pau, Zona das Riscas, Zona Escura e Cidade Misteriosa. Cada zona tem diferentes tipos de naves inimigas para enfrentar e pode deslocar-se na horizontal ou na vertical. Na Zona da Montanha ou na Zona das Riscas, também podes encontrar uma cápsula de energia marcada com um &quot;E&quot;. Se voares através dela, a tua nave torna-se temporariamente invencível contra as paredes mortíferas das cavernas e os muitos inimigos que tentam impedir-te.
vanilla	Em Mahjong Vanilla Syndrome, o jogador assume o papel de um jovem que encontra uma casinha de aspeto misterioso e atravessa um portal dimensional! Lá, ele é recebido por uma linda menina de orelhas de coelho chamada Vanilla, que lhe diz que ela é a guardiã do portal e que, se ele quiser voltar para casa, terá que derrotá-la e aos outros guardiões num jogo de mahjong! O jogo tem dois modos: o modo história, que coloca o jogador contra a Vanilla e faz progredir a história através dos jogos de mahjong, e o modo batalha, que permite ao jogador escolher entre três belas adversárias e alterar algumas das regras do jogo.
varth	Varth: Operation Thunderstorm é um jogo de arcade no gênero de tiro com rolagem vertical, publicado em 1992. O jogo não viu um port para consoles após seu lançamento inicial, mas 14 anos depois o Digital Eclipse Software colocaria o jogo no PlayStation 2, PSP e Xbox como parte da coleção Capcom Classics Vol. 2
vasara	O Vasara é um shoot'em up de rolagem vertical em arcada 2D, ocorrendo em um Japão alternativo dos anos 1600, apresentando elementos históricos, como robôs gigantes normalmente encontrados em atiradores de ficção científica. O jogo segue o conceito típico de atirador maníaco / inferno de balas - jogadores (até dois em cooperação) voam para frente em bicicletas suspensas e atiram em inimigos enquanto tentam evitar muitos projéteis disparados contra eles. Vasara tem três personagens jogáveis: Yukimura Sanada, Keiji Maeda e Saiga Magoichi - cada um especializado em uma arma diferente. Além do tiro padrão, estão disponíveis bombas de limpeza de tela e ataques de carga. Derrotar ou danificar os inimigos com os ataques de ataque faz aparecer pedras vermelhas. Pegá-los enche um medidor &quot;Vasara&quot;, transformando o ataque de carga em um super ataque. Outra característica única é que jogadores (e inimigos) não morrem após colisões. O jogo apresenta seis estágios e vários chefes para matar.
vasara2	Vasara 2 é um jogo de arcade 2D em estilo bala inferno / danmaku, e uma sequência de Vasara. Como no primeiro jogo, a ação acontece no Japão alternativo (fantasia científica + período Sengoku), e Oda Nobunaga é o principal inimigo. O jogador pode selecionar um de quatro personagens: Takeda Nobukatsu, Momochi Sandayu, Seiryubo e Akechi Mitsuhide (também há um personagem oculto, Saika Magoichi). O estilo de danmaku do jogo é simples - voe para frente, atire nos inimigos, colete pontos e aprimore as armas, desvie de inúmeras balas e derrote chefes gigantes. Vasara 2 tem uma característica única: o contato direto com o inimigo não é mortal - o jogador é apenas ligeiramente repelido.
vcop	Virtua Cop é um jogo de tiro desenvolvido pela Sega AM2. Os jogadores assumem o papel de policiais - ou Michael Hardy, ou seu parceiro, James Cools. Jogado em uma perspectiva em primeira pessoa, os jogadores devem usar uma &quot;light gun&quot; para atirar em criminosos e avançar pelo jogo.
vcop2	Virtua Cop 2 é um jogo de Pistola / Light Gun / Rail Shooter desenvolvido pela Sega AM2 e publicado pela Sega em 1995 para Arcade. O jogo acompanha a vida de três policiais e suas façanhas no campo do combate ao crime.
vendetta	Em Vendetta, você controla um dos membros da gangue The Cobras, que é composta por: Hawk (ex-profissional de luta livre, com forte semelhança com o Hulk Hogan), Boomer (um artista marcial, possivelmente baseado em Jean Claude Van Damme), Blood (ex-lutador, com uma leve semelhança com Mike Tyson), Sledge (um militar ex-presidiário com leve semelhança a Mr. T), e Kate, a dama em perigo e protegida de Hawk. Esta última foi raptada por outra gangue, a Dead End, liderada por Faust, que domina Dead End City e quer expandir o seu território. Os quatro homens da gangue partem para salvá-la e lutam contra a horda de inimigos que são enviados contra eles.
vf2	Virtua Fighter 2 é o segundo jogo da série de videogames Virtua Fighter. É um jogo de luta 3D 1v1, semelhante em conceito a outros jogos da série. Os jogadores selecionam um personagem e tentam usá-lo para superar uma série de oponentes.
vf3	Virtua Fighter 3 é a sequência do Virtua Fighter 2 de 1994 e o terceiro jogo de luta da série Virtua Fighter , desenvolvido pela Sega AM2 e publicado pela Sega em 1996. Foi o primeiro jogo de arcade para rodar na placa de sistema Sega Model 3.
vf4	Virtua Fighter 4 é um jogo de luta aclamado para o sistema Naomi 2. Entre em combates intensos e estratégicos com uma variedade de personagens carismáticos e habilidosos. Domine as artes marciais, execute combos devastadores e desbloqueie técnicas especiais para derrotar seus oponentes. Com gráficos impressionantes, animações fluidas e controles precisos, Virtua Fighter 4 oferece uma experiência de luta autêntica e empolgante. Desafie amigos em partidas multiplayer ou prove suas habilidades no modo arcade para se tornar o campeão do torneio. Prepare-se para a ação frenética e emocionante deste icônico jogo de luta.
vf4cart	Virtua Fighter 4 é um jogo de luta aclamado para o sistema Naomi 2. Entre em combates intensos e estratégicos com uma variedade de personagens carismáticos e habilidosos. Domine as artes marciais, execute combos devastadores e desbloqueie técnicas especiais para derrotar seus oponentes. Com gráficos impressionantes, animações fluidas e controles precisos, Virtua Fighter 4 oferece uma experiência de luta autêntica e empolgante. Desafie amigos em partidas multiplayer ou prove suas habilidades no modo arcade para se tornar o campeão do torneio. Prepare-se para a ação frenética e emocionante deste icônico jogo de luta.
vf4evo	Virtua Fighter 4 Evolution é uma versão aprimorada do aclamado jogo de luta Virtua Fighter 4 para o sistema Naomi 2. Contando com dois lutadores adicionais: Brad Burns (um kickboxer) e Gou Hinogami (um mestre de judô). Apresentando novos recursos e melhorias, o jogo oferece uma experiência ainda mais refinada de combate. Escolha entre uma variedade de personagens icônicos e participe de batalhas intensas e estratégicas. Aperfeiçoe suas habilidades de luta, desbloqueie movimentos especiais e supere desafios cada vez mais difíceis. Com gráficos aprimorados, animações suaves e controles responsivos, Virtua Fighter 4 Evolution leva a experiência de luta para um novo patamar. Prepare-se para enfrentar os melhores lutadores do mundo neste jogo de luta lendário.
vf4evoct	Virtua Fighter 4 Evolution é uma versão aprimorada do aclamado jogo de luta Virtua Fighter 4 para o sistema Naomi 2. Contando com dois lutadores adicionais: Brad Burns (um kickboxer) e Gou Hinogami (um mestre de judô). Apresentando novos recursos e melhorias, o jogo oferece uma experiência ainda mais refinada de combate. Escolha entre uma variedade de personagens icônicos e participe de batalhas intensas e estratégicas. Aperfeiçoe suas habilidades de luta, desbloqueie movimentos especiais e supere desafios cada vez mais difíceis. Com gráficos aprimorados, animações suaves e controles responsivos, Virtua Fighter 4 Evolution leva a experiência de luta para um novo patamar. Prepare-se para enfrentar os melhores lutadores do mundo neste jogo de luta lendário.
vf4tuned	Virtua Fighter 4 Final Tuned é uma versão final aprimorada do popular jogo de luta Virtua Fighter 4 exclusiva do Japão para o sistema Naomi 2. Esta versão traz ajustes finais e melhorias no equilíbrio do jogo, adicionando novos estágios, oferecendo uma experiência ainda mais refinada. Escolha entre uma variedade de personagens habilidosos e participe de batalhas estratégicas e intensas. Aperfeiçoe suas técnicas de luta, explore os novos recursos e desafie os melhores lutadores do mundo. Com gráficos impressionantes, animações fluidas e controles precisos, Virtua Fighter 4 Final Tuned é o pináculo do combate no mundo dos jogos de luta. Prepare-se para uma experiência de luta emocionante e desafiadora.
vfurlong	Net Select Keiba Victory Furlong (Net Select Horse Racing: Victory Furlong) é um jogo de arcade de corrida de cavalos muito popular entre os fãs japoneses. A máquina de arcade foi lançada exclusivamente no Japão. O jogo também pode ser jogado online.
vhunt2	Vampire Hunter 2 - Darkstalkers' Revenge é um jogo de luta emocionante desenvolvido pela Capcom para o sistema Capcom Play System 2 (CPS2). Ele é a sequência direta do aclamado jogo de luta &quot;Darkstalkers: The Night Warriors&quot;. Neste jogo, você assume o controle de uma variedade de personagens únicos e carismáticos, incluindo vampiros, lobisomens e outras criaturas sobrenaturais. Cada personagem possui um estilo de luta próprio, com movimentos especiais e combos devastadores. Explore um mundo sombrio e cheio de mistério enquanto luta contra outros guerreiros sobrenaturais em emocionantes batalhas. A jogabilidade rápida e fluída, combinada com gráficos incríveis e animações impressionantes, cria uma experiência visualmente deslumbrante.
victroad	A história retoma directamente no final dos Guerreiros Ikari. Felicitados pelo General Kawasaki por o terem salvo, Paul e Vince (também chamado Ralf e Clark) regressam à sua terra natal num avião fretado pelo general. Uma misteriosa tempestade aparece e eles são lançados milhares de anos para o futuro (ou outra dimensão!). São saudados por uma criatura alienígena que lhes diz que o maléfico Zang Zip (Zangelt) tomou conta deste mundo. Para os ajudar a regressar a casa, usar as suas antigas armas de fogo e as novas para derrotar cada vez mais inimigos como os homens verdes ciclopes, os animais com cabeça de pedra e os malvados Zangelt.
viewpoin	Viewpoint on Neo Geo é um jogo de tiro 3D isométrico composto por seis níveis. O título é conhecido por ser extremamente difícil. Você vai aceitar o desafio?
vigilant	O Vigilante é um &quot;side-scrolling beat-em-up&quot;. Apresenta uma personagem dura que viaja pelas ruas para combater o bando Rogues que raptou a sua namorada Maria. O jogo apresenta cinco locais distintos, tais como ruas da cidade e uma lixeira, com inúmeros bandidos com características diferentes. Luta com os seus punhos, pés e correntes, em pé, agachados e saltos de ataque. Cada nível tem um chefe final que requer tácticas específicas. Inimigos surgem continuamente dos lados esquerdo e direito do ecrã até o chefe ser atingido. Isto significa que tem de se mover a um ritmo rápido para chegar ao fim do nível antes que o tempo se esgote. Quando os inimigos se aproximam demasiado, agarram o personagem e são necessárias prensas rápidas à esquerda e à direita para o libertar, uma vez que ele fica então vulnerável a ataques.
vimana	Os jogadores controlam sua nave sobre um fundo de rolagem constante; o cenário nunca para de se mover até que o nível final seja alcançado. Os jogadores têm três armas à sua disposição: o tiro padrão, um tiro de carga e uma arma de bomba. A arma de tiro padrão é uma arma de tiro duplo capaz de aumentar em tamanho e poder com atualizações. No entanto, o jogador precisa tocar no botão de disparo para disparar rapidamente; uma vez que o botão é pressionado, o navio carrega uma versão mais forte do tiro normal capaz de se espalhar por toda a tela em doze direções. A arma de bomba do jogador, a Bomba Circular, circunda o navio uma vez ativado e procura inimigos com um simples toque no botão de bomba. Há um total de quatro itens para o jogador pegar força de tiro, bomba circular, pontos e vida extra.
vindctr2	Uma sequencia da versão arcade foi lançada no mesmo ano que um kit de conversão para Gauntlet intitulado Vindicators Part II. Apenas cerca de 400 unidades foram feitas. Existem apenas algumas pequenas diferenças, já que a jogabilidade é quase idêntica à primeira, mantendo até 10 das 14 estações originais dos primeiros Vindicators. Ele ainda mantém os gráficos, músicas e sons antigos. Embora a voz no jogo tenha sido alterada para um som menos robótico, foram adicionadas várias atualizações de tanques que são usadas como powerups e expiram após o término de um nível.
vindictr	O Império Tangente está se preparando para atacar a Terra com seu comboio de tanques, e foi você quem foi enviado para destruir as 14 estações espaciais que constituem a ameaça potencial de invasão. Existem 3 subníveis em cada estação, que podem ser reproduzidos em qualquer ordem. A ação rola em todas as direções, com você guiando seu dróide de ligação ao tanque para atirar nos dróides da oposição. O tanque leva um tempo para dirigir, tornando inicialmente mais difícil evitar o contato com esses inimigos. Cada nível contém estrelas de energia, que podem ser trocadas por atualizações, como armas aprimoradas e velocidade extra após cada nível.
vliner	V-Liner é simplesmente um jogo de dinheiro (virtual) na forma de uma máquina caça-níqueis de Cassino!
volfied	O jogador é o piloto da nave espacial Monotros, que volta ao seu planeta natal, Volfied, para o salvar de uma invasão alienígena. No início de cada nível, o tabuleiro de jogo assume a forma de um retângulo: a tua nave move-se à volta do perímetro (a borda), enquanto vários alienígenas se movem no interior. Qualquer incursão da nave no retângulo permite-lhe cortar o tabuleiro, deixando-o vulnerável ao ataque inimigo. Cada zona fechada que desenhar será então validada. Terá de recuperar pelo menos 80% do tabuleiro de jogo para completar um nível.
von	Cyber Troopers Virtual-on é um jogo de luta futurista que coloca os jogadores no controle de mechas poderosos. Enfrente batalhas intensas e estratégicas em arenas virtuais cheias de ação. Escolha entre uma variedade de mechas com habilidades únicas e desencadeie combos devastadores contra seus oponentes. Com gráficos impressionantes e controles precisos, Cyber Troopers Virtual-on oferece uma experiência emocionante e imersiva. Domine suas habilidades de combate e torne-se o campeão supremo dos combates de mechas!
von2	Virtual-On Oratorio Tangram vai colocá-lo no cockpit de um imenso “mech” (os robôs/armaduras gigantes que aparecem em 11 de cada 10 seriados japoneses), que será então jogado em arenas 3D (com estalagmites, parafernálias eletrônicas, e tudo o mais que constrói um típico cenário futurista-utópico) das mais diversas para combater outros “mechs”, todos engajados em batalhas de ritmo acelerado.
von4	Cyber Troopers Virtual-on é um jogo de luta futurista que coloca os jogadores no controle de mechas poderosos. Enfrente batalhas intensas e estratégicas em arenas virtuais cheias de ação. Escolha entre uma variedade de mechas com habilidades únicas e desencadeie combos devastadores contra seus oponentes. Com gráficos impressionantes e controles precisos, Cyber Troopers Virtual-on oferece uma experiência emocionante e imersiva. Domine suas habilidades de combate e torne-se o campeão supremo dos combates de mechas!
vonot	Virtual Troopers virtuais: Oratorio Tangram MSBS Ver. 5.66 , conhecido como Dennou Senki Virtual-On Oratorio Tangram MSBS Ver. 5.66 (MSBS Ver.5.66) é a última das três principais revisões do Cyber ​​Troopers Virtual-On: Oratorio Tangram , uma sequela de Cyber ​​Troopers Virtual-On . MSBS Ver. O 5.66 foi lançado para ohardware de arcade Sega NAOMI e segue o Cyber ​​Troopers Virtual-On: Oratorio Tangram MSBS Ver. 5.4 . Ver. O 5.66 faz alterações significativas no Oratorio Tangram , atualizando a estética para se adequar ao hardware NAOMI aprimorado, apresentando três novos Virtuaroids e incluindo o suporte a VMU , permitindo que o jogo interaja com a versão Sega Dreamcast da Ver. 5,4 (5) .
vr	O jogo que popularizou corridas arcade 3D e deu o pontapé inicial da revolução 3D nos anos 90. Lançado em 1992 para arcades, foi posteriormente portado para consoles domésticos da Sega.
vs2	Virtua Striker 2 é um jogo eletrônico de esporte desenvolvido e publicado pela Sega para arcades em 1997. É a sequência do jogo eletrônico Virtua Striker de 1994 e o segundo jogo da série Virtua Striker.
vs298	Virtua Striker 2 Version '98 é uma atualização do jogo de futebol Virtua Striker 2 para o hardware de arcade Sega Model 3. A versão '98 tem o mesmo número de equipes que o original Virtua Striker 2 (26 equipes), mas muda alguns dos países.
vsav	Jedah, um dos antigos Três Lordes do Reino Sombrio, está de volta. Derrote Jedah e assuma seu trono como Senhor das Trevas.
vsav2	Vampire Saviour 2 é o quinto jogo da série Darkstalkers, que também é um beat'em bidimensional. Quinze personagens lutam para acabar com o reinado de Jedah, o salvador vampiro e salvar suas almas!
vsgshoe	Um jogo de plataforma onde você usa uma arma para atirar em vários bandidos, incluindo pássaros e carros, e para fazer Stevenson pular.
vsskykid	Você é o lendário Barão Vermelho, pilotando um avião através de um cenário de rolagem lateral horizontal definido durante a Primeira Guerra Mundial. Para completar uma missão, você simplesmente precisa chegar ao local de pouso do outro lado sem ser abatido, mas você pode ganhar pontos extras destruindo veículos e aviões inimigos. Para obter pontos enormes, pegue uma bomba escondida no nível (você será avisado por um som ao se aproximar) e jogue-a em uma grande estrutura. Se você não pousar na pista de pouso, ficará sem combustível e cairá. Você só pode atirar horizontal e diagonalmente inclinando o nariz do avião. Quando estiver em apuros, execute um loop aéreo com o botão secundário, isso muitas vezes destrói outros aviões e evita balas. Existe um modo cooperativo com o personagem Max também.
vssoccer	Vs. Soccer é um jogo de ação para dois jogadores ou um jogador contra o computador. Você pode jogar o jogo em um dos cinco níveis de habilidade, escolher entre vários times diferentes e selecionar quanto tempo a partida levará. O futebol apresenta arremessos laterais, chutes de gol, chutes de canto, pênaltis e uma visão aérea do campo que rola para acompanhar a ação.
vstrik3	Virtua Striker 3 é um emocionante jogo de futebol arcade para o sistema Naomi 2. Entre em campo e controle seu time favorito enquanto participa de partidas intensas. Escolha entre uma ampla seleção de equipes nacionais de todo o mundo. Mostre suas habilidades em movimentos e dribles impressionantes para marcar gols incríveis. Com gráficos realistas, animações suaves e controles responsivos, Virtua Striker 3 oferece uma experiência autêntica de futebol. Jogue com amigos em partidas multiplayer ou participe de torneios emocionantes para provar que seu time é o melhor. Prepare-se para a emoção do futebol de arcade na palma das suas mãos.
vstrik3c	Virtua Striker 3 é um emocionante jogo de futebol arcade para o sistema Naomi 2. Entre em campo e controle seu time favorito enquanto participa de partidas intensas. Escolha entre uma ampla seleção de equipes nacionais de todo o mundo. Mostre suas habilidades em movimentos e dribles impressionantes para marcar gols incríveis. Com gráficos realistas, animações suaves e controles responsivos, Virtua Striker 3 oferece uma experiência autêntica de futebol. Jogue com amigos em partidas multiplayer ou participe de torneios emocionantes para provar que seu time é o melhor. Prepare-se para a emoção do futebol de arcade na palma das suas mãos.
vstriker	Virtua Striker, o jogo de futebol da Sega que foi um sucesso nos fliperamas, mas foi suplantado pela FIFA e ISS nos consoles. O jogo é voltado para arcade, então não procure as sensações do futebol do novo PES4, aqui estamos procurando principalmente o prazer do jogo para dois jogadores. O jogo era muito bonito e os controles simples. Manuseio exemplar com um stick e três botões: no ataque de passe, chute e cruzamento/passe longo, na defesa: troca de jogadores, pegada suave de bola e desarme. Francamente, um bom jogo para baixar, especialmente se você o conhece em uma máquina de fliperama, para os nostálgicos.
vulgus	Vulgus é muito simples. Você apenas pilotar uma nave espacial e explodir inúmeros inimigos. Isso é o que é divertido sobre este jogo. Não há nada de complicado, apenas explosão pura. Você só tem duas armas, seu detonador e um suprimento limitado de bombas. Este título usa o tempo honrado formato de rolagem vertical de cima para baixo. O fundo se move eternamente para a frente, mas você pode se mover por toda a tela, e pode fazer a tela rolar tanto para a esquerda como para a direita. Os teus inimigos consistem numa variedade de naves espaciais de aspecto bastante realista, algumas das quais têm um aspecto 'insetoide' distinto. Este jogo é interminável e não parece ter um formato de nível. Você apenas avançar e atirar. Os fundos vão mudar de vez em quando de superfícies planetárias para cenas de espaço e, eventualmente, eles vão começar a repetir uma vez que você explodir esta formação alienígena particularmente grande.
waidrive	O WaiWai Drive é um jogo de carros destinado a um público jovem, no qual dois carros têm de recolher os itens disponíveis no ecrã, tentando ao mesmo tempo conseguir mais do que o adversário.
wakuwak7	As sete bolas mágicas Waku Waku surgiram novamente e os poucos que sabem da sua existência decidem lutar uns contra os outros para recolher todas elas. Se eles forem capazes de derrotar o poderoso monstro escravizado nelas, as bolas Waku Waku concederão ao sortudo vencedor, seja qual for o desejo que fizerem. O jogo em geral foi criado como uma paródia da série anime, WW7 reúne todos os pilares do gênero e os faz lutar uns contra os outros. De gatinhas fofinhas e afeminadas, elfos muito legais, a criaturas parecidas com pokémon e heróis idiotas e barulhentos.
warriorb	Warrior Blade é um jogo de hack-and-slash com tema de fantasia para um ou dois jogadores, com níveis de rolagem horizontal e vertical. Ao contrário dos jogos anteriores de Rastan que apresentavam apenas o próprio Rastan, os jogadores agora podem escolher jogar como um dos três guerreiros diferentes: Rastan, Dewey (um mercenário) ou Sophia (um ladrão). Os jogadores devem lutar pelo seu caminho através de uma infinidade de níveis cheios de inimigos em uma variedade de locais diferentes, como castelos, uma floresta, um pântano e a bordo de um navio afundando. Certos níveis também fazem com que os jogadores montem em animais, como cavalos e dragões. Moedas e itens de tesouro podem ser encontrados nos inúmeros barris e baús que cobrem os níveis, além de serem derrubados por alguns inimigos derrotados. Pontos de bônus e &quot;vitalidade&quot; - dependendo da quantidade de tesouro coletada - são concedidos após a conclusão do nível.
watrball	Os jogadores controlam um mouse cômico que controla um minúsculo motor antigo de fogo. Você deve ejetar a água para pegar as bolas de cores que caem (você também pode mudar a cor) e depois ejetar novamente para acertá-las com bolas da mesma cor para completar o nível.
waverunr	WaveRunner é um jogo de corrida de jet-ski. Este jogo apresenta três percursos e até quatro gabinetes podem ser vinculados para corridas multijogador.
wbml	Wonder Boy in Monster Land é um jogador de plataforma multidireccional com elementos RPG, no qual o protagonista do jogo, Wonder Boy, viu a sua casa, Wonderland, invadida pelo malvado 'Dragon MEKA' e o seu exército de capangas. No início do jogo, o Rapaz Maravilha está desarmado, mas o governador do País das Maravilhas (como era conhecido antes da invasão) dá-lhe uma espada curta para o ajudar na sua missão. O Wonder Boy tem um medidor de vida representado por uma série de corações vermelhos, que são reduzidos de cada vez que ele se danifica. Quando todos os corações estão esgotados, o Rapaz Maravilha morre e o jogo acaba. Além do medidor de vida, há uma ampulheta no topo do ecrã; quando fica vazio, o Wonder Boy perde alguma vida. O temporizador pode ser recarregado através da recolha de ampulhetas ou visitando hospitais ou tabernas.
wboy	Wonder Boy é aparentemente um rapaz das cavernas chamado Tom-Tom, armado com um machado de pedra que pode atirar aos seus inimigos, e que evolui num mundo povoado por caracóis, fadas e um feiticeiro que muda de cabeça após cada derrota. Antes de poder enfrentar o feiticeiro no seu castelo, Tom-Tom terá de vaguear por florestas povoadas de aranhas, saltar de plataforma em plataforma sobre a água e atravessar uma caverna cheia de morcegos. Como equipamento, Tom-Tom pode obter um skate, que pode ser difícil de conduzir. O objetivo do protagonista é salvar a sua amiga Tanya.
wh1	Uma entidade alienígena conhecida como Geegus ameaça a Terra no ano 3091. Como todas as forças da Terra foram derrotadas, um cientista usa sua máquina do tempo recém-construída para encontrar os maiores lutadores de diferentes épocas para competir contra Geegus. Apresentando um elenco de personagens que variam de ninjas a um super-soldado cibernético, você lutará através de partidas individuais de tarifa padrão ou enfrentará um oponente em um Deathmatch, onde paredes pontiagudas e minas terrestres aumentam o perigo.
wh2	Os lutadores de torneios que viajam no tempo estão de volta! Os oito personagens originais do popular fliperama retornaram, juntamente com seis novos personagens escolhidos a dedo em várias épocas e locais diferentes o tempo todo. Mas um novo chefe aguarda o vencedor ... quem ou o que está por trás deste novo torneio? Você terá que chegar até ele para descobrir! Esta sequela apresenta novos cenários e música, além de animação e gráficos aprimorados. Agora você pode refletir movimentos de projéteis no seu oponente e reverter os lances normais, se o seu tempo estiver certo! O modo Death Match do jogo original também está de volta, mas com um novo recurso - a barra de vida aumenta ou diminui à medida que você inflige ou recebe dano. Coloque a barra de vida do seu lado em 100% e seu inimigo perderá.
wh2j	World Heroes 2 JET é o terceiro jogo da série World Heroes. Um terceiro torneio com guerreiros de todo o mundo (e diferentes períodos de tempo) já começou, e cabe a você lutar até o fim para descobrir quem o está organizando. O jogo é uma atualização / aprimoramento do World Heroes 2.
whp	A história é, como sempre em World Heroes, muito supérflua, porque deriva intimamente do cenário da primeira obra. Já faz um ano que o sinistro torneio &quot;Super Battle&quot;, organizado por Zeus, acabou. Cada participante voltou ao seu trabalho em seu tempo, quando chega um convite do Dr. Brown. Um novo torneio de Heróis do Mundo está aberto aos dezesseis participantes da Super Batalha do ano anterior. Zeus pretende aproveitar esta oportunidade para vingar sua derrota esmagadora. O que ele não sabe é que outro perigo pelo menos tão grande paira sobre este torneio.
willow	Willow é o nome do jogo baseado no filme de 1988 do mesmo nome. Dois jogos diferentes foram lançados pela Capcom para arcades e Nintendo Entertainment System em 1989. A versão arcade é um jogo de plataforma, enquanto a versão NES é um RPG de ação. Jogos de Willow não relacionados também foram lançados para o Amiga, Atari ST, Commodore 64 e MS-DOS em 1988-89. Enredo A bruxa malvada rainha Bavmorda está atrás do bebê santo das terras, Elora Danan, com a intenção de destruí-la. Um jovem assistente chamado Willow Ufgood foi selecionado para proteger Elora. Mais tarde, um bravo guerreiro chamado Madmartigan se junta a Willow para lutar contra o rival rival Geral Kael.
wiping	Wiping, mais tarde relançado como Rug Rats, é um jogo de arcade ao estilo Dig Dug, lançado por Nichibutsu em 1982; ele utiliza dois microprocessadores Zilog Z80 (executando em 3.072 MHz) e um chip de som personalizado executando na mesma velocidade. O jogador deve usar um joystick de 4 direções para controlar o aspirador de pó (que tem uma semelhança impressionante com o então novo &quot;Henry&quot; da Numatic International) com um único botão para fazer pulverizar bolhas de sabão em germes (dos quais existem três diferentes tipos, &quot;Baddons&quot;, &quot;Bilbolas&quot; e &quot;Bigimbas&quot;), e rolam sobre eles enquanto ficam atordoados para sugá-los - e também pode passar por tapetes para fazê-los rolar e esmagar quaisquer germes que estejam sobre eles, também pode ser vítima disso.
wjammers	Em Windjammers em Neo Geo, dois jogadores competem com Frisbee em arenas fechadas. Todos devem manter os três objetivos para trás. Os jogos são limitados no tempo. Em caso de empate, a partida termina com morte súbita.
wldkicks	World Kicks é um jogo de futebol para 4 jogadores que realmente traz a alegria do futebol para o fliperama. Pela primeira vez, jogadores de todas as idades podem se sentir como uma estrela do futebol, sem ter jogado antes. Com seus gráficos impressionantes e sistema de controle totalmente intuitivo, o World Kicks é adequado para jogadores de todas as idades.
wldrider	Wild Riders é um emocionante jogo de perseguição em motos para o sistema Naomi 2. Acelere pelas ruas da cidade, fugindo da polícia e dos rivais em uma intensa corrida pela liberdade. O jogados assume o papel de um membro de uma gangue. Desvie do tráfego. Execute manobras impressionantes para despistar seus perseguidores. Com gráficos impressionantes, controles responsivos e uma jogabilidade viciante, Wild Riders proporciona uma experiência de perseguição cheia de adrenalina.
wof	Warriors of Fate é um beat 'em up horizontal produzido pela Capcom, lançado pela primeira vez como um jogo de arcade operado por moedas em 1992 e depois portado para o Sega Saturn e Sony PlayStation. É o terceiro jogo da Capcom baseado no mangá Tenchi wo Kurau, seguindo Dynasty Wars e Destiny of a Emperor.
wrally	World Rally é um jogo de condução com temática de rali na estrada. Licenciado pela Gaelco de Barcelona, Espanha, é adequado para locais de ruas e galerias. World Rally é um jogo de direção alternada para 1 ou 2 jogadores. Os controles incluem um volante em um pod de montagem, um conjunto de câmbio de marchas alta / baixa e um pedal do acelerador. Os jogadores selecionam 1 de 4 comícios para começar, cada um progressivamente mais difícil do que o anterior. Um rali é composto de três etapas, oferecendo uma variedade de diferentes layouts de pista e superfícies de estrada. Asfalto, terra, direção noturna e estradas cobertas de neve exigem que os jogadores ajustem suas habilidades de direção de acordo. Os jogadores manobram o seu caminho através de curvas em gancho, saltos, pontes, poças e outros obstáculos. A conclusão de cada etapa dentro do prazo de 60 segundos permite que os jogadores avancem para a próxima etapa gratuitamente. Após o término de cada etapa e a conclusão de todas as 12 etapas, os horários dos jogadores são exibidos e comparados com outros pilotos de ponta.
wrally2	World Rally 2: Twin Racing é a continuação do World Rally Championship com jogabilidade bastante semelhante ao jogo original. O Twin Racing no título refere-se a um novo elemento de jogabilidade, já que o gabinete agora tem uma configuração com duas unidades lado a lado, cada uma com sua própria tela, assento, volante e pedais. Apenas um único PCB é usado para fornecer as duas unidades. O primeiro jogo foi um gabinete para um jogador em pé apenas com volante e botões. Dois jogadores podem desafiar um ao outro diretamente para uma competição na mesma pista e o outro jogador é mostrado como um fantasma que não pode ser prejudicado. Os jogadores também podem optar por competir lado a lado, mas cada um com seu próprio jogo para um jogador. Ambos os jogadores podem continuar jogando sem gastar um crédito extra, desde que ambos terminem com menos de 60 segundos.
wrofaero	War of Aero: Project MEIOU é um jogo futurista shoot'em up 2D de rolagem vertical. O jogador controla uma nave espacial e luta contra os outros - ele voa direto sobre cidades e locais mais futuristas, atira em todos os inimigos à vista e em chefes duros, evita obstáculos de um golpe e coleciona bônus para aumentar o poder de fogo (semelhante às opções de Gradius).
wrungp	Wave Runner GP é um jogo de corridas de jet ski cujo terminal oferece nada menos que a reprodução de uma potente Yamaha GP 1200R. São 3 pistas (Iniciante, Intermediário e Especialista) com obstáculos e rampas para saltos e acrobacias aéreas. Os outros 14 competidores farão o possível para evitar que você cruze os postos de controle. A altura da água muda a cada curva, revelando novos obstáculos e rampas.
wwfroyal	O jogo tem dois modos, &quot;Exhibition&quot; e &quot;Royal Rumble&quot;. No modo &quot;Exibição&quot;, o jogador pode escolher seu personagem para jogar uma série de partidas solo, além de um parceiro. O parceiro do jogador pode intervir, sem que o jogador assuma o controle dele. O objetivo do jogo é enfraquecer a barra de saúde do seu oponente e finalizá-lo por pinfall ou nocaute para vencer a partida. O modo &quot;Royal Rumble&quot; envolve uma partida multiplayer na qual o jogador deve eliminar um certo número de oponentes dentro de um limite de tempo, enviando-os por cima da corda superior e para fora do ringue. Eliminar um oponente dá ao jogador mais tempo; Eliminar oponentes maiores ou mais poderosos economiza tempo como bônus.
xenophob	Um pedido de socorro é recebido das estações espaciais que orbitam o teu planeta e depois há silêncio. Uma única nave escapa, pilotada por um homem maltratado que conta a história de cápsulas que eclodem em xenos que cospem ácido. Um pequeno grupo de engenheiros foi enviado para combater a ameaça xenófoba antes que ela tome conta de todas as estações espaciais e, por fim, do teu planeta. Reúne o teu grupo de engenheiros e luta contra os xenos em cada estação, tentando eliminá-la ou abandoná-la. Começas com um laser normal, mas podes adquirir armas adicionais à medida que as encontras, incluindo phasers, pistolas de raios, pistolas Poofer e bombas.
xexex	Xexex é um jogo de rolagem horizontal em que os jogadores pilotam um navio chamado 'Flintlock' e devem salvar a princesa Irene de cabelos azuis do planeta E-Square de um lorde maligno chamado Klaus. A nave do jogador possui um orbe destacável chamado Flint, que se comporta de maneira semelhante ao 'Dispositivo de Força' da série &quot;R-Type&quot; de Irem. Poderes podem ser obtidos para aumentar o poder do Flint, a velocidade de movimento, mudar a arma principal ou até dar uma vida extra ao jogador.
xmcota	Baseado na história em quadrinhos dos X-Men, é o primeiro jogo de luta produzido pela Capcom usando personagens sob licença da Marvel Comics. Lançado por volta de meados da década de 1990, a série animada X-Men, o jogo apresenta dubladores da série reprisando seus papéis. O enredo do jogo é baseado na história de &quot;Atrações Fatais&quot; dos quadrinhos - os jogadores controlam um dos X-Men ou seus inimigos na luta contra o vilão Magneto. Eles enfrentam cada um dos outros personagens do jogo antes de lutar contra o Juggernaut e depois o próprio Magneto.
xmen	X-Men é um jogo de arcade de 1992 da Konami. Ele reúne seis dos famosos mutantes em uma batalha para impedir que o mestre do magnetismo, Magneto, domine o mundo de uma vez por todas, enquanto salva a vida do Professor X no processo. O beat'em up de rolagem lateral permite que até seis jogadores no modo cooperativo online joguem como Wolverine, Storm, Colossus, Cyclops, Nightcrawler ou Dazzler. Ao longo de vários níveis, inimigos familiares à série de quadrinhos da Marvel e exclusivos do jogo tentarão impedir os X-Men, desde os mortais Sentinels robóticos até os gostos do Juggernaut, Blob e Mystique. Se eles sobreviverem aos vários servos de Magneto, acabarão enfrentando um confronto com o próprio homem.
xmvsf	X-Men vs. Street Fighter coloca os poderosos mutantes da Marvel contra os lutadores lendários da Capcom em uma batalha de proporções épicas. Agora você pode realizar movimentos ultrajantes e conectar incríveis Combos em Cadeia. X-Men vs. Street Fighter... a colisão de dois universos explosivos no lutador de fantasia mais incrível do mundo!
xtrmhnt2	Embarque em uma viagem de caça inesquecível com Extreme Hunting 2, a sequência da linha de jogos de caça para fliperama da Sega Amusements. Uma seleção dos animais selvagens mais prestigiados da América do Norte que um caçador poderia desejar, incluindo bisão, urso, alce, cervo, veado e lobo, além de fases bônus com robalo, ganso, morcego, esquilo e muito mais. Não perca a chance de jogar nossas Caçadas Especiais em constante mudança. O primeiro jogo para a plataforma online ALL.Net, o jogo conecta máquinas de fliperama em uma comunidade comum, permitindo torneios nacionais e rankings online enquanto você caça uma grande variedade de animais selvagens.
xtrmhunt	Você pode caçar um total de 6 animais, cada um com sua própria singularidade e animação realista. As fases de caça de cada animal apresentam uma variedade de regiões de caça, todas com imagens de fundo magníficas. As condições climáticas também influenciarão a caçada, dependendo da região. Ao concluir toda a fase de caça de um animal, você poderá caçar no local bônus exclusivo daquela fase.
xxmissio	Bastante semelhante à maioria dos atiradores aéreos da época. O jogador move um jato de ataque para cima de uma tela de rolagem vertical, atirando em alvos aéreos e terrestres com armas e bombas. Apresenta vários power-ups não notáveis. Ao alternar entre ataques aéreos e terrestres, retire as embarcações grandes e pequenas que se aproximam e as grandes frotas. A inicialização permite que você use diferentes ataques aéreos poderosos e ataques terrestres de longo alcance, dependendo da forma do navio.
xyonix	Um jogo do tipo &quot;Tetris&quot;. Os totens que você vê durante o jogo são chamados de &quot;Jangseung&quot; (guardiões da aldeia). Os Jangseung, geralmente feitos de madeira, eram tradicionalmente colocados nos limites das aldeias para marcar os limites e espantar demônios. Eles também eram adorados como divindades tutelares da aldeia. No corpo de Jangseung está escrito &quot;Chunha Dae Jangoon&quot; (traduzido do coreano como &quot;O Grande General sob o Céu&quot;). Ao terminar um nível, você pode ouvir a famosa canção folclórica &quot;Ariang&quot;.
yiear	Yie Ar Kung-Fu segue a busca de Oolong para se tornar um mestre de Kung-Fu. Terás de lutar contra uma grande variedade de adversários num ambiente 2D tradicional de um contra um. Oolong tem uma vasta gama de ataques que pode utilizar para baixar a barra de vida do adversário, incluindo os tradicionais ataques de murros, pontapés e saltos. Os adversários estão bem armados com armas e ataques únicos, pelo que a tarefa de Oolong não será fácil.
zaxxon	O Zaxxon é um shoot-em-up de rolagem isométrica no qual o jogador pilota uma nave armada e deve penetrar em bases inimigas fortemente fortificadas, destruindo naves e instalações inimigas antes de chegar ao confronto final com um robô gigante blindado.
zedblade	Você e / ou um amigo devem escolher um dos três personagens para jogar, cada um com velocidades diferentes nas quais controlam suas naves. Em seguida, selecione três armas para usar na frente e na traseira da nave. Durante o jogo, você deve viajar para todos os planetas do sistema solar e derrotar as várias naves inimigas e o chefe perto do fim do planeta. Suas armas podem ser atualizadas durante a batalha, e você também pode coletar HyperBombs se quiser causar dano máximo. Contém uma trilha sonora agradável que remete ao início da década de 1990, a música &quot;rave&quot;.
zerogu2	A grande originalidade deste jogo em relação aos seus concorrentes é a possibilidade de girar seu helicóptero a qualquer momento para modificar o ângulo do seu tiro, um conceito retomado e aprimorado de seu irmão mais velho. De fato, ao pressionar o botão B, uma visão aparecerá na tela representando o eixo de rotação. Ao manter o botão pressionado, os movimentos do manche condicionarão a rotação do helicóptero em torno desse eixo como se estivesse conectado a ele por um fio.
zerogun	No ano de 2016, a lei marcial mundial é iniciada quando uma organização terrorista difundida derrubou e assumiu o controle das autoridades militares do mundo. Um grupo de pilotos de helicópteros é secretamente reunido em um esquadrão de forças especiais chamado ZERO para viajar pelo mundo e destruir as forças terroristas ocupadas.
zeropnt	Neste jogo você encontrará uma infinidade de minijogos de tiro que testarão seus reflexos.
zeropnt2	Assim como no Zero Point original, você encontrará uma infinidade de minijogos de tiro antigos e novos que dependem principalmente dos seus reflexos.
zintrckb	Outro jogo de quebra-cabeça em Neo-Geo! A cada quatro anos ele vem para Asgard, o &quot;Torneio Zintrick&quot;. Durante a competição, participantes de todo o mundo competem por honra, glória e riqueza.
zodiack	Um jogo de tiro desafiador, com rolagem vertical. No espaço profundo, você deve pilotar o &quot;Zogram&quot; (sua nave de caça) e destruir hordas de inimigos, enquanto desvia de objetos espaciais. Destrua oito &quot;Mitiohro&quot; ao redor do &quot;Goke&quot; (a base inimiga) para a decolagem e pouso do &quot;Ahro&quot; (o caça inimigo). Após destruir todos os &quot;Mitiohro&quot;, retorne à base &quot;Battlestar-asat&quot;. A cor do &quot;Mitiohro&quot; na imagem muda quando os portões de decolagem e pouso do &quot;Ahro&quot; se abrem. É hora de atacar! Ao destruir o &quot;Ahro&quot;, o &quot;Mitiohro&quot; se afasta do corpo do &quot;Goke&quot;, mas você não pode destruir esses &quot;Mitiohro&quot; com seu raio laser. Você pode obter uma pontuação maior dependendo da precisão do pouso da sua nave em um ponto mais próximo do centro da base &quot;Battlestar-asat&quot;. Ao marcar 20.000 pontos, você pode ganhar mais um Zogram e, aos 50.000 pontos, você pode ganhar outro Zogram.
zombrvn	Zombie Revenge é um jogo tipo &quot;beat 'em up&quot; para 2 jogadores. Os jogadores tem o objectivo de livrar um cidade de zombies ao longo de sete níveis. Para o fazer podem utilizar os seus punhos, pés ou quaisquer armas (de diversas variedades: pistolas, metralhadoras, lança-chamas, etc.) que encontrarem ao longo do caminho.
zunkyou	ZnY é basicamente Parodius encontra Space Invaders (uma premissa também feita pela própria Taito em Space Invaders '95: Attack of the Lunar Loonies), exceto que você controla uma estátua em vez de uma nave espacial e luta dentro de uma arena fechada em vez de um espaço vertical. Seria mais parecido com um atirador de arena como Robotron: 2084, exceto que sua estátua só pode atirar para cima. Os estágios em si parecem ter temas em torno de diferentes partes do mundo: o chefe kabuki na extrema esquerda representa o Japão, o chef representa a China e a Ásia continental, o cavaleiro cruzado representa a Europa e o super-herói na extrema direita para a América. No entanto, mesmo fora dos palcos japoneses, há um toque distintamente bobo no jogo que enfatiza estereótipos culturais malucos de uma empresa de jogos japonesa. O desenvolvedor real do jogo, Minato Giken, também ajudou a trabalhar na versão Game Gear de Dynamite Headdy, um dos mais fantasticamente insanos jogos de plataforma do Genesis de todos os tempos, e o mesmo tipo de design desequilibrado também pode ser visto em ZnY. Você luta contra apresentadores de talk shows, assalariados, pandas, toureiros, palhaços, estrelas do rock e outros oponentes estranhos detalhados em modas exageradamente cômicas. O design gráfico é definitivamente o forte de ZnY, com seus personagens coloridos e campos de jogo bastante detalhados fazendo alto uso do hardware System C-2 da Sega, o mesmo processador por trás de Puyo Puyo.
zupapa	Zupapa on Neo Geo é um jogo de plataforma em que sua tarefa é limpar a tela de todos os oponentes que estão nela. Você controla Zupapa, uma espécie de baleia com pernas, armada com seu punho atordoante que lhe permite se livrar das calças Zooks.
