#key	style	ss_system_id	encoding
005	ss	147	lossless
10yard	ss	148	lossless
11beat	ss	149	lossless
18wheelr	ss	56	lossless
1941	ss	6	lossless
1942	ss	151	lossless
1943	ss	151	lossless
1943kai	ss	151	lossless
1943mii	ss	151	lossless
1944	ss	7	lossless
1945kiii	ss	167	lossless
19xx	ss	7	lossless
1on1gov	ss	153	lossless
2020bb	ss	142	lossless
20pacgal	ss	155	lossless
25pacman	ss	155	lossless
280zzzap	ss	150	lossless
39in1	ss	75	lossless
3bagfull	ss	75	lossless
3cdpoker	ss	75	lossless
3countb	ss	142	lossless
3in1semi	ss	187	lossless
3kokushi	ss	189	lossless
3on3dunk	ss	175	lossless
3stooges	ss	209	lossless
3super8	ss	176	lossless
3wonders	ss	6	lossless
3x3puzzl	ss	75	lossless
40love	ss	157	lossless
4dwarrio	ss	147	lossless
4enraya	ss	75	lossless
4in1	ss	75	lossless
4in1boot	ss	75	lossless
4psimasy	ss	180	lossless
500gp	ss	155	lossless
5acespkr	ss	75	lossless
5clown	ss	176	lossless
64street	ss	159	lossless
720	ss	160	lossless
7jigen	ss	173	lossless
7mezzo	ss	75	lossless
7ordi	ss	75	lossless
7smash	ss	75	lossless
88games	ss	158	lossless
8ball	ss	179	lossless
8ballact	ss	161	lossless
9ballsht	ss	75	lossless
a51site4	ss	160	lossless
aafb	ss	75	lossless
abaseb	ss	160	lossless
abcheck	ss	155	lossless
abcop	ss	147	lossless
abnudge	ss	178	lossless
abunai	ss	180	lossless
aburner	ss	147	lossless
aburner2	ss	147	lossless
acchi	ss	162	lossless
ace	ss	75	lossless
aceattac	ss	147	lossless
acedrive	ss	156	lossless
acrobatm	ss	157	lossless
act2000	ss	178	lossless
actfancr	ss	162	lossless
actionhw	ss	75	lossless
ad2083	ss	179	lossless
adcanoe	ss	157	lossless
adillor	ss	156	lossless
adpoker	ss	75	lossless
aerofgt	ss	175	lossless
aerofgts	ss	175	lossless
afighter	ss	147	lossless
agallet	ss	47	lossless
agress	ss	169	lossless
aimode	ss	180	lossless
ainferno	ss	157	lossless
airass	ss	148	lossless
airattck	ss	177	lossless
airbustr	ss	155	lossless
airco22b	ss	156	lossless
aircomb	ss	155	lossless
airduel	ss	148	lossless
airraid	ss	190	lossless
airtrix	ss	258	lossless
airwlkrs	ss	162	lossless
airwolf	ss	75	lossless
ajax	ss	158	lossless
akamaru	ss	173	lossless
akamj	ss	75	lossless
akazukin	ss	75	lossless
aking	ss	155	lossless
akiss	ss	159	lossless
akkaarrh	ss	160	lossless
aladmdb	ss	147	lossless
alchemst	ss	75	lossless
alcon	ss	157	lossless
alexkidd	ss	147	lossless
alibaba	ss	147	lossless
alien3	ss	147	lossless
alienar	ss	150	lossless
aliencha	ss	176	lossless
aliencr	ss	155	lossless
alienfnt	ss	56	lossless
aliens	ss	158	lossless
aliensec	ss	155	lossless
aliensyn	ss	147	lossless
aligator	ss	194	lossless
alinvade	ss	75	lossless
alpha1v	ss	148	lossless
alphaho	ss	162	lossless
alpham2	ss	142	lossless
alpilot	ss	56	lossless
alpine	ss	157	lossless
alpinerd	ss	156	lossless
alpines	ss	156	lossless
alpinr2b	ss	156	lossless
altair	ss	75	lossless
altair2	ss	75	lossless
altbeast	ss	147	lossless
am_mg3	ss	75	lossless
amazon	ss	180	lossless
amaztsk	ss	75	lossless
ambush	ss	75	lossless
amerdart	ss	75	lossless
amidar	ss	158	lossless
ampoker2	ss	75	lossless
amspdwy	ss	75	lossless
amusco	ss	75	lossless
androdun	ss	142	lossless
androidp	ss	75	lossless
andromed	ss	148	lossless
angelkds	ss	147	lossless
anibonus	ss	178	lossless
animalc	ss	164	lossless
animaljr	ss	157	lossless
animalw	ss	75	lossless
animechmp	ss	158	lossless
anithunt	ss	178	lossless
anmlbskt	ss	53	lossless
anpanman2	ss	147	lossless
anteater	ss	158	lossless
aodk	ss	142	lossless
aof	ss	142	lossless
aof2	ss	142	lossless
aof3	ss	142	lossless
aoh	ss	187	lossless
apache3	ss	75	lossless
apb	ss	160	lossless
aplarail	ss	155	lossless
aplatoon	ss	170	lossless
apparel	ss	180	lossless
apple10	ss	75	lossless
appoooh	ss	147	lossless
aquajack	ss	157	lossless
aquajet	ss	156	lossless
aquarium	ss	75	lossless
aquarush	ss	155	lossless
ar_airh	ss	75	lossless
ar_argh	ss	75	lossless
ar_blast	ss	75	lossless
ar_bowl	ss	75	lossless
ar_dart	ss	75	lossless
ar_dlta	ss	75	lossless
ar_fast	ss	75	lossless
ar_ldrb	ss	75	lossless
ar_ninj	ss	75	lossless
ar_pm	ss	75	lossless
ar_rdwr	ss	75	lossless
ar_sdwr	ss	75	lossless
ar_socc	ss	75	lossless
ar_spot	ss	75	lossless
ar_sprg	ss	160	lossless
ar_xeon	ss	150	lossless
arabfgt	ss	147	lossless
arabian	ss	160	lossless
arabianm	ss	157	lossless
arbalest	ss	149	lossless
arcadecl	ss	160	lossless
arcadian	ss	163	lossless
archrivl	ss	150	lossless
area51	ss	160	lossless
area51mx	ss	160	lossless
arescue	ss	147	lossless
argus	ss	163	lossless
argusg	ss	209	lossless
arkanoid	ss	157	lossless
arkarea	ss	75	lossless
arkatour	ss	157	lossless
arknoid2	ss	157	lossless
arkretrn	ss	157	lossless
arlingtn	ss	193	lossless
armedf	ss	180	lossless
armora	ss	192	lossless
armorcar	ss	158	lossless
armwar	ss	7	lossless
armwrest	ss	161	lossless
ashura	ss	157	lossless
asndynmt	ss	56	lossless
aso	ss	154	lossless
assault	ss	155	lossless
astdelux	ss	160	lossless
asterix	ss	158	lossless
astorm	ss	147	lossless
astrass	ss	69	lossless
astrob	ss	147	lossless
astrof	ss	162	lossless
astron	ss	49	lossless
astropal	ss	157	lossless
astyanax	ss	159	lossless
asuka	ss	157	lossless
asurabld	ss	75	lossless
asurabus	ss	75	lossless
asylum	ss	75	lossless
atarifb	ss	160	lossless
ataxx	ss	151	lossless
atehate	ss	149	lossless
atetris	ss	160	lossless
athena	ss	154	lossless
atlantis	ss	158	lossless
atomicp	ss	147	lossless
attackfc	ss	157	lossless
attckufo	ss	75	lossless
atworld	ss	178	lossless
au	ss	75	lossless
aurail	ss	147	lossless
ausfache	ss	56	lossless
av2mj1bb	ss	180	lossless
av2mj2rg	ss	180	lossless
avalnche	ss	160	lossless
avengers	ss	151	lossless
avengrgs	ss	162	lossless
avsp	ss	7	lossless
avspirit	ss	159	lossless
avtbingo	ss	75	lossless
aztarac	ss	75	lossless
azumanga	ss	227	lossless
azurian	ss	158	lossless
b2b	ss	142	lossless
baccarsp	ss	75	lossless
backfire	ss	162	lossless
backfirt	ss	153	lossless
baddog	ss	75	lossless
baddudes	ss	162	lossless
badlands	ss	160	lossless
bagman	ss	157	lossless
baile	ss	75	lossless
bakatono	ss	142	lossless
bakubaku	ss	69	lossless
bakutotu	ss	155	lossless
balcube	ss	189	lossless
ballbomb	ss	157	lossless
ballbros	ss	157	lossless
balonfgt	ss	161	lossless
baluba	ss	75	lossless
bam2	ss	155	lossless
bananadr	ss	180	lossless
banbam	ss	75	lossless
bandit	ss	162	lossless
bang	ss	194	lossless
bangball	ss	186	lossless
bangbead	ss	142	lossless
bankp	ss	147	lossless
barek2ch	ss	75	lossless
barek3mb	ss	75	lossless
barek3mbc	ss	75	lossless
barekch	ss	75	lossless
barline	ss	180	lossless
barricad	ss	75	lossless
barrier	ss	192	lossless
baryon	ss	187	lossless
basebal2	ss	192	lossless
basschal	ss	53	lossless
bassdx	ss	55	lossless
batcir	ss	7	lossless
batlgr2	ss	157	lossless
batman	ss	160	lossless
batmanfr	ss	69	lossless
batrider	ss	152	lossless
batsugun	ss	191	lossless
battlane	ss	157	lossless
battlcry	ss	189	lossless
battlera	ss	162	lossless
battlex	ss	75	lossless
battlnts	ss	158	lossless
battroad	ss	148	lossless
bayroute	ss	147	lossless
bbakraid	ss	152	lossless
bballoon	ss	75	lossless
bballs	ss	177	lossless
bbbxing	ss	159	lossless
bbh	ss	193	lossless
bbh2sp	ss	193	lossless
bbhcotw	ss	193	lossless
bbhsc	ss	193	lossless
bbmanw	ss	148	lossless
bbonk	ss	75	lossless
bbprot	ss	75	lossless
bbust2	ss	154	lossless
bbusters	ss	154	lossless
bchance	ss	75	lossless
bchopper	ss	148	lossless
bcruzm12	ss	147	lossless
bcstry	ss	187	lossless
bdrdown	ss	227	lossless
beachspi	ss	230	lossless
beaminv	ss	75	lossless
beastrzr	ss	152	lossless
beathead	ss	160	lossless
beezer	ss	75	lossless
begas	ss	49	lossless
bejpoker	ss	75	lossless
bel	ss	54	lossless
benberob	ss	157	lossless
berabohm	ss	155	lossless
berenstn	ss	75	lossless
berlwall	ss	174	lossless
bermudat	ss	154	lossless
berzerk	ss	75	lossless
bestbest	ss	75	lossless
bestri	ss	75	lossless
bgaregga	ss	152	lossless
bigappg	ss	75	lossless
bigbucks	ss	155	lossless
bigcsino	ss	75	lossless
bigevglf	ss	157	lossless
bigfight	ss	75	lossless
bigjoke	ss	75	lossless
bigkarnk	ss	194	lossless
bigprowr	ss	169	lossless
bigrun	ss	159	lossless
bigstrik	ss	159	lossless
bigtwin	ss	75	lossless
bijokkog	ss	180	lossless
bijokkoy	ss	180	lossless
bikiniko	ss	180	lossless
bikkuri	ss	180	lossless
bikkuric	ss	158	lossless
bilyard	ss	75	lossless
bingowng	ss	178	lossless
bioatack	ss	157	lossless
biofreak	ss	150	lossless
biohzdmb	ss	75	lossless
biomtoy	ss	194	lossless
bionicc	ss	151	lossless
bioship	ss	164	lossless
birdiy	ss	155	lossless
birdtry	ss	162	lossless
bishi	ss	158	lossless
bjourney	ss	142	lossless
bjpoker	ss	75	lossless
bjtwin	ss	163	lossless
bk3ssrmb	ss	75	lossless
bking	ss	157	lossless
bking2	ss	157	lossless
bking3	ss	157	lossless
bkrtmaq	ss	155	lossless
black	ss	75	lossless
blackhol	ss	75	lossless
blackpnt	ss	158	lossless
blackt96	ss	75	lossless
bladestl	ss	158	lossless
blandia	ss	149	lossless
blasted	ss	150	lossless
blaster	ss	150	lossless
blasto	ss	75	lossless
blastoff	ss	155	lossless
blazeon	ss	174	lossless
blazer	ss	155	lossless
blazlaz	ss	155	lossless
blazstar	ss	142	lossless
bldyror2	ss	152	lossless
blitz	ss	150	lossless
blitz2k	ss	150	lossless
blitz99	ss	150	lossless
blkheart	ss	75	lossless
blkhole	ss	158	lossless
blktch2	ss	75	lossless
blktiger	ss	151	lossless
blktouch	ss	173	lossless
blmbycar	ss	75	lossless
blnctry	ss	155	lossless
block	ss	151	lossless
blockade	ss	75	lossless
blockcar	ss	181	lossless
blocken	ss	181	lossless
blockgal	ss	147	lossless
blockhl	ss	158	lossless
blockout	ss	169	lossless
blokpong	ss	53	lossless
bloodbro	ss	75	lossless
bloodstm	ss	193	lossless
bloodwar	ss	174	lossless
bloxeed	ss	147	lossless
blstroid	ss	160	lossless
blswhstl	ss	158	lossless
bluehawk	ss	75	lossless
blueprnt	ss	150	lossless
blueshrk	ss	150	lossless
blzntrnd	ss	189	lossless
bm1stmix	ss	158	lossless
bm2ndmix	ss	158	lossless
bm3	ss	158	lossless
bm36th	ss	158	lossless
bm37th	ss	158	lossless
bm3core	ss	158	lossless
bm3final	ss	158	lossless
bm3rdmix	ss	158	lossless
bm4thmix	ss	158	lossless
bm5thmix	ss	158	lossless
bm6thmix	ss	158	lossless
bm7thmix	ss	158	lossless
bmanroul	ss	152	lossless
bmaster	ss	148	lossless
bmcbowl	ss	75	lossless
bmclubmx	ss	158	lossless
bmcompm2	ss	158	lossless
bmcompmx	ss	158	lossless
bmcorerm	ss	158	lossless
bmcpokr	ss	75	lossless
bmdct	ss	158	lossless
bmfinal	ss	158	lossless
bmiidx2	ss	158	lossless
bmiidx3	ss	158	lossless
bmiidx4	ss	158	lossless
bmiidx5	ss	158	lossless
bmiidx6	ss	158	lossless
bmiidx7	ss	158	lossless
bmiidx8	ss	158	lossless
bmiidxc	ss	158	lossless
bmiidxc2	ss	158	lossless
bmiidxs	ss	158	lossless
bmxstunts	ss	75	lossless
bnglngby	ss	161	lossless
bngotime	ss	75	lossless
bnstars1	ss	159	lossless
bnzabros	ss	147	lossless
bodyslam	ss	147	lossless
bogeyman	ss	169	lossless
boggy84	ss	174	lossless
bombbee	ss	155	lossless
bombjack	ss	75	lossless
bombkick	ss	75	lossless
bombsa	ss	159	lossless
bonanza	ss	75	lossless
bongo	ss	158	lossless
bonkadv	ss	174	lossless
bonusch	ss	178	lossless
bonzeadv	ss	157	lossless
boogwing	ss	162	lossless
boomrang	ss	162	lossless
boonggab	ss	187	lossless
boothill	ss	150	lossless
borench	ss	147	lossless
borntofi	ss	75	lossless
bosco	ss	155	lossless
botanic	ss	157	lossless
botss	ss	75	lossless
bottle10	ss	75	lossless
bottom9	ss	158	lossless
bouldash	ss	162	lossless
bounty	ss	75	lossless
bowl3d	ss	75	lossless
bowler	ss	150	lossless
bowlrama	ss	151	lossless
bowmen	ss	178	lossless
boxer	ss	160	lossless
boxingb	ss	192	lossless
boxyboy	ss	155	lossless
bradley	ss	160	lossless
brain	ss	147	lossless
brainbox2	ss	75	lossless
brapboys	ss	174	lossless
brasil	ss	75	lossless
brasil86	ss	75	lossless
brasil87	ss	75	lossless
brasil89	ss	75	lossless
brasil93	ss	75	lossless
braveff	ss	258	lossless
brdrline	ss	147	lossless
breakers	ss	142	lossless
breakrev	ss	142	lossless
brickppl	ss	147	lossless
brickzn	ss	75	lossless
brival	ss	147	lossless
brixian	ss	157	lossless
brkball	ss	75	lossless
brkthru	ss	162	lossless
brod	ss	75	lossless
brubber	ss	162	lossless
brutforc	ss	75	lossless
brvblade	ss	152	lossless
bshark	ss	157	lossless
bsktball	ss	160	lossless
bssoccer	ss	75	lossless
bstars	ss	142	lossless
bstars2	ss	142	lossless
bsuerte	ss	75	lossless
btchamp	ss	158	lossless
btime	ss	162	lossless
btlecity	ss	155	lossless
btlkroad	ss	167	lossless
btltryst	ss	158	lossless
btoads	ss	75	lossless
bubblem	ss	157	lossless
bubbles	ss	150	lossless
bubbletr	ss	155	lossless
bubl2000	ss	163	lossless
bublbob2	ss	157	lossless
bublbobl	ss	157	lossless
buccanrs	ss	148	lossless
buckrog	ss	147	lossless
bucky	ss	158	lossless
bugfever	ss	178	lossless
buggyboy	ss	160	lossless
buggychl	ss	157	lossless
bujutsu	ss	158	lossless
bullet	ss	147	lossless
bullfgt	ss	147	lossless
bullfgtr	ss	182	lossless
bullsdrt	ss	160	lossless
burglarx	ss	75	lossless
buriki	ss	154	lossless
burnforc	ss	155	lossless
burningf	ss	142	lossless
butasan	ss	163	lossless
butrfly	ss	75	lossless
buttdeli	ss	75	lossless
buttobi	ss	158	lossless
bwcasino	ss	155	lossless
bwidow	ss	160	lossless
bwings	ss	162	lossless
bygone	ss	157	lossless
bzone	ss	160	lossless
cabal	ss	75	lossless
cachat	ss	157	lossless
cadanglr	ss	162	lossless
cadash	ss	157	lossless
cafetime	ss	173	lossless
cairblad	ss	164	lossless
calcune	ss	75	lossless
calibr50	ss	149	lossless
calipso	ss	158	lossless
calorie	ss	147	lossless
calspeed	ss	160	lossless
cameltry	ss	157	lossless
candy	ss	75	lossless
cannball	ss	75	lossless
cannonbp	ss	155	lossless
canvas	ss	154	lossless
canyon	ss	160	lossless
capbowl	ss	151	lossless
capsnk	ss	56	lossless
captaven	ss	162	lossless
captcomm	ss	6	lossless
captflag	ss	159	lossless
cardline	ss	75	lossless
carjmbre	ss	75	lossless
carket	ss	187	lossless
carnevil	ss	150	lossless
carnival	ss	147	lossless
carnking	ss	193	lossless
carpolo	ss	165	lossless
carrera	ss	75	lossless
cartfury	ss	150	lossless
casanova	ss	75	lossless
casbjack	ss	75	lossless
cashquiz	ss	158	lossless
caspoker	ss	75	lossless
castfant	ss	162	lossless
catacomb	ss	158	lossless
catchp	ss	160	lossless
catnmous	ss	150	lossless
cavelon	ss	179	lossless
cavenger	ss	188	lossless
cawing	ss	6	lossless
cbaj	ss	153	lossless
cball	ss	160	lossless
cbasebal	ss	151	lossless
cbdash	ss	162	lossless
cbombers	ss	157	lossless
cbtime	ss	162	lossless
cburnrub	ss	162	lossless
cbuster	ss	162	lossless
ccasino	ss	75	lossless
ccastles	ss	160	lossless
cchance	ss	157	lossless
cchasm	ss	192	lossless
cclimber	ss	180	lossless
cclimbr2	ss	180	lossless
cclownz	ss	75	lossless
cdiscon1	ss	162	lossless
cdracula	ss	173	lossless
cdsteljn	ss	162	lossless
cecmatch	ss	75	lossless
centiped	ss	160	lossless
cerberus	ss	192	lossless
cexplore	ss	162	lossless
cfarm	ss	75	lossless
cfboy0a1	ss	162	lossless
cfever1k	ss	75	lossless
cfever40	ss	75	lossless
cfever50	ss	75	lossless
cfever51	ss	75	lossless
cfever61	ss	75	lossless
cfghtice	ss	162	lossless
cfield	ss	227	lossless
cflyball	ss	162	lossless
cgangpzl	ss	155	lossless
cgip30cs	ss	75	lossless
cgold	ss	75	lossless
cgraplop	ss	162	lossless
ch2000	ss	178	lossless
chainrec	ss	162	lossless
chaknpop	ss	157	lossless
chalgirl	ss	150	lossless
challeng	ss	75	lossless
chameleo	ss	159	lossless
champbas	ss	147	lossless
champbb2	ss	147	lossless
champbwl	ss	149	lossless
champwr	ss	157	lossless
chanbara	ss	162	lossless
chance32	ss	75	lossless
changela	ss	157	lossless
changes	ss	75	lossless
chaoshea	ss	299	lossless
charlien	ss	189	lossless
chasehq	ss	157	lossless
chboxing	ss	147	lossless
checkma5	ss	150	lossless
checkman	ss	159	lossless
cheekyms	ss	188	lossless
cheesech	ss	75	lossless
chelnov	ss	162	lossless
chewheel	ss	75	lossless
cheyenne	ss	165	lossless
chicgum	ss	75	lossless
chiller	ss	165	lossless
chimerab	ss	159	lossless
chinagat	ss	169	lossless
chinatow	ss	162	lossless
chinhero	ss	157	lossless
chinmoku	ss	180	lossless
chinsan	ss	75	lossless
chkndraw	ss	75	lossless
chkun	ss	158	lossless
chleague	ss	176	lossless
chocomk	ss	227	lossless
chocovdr	ss	155	lossless
chokchok	ss	187	lossless
choko	ss	7	lossless
choplift	ss	147	lossless
chopper	ss	154	lossless
choroqhr	ss	69	lossless
chqflag	ss	158	lossless
chry10	ss	178	lossless
chrygld	ss	178	lossless
chsuper3	ss	75	lossless
chukatai	ss	157	lossless
chwrestl	ss	147	lossless
chwy	ss	162	lossless
ciclone	ss	75	lossless
circus	ss	165	lossless
circusc	ss	158	lossless
cischeat	ss	159	lossless
citybomb	ss	158	lossless
citycon	ss	159	lossless
citylove	ss	180	lossless
cj3play	ss	75	lossless
cjdlz	ss	75	lossless
cjffruit	ss	75	lossless
ckong	ss	158	lossless
ckongpt2	ss	180	lossless
clapapa	ss	162	lossless
classice	ss	178	lossless
claybust	ss	157	lossless
claychal	ss	53	lossless
claypign	ss	165	lossless
clayshoo	ss	75	lossless
cleoftp	ss	227	lossless
cleopatr	ss	157	lossless
cliffhgr	ss	49	lossless
cloak	ss	160	lossless
clocknch	ss	162	lossless
cloud9	ss	160	lossless
clowns	ss	150	lossless
clpoker	ss	75	lossless
clshroad	ss	162	lossless
cltchitr	ss	147	lossless
club90s	ss	180	lossless
clubkprz	ss	230	lossless
clubkrt	ss	230	lossless
clubpacm	ss	155	lossless
cluckypo	ss	162	lossless
cluclu	ss	161	lossless
cmanhat	ss	162	lossless
cmehyou	ss	180	lossless
cmissnx	ss	162	lossless
cmmb103	ss	75	lossless
cmpacman	ss	178	lossless
cmpap	ss	75	lossless
cmtetris	ss	178	lossless
cnebula	ss	75	lossless
cnightst	ss	162	lossless
cninja	ss	162	lossless
cntrygrl	ss	180	lossless
cntsteer	ss	162	lossless
cobra	ss	49	lossless
cobracom	ss	162	lossless
cocean1a	ss	162	lossless
cocoloco	ss	75	lossless
codemagik	ss	75	lossless
colmns97	ss	69	lossless
colony7	ss	157	lossless
columns	ss	147	lossless
columns2	ss	147	lossless
combat	ss	165	lossless
combatsc	ss	158	lossless
combh	ss	147	lossless
comg175	ss	75	lossless
comg239	ss	75	lossless
comg240	ss	75	lossless
comg6004	ss	75	lossless
commando	ss	151	lossless
commandw	ss	157	lossless
commsega	ss	147	lossless
comotion	ss	75	lossless
compgolf	ss	162	lossless
complexx	ss	157	lossless
confmiss	ss	227	lossless
congo	ss	147	lossless
contcirc	ss	157	lossless
contra	ss	158	lossless
cookbib	ss	187	lossless
cookbib2	ss	187	lossless
cookbib3	ss	187	lossless
coolmini	ss	187	lossless
coolpool	ss	75	lossless
coolridr	ss	147	lossless
coozumou	ss	162	lossless
cop01	ss	180	lossless
copsnrob	ss	160	lossless
cosmccop	ss	148	lossless
cosmica	ss	188	lossless
cosmicg	ss	188	lossless
cosmo	ss	157	lossless
cosmogng	ss	155	lossless
cosmos	ss	179	lossless
cotton	ss	147	lossless
cotton2	ss	69	lossless
cottonbm	ss	69	lossless
countrun	ss	147	lossless
countryc	ss	154	lossless
cpoker	ss	176	lossless
cpokerpk	ss	176	lossless
cppicf	ss	162	lossless
cprobowl	ss	162	lossless
cprogolf	ss	162	lossless
cpsoccer	ss	162	lossless
cptshark	ss	75	lossless
crackndj	ss	56	lossless
cracksht	ss	165	lossless
crakndj2	ss	56	lossless
crash	ss	165	lossless
crater	ss	150	lossless
crazybon	ss	178	lossless
crazyfgt	ss	149	lossless
crazywar	ss	75	lossless
crbaloon	ss	157	lossless
crgolf	ss	75	lossless
crgolfhi	ss	75	lossless
crimec	ss	157	lossless
crimep2	ss	170	lossless
crimepat	ss	170	lossless
crimfght	ss	158	lossless
critcrsh	ss	69	lossless
crkdown	ss	147	lossless
croquis	ss	75	lossless
crospang	ss	75	lossless
crossbow	ss	165	lossless
croupier	ss	75	lossless
crshrace	ss	175	lossless
crswd2bl	ss	142	lossless
crsword	ss	142	lossless
crszone	ss	155	lossless
crtaxihr	ss	147	lossless
crush	ss	182	lossless
crusherm	ss	75	lossless
crusnexo	ss	150	lossless
crusnusa	ss	150	lossless
crusnwld	ss	150	lossless
cryptklr	ss	158	lossless
crysking	ss	176	lossless
crystal	ss	75	lossless
crystal2	ss	180	lossless
crystalc	ss	75	lossless
crystalg	ss	180	lossless
crzcircus	ss	75	lossless
crzcross	ss	158	lossless
crzrally	ss	75	lossless
crzytaxi	ss	56	lossless
csclub	ss	7	lossless
cscrtry	ss	162	lossless
csdtenis	ss	162	lossless
cshift	ss	150	lossless
csilver	ss	162	lossless
csk227it	ss	176	lossless
cskater	ss	162	lossless
csmash	ss	56	lossless
cspike	ss	56	lossless
csplayh5	ss	180	lossless
csplayh6	ss	180	lossless
csplayh7	ss	180	lossless
csprint	ss	160	lossless
cstlevna	ss	158	lossless
csuperas	ss	162	lossless
cterrani	ss	162	lossless
ctomaday	ss	142	lossless
ctornado	ss	162	lossless
ctower	ss	162	lossless
ctribe	ss	169	lossless
cubeqst	ss	49	lossless
cubybop	ss	157	lossless
cuebrick	ss	158	lossless
cultname	ss	75	lossless
cultures	ss	75	lossless
cuoreuno	ss	75	lossless
cupfinal	ss	157	lossless
cupsoc	ss	190	lossless
curvebal	ss	209	lossless
cutefght	ss	187	lossless
cutieq	ss	155	lossless
cvs2	ss	227	lossless
cvsgd	ss	227	lossless
cworld	ss	151	lossless
cworld2j	ss	6	lossless
cybattlr	ss	159	lossless
cyberbal	ss	160	lossless
cyberlip	ss	142	lossless
cybertnk	ss	75	lossless
cybots	ss	7	lossless
cybrcomm	ss	156	lossless
cybrcycc	ss	156	lossless
cybsled	ss	155	lossless
cybstorm	ss	160	lossless
cyclemb	ss	157	lossless
cyclshtg	ss	157	lossless
cyclwarr	ss	75	lossless
cyvern	ss	174	lossless
czeroize	ss	162	lossless
d9final	ss	75	lossless
dacholer	ss	180	lossless
dai2kaku	ss	75	lossless
dai3wksi	ss	75	lossless
daikaiju	ss	157	lossless
daimyojn	ss	173	lossless
daioh	ss	149	lossless
daireika	ss	159	lossless
daiskiss	ss	158	lossless
daisyari	ss	173	lossless
daitorid	ss	189	lossless
daiyogen	ss	175	lossless
dakkochn	ss	147	lossless
dambustr	ss	75	lossless
danceyes	ss	155	lossless
danchih	ss	69	lossless
danchiq	ss	69	lossless
dangar	ss	180	lossless
dangcurv	ss	157	lossless
dangerex	ss	160	lossless
dangerz	ss	192	lossless
dangseed	ss	155	lossless
dankuga	ss	157	lossless
daraku	ss	167	lossless
darius	ss	157	lossless
darius2	ss	157	lossless
dariusg	ss	157	lossless
dariusgx	ss	157	lossless
darkedge	ss	147	lossless
darkhleg	ss	158	lossless
darkmist	ss	157	lossless
darkplnt	ss	158	lossless
darkseal	ss	162	lossless
darktowr	ss	157	lossless
darkwar	ss	179	lossless
darwin	ss	162	lossless
dayto2pe	ss	55	lossless
daytona	ss	54	lossless
daytona2	ss	55	lossless
dazzler	ss	179	lossless
dblaxle	ss	157	lossless
dblchal	ss	178	lossless
dblcrown	ss	75	lossless
dbldynj	ss	190	lossless
dblewing	ss	189	lossless
dblplay	ss	75	lossless
dblpoint	ss	75	lossless
dbreed	ss	148	lossless
dbz	ss	186	lossless
dbz2	ss	186	lossless
dbzvrvs	ss	147	lossless
dcclub	ss	147	lossless
dcheese	ss	75	lossless
dcon	ss	75	lossless
dcrown	ss	149	lossless
dday	ss	75	lossless
ddayjlc	ss	159	lossless
ddboy	ss	75	lossless
ddcrew	ss	147	lossless
ddealer	ss	163	lossless
ddenlovj	ss	173	lossless
ddonpach	ss	47	lossless
ddp2	ss	47	lossless
ddp3	ss	47	lossless
ddpdfk	ss	47	lossless
ddpdojt	ss	176	lossless
ddr2m	ss	158	lossless
ddr3mk	ss	158	lossless
ddr3mp	ss	158	lossless
ddr4m	ss	158	lossless
ddr4mp	ss	158	lossless
ddr4mps	ss	158	lossless
ddr4ms	ss	158	lossless
ddr5m	ss	158	lossless
ddragon	ss	169	lossless
ddragon2	ss	169	lossless
ddragon3	ss	169	lossless
ddrextrm	ss	158	lossless
ddribble	ss	158	lossless
ddrkara	ss	158	lossless
ddrkids	ss	158	lossless
ddrmax	ss	158	lossless
ddrmax2	ss	158	lossless
ddrs2k	ss	158	lossless
ddrsbm	ss	158	lossless
ddrusa	ss	158	lossless
ddsom	ss	7	lossless
ddtod	ss	7	lossless
ddungeon	ss	157	lossless
ddux	ss	147	lossless
deadang	ss	190	lossless
deadconx	ss	157	lossless
deadeye	ss	158	lossless
dealer	ss	75	lossless
deathcox	ss	56	lossless
deathsml	ss	47	lossless
decathlt	ss	69	lossless
deerhunt	ss	164	lossless
defender	ss	150	lossless
deluxe5	ss	75	lossless
demndrgn	ss	150	lossless
demoderb	ss	150	lossless
demofist	ss	53	lossless
demon	ss	192	lossless
demoneye	ss	148	lossless
demonwld	ss	191	lossless
dendego	ss	157	lossless
dendego2	ss	157	lossless
denjinmk	ss	190	lossless
denseib	ss	75	lossless
depthch	ss	147	lossless
derbyo2k	ss	56	lossless
derbyoc	ss	56	lossless
derbyoc2	ss	56	lossless
derbyocw	ss	56	lossless
deroon	ss	153	lossless
desert	ss	54	lossless
desertbr	ss	147	lossless
desertdn	ss	157	lossless
desertgu	ss	150	lossless
desertwr	ss	159	lossless
destroyr	ss	75	lossless
deucesw2	ss	75	lossless
devilfsh	ss	179	lossless
devilw	ss	158	lossless
devstors	ss	158	lossless
devzone	ss	188	lossless
dfeverg	ss	69	lossless
dfjail	ss	75	lossless
dfkbl	ss	47	lossless
dfruit	ss	75	lossless
dharma	ss	189	lossless
diamrun	ss	151	lossless
dicegame	ss	75	lossless
diehard	ss	69	lossless
dietgo	ss	162	lossless
digdug	ss	155	lossless
digdug2	ss	155	lossless
digger	ss	147	lossless
diggerc	ss	179	lossless
diggerma	ss	142	lossless
dimahoo	ss	7	lossless
dingo	ss	158	lossless
dino	ss	6	lossless
dinorex	ss	157	lossless
dirtdash	ss	156	lossless
dirtdvls	ss	55	lossless
dirtfoxj	ss	155	lossless
dirtypig	ss	53	lossless
disco	ss	162	lossless
discoboy	ss	75	lossless
divebomb	ss	158	lossless
diverboy	ss	75	lossless
djboy	ss	147	lossless
dkong	ss	161	lossless
dkong3	ss	161	lossless
dkongjr	ss	161	lossless
dlair	ss	49	lossless
dleague	ss	157	lossless
dmdfever	ss	75	lossless
dmnfrnt	ss	176	lossless
dmx2m	ss	158	lossless
dmx2majp	ss	158	lossless
dncfrks	ss	158	lossless
doa	ss	54	lossless
doa2m	ss	56	lossless
doapp	ss	153	lossless
docastle	ss	188	lossless
dockman	ss	157	lossless
dodgem	ss	75	lossless
dodgeman	ss	75	lossless
dodghero	ss	75	lossless
dogfgt	ss	169	lossless
dogfight	ss	75	lossless
dogpatch	ss	150	lossless
dogyuun	ss	191	lossless
dokaben	ss	151	lossless
dokaben2	ss	151	lossless
dokidoki	ss	147	lossless
dokyusei	ss	189	lossless
dokyusp	ss	189	lossless
dolmen	ss	163	lossless
dolphin	ss	53	lossless
domino	ss	150	lossless
dominob	ss	75	lossless
dominos	ss	160	lossless
dommy	ss	169	lossless
doncdoon	ss	149	lossless
dondenmj	ss	173	lossless
dondokod	ss	157	lossless
donpachi	ss	47	lossless
dorachan	ss	182	lossless
dorodon	ss	75	lossless
dorunrun	ss	188	lossless
dotrikun	ss	147	lossless
dotron	ss	150	lossless
doubledr	ss	142	lossless
dowild	ss	188	lossless
downtown	ss	149	lossless
dphl	ss	75	lossless
dplay	ss	150	lossless
dpoker	ss	150	lossless
dquizgo	ss	187	lossless
dquizgo2	ss	187	lossless
draco	ss	75	lossless
dragnblz	ss	167	lossless
dragngun	ss	162	lossless
dragntr	ss	227	lossless
dragntr2	ss	227	lossless
dragntr3	ss	227	lossless
dragonsh	ss	142	lossless
dragoona	ss	158	lossless
dragrace	ss	160	lossless
drakton	ss	161	lossless
draw88pkr	ss	75	lossless
dreambal	ss	162	lossless
dreamwld	ss	187	lossless
dremshpr	ss	155	lossless
drgnbowl	ss	153	lossless
drgnbstr	ss	155	lossless
drgneye	ss	75	lossless
drgnmst	ss	75	lossless
drgnunit	ss	149	lossless
drgnwrld	ss	176	lossless
drgpunch	ss	173	lossless
drgw2	ss	176	lossless
drgw3	ss	176	lossless
dribling	ss	75	lossless
drifto94	ss	181	lossless
driftout	ss	181	lossless
drivedge	ss	193	lossless
driveyes	ss	155	lossless
drivfrcp	ss	155	lossless
drmario	ss	161	lossless
drmicro	ss	75	lossless
drtomy	ss	75	lossless
drtoppel	ss	157	lossless
dsaber	ss	155	lossless
dsem	ss	158	lossless
dsem2	ss	158	lossless
dsfdct	ss	158	lossless
dsfdr	ss	158	lossless
dsftkd	ss	158	lossless
dsmbl	ss	47	lossless
dsoccr94	ss	148	lossless
dspirit	ss	155	lossless
dstage	ss	158	lossless
dstlk	ss	7	lossless
dtfamily	ss	187	lossless
dtoyoken	ss	173	lossless
duckhunt	ss	161	lossless
dunhuang	ss	75	lossless
dunkmnia	ss	155	lossless
dunkshot	ss	147	lossless
dvisland	ss	178	lossless
dw2001	ss	176	lossless
dwarfd	ss	75	lossless
dwex	ss	176	lossless
dwpc	ss	176	lossless
dybb99	ss	56	lossless
dybbnao	ss	56	lossless
dyger	ss	151	lossless
dygolf	ss	227	lossless
dynabb	ss	54	lossless
dynabb97	ss	54	lossless
dynablst	ss	148	lossless
dynabomb	ss	75	lossless
dynadice	ss	75	lossless
dynagear	ss	164	lossless
dynamcop	ss	54	lossless
dynamski	ss	157	lossless
dynashot	ss	159	lossless
dynduke	ss	190	lossless
dynwar	ss	6	lossless
eaglshot	ss	164	lossless
earthjkr	ss	181	lossless
ebases	ss	150	lossless
eca	ss	55	lossless
ecofghtr	ss	7	lossless
edf	ss	159	lossless
edrandy	ss	162	lossless
eeekk	ss	155	lossless
efdt	ss	75	lossless
egghunt	ss	75	lossless
eggor	ss	155	lossless
eggsplc	ss	75	lossless
eggventr	ss	75	lossless
ehrgeiz	ss	155	lossless
eightfrc	ss	153	lossless
eightman	ss	142	lossless
einning	ss	150	lossless
ejanhs	ss	190	lossless
ejihon	ss	69	lossless
ejsakura	ss	190	lossless
elandore	ss	69	lossless
elecyoyo	ss	157	lossless
elephfam	ss	75	lossless
elevator	ss	157	lossless
elfin	ss	75	lossless
elgrande	ss	75	lossless
elim2	ss	147	lossless
elvactr	ss	157	lossless
embargo	ss	192	lossless
emeralda	ss	155	lossless
empcity	ss	190	lossless
endless	ss	75	lossless
endrichs	ss	75	lossless
enduror	ss	147	lossless
enforce	ss	157	lossless
enigma2	ss	75	lossless
enmadaio	ss	157	lossless
eprom	ss	160	lossless
equites	ss	182	lossless
ertictac	ss	75	lossless
esb	ss	160	lossless
esckids	ss	158	lossless
esh	ss	49	lossless
espgal	ss	47	lossless
espgal2	ss	47	lossless
espial	ss	75	lossless
esprade	ss	47	lossless
eswat	ss	147	lossless
eto	ss	181	lossless
euroch92	ss	157	lossless
evilngt	ss	158	lossless
evilston	ss	157	lossless
evosocc	ss	176	lossless
excelsr	ss	75	lossless
excitebk	ss	161	lossless
exctleag	ss	147	lossless
exctscc2	ss	182	lossless
exctsccr	ss	182	lossless
exedexes	ss	151	lossless
exerion	ss	159	lossless
expcard	ss	75	lossless
explbrkr	ss	174	lossless
exprraid	ss	162	lossless
extdwnhl	ss	164	lossless
exterm	ss	209	lossless
extrmatn	ss	157	lossless
exvania	ss	155	lossless
exzisus	ss	157	lossless
eyes	ss	155	lossless
f15se	ss	75	lossless
f1dream	ss	151	lossless
f1en	ss	147	lossless
f1gp	ss	175	lossless
f1gp2	ss	175	lossless
f1gpstar	ss	159	lossless
f1gpstr2	ss	159	lossless
f1lap	ss	147	lossless
f1superb	ss	159	lossless
f355	ss	56	lossless
f355twn2	ss	56	lossless
faceoff	ss	155	lossless
failgate	ss	75	lossless
famibox	ss	161	lossless
fantasia	ss	177	lossless
fantastc	ss	157	lossless
fantasyu	ss	154	lossless
fantjour	ss	158	lossless
fantland	ss	75	lossless
fantstry	ss	75	lossless
fantzn2	ss	147	lossless
fantzn2x	ss	147	lossless
fantzone	ss	147	lossless
fashiong	ss	75	lossless
fastdraw	ss	170	lossless
fastlane	ss	158	lossless
fatfursp	ss	142	lossless
fatfurwa	ss	154	lossless
fatfury1	ss	142	lossless
fatfury2	ss	142	lossless
fatfury3	ss	142	lossless
fax	ss	165	lossless
fb2010	ss	178	lossless
fb2gen	ss	178	lossless
fb2nd	ss	178	lossless
fb3g	ss	178	lossless
fb4	ss	178	lossless
fb5	ss	178	lossless
fb6	ss	178	lossless
fb6se	ss	178	lossless
fbait2bc	ss	158	lossless
fbaitbc	ss	158	lossless
fbaitmc	ss	158	lossless
fball	ss	75	lossless
fbdeluxe	ss	178	lossless
fbfrenzy	ss	142	lossless
fcnudge	ss	178	lossless
fcombat	ss	159	lossless
feversoc	ss	190	lossless
feversos	ss	47	lossless
ffight	ss	6	lossless
ffight2b	ss	75	lossless
ffreveng	ss	69	lossless
fghtatck	ss	155	lossless
fghtbskt	ss	148	lossless
fghthist	ss	162	lossless
fghtmn	ss	158	lossless
fgoal	ss	157	lossless
fgtlayer	ss	155	lossless
fhawk	ss	157	lossless
fhboxers	ss	69	lossless
fieldday	ss	157	lossless
fightfev	ss	142	lossless
fightrol	ss	174	lossless
filetto	ss	75	lossless
finalap2	ss	155	lossless
finalap3	ss	155	lossless
finalapr	ss	155	lossless
finalb	ss	157	lossless
finalgdr	ss	187	lossless
finalizr	ss	158	lossless
finallap	ss	155	lossless
finalttr	ss	187	lossless
findlove	ss	69	lossless
findout	ss	75	lossless
finehour	ss	155	lossless
firebatl	ss	157	lossless
firebeas	ss	160	lossless
firefox	ss	49	lossless
fireone	ss	165	lossless
fireshrk	ss	191	lossless
firetrap	ss	162	lossless
firetrk	ss	160	lossless
fishfren	ss	160	lossless
fishingm	ss	75	lossless
fitegolf	ss	154	lossless
fitfight	ss	75	lossless
fiveside	ss	158	lossless
fixeight	ss	191	lossless
fl7_3121	ss	178	lossless
flagrall	ss	75	lossless
flamegun	ss	75	lossless
flashgal	ss	147	lossless
flicky	ss	147	lossless
flipjack	ss	75	lossless
flipmaze	ss	299	lossless
flipshot	ss	142	lossless
flower	ss	147	lossless
flstory	ss	157	lossless
flyball	ss	160	lossless
flyboy	ss	174	lossless
flytiger	ss	75	lossless
fmaniac2p	ss	75	lossless
fncywld	ss	187	lossless
fnkyfish	ss	160	lossless
foodf	ss	160	lossless
footchmp	ss	157	lossless
forgottn	ss	6	lossless
formatz	ss	159	lossless
fort2b	ss	75	lossless
fortecrd	ss	75	lossless
fortune1	ss	75	lossless
fotns	ss	53	lossless
fourplay	ss	75	lossless
fourtrax	ss	155	lossless
fpoint	ss	147	lossless
franticf	ss	75	lossless
freekick	ss	147	lossless
freeze	ss	192	lossless
freezeat	ss	160	lossless
frenzy	ss	75	lossless
fresh	ss	75	lossless
friskyt	ss	180	lossless
frogger	ss	158	lossless
frogs	ss	147	lossless
froman2b	ss	142	lossless
fromanc4	ss	75	lossless
fromance	ss	175	lossless
fromancr	ss	75	lossless
frontlin	ss	157	lossless
fround	ss	158	lossless
fruitpc	ss	75	lossless
fshark	ss	157	lossless
fsoccer	ss	154	lossless
fspiderb	ss	157	lossless
fstarfrc	ss	153	lossless
fstation	ss	75	lossless
ftimpcta	ss	157	lossless
fts2in1	ss	75	lossless
ftspeed	ss	53	lossless
funcube	ss	155	lossless
funcube2	ss	155	lossless
funcube3	ss	155	lossless
funcube4	ss	155	lossless
funcube5	ss	155	lossless
funkybee	ss	75	lossless
funkyfig	ss	157	lossless
funkyjet	ss	162	lossless
funquiz	ss	75	lossless
funriver	ss	178	lossless
funybubl	ss	177	lossless
funystrp	ss	194	lossless
futari15	ss	47	lossless
futaribl	ss	47	lossless
futflash	ss	75	lossless
futspy	ss	147	lossless
fuudol	ss	180	lossless
fvipers	ss	54	lossless
fvipers2	ss	55	lossless
fvrpitch	ss	75	lossless
g13knd	ss	152	lossless
ga2	ss	147	lossless
gahaha	ss	155	lossless
gahaha2	ss	155	lossless
gaia	ss	185	lossless
gaialast	ss	187	lossless
gaiapols	ss	158	lossless
gakupara	ss	163	lossless
gakusai	ss	189	lossless
gakusai2	ss	189	lossless
gal10ren	ss	180	lossless
galactic	ss	157	lossless
galaga	ss	155	lossless
galaga88	ss	155	lossless
galastrm	ss	157	lossless
galaxi	ss	75	lossless
galaxia	ss	75	lossless
galaxian	ss	155	lossless
galaxyfg	ss	142	lossless
galaxygn	ss	75	lossless
galaxyr	ss	49	lossless
galeone	ss	75	lossless
galgame	ss	75	lossless
galgame2	ss	155	lossless
galgame3	ss	160	lossless
galgame4	ss	160	lossless
galivan	ss	180	lossless
galkaika	ss	180	lossless
galkoku	ss	180	lossless
gallag50	ss	75	lossless
gallgall	ss	170	lossless
galmedes	ss	181	lossless
galpani2	ss	174	lossless
galpani3	ss	174	lossless
galpani4	ss	174	lossless
galpanis	ss	174	lossless
galpans2	ss	174	lossless
galpans3	ss	174	lossless
galsnew	ss	174	lossless
galspnbl	ss	177	lossless
galxwars	ss	188	lossless
gambl186	ss	75	lossless
gametngk	ss	159	lossless
gamshara	ss	189	lossless
ganbare	ss	6	lossless
gangwars	ss	182	lossless
ganjaja	ss	159	lossless
ganryu	ss	142	lossless
gaplus	ss	155	lossless
gardia	ss	147	lossless
garogun	ss	75	lossless
garou	ss	142	lossless
garyoret	ss	162	lossless
gaunt2	ss	160	lossless
gauntdl	ss	150	lossless
gauntleg	ss	160	lossless
gauntlet	ss	160	lossless
gaxeduel	ss	69	lossless
gbbchmp	ss	158	lossless
gberet	ss	158	lossless
gbusters	ss	158	lossless
gchgchmp	ss	158	lossless
gcpinbal	ss	75	lossless
gdarius2	ss	157	lossless
gdfs	ss	186	lossless
geebee	ss	155	lossless
gegege	ss	164	lossless
geimulti	ss	75	lossless
gekiretu	ss	163	lossless
gekiridn	ss	157	lossless
gekisha	ss	173	lossless
gekisou	ss	147	lossless
gemcrush	ss	75	lossless
gemini	ss	153	lossless
genie	ss	75	lossless
genius6	ss	176	lossless
genix	ss	75	lossless
genpeitd	ss	155	lossless
getaway	ss	188	lossless
getrich	ss	178	lossless
gfire2	ss	75	lossless
gforce2	ss	147	lossless
ggconnie	ss	152	lossless
gghost	ss	150	lossless
ggisuka	ss	53	lossless
ggoemon	ss	158	lossless
ggram2	ss	56	lossless
gground	ss	147	lossless
ggx	ss	56	lossless
ggx15	ss	53	lossless
ggxx	ss	227	lossless
ggxxac	ss	227	lossless
ggxxrl	ss	227	lossless
ggxxsla	ss	227	lossless
ghlpanic	ss	152	lossless
ghoshunt	ss	75	lossless
ghostb	ss	162	lossless
ghostlop	ss	142	lossless
ghouls	ss	6	lossless
ghox	ss	191	lossless
gigandes	ss	157	lossless
gigas	ss	147	lossless
gigasm2	ss	147	lossless
gigawing	ss	7	lossless
gijoe	ss	158	lossless
gimeabrk	ss	150	lossless
ginganin	ss	159	lossless
ginkun	ss	153	lossless
girotutt	ss	75	lossless
gladiatr	ss	157	lossless
glass	ss	194	lossless
gldarrow	ss	75	lossless
gldnpkr	ss	75	lossless
glfgreat	ss	158	lossless
gloc	ss	147	lossless
glpracr	ss	153	lossless
glpracr2	ss	153	lossless
glpracr3	ss	153	lossless
gluck2	ss	75	lossless
gmgalax	ss	158	lossless
gmissile	ss	150	lossless
gnbarich	ss	167	lossless
gng	ss	151	lossless
go2000	ss	75	lossless
goalx3	ss	142	lossless
gobyrc	ss	299	lossless
gocowboy	ss	164	lossless
godzilla	ss	186	lossless
gogomile	ss	75	lossless
goindol	ss	75	lossless
goldbug	ss	179	lossless
goldmedl	ss	154	lossless
goldnaxe	ss	147	lossless
goldnpkr	ss	75	lossless
goldstar	ss	176	lossless
golgo13	ss	152	lossless
gollygho	ss	155	lossless
gomoku	ss	180	lossless
gondo	ss	162	lossless
good	ss	75	lossless
goodejan	ss	190	lossless
goonies	ss	158	lossless
goori	ss	75	lossless
gorf	ss	150	lossless
gorodki	ss	75	lossless
gostop	ss	181	lossless
gotcha	ss	75	lossless
gowcaizr	ss	142	lossless
gp2quiz	ss	174	lossless
gp2se	ss	174	lossless
gp98	ss	176	lossless
gpgolf	ss	193	lossless
gpilots	ss	142	lossless
gprider	ss	147	lossless
gpworld	ss	49	lossless
gradius3	ss	158	lossless
gradius4	ss	158	lossless
grainbow	ss	186	lossless
gram2000	ss	56	lossless
grasspin	ss	150	lossless
gratia	ss	159	lossless
gravitar	ss	160	lossless
grchamp	ss	157	lossless
grdforce	ss	69	lossless
grdian	ss	157	lossless
grdians	ss	75	lossless
grdnstrm	ss	163	lossless
greatgun	ss	75	lossless
greenber	ss	148	lossless
gridiron	ss	75	lossless
gridlee	ss	75	lossless
grindstm	ss	191	lossless
grmatch	ss	193	lossless
grndtour	ss	176	lossless
grobda	ss	155	lossless
groovef	ss	69	lossless
groundfx	ss	157	lossless
growl	ss	157	lossless
grudge	ss	150	lossless
gseeker	ss	157	lossless
gslgr94u	ss	155	lossless
gslugrsj	ss	155	lossless
gstream	ss	75	lossless
gstrik2	ss	189	lossless
gstriker	ss	75	lossless
gsword	ss	157	lossless
gt2k	ss	193	lossless
gt3d	ss	193	lossless
gt97	ss	193	lossless
gt98	ss	193	lossless
gt99	ss	193	lossless
gtclassc	ss	193	lossless
gtfore01	ss	193	lossless
gtfore02	ss	193	lossless
gtfore03	ss	193	lossless
gtfore04	ss	193	lossless
gtfore05	ss	193	lossless
gtfore06	ss	193	lossless
gtfrk10m	ss	158	lossless
gtfrk11m	ss	158	lossless
gtg	ss	193	lossless
gtg2	ss	193	lossless
gticlub	ss	158	lossless
gtipoker	ss	75	lossless
gtmr	ss	174	lossless
gtmr2	ss	174	lossless
gtrfrk2m	ss	158	lossless
gtrfrk3m	ss	158	lossless
gtrfrk4m	ss	158	lossless
gtrfrk8m	ss	158	lossless
gtrfrk9m	ss	158	lossless
gtrfrks	ss	158	lossless
gtroppo	ss	75	lossless
guardian	ss	160	lossless
gulfstrm	ss	75	lossless
gulfwar2	ss	177	lossless
gulunpa	ss	6	lossless
gumbo	ss	75	lossless
gunbird	ss	167	lossless
gunbird2	ss	167	lossless
gunblade	ss	54	lossless
gunbustr	ss	157	lossless
gunchamp	ss	157	lossless
gundamex	ss	186	lossless
gundealr	ss	153	lossless
gundhara	ss	186	lossless
gundl94	ss	75	lossless
gundmct	ss	56	lossless
gundmgd	ss	227	lossless
gundmxgd	ss	227	lossless
gunfight	ss	150	lossless
gunforc2	ss	148	lossless
gunforce	ss	148	lossless
gunfront	ss	157	lossless
gunlock	ss	157	lossless
gunmania	ss	158	lossless
gunmast	ss	189	lossless
gunnail	ss	163	lossless
gunpey	ss	186	lossless
gunsmoke	ss	151	lossless
gunsur2	ss	56	lossless
gururin	ss	142	lossless
guts	ss	160	lossless
gutsn	ss	174	lossless
guwange	ss	47	lossless
guzzler	ss	75	lossless
gwar	ss	154	lossless
gwarrior	ss	158	lossless
gwing2	ss	56	lossless
gypsyjug	ss	75	lossless
gyrodine	ss	157	lossless
gyruss	ss	158	lossless
hachamf	ss	163	lossless
hachoo	ss	159	lossless
haekaka	ss	164	lossless
hal21	ss	154	lossless
halleysc	ss	157	lossless
hamaway	ss	147	lossless
hamboy	ss	75	lossless
hammer	ss	75	lossless
hanaawas	ss	149	lossless
hanagumi	ss	69	lossless
hanakanz	ss	173	lossless
hanamai	ss	173	lossless
hanamomo	ss	180	lossless
hanaoji	ss	180	lossless
hanaroku	ss	75	lossless
hanayara	ss	173	lossless
hangon	ss	147	lossless
hangonjr	ss	147	lossless
hangplt	ss	158	lossless
hangzo	ss	162	lossless
happy6	ss	176	lossless
hapytour	ss	75	lossless
harddriv	ss	160	lossless
harddunk	ss	147	lossless
hardhat	ss	165	lossless
hardhea2	ss	75	lossless
hardhead	ss	75	lossless
hardyard	ss	193	lossless
harem	ss	179	lossless
harley	ss	55	lossless
hasamu	ss	148	lossless
hatena	ss	151	lossless
hatris	ss	175	lossless
hattrick	ss	150	lossless
hayaosi1	ss	159	lossless
hayaosi3	ss	159	lossless
hbarrel	ss	162	lossless
hcastle	ss	158	lossless
hcrash	ss	158	lossless
hdrivair	ss	160	lossless
headon	ss	147	lossless
headon2	ss	147	lossless
headonch	ss	75	lossless
headoni	ss	148	lossless
heartatk	ss	179	lossless
heatbrl	ss	75	lossless
heberpop	ss	75	lossless
hedpanic	ss	75	lossless
heiankyo	ss	147	lossless
helifire	ss	161	lossless
hellfire	ss	157	lossless
hermit	ss	75	lossless
hero	ss	179	lossless
heuksun	ss	75	lossless
hexa	ss	157	lossless
hexion	ss	158	lossless
hginga	ss	173	lossless
hgkairak	ss	167	lossless
hgokou	ss	173	lossless
hharry	ss	148	lossless
hidctch2	ss	75	lossless
hidctch3	ss	75	lossless
hidnc2k	ss	75	lossless
hidnctch	ss	75	lossless
higemaru	ss	151	lossless
highroll	ss	75	lossless
highsplt	ss	161	lossless
hiimpact	ss	150	lossless
himesiki	ss	75	lossless
hipai	ss	149	lossless
hipai2	ss	75	lossless
hippodrm	ss	162	lossless
histryma	ss	75	lossless
hitice	ss	157	lossless
hitme	ss	75	lossless
hitnmiss	ss	165	lossless
hjingi	ss	173	lossless
hkagerou	ss	173	lossless
hldspin1	ss	178	lossless
hldspin2	ss	178	lossless
hmgeo	ss	56	lossless
hnageman	ss	180	lossless
hnayayoi	ss	173	lossless
hnxmasev	ss	180	lossless
hoccer	ss	147	lossless
hogalley	ss	161	lossless
holeland	ss	75	lossless
holo	ss	147	lossless
honeydol	ss	187	lossless
hook	ss	148	lossless
hoops96	ss	162	lossless
hopmappy	ss	155	lossless
hopprobo	ss	147	lossless
horekid	ss	180	lossless
horizon	ss	148	lossless
horshoes	ss	157	lossless
hotblock	ss	75	lossless
hotbody	ss	75	lossless
hotchase	ss	158	lossless
hotd	ss	54	lossless
hotd2	ss	56	lossless
hotd3	ss	147	lossless
hotdebut	ss	167	lossless
hotdogst	ss	75	lossless
hotgm4ev	ss	167	lossless
hotgmck	ss	167	lossless
hotgmck3	ss	167	lossless
hotgmcki	ss	167	lossless
hotmind	ss	75	lossless
hotpinbl	ss	177	lossless
hotrod	ss	147	lossless
hotshock	ss	179	lossless
hotsmash	ss	157	lossless
hourouki	ss	189	lossless
housemn2	ss	180	lossless
housemnq	ss	180	lossless
hparadis	ss	173	lossless
hrdtimes	ss	75	lossless
hsf2	ss	7	lossless
hstennis	ss	193	lossless
htchctch	ss	187	lossless
htengoku	ss	173	lossless
hunchbak	ss	179	lossless
huncholy	ss	179	lossless
hustle	ss	75	lossless
hustler	ss	158	lossless
hvnsgate	ss	185	lossless
hvoltage	ss	182	lossless
hvymetal	ss	147	lossless
hvysmsh	ss	162	lossless
hvyunit	ss	157	lossless
hwchamp	ss	147	lossless
hwrace	ss	157	lossless
hydra	ss	160	lossless
hyhoo	ss	180	lossless
hyhoo2	ss	180	lossless
hypbbc2p	ss	158	lossless
hyperath	ss	158	lossless
hyperpac	ss	187	lossless
hyperspt	ss	158	lossless
hyprdriv	ss	150	lossless
hyprduel	ss	75	lossless
hypreac2	ss	164	lossless
hypreact	ss	164	lossless
ibara	ss	47	lossless
ibarablk	ss	47	lossless
iceclimb	ss	161	lossless
iceclmrd	ss	161	lossless
ichir	ss	147	lossless
idhimitu	ss	180	lossless
idolmj	ss	175	lossless
idsoccer	ss	188	lossless
iemoto	ss	180	lossless
igmo	ss	75	lossless
igs_ncs	ss	176	lossless
ikari	ss	154	lossless
ikari3	ss	154	lossless
ikaruga	ss	227	lossless
ikki	ss	75	lossless
illvelo	ss	56	lossless
ilpag	ss	75	lossless
imago	ss	174	lossless
imekura	ss	180	lossless
imgfight	ss	148	lossless
imolagp	ss	75	lossless
imsorry	ss	147	lossless
inca	ss	173	lossless
indianbt	ss	157	lossless
indy500	ss	54	lossless
indyheat	ss	75	lossless
indytemp	ss	160	lossless
inferno	ss	150	lossless
inidv3cy	ss	230	lossless
initd	ss	230	lossless
initdv2j	ss	230	lossless
insector	ss	209	lossless
insectx	ss	157	lossless
intcup94	ss	157	lossless
inthunt	ss	148	lossless
intrepid	ss	157	lossless
intrgirl	ss	173	lossless
intrgmes	ss	75	lossless
introdon	ss	69	lossless
inufuku	ss	175	lossless
inunoos	ss	56	lossless
invad2ct	ss	150	lossless
invaders	ss	157	lossless
invadpt2	ss	157	lossless
invasnab	ss	150	lossless
invcarht	ss	147	lossless
invds	ss	147	lossless
invho2	ss	147	lossless
invinco	ss	147	lossless
invmulti	ss	157	lossless
invqix	ss	157	lossless
invrvnge	ss	157	lossless
inyourfa	ss	159	lossless
ipminvad	ss	148	lossless
ippatsu	ss	173	lossless
ippo2	ss	157	lossless
iqblock	ss	176	lossless
irobot	ss	160	lossless
iron	ss	75	lossless
ironclad	ss	142	lossless
ironfort	ss	75	lossless
ironhors	ss	158	lossless
irrmaze	ss	142	lossless
istellar	ss	49	lossless
istreb	ss	75	lossless
itaten	ss	180	lossless
itazuram	ss	164	lossless
ixion	ss	147	lossless
jack	ss	192	lossless
jackal	ss	158	lossless
jackie	ss	176	lossless
jackpool	ss	75	lossless
jackrabt	ss	75	lossless
jailbrek	ss	158	lossless
jajamaru	ss	159	lossless
jambo	ss	56	lossless
janbari	ss	180	lossless
jangou	ss	180	lossless
jangtaku	ss	173	lossless
janjans1	ss	181	lossless
janjans2	ss	181	lossless
jankenmn	ss	75	lossless
janoh	ss	191	lossless
janptr96	ss	173	lossless
janptrsp	ss	173	lossless
janputer	ss	173	lossless
janshi	ss	75	lossless
janshin	ss	142	lossless
janshinp	ss	173	lossless
jansou	ss	173	lossless
jantotsu	ss	75	lossless
jantouki	ss	173	lossless
janyuki	ss	173	lossless
jchan	ss	174	lossless
jchan2	ss	174	lossless
jclub2v112	ss	149	lossless
jcross	ss	154	lossless
jdredd	ss	166	lossless
jdreddp	ss	150	lossless
jedi	ss	160	lossless
jetwave	ss	158	lossless
jingystm	ss	227	lossless
jitsupro	ss	159	lossless
jituroku	ss	180	lossless
jjack	ss	188	lossless
jjparad2	ss	174	lossless
jjparads	ss	174	lossless
jjpoker	ss	75	lossless
jjsquawk	ss	149	lossless
jmpbreak	ss	187	lossless
jngolady	ss	180	lossless
jockeyc	ss	149	lossless
jockeygp	ss	142	lossless
joemacr	ss	162	lossless
jogakuen	ss	189	lossless
joinem	ss	192	lossless
jojo	ss	8	lossless
jojoba	ss	8	lossless
jokercrd	ss	75	lossless
jollycrd	ss	75	lossless
jollyjgr	ss	157	lossless
jolyjokr	ss	75	lossless
jongbou	ss	154	lossless
jongbou2	ss	154	lossless
jongkyo	ss	75	lossless
jongpute	ss	182	lossless
jongshin	ss	75	lossless
jongtei	ss	173	lossless
josvolly	ss	157	lossless
journey	ss	150	lossless
joust	ss	150	lossless
joust2	ss	150	lossless
joyfulr	ss	154	lossless
joyjoy	ss	142	lossless
joystand	ss	75	lossless
jpark	ss	147	lossless
jpopnics	ss	157	lossless
jppyex98	ss	158	lossless
jrpacman	ss	150	lossless
jsk	ss	181	lossless
jumpbug	ss	158	lossless
jumpcoas	ss	174	lossless
jumpjump	ss	75	lossless
jumpkids	ss	177	lossless
jumpkun	ss	174	lossless
jumppop	ss	157	lossless
jumpshot	ss	150	lossless
junai	ss	180	lossless
junai2	ss	180	lossless
junglek	ss	157	lossless
jungler	ss	158	lossless
junofrst	ss	158	lossless
jyangoku	ss	7	lossless
jzth	ss	75	lossless
kabukikl	ss	142	lossless
kabukiz	ss	157	lossless
kageki	ss	157	lossless
kaguya	ss	180	lossless
kaguya2	ss	180	lossless
kaiserkn	ss	157	lossless
kaitei	ss	155	lossless
kaiunqz	ss	155	lossless
kakumei	ss	159	lossless
kakumei2	ss	159	lossless
kamenrid	ss	186	lossless
kamikaze	ss	158	lossless
kamikcab	ss	162	lossless
kanatuen	ss	180	lossless
kangaroo	ss	160	lossless
kaos	ss	75	lossless
karatblz	ss	175	lossless
karatour	ss	189	lossless
karianx	ss	75	lossless
karnov	ss	162	lossless
karnovr	ss	142	lossless
karous	ss	227	lossless
kattobas	ss	158	lossless
kazan	ss	159	lossless
kbadlands	ss	49	lossless
kbash	ss	160	lossless
kbash2	ss	191	lossless
kbm	ss	158	lossless
kbm2nd	ss	158	lossless
kbm3rd	ss	158	lossless
kchamp	ss	162	lossless
kdynastg	ss	75	lossless
keirinou	ss	75	lossless
keith	ss	155	lossless
keithlcy	ss	181	lossless
kenseim	ss	151	lossless
keroppi	ss	164	lossless
ket	ss	47	lossless
keyboard	ss	227	lossless
kick	ss	150	lossless
kick4csh	ss	56	lossless
kickball	ss	175	lossless
kickboy	ss	180	lossless
kicker	ss	158	lossless
kickgoal	ss	75	lossless
kicknkick	ss	158	lossless
kicknrun	ss	157	lossless
kickoff	ss	159	lossless
kickridr	ss	188	lossless
kidniki	ss	148	lossless
kikcubic	ss	148	lossless
kikikai	ss	157	lossless
kikstart	ss	157	lossless
killbld	ss	176	lossless
killbldp	ss	176	lossless
killcom	ss	75	lossless
kingball	ss	155	lossless
kingdmgp	ss	152	lossless
kingdrby	ss	75	lossless
kingofb	ss	162	lossless
kingpin	ss	151	lossless
kingrt66	ss	230	lossless
kinst	ss	150	lossless
kinst2	ss	75	lossless
kinstb	ss	75	lossless
kirameki	ss	157	lossless
kirarast	ss	159	lossless
kisekaeh	ss	75	lossless
kisekaem	ss	75	lossless
kittenk	ss	158	lossless
kiwame	ss	149	lossless
kiwames	ss	69	lossless
kizuna	ss	142	lossless
kkotnoli	ss	75	lossless
klax	ss	160	lossless
klondkp	ss	75	lossless
knckhead	ss	155	lossless
kncljoe	ss	157	lossless
kngtmare	ss	209	lossless
knights	ss	6	lossless
kod	ss	6	lossless
kof2000	ss	142	lossless
kof2001	ss	142	lossless
kof2002	ss	142	lossless
kof2003	ss	142	lossless
kof94	ss	142	lossless
kof95	ss	142	lossless
kof96	ss	142	lossless
kof97	ss	142	lossless
kof98	ss	142	lossless
kof98umh	ss	176	lossless
kof99	ss	142	lossless
kofnw	ss	53	lossless
kofxi	ss	53	lossless
koikoi	ss	75	lossless
koikois	ss	181	lossless
koikois2	ss	181	lossless
koinomp	ss	180	lossless
kok	ss	75	lossless
kokoroj	ss	147	lossless
kokoroj2	ss	147	lossless
kollon	ss	299	lossless
konam80s	ss	158	lossless
konamigt	ss	158	lossless
konek	ss	75	lossless
kong	ss	157	lossless
konhaji	ss	180	lossless
korinai	ss	180	lossless
korokoro	ss	75	lossless
koroleva	ss	75	lossless
koropens	ss	158	lossless
koshien	ss	157	lossless
kot	ss	75	lossless
kotbinsp	ss	173	lossless
kothello	ss	75	lossless
kotm	ss	142	lossless
kotm2	ss	142	lossless
kouyakyu	ss	182	lossless
kov	ss	176	lossless
kov2	ss	176	lossless
kov2nl	ss	176	lossless
kov2p	ss	176	lossless
kov3	ss	176	lossless
kov7sprt	ss	53	lossless
kovplus	ss	176	lossless
kovsh	ss	176	lossless
kovshp	ss	176	lossless
kovytzy	ss	176	lossless
kozure	ss	180	lossless
kram	ss	157	lossless
kroozr	ss	150	lossless
krull	ss	209	lossless
krzybowl	ss	164	lossless
ksayakyu	ss	157	lossless
kungfum	ss	148	lossless
kungfut	ss	190	lossless
kurikint	ss	157	lossless
kurucham	ss	227	lossless
kurufev	ss	149	lossless
kurukuru	ss	75	lossless
kyros	ss	182	lossless
kyukaidk	ss	155	lossless
kyustrkr	ss	157	lossless
kzaurus	ss	158	lossless
lacrazyc	ss	158	lossless
ladybug	ss	188	lossless
ladyfrog	ss	75	lossless
ladygum	ss	75	lossless
ladykill	ss	189	lossless
ladymstr	ss	157	lossless
lagunar	ss	150	lossless
lamachin	ss	55	lossless
landbrk	ss	75	lossless
landgear	ss	157	lossless
landmakr	ss	157	lossless
laserbat	ss	150	lossless
lasso	ss	154	lossless
lastapos	ss	189	lossless
lastbank	ss	75	lossless
lastbh	ss	170	lossless
lastblad	ss	142	lossless
lastbld2	ss	142	lossless
lastbrnx	ss	54	lossless
lastday	ss	75	lossless
lastduel	ss	151	lossless
lastfort	ss	189	lossless
lastfour	ss	75	lossless
lasthope	ss	142	lossless
lastkm	ss	194	lossless
lastmisn	ss	162	lossless
lastsurv	ss	147	lossless
lazercmd	ss	75	lossless
lbeach	ss	75	lossless
lbgrande	ss	155	lossless
lbowling	ss	142	lossless
ldrun	ss	148	lossless
ldrun2	ss	148	lossless
ldrun3	ss	148	lossless
ldrun4	ss	148	lossless
le2	ss	158	lossless
leader	ss	75	lossless
leds2011	ss	151	lossless
legend	ss	147	lossless
legendoh	ss	75	lossless
legendos	ss	142	lossless
legendsb	ss	75	lossless
legion	ss	180	lossless
legionna	ss	75	lossless
lemans24	ss	55	lossless
lemmings	ss	162	lossless
lemnangl	ss	189	lossless
lependu	ss	75	lossless
leprechn	ss	75	lossless
lespendu	ss	75	lossless
lethalen	ss	158	lossless
lethalj	ss	75	lossless
lethalth	ss	148	lossless
letsdnce	ss	75	lossless
levers	ss	158	lossless
lghost	ss	147	lossless
lgtnfght	ss	158	lossless
lhb	ss	176	lossless
lhb2	ss	176	lossless
lhzb2	ss	176	lossless
liberate	ss	162	lossless
liberatr	ss	160	lossless
liblrabl	ss	155	lossless
lightbr	ss	157	lossless
linkypip	ss	75	lossless
liquidk	ss	157	lossless
littlerb	ss	75	lossless
livegal	ss	180	lossless
livequiz	ss	75	lossless
lizwiz	ss	155	lossless
lkage	ss	157	lossless
llander	ss	160	lossless
lnc	ss	162	lossless
lockload	ss	162	lossless
lockon	ss	75	lossless
lockonph	ss	147	lossless
locomotn	ss	158	lossless
loderndf	ss	167	lossless
loffire	ss	147	lossless
logger	ss	179	lossless
logicpr2	ss	75	lossless
loht	ss	148	lossless
lomakai	ss	159	lossless
looping	ss	75	lossless
lordgun	ss	176	lossless
losttomb	ss	155	lossless
lostwsga	ss	55	lossless
lotlot	ss	148	lossless
lottof2	ss	75	lossless
lottofun	ss	150	lossless
loverboy	ss	192	lossless
lpadv	ss	151	lossless
lrescue	ss	157	lossless
lresort	ss	142	lossless
lsasquad	ss	157	lossless
ltswords	ss	148	lossless
luckboom	ss	75	lossless
luckgrln	ss	75	lossless
lucky74	ss	147	lossless
lucky8	ss	178	lossless
luckywld	ss	155	lossless
luctoday	ss	158	lossless
lufykzku	ss	186	lossless
lunaprk	ss	75	lossless
lupin3	ss	157	lossless
lupinsho	ss	227	lossless
luptype	ss	227	lossless
lvcards	ss	75	lossless
lvgirl94	ss	177	lossless
lwings	ss	151	lossless
m4	ss	150	lossless
m660	ss	157	lossless
m79amb	ss	75	lossless
m_tppokr	ss	75	lossless
mace	ss	160	lossless
mach3	ss	49	lossless
macha	ss	180	lossless
machbrkr	ss	155	lossless
machomou	ss	157	lossless
macross	ss	186	lossless
macross2	ss	186	lossless
macrossp	ss	186	lossless
madalien	ss	162	lossless
madball	ss	75	lossless
madcrash	ss	154	lossless
maddog	ss	170	lossless
maddog2	ss	170	lossless
maddonna	ss	75	lossless
madgear	ss	151	lossless
madmotor	ss	189	lossless
madshark	ss	149	lossless
madzoo	ss	75	lossless
mag_burn	ss	75	lossless
mag_day	ss	75	lossless
mag_pdak	ss	75	lossless
mag_time	ss	147	lossless
mag_war	ss	75	lossless
mag_xain	ss	169	lossless
magdrop2	ss	142	lossless
magdrop3	ss	142	lossless
magerror	ss	75	lossless
magic10	ss	75	lossless
magic102	ss	75	lossless
magicard	ss	75	lossless
magicbal	ss	187	lossless
magicbub	ss	75	lossless
magicfly	ss	75	lossless
magicrd2	ss	75	lossless
magicstk	ss	75	lossless
magipur	ss	75	lossless
magix	ss	75	lossless
magjoker	ss	75	lossless
maglord	ss	142	lossless
magmax	ss	180	lossless
magspeed	ss	149	lossless
magspot	ss	188	lossless
magspot2	ss	188	lossless
magtouch	ss	75	lossless
magtruck	ss	55	lossless
magzun	ss	147	lossless
mahjngoh	ss	299	lossless
mahmajn	ss	147	lossless
mahmajn2	ss	147	lossless
mahretsu	ss	142	lossless
maiko	ss	180	lossless
mainevt	ss	158	lossless
mainline	ss	75	lossless
mainsnk	ss	154	lossless
majorpkr	ss	75	lossless
majs101b	ss	173	lossless
majtitl2	ss	148	lossless
majtitle	ss	148	lossless
makaijan	ss	173	lossless
maletmad	ss	75	lossless
malzak	ss	75	lossless
mamonoro	ss	56	lossless
mangchi	ss	163	lossless
maniach	ss	157	lossless
maniacsp	ss	194	lossless
manicpnc	ss	56	lossless
manxtt	ss	54	lossless
manybloc	ss	163	lossless
mappy	ss	155	lossless
marble	ss	160	lossless
marblmd2	ss	160	lossless
marineb	ss	147	lossless
marinedt	ss	157	lossless
mariner	ss	179	lossless
mario	ss	161	lossless
markham	ss	75	lossless
mars	ss	179	lossless
marstv	ss	56	lossless
martmast	ss	176	lossless
maruchan	ss	69	lossless
marukin	ss	189	lossless
marukodq	ss	142	lossless
marvins	ss	154	lossless
marvland	ss	155	lossless
mastboy	ss	194	lossless
masterw	ss	157	lossless
mastfury	ss	75	lossless
mastkin	ss	158	lossless
match98	ss	178	lossless
matchit	ss	75	lossless
matchit2	ss	148	lossless
matmania	ss	157	lossless
matrim	ss	142	lossless
mausuke	ss	69	lossless
maverik	ss	75	lossless
mawasunda	ss	299	lossless
maxforce	ss	160	lossless
maxideal	ss	75	lossless
maxrpm	ss	150	lossless
maxspeed	ss	53	lossless
maya	ss	173	lossless
mayday	ss	150	lossless
mayhem	ss	192	lossless
mayjin3	ss	149	lossless
mayjinsn	ss	149	lossless
mayjisn2	ss	149	lossless
mayumi	ss	75	lossless
mazan	ss	56	lossless
maze	ss	150	lossless
mazeinv	ss	160	lossless
mazerbla	ss	75	lossless
mazinger	ss	186	lossless
mbaa	ss	56	lossless
mbombrd	ss	6	lossless
mbutrfly	ss	75	lossless
mcatadv	ss	75	lossless
mchampdx	ss	75	lossless
mcheonru	ss	187	lossless
mcnpshnt	ss	173	lossless
mcolors	ss	75	lossless
mcontest	ss	180	lossless
mdhorse	ss	155	lossless
mdrawpkr	ss	75	lossless
mechatt	ss	154	lossless
medlanes	ss	75	lossless
megablst	ss	157	lossless
megadon	ss	75	lossless
megadpkr	ss	75	lossless
megaman	ss	6	lossless
megaman2	ss	7	lossless
megaphx	ss	75	lossless
megat7e	ss	75	lossless
megatack	ss	75	lossless
megazone	ss	158	lossless
megrescu	ss	147	lossless
meijinsn	ss	154	lossless
meltyb	ss	227	lossless
meltybld	ss	227	lossless
menghong	ss	176	lossless
meosism	ss	164	lossless
mercs	ss	6	lossless
merlinmm	ss	158	lossless
mermaid	ss	75	lossless
metabee	ss	75	lossless
metafox	ss	149	lossless
metalb	ss	157	lossless
metamrph	ss	158	lossless
metlclsh	ss	162	lossless
metlfrzr	ss	190	lossless
metlhawk	ss	155	lossless
metlsavr	ss	187	lossless
metmqstr	ss	186	lossless
metrocrs	ss	155	lossless
mf_achas	ss	165	lossless
mf_bdash	ss	165	lossless
mf_brist	ss	165	lossless
mf_flip	ss	165	lossless
mfjump	ss	153	lossless
mfunclub	ss	175	lossless
mgakuen	ss	189	lossless
mgakuen2	ss	189	lossless
mgcldtex	ss	157	lossless
mgcrystl	ss	174	lossless
mgcs	ss	176	lossless
mgdh	ss	176	lossless
mgion	ss	180	lossless
mgmen89	ss	180	lossless
mgolf	ss	160	lossless
mhavoc	ss	160	lossless
mhgaiden	ss	189	lossless
mhhonban	ss	180	lossless
mia	ss	158	lossless
micrombc	ss	69	lossless
midnrun	ss	158	lossless
midres	ss	162	lossless
miexchng	ss	142	lossless
mightguy	ss	180	lossless
mikie	ss	158	lossless
mil4000	ss	75	lossless
milliped	ss	160	lossless
mimonkey	ss	188	lossless
minasan	ss	142	lossless
minefld	ss	158	lossless
mineswpr	ss	75	lossless
minferno	ss	75	lossless
miniboy7	ss	75	lossless
minigolf	ss	150	lossless
minivadr	ss	157	lossless
mirage	ss	189	lossless
mirax	ss	75	lossless
mirninja	ss	155	lossless
misdraw	ss	75	lossless
misncrft	ss	187	lossless
missb2	ss	182	lossless
missile	ss	160	lossless
missw02	ss	177	lossless
missw96	ss	177	lossless
mj1	ss	227	lossless
mj4simai	ss	75	lossless
mjangels	ss	173	lossless
mjapinky	ss	173	lossless
mjcamera	ss	180	lossless
mjchuuka	ss	173	lossless
mjclinic	ss	189	lossless
mjclub	ss	173	lossless
mjcomv1	ss	173	lossless
mjdchuka	ss	173	lossless
mjdejavu	ss	173	lossless
mjderngr	ss	173	lossless
mjdialq2	ss	173	lossless
mjdiplob	ss	173	lossless
mjegolf	ss	180	lossless
mjelctrn	ss	173	lossless
mjflove	ss	173	lossless
mjfocus	ss	180	lossless
mjfriday	ss	173	lossless
mjgaiden	ss	180	lossless
mjgalpri	ss	180	lossless
mjgnight	ss	173	lossless
mjgottsu	ss	180	lossless
mjgottub	ss	180	lossless
mjgtaste	ss	167	lossless
mjhokite	ss	189	lossless
mjifb	ss	173	lossless
mjikaga	ss	189	lossless
mjjoship	ss	189	lossless
mjkinjas	ss	189	lossless
mjkjidai	ss	75	lossless
mjkoiura	ss	180	lossless
mjkojink	ss	189	lossless
mjlaman	ss	180	lossless
mjleague	ss	147	lossless
mjlstory	ss	180	lossless
mjmaglmp	ss	75	lossless
mjmania	ss	180	lossless
mjmyorn2	ss	173	lossless
mjmyster	ss	173	lossless
mjmyuniv	ss	173	lossless
mjnanpas	ss	180	lossless
mjnatsu	ss	175	lossless
mjnquest	ss	157	lossless
mjprivat	ss	189	lossless
mjreach	ss	173	lossless
mjreach1	ss	173	lossless
mjschuka	ss	173	lossless
mjsenpu	ss	75	lossless
mjsikaku	ss	180	lossless
mjsister	ss	191	lossless
mjtensin	ss	173	lossless
mjuraden	ss	180	lossless
mjvegasa	ss	173	lossless
mjyarou	ss	181	lossless
mjyougo	ss	189	lossless
mjyuugi	ss	181	lossless
mjzoomin	ss	159	lossless
mk	ss	150	lossless
mk2	ss	150	lossless
mk3	ss	150	lossless
mk3mdb	ss	75	lossless
mk4	ss	150	lossless
mkeibaou	ss	180	lossless
mladyhtr	ss	180	lossless
mlanding	ss	157	lossless
mmagic	ss	161	lossless
mmatrix	ss	7	lossless
mmaulers	ss	158	lossless
mmaze	ss	155	lossless
mmehyou	ss	180	lossless
mmmbanc	ss	47	lossless
mmonkey	ss	169	lossless
mmpanic	ss	157	lossless
mmpork	ss	47	lossless
mnight	ss	75	lossless
moeru	ss	227	lossless
mofflott	ss	157	lossless
mogitate	ss	180	lossless
moguchan	ss	75	lossless
mogura	ss	158	lossless
mok	ss	227	lossless
mole	ss	75	lossless
momoko	ss	159	lossless
momotaro	ss	173	lossless
moneymac	ss	178	lossless
mongolnw	ss	75	lossless
monkeyba	ss	227	lossless
monsterb	ss	147	lossless
monsterz	ss	158	lossless
montecar	ss	160	lossless
monymony	ss	75	lossless
moomesa	ss	158	lossless
moonal2	ss	155	lossless
mooncrst	ss	180	lossless
moonqsr	ss	180	lossless
moonwar	ss	158	lossless
moonwarp	ss	180	lossless
moremore	ss	187	lossless
moremorp	ss	187	lossless
mortalr	ss	75	lossless
mosaic	ss	75	lossless
mosaicf2	ss	75	lossless
moshougi	ss	142	lossless
motofren	ss	160	lossless
motoraid	ss	54	lossless
motos	ss	155	lossless
motoxgo	ss	155	lossless
mouja	ss	189	lossless
mouseatk	ss	75	lossless
mouser	ss	75	lossless
mp_bio	ss	196	lossless
mp_col3	ss	196	lossless
mp_gaxe2	ss	196	lossless
mp_gslam	ss	196	lossless
mp_gunhe	ss	196	lossless
mp_mazin	ss	196	lossless
mp_shnb3	ss	196	lossless
mp_soni2	ss	196	lossless
mp_sonic	ss	196	lossless
mp_sor2	ss	196	lossless
mp_twcup	ss	196	lossless
mpang	ss	7	lossless
mpatrol	ss	148	lossless
mplanets	ss	209	lossless
mpumpkin	ss	6	lossless
mrdig	ss	187	lossless
mrdo	ss	188	lossless
mrdrillr	ss	155	lossless
mrdrilr2	ss	155	lossless
mrdrilrg	ss	155	lossless
mrflea	ss	75	lossless
mrgoemon	ss	158	lossless
mrjong	ss	75	lossless
mrkicker	ss	187	lossless
mrkougar	ss	179	lossless
mrokumei	ss	189	lossless
mroundup	ss	75	lossless
mrsdyna	ss	75	lossless
mrtnt	ss	155	lossless
mrviking	ss	147	lossless
ms5pcb	ss	142	lossless
msbingo	ss	75	lossless
mscoutm	ss	180	lossless
msgogo	ss	189	lossless
msgundam	ss	186	lossless
msh	ss	7	lossless
mshuttle	ss	180	lossless
mshvsf	ss	7	lossless
msisaac	ss	157	lossless
msjiken	ss	180	lossless
mslider	ss	181	lossless
mslug	ss	142	lossless
mslug2	ss	142	lossless
mslug3	ss	142	lossless
mslug4	ss	142	lossless
mslug6	ss	53	lossless
mslugx	ss	142	lossless
mspacman	ss	150	lossless
mspactwin	ss	75	lossless
mspuzzle	ss	75	lossless
mstworld	ss	189	lossless
msword	ss	6	lossless
mt_aftrb	ss	195	lossless
mt_arrow	ss	195	lossless
mt_astrm	ss	195	lossless
mt_astro	ss	195	lossless
mt_asyn	ss	195	lossless
mt_bbros	ss	195	lossless
mt_beast	ss	195	lossless
mt_calga	ss	195	lossless
mt_cols	ss	195	lossless
mt_crack	ss	195	lossless
mt_eswat	ss	195	lossless
mt_fshrk	ss	195	lossless
mt_fwrld	ss	195	lossless
mt_fz	ss	195	lossless
mt_gaxe	ss	195	lossless
mt_gaxe2	ss	195	lossless
mt_gfoot	ss	195	lossless
mt_ggolf	ss	195	lossless
mt_gng	ss	195	lossless
mt_gsocr	ss	195	lossless
mt_kcham	ss	195	lossless
mt_lastb	ss	195	lossless
mt_mlh	ss	195	lossless
mt_mwalk	ss	195	lossless
mt_mystd	ss	195	lossless
mt_orun	ss	195	lossless
mt_parlg	ss	195	lossless
mt_revsh	ss	195	lossless
mt_shado	ss	195	lossless
mt_shang	ss	195	lossless
mt_shar2	ss	195	lossless
mt_shnbi	ss	195	lossless
mt_smgp	ss	195	lossless
mt_soni2	ss	195	lossless
mt_sonic	ss	195	lossless
mt_spman	ss	195	lossless
mt_srage	ss	195	lossless
mt_srbb	ss	195	lossless
mt_stbld	ss	195	lossless
mt_stf	ss	195	lossless
mt_tetri	ss	195	lossless
mt_tfor2	ss	195	lossless
mt_tgolf	ss	195	lossless
mt_tlbba	ss	195	lossless
mt_tout	ss	195	lossless
mt_wcsoc	ss	195	lossless
mt_wwar	ss	195	lossless
mtetrisc	ss	151	lossless
mtlchamp	ss	158	lossless
mtonic	ss	178	lossless
mtrap	ss	165	lossless
mtwins	ss	6	lossless
mugsmash	ss	75	lossless
multchmp	ss	75	lossless
multigm2	ss	75	lossless
multiped	ss	160	lossless
murogem	ss	75	lossless
musclem	ss	75	lossless
musclhit	ss	158	lossless
mushi2k4	ss	56	lossless
mushi2k5	ss	56	lossless
mushi2k61	ss	56	lossless
mushik2e	ss	56	lossless
mushik4e	ss	56	lossless
mushike	ss	56	lossless
mushisam	ss	47	lossless
mushitam	ss	47	lossless
musicbal	ss	75	lossless
musicsrt	ss	75	lossless
musobana	ss	180	lossless
mustache	ss	190	lossless
mustang	ss	75	lossless
mutantf	ss	162	lossless
mutnat	ss	142	lossless
mv4in1	ss	75	lossless
mvp	ss	147	lossless
mvsc	ss	7	lossless
mvsc2	ss	56	lossless
mwalk	ss	147	lossless
mwarr	ss	75	lossless
mwskins	ss	150	lossless
mx5000	ss	158	lossless
myangel	ss	155	lossless
myangel2	ss	155	lossless
myangel3	ss	155	lossless
myfairld	ss	69	lossless
myhero	ss	147	lossless
mysticm	ss	150	lossless
mysticri	ss	148	lossless
mystston	ss	169	lossless
mystwarr	ss	158	lossless
nagano98	ss	158	lossless
nam1975	ss	142	lossless
namenayo	ss	75	lossless
nametune	ss	150	lossless
naname	ss	185	lossless
narc	ss	150	lossless
nastar	ss	157	lossless
natodef	ss	75	lossless
naughtyb	ss	159	lossless
navarone	ss	155	lossless
nbagold	ss	150	lossless
nbahangt	ss	150	lossless
nbajam	ss	150	lossless
nbajamex	ss	166	lossless
nbajamte	ss	150	lossless
nbanfl	ss	150	lossless
nbapbp	ss	158	lossless
nbashowt	ss	150	lossless
nbbatman	ss	148	lossless
nc96	ss	178	lossless
ncombat	ss	142	lossless
ncommand	ss	142	lossless
ncv1	ss	155	lossless
ncv2	ss	155	lossless
ndxron10	ss	75	lossless
nebulray	ss	155	lossless
neckneck	ss	193	lossless
nekkyoku	ss	175	lossless
nemesis	ss	158	lossless
nemo	ss	6	lossless
neobattl	ss	186	lossless
neobombe	ss	142	lossless
neocup98	ss	142	lossless
neodrift	ss	142	lossless
neomrdo	ss	142	lossless
neraidou	ss	75	lossless
neruton	ss	173	lossless
nettoqc	ss	173	lossless
netwars	ss	75	lossless
nevadafw	ss	75	lossless
new2001	ss	75	lossless
newfant	ss	177	lossless
newmcard	ss	75	lossless
news	ss	75	lossless
newsin7	ss	179	lossless
newxpang	ss	75	lossless
nfb96	ss	178	lossless
nflfoot	ss	150	lossless
nfm	ss	178	lossless
ngalsumr	ss	180	lossless
ngbc	ss	53	lossless
ngpgal	ss	180	lossless
ngtbunny	ss	180	lossless
nhidctch	ss	75	lossless
nhomerun	ss	159	lossless
nibbler	ss	154	lossless
nicetsuk	ss	155	lossless
nichisel	ss	180	lossless
nightgal	ss	180	lossless
nightlov	ss	180	lossless
nightmare	ss	75	lossless
nightrai	ss	299	lossless
nightstr	ss	157	lossless
ninclown	ss	193	lossless
ninjak	ss	157	lossless
ninjakd2	ss	75	lossless
ninjakun	ss	157	lossless
ninjamas	ss	142	lossless
ninjaslt	ss	56	lossless
ninjaw	ss	157	lossless
ninjemak	ss	180	lossless
nitd	ss	142	lossless
nitedrvr	ss	160	lossless
nitrobal	ss	162	lossless
nmg5	ss	75	lossless
nmouse	ss	155	lossless
nmsengen	ss	175	lossless
nndmseal	ss	159	lossless
noahsark	ss	75	lossless
nob	ss	162	lossless
nomnlnd	ss	209	lossless
noraut3a	ss	75	lossless
norautdx	ss	75	lossless
norautp	ss	75	lossless
norautra	ss	75	lossless
norautua	ss	75	lossless
nost	ss	75	lossless
nostromo	ss	75	lossless
nouryoku	ss	153	lossless
nova2001	ss	75	lossless
novoplay	ss	75	lossless
nrallyx	ss	155	lossless
nratechu	ss	149	lossless
ns8lines	ss	178	lossless
nslasher	ss	162	lossless
nspirit	ss	148	lossless
nss_actr	ss	161	lossless
nss_adam	ss	161	lossless
nss_aten	ss	161	lossless
nss_con3	ss	158	lossless
nss_fzer	ss	161	lossless
nss_lwep	ss	161	lossless
nss_ncaa	ss	161	lossless
nss_rob3	ss	161	lossless
nss_skin	ss	148	lossless
nss_smw	ss	161	lossless
nss_ssoc	ss	161	lossless
nss_sten	ss	161	lossless
nstocker	ss	150	lossless
nsub	ss	147	lossless
ntopstar	ss	180	lossless
numanath	ss	155	lossless
number1	ss	75	lossless
number10	ss	75	lossless
numcrash	ss	155	lossless
nuretemi	ss	180	lossless
nvs_machrider	ss	161	lossless
nvs_mightybj	ss	153	lossless
nvs_platoon	ss	161	lossless
nwarr	ss	7	lossless
nycaptor	ss	157	lossless
nyjoker	ss	75	lossless
nyny	ss	209	lossless
oceanhun	ss	55	lossless
officeye	ss	176	lossless
offroad	ss	75	lossless
offroadc	ss	150	lossless
offroadt	ss	75	lossless
offtwall	ss	160	lossless
ohmygod	ss	185	lossless
ohpaipee	ss	180	lossless
oinori	ss	56	lossless
oisipuzl	ss	75	lossless
ojanko2	ss	75	lossless
ojankoc	ss	75	lossless
ojankohs	ss	75	lossless
ojankoy	ss	75	lossless
ojousan	ss	180	lossless
olds	ss	176	lossless
oldsplus	ss	176	lossless
olibochu	ss	148	lossless
ollie	ss	147	lossless
omega	ss	147	lossless
omegaf	ss	75	lossless
omegrace	ss	150	lossless
omotesnd	ss	180	lossless
oneshot	ss	75	lossless
onetwo	ss	75	lossless
onna34ro	ss	157	lossless
ooparts	ss	75	lossless
opaopa	ss	147	lossless
opengolf	ss	158	lossless
openice	ss	150	lossless
optiger	ss	157	lossless
opwolf	ss	157	lossless
opwolf3	ss	157	lossless
orangec	ss	180	lossless
orbit	ss	160	lossless
orbitron	ss	158	lossless
orbs	ss	164	lossless
ordyne	ss	155	lossless
orleg2	ss	176	lossless
orlegend	ss	176	lossless
orunners	ss	147	lossless
oscar	ss	162	lossless
osman	ss	189	lossless
otatidai	ss	180	lossless
otenamhf	ss	299	lossless
otenamih	ss	299	lossless
otenki	ss	299	lossless
othello	ss	75	lossless
othellos	ss	69	lossless
othldrby	ss	191	lossless
othunder	ss	157	lossless
otonano	ss	180	lossless
otrigger	ss	56	lossless
otwalls	ss	150	lossless
outfxies	ss	155	lossless
outr2	ss	147	lossless
outrun	ss	147	lossless
outzone	ss	191	lossless
overdriv	ss	158	lossless
overrev	ss	54	lossless
overtop	ss	142	lossless
ozmawars	ss	154	lossless
ozon1	ss	158	lossless
p47	ss	159	lossless
p47aces	ss	159	lossless
p911	ss	158	lossless
p9112	ss	158	lossless
pacapp	ss	155	lossless
pacapp2	ss	155	lossless
pacappsp	ss	155	lossless
paceight	ss	155	lossless
pachifev	ss	75	lossless
pachiten	ss	180	lossless
packbang	ss	174	lossless
pacland	ss	155	lossless
pacmania	ss	155	lossless
pacnpal	ss	155	lossless
pacplus	ss	155	lossless
pacslot	ss	155	lossless
paddlema	ss	154	lossless
pairlove	ss	149	lossless
pairs	ss	193	lossless
pairsnb	ss	180	lossless
pairsred	ss	193	lossless
palamed	ss	157	lossless
pandoras	ss	158	lossless
pang	ss	189	lossless
pang3	ss	6	lossless
pangpang	ss	187	lossless
pangpoms	ss	189	lossless
panic	ss	188	lossless
panicbom	ss	142	lossless
panicr	ss	157	lossless
panicstr	ss	174	lossless
panther	ss	148	lossless
paperboy	ss	160	lossless
paprazzi	ss	75	lossless
para2dx	ss	75	lossless
paradise	ss	75	lossless
paradlx	ss	75	lossless
parentj	ss	157	lossless
parodius	ss	158	lossless
parrot3	ss	178	lossless
pasha2	ss	75	lossless
pass	ss	75	lossless
passsht	ss	147	lossless
pastelg	ss	180	lossless
pastelis	ss	181	lossless
patapata	ss	185	lossless
patimono	ss	180	lossless
patocar	ss	69	lossless
pbaction	ss	75	lossless
pballoon	ss	154	lossless
pbancho	ss	75	lossless
pbillian	ss	157	lossless
pbillrd	ss	147	lossless
pblbeach	ss	69	lossless
pbobbl2n	ss	142	lossless
pbobble	ss	142	lossless
pbobble2	ss	157	lossless
pbobble3	ss	157	lossless
pbobble4	ss	157	lossless
pc_1942	ss	184	lossless
pc_bball	ss	184	lossless
pc_bfght	ss	184	lossless
pc_bload	ss	184	lossless
pc_bstar	ss	184	lossless
pc_cntra	ss	184	lossless
pc_cshwk	ss	184	lossless
pc_cvnia	ss	184	lossless
pc_dbldr	ss	184	lossless
pc_ddrgn	ss	184	lossless
pc_drmro	ss	184	lossless
pc_duckh	ss	184	lossless
pc_ebike	ss	184	lossless
pc_ftqst	ss	184	lossless
pc_gntlt	ss	184	lossless
pc_golf	ss	184	lossless
pc_goons	ss	184	lossless
pc_grdus	ss	184	lossless
pc_hgaly	ss	184	lossless
pc_kngfu	ss	184	lossless
pc_mario	ss	184	lossless
pc_miket	ss	184	lossless
pc_mman3	ss	184	lossless
pc_moglf	ss	184	lossless
pc_mtoid	ss	184	lossless
pc_ngai2	ss	184	lossless
pc_ngai3	ss	184	lossless
pc_ngaid	ss	184	lossless
pc_pinbt	ss	184	lossless
pc_pwbld	ss	184	lossless
pc_pwrst	ss	184	lossless
pc_radr2	ss	184	lossless
pc_radrc	ss	184	lossless
pc_rcpam	ss	184	lossless
pc_rkats	ss	184	lossless
pc_rnatk	ss	184	lossless
pc_rrngr	ss	184	lossless
pc_rygar	ss	184	lossless
pc_sjetm	ss	184	lossless
pc_smb	ss	184	lossless
pc_smb2	ss	184	lossless
pc_smb3	ss	184	lossless
pc_suprc	ss	184	lossless
pc_tbowl	ss	184	lossless
pc_tenis	ss	184	lossless
pc_tkfld	ss	184	lossless
pc_tmnt	ss	184	lossless
pc_tmnt2	ss	184	lossless
pc_trjan	ss	184	lossless
pc_ttoon	ss	184	lossless
pc_vball	ss	184	lossless
pc_wcup	ss	184	lossless
pc_wgnmn	ss	184	lossless
pc_ynoid	ss	184	lossless
pcktgal	ss	162	lossless
pclubys	ss	155	lossless
pcnfrk	ss	158	lossless
pcnfrk2m	ss	158	lossless
pcnfrk3m	ss	158	lossless
pdrift	ss	147	lossless
peekaboo	ss	159	lossless
peggle	ss	193	lossless
peip0028	ss	75	lossless
pemg0025	ss	75	lossless
pemg0213	ss	75	lossless
penbros	ss	149	lossless
penfan	ss	75	lossless
pengadvb	ss	158	lossless
pengo	ss	147	lossless
penky	ss	75	lossless
pepper2	ss	165	lossless
percuss	ss	75	lossless
perestro	ss	157	lossless
perfrman	ss	162	lossless
pesadelo	ss	158	lossless
peterpak	ss	160	lossless
pf2012	ss	157	lossless
pgalvip	ss	177	lossless
pgm3in1	ss	176	lossless
pgoal	ss	142	lossless
phantom2	ss	150	lossless
pharrier	ss	258	lossless
phelios	ss	155	lossless
phklad	ss	75	lossless
phoenix	ss	158	lossless
photoy2k	ss	176	lossless
phozon	ss	155	lossless
phpython	ss	75	lossless
phtetris	ss	75	lossless
pickin	ss	157	lossless
pickwin	ss	178	lossless
pignewt	ss	147	lossless
pigout	ss	75	lossless
pigskin	ss	150	lossless
pinbo	ss	159	lossless
pingpong	ss	158	lossless
pinkiri8	ss	75	lossless
pinkswts	ss	47	lossless
pipedrm	ss	175	lossless
pipeline	ss	75	lossless
pipibibs	ss	191	lossless
pir2001	ss	178	lossless
pir2002	ss	178	lossless
pirate2	ss	75	lossless
pirates	ss	75	lossless
piratesh	ss	158	lossless
piratetr	ss	75	lossless
pirpok2	ss	178	lossless
pisces	ss	158	lossless
pistoldm	ss	155	lossless
pitapat	ss	75	lossless
pitboss	ss	75	lossless
pitfall2	ss	147	lossless
pitfight	ss	160	lossless
pitnrun	ss	157	lossless
pjustic	ss	56	lossless
pkgnsh	ss	75	lossless
pkgnshdx	ss	75	lossless
pkladies	ss	189	lossless
pkscram	ss	75	lossless
pktet346	ss	176	lossless
pktgaldx	ss	162	lossless
pkunwar	ss	75	lossless
play2000	ss	194	lossless
playball	ss	150	lossless
plegends	ss	185	lossless
pleiads	ss	75	lossless
plgirls	ss	157	lossless
plgirls2	ss	157	lossless
plotting	ss	157	lossless
plsmaswd	ss	151	lossless
pltkids	ss	54	lossless
plumppop	ss	157	lossless
plusalph	ss	159	lossless
plygonet	ss	158	lossless
pma	ss	75	lossless
pmpoker	ss	75	lossless
pnickj	ss	6	lossless
pntnpuzl	ss	75	lossless
pnyaa	ss	142	lossless
pocketrc	ss	155	lossless
poitto	ss	189	lossless
poizone	ss	75	lossless
pokechmp	ss	75	lossless
poker91	ss	75	lossless
pokeresp	ss	75	lossless
pokermon	ss	75	lossless
pokerout	ss	75	lossless
pokersis	ss	75	lossless
pokoachu	ss	180	lossless
pokonl97	ss	178	lossless
pokonyan	ss	6	lossless
pokrdice	ss	193	lossless
polaris	ss	157	lossless
polepos	ss	155	lossless
polepos2	ss	155	lossless
policetr	ss	75	lossless
pollux	ss	75	lossless
polynetw	ss	158	lossless
polyplay	ss	75	lossless
polystar	ss	158	lossless
ponchin	ss	181	lossless
pong	ss	160	lossless
ponpoko	ss	155	lossless
pontoon	ss	75	lossless
pool10	ss	75	lossless
poolshrk	ss	160	lossless
poosho	ss	187	lossless
pooyan	ss	158	lossless
popbingo	ss	75	lossless
popbounc	ss	142	lossless
popflame	ss	159	lossless
popn1	ss	158	lossless
popn2	ss	158	lossless
popn3	ss	158	lossless
popnpop	ss	157	lossless
popnrun	ss	190	lossless
popobear	ss	75	lossless
popper	ss	75	lossless
popspops	ss	163	lossless
porky	ss	155	lossless
portrait	ss	75	lossless
potgame	ss	75	lossless
potopoto	ss	147	lossless
pottnpkr	ss	75	lossless
poundfor	ss	148	lossless
pow	ss	154	lossless
powerbal	ss	75	lossless
powerdrv	ss	150	lossless
powerins	ss	185	lossless
powrplay	ss	192	lossless
powyak96	ss	158	lossless
powyakex	ss	158	lossless
ppcar	ss	75	lossless
ppd	ss	158	lossless
ppj	ss	75	lossless
ppking	ss	157	lossless
ppmast93	ss	75	lossless
ppp	ss	158	lossless
ppp11	ss	158	lossless
pprobe	ss	75	lossless
ppsatan	ss	75	lossless
prehisle	ss	154	lossless
preisle2	ss	142	lossless
prikura	ss	69	lossless
primglex	ss	155	lossless
primrag2	ss	160	lossless
primrage	ss	160	lossless
prmrsocr	ss	158	lossless
profpac	ss	150	lossless
progear	ss	7	lossless
progolf	ss	162	lossless
progress	ss	75	lossless
promutrv	ss	75	lossless
propcycl	ss	156	lossless
prosport	ss	162	lossless
protenn	ss	162	lossless
prtytime	ss	189	lossless
psailor1	ss	180	lossless
psailor2	ss	180	lossless
pspikes	ss	175	lossless
pspikes2	ss	142	lossless
pstadium	ss	180	lossless
pstone	ss	56	lossless
pstone2	ss	56	lossless
psurge	ss	158	lossless
psychic5	ss	159	lossless
psychos	ss	154	lossless
psyforce	ss	157	lossless
psyvar2	ss	227	lossless
ptblank	ss	155	lossless
ptblank2	ss	155	lossless
ptblank3	ss	155	lossless
ptrain	ss	75	lossless
ptrmj	ss	148	lossless
pturn	ss	159	lossless
pubball	ss	150	lossless
puchicar	ss	157	lossless
puckman	ss	155	lossless
puckpkmn	ss	75	lossless
pulirula	ss	157	lossless
pulsar	ss	147	lossless
pulstar	ss	142	lossless
punchout	ss	161	lossless
punisher	ss	6	lossless
punkshot	ss	158	lossless
pururun	ss	189	lossless
pushman	ss	177	lossless
pushover	ss	75	lossless
puyo	ss	147	lossless
puyoda	ss	56	lossless
puyofev	ss	227	lossless
puyopuy2	ss	147	lossless
puyosun	ss	69	lossless
puzlclub	ss	155	lossless
puzlstar	ss	176	lossless
puzzldpr	ss	142	lossless
puzzledp	ss	142	lossless
puzzlet	ss	189	lossless
puzzli	ss	189	lossless
puzzli2	ss	176	lossless
puzzloop	ss	189	lossless
puzzlove	ss	75	lossless
puzznic	ss	157	lossless
pwrflip	ss	75	lossless
pwrgoal	ss	157	lossless
pwrinst2	ss	185	lossless
pwrkick	ss	191	lossless
py2k2	ss	176	lossless
pyenaget	ss	164	lossless
pzlbowl	ss	75	lossless
pzlbreak	ss	187	lossless
pzlestar	ss	75	lossless
pzletime	ss	75	lossless
pzloop2	ss	7	lossless
qad	ss	6	lossless
qb3	ss	192	lossless
qbert	ss	209	lossless
qbertqub	ss	209	lossless
qc	ss	75	lossless
qcrayon	ss	157	lossless
qcrayon2	ss	157	lossless
qdrmfgp	ss	158	lossless
qdrmfgp2	ss	158	lossless
qgakumon	ss	158	lossless
qgh	ss	147	lossless
qix	ss	157	lossless
qjinsei	ss	157	lossless
qmegamis	ss	56	lossless
qmhayaku	ss	180	lossless
qndream	ss	7	lossless
qrouka	ss	147	lossless
qsangoku	ss	151	lossless
qsww	ss	147	lossless
qtheater	ss	157	lossless
qtono1	ss	151	lossless
qtono2j	ss	6	lossless
qtorimon	ss	157	lossless
quantum	ss	160	lossless
quarterb	ss	75	lossless
quartet	ss	147	lossless
quasar	ss	75	lossless
queenbee	ss	75	lossless
quester	ss	155	lossless
quickjac	ss	75	lossless
quickp5	ss	158	lossless
quiz	ss	75	lossless
quiz18k	ss	175	lossless
quiz365	ss	157	lossless
quizard	ss	75	lossless
quizard2	ss	75	lossless
quizard3	ss	75	lossless
quizchq	ss	173	lossless
quizdai2	ss	142	lossless
quizdais	ss	142	lossless
quizdna	ss	163	lossless
quizf1	ss	148	lossless
quizhq	ss	157	lossless
quizhuhu	ss	157	lossless
quizkof	ss	142	lossless
quizmeku	ss	147	lossless
quizmoon	ss	186	lossless
quizmstr	ss	75	lossless
quizo	ss	75	lossless
quizpani	ss	163	lossless
quizqgd	ss	227	lossless
quizshow	ss	160	lossless
quiztou	ss	155	lossless
quiztvqq	ss	173	lossless
quizvid	ss	75	lossless
qwak	ss	160	lossless
qzchikyu	ss	157	lossless
qzkklgy2	ss	153	lossless
qzkklogy	ss	153	lossless
qzquest	ss	157	lossless
qzshowby	ss	157	lossless
r2dtank	ss	75	lossless
r2dx_v33	ss	190	lossless
rabbit	ss	75	lossless
rabiolep	ss	150	lossless
raccoon	ss	75	lossless
racedriv	ss	160	lossless
rachero	ss	147	lossless
racinfrc	ss	158	lossless
racingb	ss	157	lossless
racingj	ss	158	lossless
rackemup	ss	158	lossless
racknrol	ss	158	lossless
radarscp	ss	161	lossless
radarzon	ss	179	lossless
radikalb	ss	194	lossless
radirgy	ss	227	lossless
radirgyn	ss	56	lossless
radm	ss	147	lossless
radr	ss	147	lossless
radrad	ss	180	lossless
raflesia	ss	147	lossless
ragnagrd	ss	142	lossless
raiden	ss	190	lossless
raiden2	ss	190	lossless
raidendx	ss	190	lossless
raiders	ss	179	lossless
raiders5	ss	157	lossless
raimais	ss	157	lossless
raizpin	ss	157	lossless
rallybik	ss	157	lossless
rallyx	ss	155	lossless
rambo3	ss	157	lossless
rampage	ss	150	lossless
rampart	ss	160	lossless
rangrmsn	ss	53	lossless
rapidfir	ss	75	lossless
rastan	ss	157	lossless
raverace	ss	156	lossless
raycris	ss	299	lossless
raystorm	ss	157	lossless
razmataz	ss	147	lossless
rbff1	ss	142	lossless
rbff2	ss	142	lossless
rbffspec	ss	142	lossless
rbibb	ss	155	lossless
rbisland	ss	157	lossless
rbislande	ss	157	lossless
rblaster	ss	49	lossless
rbmk	ss	75	lossless
rcdino4	ss	180	lossless
rchase	ss	147	lossless
rchase2	ss	54	lossless
rdft	ss	190	lossless
rdft2	ss	190	lossless
reactor	ss	209	lossless
reaktor	ss	158	lossless
realbrk	ss	75	lossless
realbrod	ss	75	lossless
recalh	ss	157	lossless
record	ss	75	lossless
recordbr	ss	157	lossless
redalert	ss	148	lossless
redbaron	ss	160	lossless
redclash	ss	174	lossless
redearth	ss	8	lossless
redlin2p	ss	192	lossless
redrobin	ss	174	lossless
redufo	ss	158	lossless
reelfun	ss	75	lossless
reelquak	ss	75	lossless
regulus	ss	147	lossless
relief	ss	160	lossless
renaiclb	ss	180	lossless
renaimj	ss	180	lossless
renegade	ss	157	lossless
renju	ss	181	lossless
repulse	ss	147	lossless
rescraid	ss	150	lossless
rescue	ss	158	lossless
retofinv	ss	157	lossless
revngr84	ss	75	lossless
revx	ss	150	lossless
rezon	ss	149	lossless
rfjet	ss	190	lossless
rhytngk	ss	56	lossless
ribbit	ss	147	lossless
ridgera2	ss	156	lossless
ridgerac	ss	156	lossless
ridhero	ss	142	lossless
ridingf	ss	157	lossless
ridleofp	ss	147	lossless
rimrockn	ss	193	lossless
ringdest	ss	7	lossless
ringout	ss	56	lossless
ringrage	ss	157	lossless
riot	ss	163	lossless
riotcity	ss	147	lossless
ripcord	ss	165	lossless
ripoff	ss	192	lossless
ripribit	ss	75	lossless
riskchal	ss	148	lossless
rjammer	ss	180	lossless
rltennis	ss	75	lossless
rmhaihai	ss	181	lossless
rmhaijin	ss	181	lossless
rmhaisei	ss	181	lossless
rmpgwt	ss	150	lossless
roadblst	ss	160	lossless
roadburn	ss	160	lossless
roadedge	ss	154	lossless
roadf	ss	158	lossless
roadriot	ss	160	lossless
roadrunn	ss	160	lossless
robadv	ss	178	lossless
robadv2	ss	178	lossless
robby	ss	150	lossless
roboarmy	ss	142	lossless
robocop	ss	162	lossless
robocop2	ss	162	lossless
robokid	ss	75	lossless
robotbwl	ss	165	lossless
robotron	ss	150	lossless
robowres	ss	147	lossless
rockclim	ss	157	lossless
rockduck	ss	169	lossless
rockn	ss	159	lossless
rockn2	ss	159	lossless
rockn3	ss	159	lossless
rockn4	ss	159	lossless
rocknms	ss	159	lossless
rockrage	ss	158	lossless
rocktris	ss	75	lossless
rocktrv2	ss	155	lossless
rocnrope	ss	158	lossless
rodland	ss	159	lossless
rohga	ss	162	lossless
roishtar	ss	155	lossless
rolcrush	ss	187	lossless
roldfrog	ss	194	lossless
rollerg	ss	158	lossless
rollingc	ss	180	lossless
rompers	ss	155	lossless
ron2	ss	75	lossless
rongrong	ss	173	lossless
ronjans	ss	75	lossless
rotaryf	ss	75	lossless
rotd	ss	142	lossless
rotr	ss	75	lossless
roughrac	ss	147	lossless
rougien	ss	75	lossless
roul	ss	75	lossless
roundup	ss	157	lossless
roundup5	ss	75	lossless
route16	ss	75	lossless
royale	ss	75	lossless
royalmj	ss	180	lossless
royalpk2	ss	75	lossless
royalqn	ss	180	lossless
roypok96	ss	178	lossless
rpatrol	ss	180	lossless
rrreveng	ss	160	lossless
rsgun	ss	69	lossless
rshark	ss	75	lossless
rthun2	ss	155	lossless
rthunder	ss	155	lossless
rtriv	ss	157	lossless
rtype	ss	148	lossless
rtype2	ss	148	lossless
rtypeleo	ss	148	lossless
rumba	ss	157	lossless
rumblef	ss	53	lossless
rumblef2	ss	53	lossless
runaway	ss	160	lossless
rungun	ss	158	lossless
rungun2	ss	158	lossless
runpuppy	ss	158	lossless
rushbets	ss	75	lossless
rushhero	ss	158	lossless
rvschool	ss	151	lossless
rygar	ss	153	lossless
ryorioh	ss	181	lossless
ryouran	ss	174	lossless
ryujin	ss	157	lossless
ryukyu	ss	147	lossless
s1945	ss	167	lossless
s1945ii	ss	167	lossless
s1945iii	ss	167	lossless
s1945p	ss	142	lossless
sabotenb	ss	163	lossless
sadari	ss	75	lossless
safarir	ss	154	lossless
sailormn	ss	186	lossless
sailorws	ss	180	lossless
salamand	ss	158	lossless
salarymc	ss	158	lossless
salmankt	ss	53	lossless
salmndr2	ss	158	lossless
samba	ss	56	lossless
samba2k	ss	56	lossless
sams64	ss	154	lossless
sams64_2	ss	154	lossless
samsh5sp	ss	142	lossless
samsho	ss	142	lossless
samsho2	ss	142	lossless
samsho3	ss	142	lossless
samsho4	ss	142	lossless
samsho5	ss	142	lossless
samsptk	ss	53	lossless
samurai	ss	147	lossless
samuraia	ss	167	lossless
sandor	ss	69	lossless
sandscrp	ss	75	lossless
sarge	ss	150	lossless
sasissu	ss	69	lossless
sasuke	ss	154	lossless
satansat	ss	154	lossless
saturnzi	ss	150	lossless
sauro	ss	75	lossless
savagere	ss	142	lossless
sb2003	ss	75	lossless
sbagman	ss	157	lossless
sbasebal	ss	154	lossless
sbasketb	ss	158	lossless
sbhoei	ss	75	lossless
sbishi	ss	158	lossless
sblast2b	ss	75	lossless
sbmjb	ss	157	lossless
sbomber	ss	167	lossless
sbowling	ss	157	lossless
sbp	ss	154	lossless
sbrkout	ss	160	lossless
sbubsm	ss	75	lossless
sbugger	ss	75	lossless
scandal	ss	180	lossless
scessjoe	ss	157	lossless
scfinals	ss	157	lossless
schamp	ss	54	lossless
schaser	ss	157	lossless
schmeisr	ss	162	lossless
sci	ss	157	lossless
scion	ss	190	lossless
scobra	ss	158	lossless
scontra	ss	158	lossless
scorpion	ss	158	lossless
scotrsht	ss	158	lossless
scramble	ss	158	lossless
scregg	ss	169	lossless
screwloo	ss	209	lossless
scross	ss	147	lossless
scud	ss	55	lossless
scudhamm	ss	159	lossless
scyclone	ss	157	lossless
sderby	ss	75	lossless
sdfight	ss	187	lossless
sdgndmps	ss	186	lossless
sdi	ss	147	lossless
sdmg2	ss	176	lossless
sdodgeb	ss	142	lossless
sdungeon	ss	157	lossless
seabass	ss	69	lossless
searchar	ss	154	lossless
searchey	ss	75	lossless
searchp2	ss	75	lossless
seawld	ss	178	lossless
seawolf	ss	150	lossless
seawolf2	ss	150	lossless
secolove	ss	180	lossless
secondch	ss	75	lossless
secretag	ss	162	lossless
sectionz	ss	151	lossless
segajw	ss	147	lossless
seganinj	ss	147	lossless
segawski	ss	54	lossless
seicross	ss	180	lossless
seiha	ss	180	lossless
selfeena	ss	157	lossless
seljan	ss	173	lossless
seljan2	ss	173	lossless
semibase	ss	187	lossless
sengekis	ss	174	lossless
sengoku	ss	142	lossless
sengoku2	ss	142	lossless
sengoku3	ss	142	lossless
senjyo	ss	75	lossless
senknow	ss	174	lossless
senko	ss	227	lossless
senkosp	ss	227	lossless
senkyu	ss	190	lossless
setaroul	ss	181	lossless
sexappl	ss	75	lossless
sextriv1	ss	75	lossless
sexyboom	ss	75	lossless
sexygal	ss	180	lossless
sexyparo	ss	158	lossless
sf	ss	151	lossless
sf2	ss	6	lossless
sf2049	ss	160	lossless
sf2ce	ss	6	lossless
sf2hf	ss	6	lossless
sfa	ss	7	lossless
sfa2	ss	7	lossless
sfa3	ss	7	lossless
sfchamp	ss	157	lossless
sfex	ss	151	lossless
sfex2	ss	151	lossless
sfex2p	ss	151	lossless
sfexp	ss	151	lossless
sfiii	ss	8	lossless
sfiii2	ss	8	lossless
sfiii3	ss	8	lossless
sfish2	ss	147	lossless
sfkick	ss	75	lossless
sflush	ss	157	lossless
sfootbal	ss	150	lossless
sfposeid	ss	157	lossless
sfrush	ss	160	lossless
sfrushrk	ss	160	lossless
sftm	ss	151	lossless
sfx	ss	180	lossless
sfz2al	ss	7	lossless
sfz3ugd	ss	227	lossless
sgaltrop	ss	180	lossless
sgemf	ss	7	lossless
sgladiat	ss	154	lossless
sgmast	ss	147	lossless
sgmt1	ss	75	lossless
sgnascar	ss	258	lossless
sgsafari	ss	75	lossless
sgt24h	ss	54	lossless
sgtetris	ss	56	lossless
sgunner	ss	155	lossless
sgunner2	ss	155	lossless
shackled	ss	162	lossless
shadfrce	ss	169	lossless
shadowld	ss	155	lossless
shadoww	ss	153	lossless
shaktam	ss	227	lossless
shaktamb	ss	227	lossless
shaktmsp	ss	227	lossless
shangha2	ss	75	lossless
shangha3	ss	75	lossless
shanghai	ss	75	lossless
shanghss	ss	299	lossless
shangkid	ss	162	lossless
shangon	ss	147	lossless
shangril	ss	56	lossless
shangtou	ss	299	lossless
shanhigw	ss	69	lossless
sharkatt	ss	75	lossless
sharrier	ss	147	lossless
shdancer	ss	147	lossless
sheriff	ss	161	lossless
shienryu	ss	69	lossless
shikgam2	ss	227	lossless
shikigam	ss	299	lossless
shimpact	ss	150	lossless
shinfz	ss	147	lossless
shinygld	ss	75	lossless
shngmtkb	ss	75	lossless
shocking	ss	75	lossless
shocktr2	ss	142	lossless
shocktro	ss	142	lossless
shogwarr	ss	174	lossless
shollow	ss	150	lossless
shootbul	ss	150	lossless
shootgal	ss	75	lossless
shootout	ss	162	lossless
shootpl	ss	56	lossless
shoottv	ss	193	lossless
shors2k1	ss	56	lossless
shors2k2	ss	56	lossless
shorse	ss	56	lossless
shorsep	ss	56	lossless
shougi	ss	182	lossless
shougi2	ss	182	lossless
showdown	ss	165	lossless
shpeng	ss	173	lossless
shrike	ss	150	lossless
shtngmst	ss	147	lossless
shtrider	ss	190	lossless
shuffle	ss	150	lossless
shufshot	ss	193	lossless
shuriboy	ss	158	lossless
shuttlei	ss	157	lossless
shuuz	ss	160	lossless
sianniv	ss	299	lossless
sidampkr	ss	75	lossless
sidearms	ss	151	lossless
sidebs	ss	157	lossless
sidebs2	ss	157	lossless
sidepckt	ss	162	lossless
sidetrac	ss	165	lossless
sigma2k	ss	75	lossless
sigmapkr	ss	75	lossless
silentd	ss	157	lossless
silkroad	ss	75	lossless
silkworm	ss	153	lossless
silvmil	ss	75	lossless
simpbowl	ss	158	lossless
simpsons	ss	158	lossless
sindbadm	ss	147	lossless
sinistar	ss	150	lossless
sjryuko	ss	147	lossless
skichamp	ss	55	lossless
skimaxx	ss	75	lossless
skisuprg	ss	54	lossless
skullfng	ss	162	lossless
skullxbo	ss	160	lossless
skyadvnt	ss	182	lossless
skyalert	ss	189	lossless
skyarmy	ss	75	lossless
skybase	ss	158	lossless
skybump	ss	75	lossless
skychal	ss	69	lossless
skychut	ss	148	lossless
skydest	ss	157	lossless
skydiver	ss	160	lossless
skyfox	ss	159	lossless
skykid	ss	155	lossless
skykiddx	ss	155	lossless
skylancr	ss	75	lossless
skylncr	ss	75	lossless
skylove	ss	157	lossless
skyraid	ss	160	lossless
skyrobo	ss	180	lossless
skyskipr	ss	161	lossless
skysmash	ss	75	lossless
skysoldr	ss	154	lossless
skytargt	ss	54	lossless
sl2007	ss	56	lossless
slammast	ss	6	lossless
slapshot	ss	157	lossless
slapshtr	ss	147	lossless
slasho	ss	56	lossless
slipstrm	ss	151	lossless
slither	ss	157	lossless
sliver	ss	75	lossless
sloco93	ss	75	lossless
slrasslt	ss	158	lossless
slspirit	ss	75	lossless
smarinef	ss	56	lossless
smashtv	ss	150	lossless
smf	ss	152	lossless
smgolf	ss	161	lossless
smgp	ss	147	lossless
smiconk	ss	154	lossless
sminiboy	ss	75	lossless
smissw	ss	177	lossless
smleague	ss	69	lossless
smlg99	ss	56	lossless
smotor	ss	75	lossless
sms4in1	ss	75	lossless
smsjoker	ss	75	lossless
snakepit	ss	150	lossless
snakjack	ss	150	lossless
snapjack	ss	188	lossless
snapper	ss	147	lossless
snookr10	ss	75	lossless
snowboar	ss	194	lossless
snowbro2	ss	191	lossless
snowbro3	ss	187	lossless
snowbros	ss	191	lossless
socbrawl	ss	142	lossless
soccer	ss	160	lossless
soccerss	ss	158	lossless
sokonuke	ss	164	lossless
sokyugrt	ss	69	lossless
solarfox	ss	150	lossless
solarq	ss	192	lossless
solarwar	ss	160	lossless
soldam	ss	159	lossless
soldivid	ss	167	lossless
solfigtr	ss	157	lossless
solomon	ss	153	lossless
solvalou	ss	155	lossless
sonic	ss	147	lossless
sonic2mb	ss	147	lossless
sonicbom	ss	147	lossless
soniccar	ss	147	lossless
sonicfgt	ss	147	lossless
sonicwi2	ss	142	lossless
sonicwi3	ss	142	lossless
sonson	ss	151	lossless
sos	ss	155	lossless
sosterm	ss	75	lossless
sothello	ss	75	lossless
sotsugyo	ss	189	lossless
soulclbr	ss	155	lossless
souledge	ss	155	lossless
soulsurf	ss	230	lossless
soutenry	ss	299	lossless
spacbeam	ss	148	lossless
spacduel	ss	160	lossless
spaceace	ss	49	lossless
spacecr	ss	157	lossless
spacedx	ss	157	lossless
spacefb	ss	161	lossless
spacefev	ss	161	lossless
spacefrt	ss	179	lossless
spaceg	ss	75	lossless
spacegun	ss	157	lossless
spaceint	ss	158	lossless
spacelnc	ss	161	lossless
spaceod	ss	147	lossless
spacepir	ss	170	lossless
spaceskr	ss	157	lossless
spacetrk	ss	147	lossless
spacewar	ss	192	lossless
spacewin	ss	75	lossless
spacezap	ss	150	lossless
spacfury	ss	147	lossless
spacwalk	ss	150	lossless
spang	ss	189	lossless
sparkman	ss	75	lossless
sparkz	ss	160	lossless
spatter	ss	147	lossless
spawn	ss	56	lossless
spbactn	ss	153	lossless
spcenctr	ss	150	lossless
spcewarl	ss	157	lossless
spcforce	ss	75	lossless
spcfrcii	ss	161	lossless
spcinv95	ss	157	lossless
spcking2	ss	158	lossless
spclforc	ss	161	lossless
spclords	ss	160	lossless
spcpostn	ss	147	lossless
spcwarp	ss	179	lossless
spdball	ss	75	lossless
spdcoin	ss	158	lossless
spdheat	ss	157	lossless
spdodgeb	ss	169	lossless
speakres	ss	157	lossless
spec2k	ss	163	lossless
spectar	ss	165	lossless
speedatk	ss	149	lossless
speedfrk	ss	192	lossless
speedrcr	ss	155	lossless
speedrs	ss	75	lossless
speedspn	ss	75	lossless
speedup	ss	194	lossless
speglsht	ss	149	lossless
spelunk2	ss	148	lossless
spelunkr	ss	148	lossless
spf2t	ss	7	lossless
spfghmk2	ss	162	lossless
spider	ss	75	lossless
spiders	ss	75	lossless
spidman	ss	147	lossless
spielbud	ss	75	lossless
spikeofe	ss	55	lossless
spikeout	ss	55	lossless
spiker	ss	150	lossless
spinlbrk	ss	175	lossless
spinmast	ss	142	lossless
spkrbtl	ss	227	lossless
splash	ss	194	lossless
splat	ss	150	lossless
splatter	ss	155	lossless
splndrbt	ss	182	lossless
splndrbt2	ss	182	lossless
spnchout	ss	161	lossless
spooky	ss	178	lossless
spool99	ss	75	lossless
spotty	ss	75	lossless
sprcros2	ss	75	lossless
springer	ss	147	lossless
sprint1	ss	160	lossless
sprint4	ss	160	lossless
sprint8	ss	160	lossless
sprtauth	ss	75	lossless
sprtjam	ss	227	lossless
sprtshot	ss	53	lossless
spuzbobl	ss	299	lossless
spy	ss	158	lossless
spyhunt	ss	150	lossless
spyhunt2	ss	150	lossless
sqbert	ss	209	lossless
sqix	ss	157	lossless
squaitsa	ss	157	lossless
squash	ss	194	lossless
squeenb	ss	75	lossless
sraider	ss	188	lossless
srally2	ss	55	lossless
srallyc	ss	54	lossless
sranger	ss	75	lossless
srdarwin	ss	162	lossless
srdmissn	ss	157	lossless
srmdb	ss	158	lossless
srmp1	ss	149	lossless
srmp2	ss	149	lossless
srmp3	ss	149	lossless
srmp4	ss	149	lossless
srmp5	ss	149	lossless
srmp6	ss	149	lossless
srmp7	ss	149	lossless
srmvs	ss	149	lossless
srollnd	ss	75	lossless
srumbler	ss	151	lossless
sryudens	ss	173	lossless
ss2005	ss	227	lossless
sscope	ss	158	lossless
sscopex	ss	158	lossless
ssf2	ss	7	lossless
ssf2t	ss	7	lossless
ssfindo	ss	75	lossless
sshangha	ss	75	lossless
sshooter	ss	75	lossless
sshot	ss	75	lossless
ssi	ss	157	lossless
ssideki	ss	142	lossless
ssideki2	ss	142	lossless
ssideki3	ss	142	lossless
ssideki4	ss	142	lossless
ssingles	ss	75	lossless
sslam	ss	75	lossless
ssmissin	ss	177	lossless
ssoldier	ss	148	lossless
ssonicbr	ss	75	lossless
ssozumo	ss	169	lossless
sspacaho	ss	147	lossless
sspaceat	ss	147	lossless
sspeedr	ss	150	lossless
sspirits	ss	147	lossless
ssprint	ss	160	lossless
ssrj	ss	157	lossless
sss	ss	69	lossless
sstar97	ss	75	lossless
sstingry	ss	182	lossless
sstrangr	ss	75	lossless
sstriker	ss	152	lossless
sstrkfgt	ss	56	lossless
stactics	ss	147	lossless
stadhero	ss	162	lossless
stadhr96	ss	162	lossless
stagger1	ss	163	lossless
stakwin	ss	142	lossless
stakwin2	ss	142	lossless
stankatk	ss	75	lossless
star100	ss	178	lossless
staraudi	ss	155	lossless
starblad	ss	155	lossless
starcas	ss	192	lossless
starcrus	ss	75	lossless
starfigh	ss	75	lossless
starfir2	ss	165	lossless
starfire	ss	165	lossless
starforc	ss	75	lossless
stargate	ss	150	lossless
starglad	ss	151	lossless
stargrds	ss	150	lossless
starhawk	ss	192	lossless
starjack	ss	147	lossless
starlstr	ss	155	lossless
starseek	ss	227	lossless
starshp1	ss	160	lossless
starsldr	ss	149	lossless
starswep	ss	155	lossless
startrek	ss	147	lossless
startrgn	ss	155	lossless
starwars	ss	160	lossless
stcc	ss	54	lossless
stdragon	ss	159	lossless
stealsee	ss	75	lossless
steeltal	ss	160	lossless
steelwkr	ss	157	lossless
stepchmp	ss	158	lossless
stg	ss	149	lossless
stinger	ss	190	lossless
stkclmns	ss	147	lossless
stlforce	ss	75	lossless
stmblade	ss	181	lossless
stocker	ss	150	lossless
stoffy	ss	157	lossless
stompin	ss	150	lossless
stonebal	ss	75	lossless
strahl	ss	75	lossless
strain	ss	75	lossless
stratab	ss	193	lossless
stratgyx	ss	158	lossless
stratof	ss	153	lossless
streakng	ss	158	lossless
streetg2	ss	75	lossless
streetsm	ss	154	lossless
stress	ss	147	lossless
strgchmp	ss	158	lossless
strhoop	ss	142	lossless
strider	ss	6	lossless
strider2	ss	151	lossless
striv	ss	192	lossless
strkfgtr	ss	147	lossless
strkforc	ss	150	lossless
strkzone	ss	75	lossless
strnskil	ss	75	lossless
strtdriv	ss	160	lossless
strtheat	ss	161	lossless
strvmstr	ss	75	lossless
stunrun	ss	160	lossless
stuntair	ss	75	lossless
stuntcyc	ss	160	lossless
sub	ss	150	lossless
subroc3d	ss	147	lossless
subs	ss	160	lossless
sucasino	ss	75	lossless
suchie2	ss	159	lossless
suchie3	ss	56	lossless
suchiesp	ss	159	lossless
suikoenb	ss	69	lossless
sunaq	ss	75	lossless
sundance	ss	192	lossless
supbtime	ss	162	lossless
supduck	ss	177	lossless
super21	ss	75	lossless
superabc	ss	155	lossless
superbik	ss	179	lossless
superbon	ss	158	lossless
superbug	ss	160	lossless
superchs	ss	157	lossless
superdq	ss	188	lossless
supergm3	ss	75	lossless
superman	ss	157	lossless
superpac	ss	155	lossless
superspy	ss	142	lossless
superten	ss	75	lossless
supertnk	ss	75	lossless
supertr2	ss	75	lossless
supertr3	ss	75	lossless
superwng	ss	75	lossless
superx	ss	75	lossless
supgoal	ss	69	lossless
suplup	ss	187	lossless
supmodel	ss	177	lossless
supmodl2	ss	177	lossless
suprball	ss	178	lossless
suprglob	ss	155	lossless
suprgolf	ss	75	lossless
suprleag	ss	147	lossless
suprloco	ss	147	lossless
suprmous	ss	157	lossless
suprmrio	ss	161	lossless
suprpokr	ss	75	lossless
suprpool	ss	75	lossless
suprridr	ss	157	lossless
suprslam	ss	186	lossless
suprtrio	ss	187	lossless
supxevs	ss	155	lossless
suratk	ss	158	lossless
sureshot	ss	157	lossless
surfplnt	ss	160	lossless
survarts	ss	164	lossless
sushibar	ss	53	lossless
suzuk8h2	ss	155	lossless
suzuka8h	ss	155	lossless
suzume	ss	173	lossless
svc	ss	142	lossless
svf	ss	147	lossless
svg	ss	176	lossless
svolley	ss	150	lossless
swa	ss	147	lossless
swat	ss	147	lossless
swatpolc	ss	75	lossless
swcourt	ss	155	lossless
swimmer	ss	75	lossless
swinggal	ss	180	lossless
swracer	ss	258	lossless
sws	ss	155	lossless
sws92	ss	155	lossless
sws93	ss	155	lossless
sws95	ss	155	lossless
sws96	ss	155	lossless
sws97	ss	155	lossless
sws98	ss	155	lossless
sws99	ss	155	lossless
swtrilgy	ss	55	lossless
sxevious	ss	155	lossless
sxyreac2	ss	164	lossless
sxyreact	ss	164	lossless
syvalion	ss	157	lossless
szaxxon	ss	147	lossless
tacscan	ss	147	lossless
tactcian	ss	158	lossless
tail2nos	ss	75	lossless
tailg	ss	192	lossless
taiwanmb	ss	180	lossless
takoron	ss	227	lossless
talbot	ss	182	lossless
tangtang	ss	75	lossless
tank8	ss	160	lossless
tankbatt	ss	155	lossless
tankbust	ss	75	lossless
tankfrce	ss	155	lossless
tantr	ss	147	lossless
taotaido	ss	175	lossless
tapatune	ss	75	lossless
tapper	ss	150	lossless
targ	ss	165	lossless
targeth	ss	194	lossless
tattack	ss	75	lossless
tattass	ss	162	lossless
taxidriv	ss	75	lossless
tazmania	ss	158	lossless
tbeastw2	ss	164	lossless
tblkkuzu	ss	75	lossless
tbonusal	ss	75	lossless
tbowl	ss	153	lossless
tbyahhoo	ss	158	lossless
tceptor	ss	155	lossless
tcobra2	ss	157	lossless
tdfever	ss	154	lossless
tdoboon	ss	164	lossless
tdpgal	ss	158	lossless
tdragon	ss	163	lossless
tdragon2	ss	163	lossless
tduno	ss	56	lossless
tduno2	ss	56	lossless
teamht	ss	150	lossless
teamqb	ss	75	lossless
techbowl	ss	69	lossless
technodr	ss	155	lossless
techromn	ss	151	lossless
teddybb	ss	147	lossless
teedoff	ss	153	lossless
teetert	ss	165	lossless
tehkanwc	ss	75	lossless
tekipaki	ss	191	lossless
tekken	ss	155	lossless
tekken2	ss	155	lossless
tekken3	ss	155	lossless
tekkenbs	ss	155	lossless
tekkencw	ss	155	lossless
tektagt	ss	155	lossless
teljan	ss	174	lossless
telmahjn	ss	180	lossless
telpacfl	ss	75	lossless
tempest	ss	160	lossless
tengai	ss	167	lossless
tenkai	ss	173	lossless
tenkomor	ss	155	lossless
tenspot	ss	158	lossless
tenthdeg	ss	160	lossless
tenup	ss	75	lossless
terabrst	ss	158	lossless
term2	ss	150	lossless
terracre	ss	180	lossless
terraf	ss	180	lossless
tetgiant	ss	147	lossless
tetkiwam	ss	227	lossless
tetrbx	ss	147	lossless
tetris	ss	147	lossless
tetriskr	ss	160	lossless
tetrisp	ss	159	lossless
tetrisp2	ss	159	lossless
tetrisse	ss	147	lossless
tetrsark	ss	157	lossless
tfrceac	ss	147	lossless
tgm2	ss	167	lossless
tgmj	ss	151	lossless
tgtbal96	ss	75	lossless
tgtpanic	ss	158	lossless
tharrier	ss	164	lossless
theboat	ss	75	lossless
thedeep	ss	75	lossless
theend	ss	158	lossless
theglad	ss	176	lossless
thegrid	ss	150	lossless
thehand	ss	75	lossless
themj	ss	181	lossless
thenanpa	ss	180	lossless
thepit	ss	157	lossless
theroes	ss	47	lossless
thief	ss	75	lossless
thndrbld	ss	147	lossless
thndrx2	ss	158	lossless
thndzone	ss	162	lossless
thoop	ss	194	lossless
thoop2	ss	194	lossless
threeds	ss	180	lossless
thrilld	ss	158	lossless
thunderh	ss	158	lossless
thunderj	ss	160	lossless
thunderl	ss	149	lossless
thunderx	ss	158	lossless
thundfox	ss	157	lossless
tickee	ss	75	lossless
tigerh	ss	157	lossless
tigeroad	ss	151	lossless
tighook	ss	178	lossless
timber	ss	150	lossless
timecris	ss	156	lossless
timecrs2	ss	155	lossless
timefgtr	ss	157	lossless
timekill	ss	193	lossless
timelimt	ss	75	lossless
timeplt	ss	158	lossless
timesold	ss	154	lossless
timetrv	ss	147	lossless
timetunl	ss	157	lossless
tinklpit	ss	155	lossless
tinstar	ss	157	lossless
tinv2650	ss	75	lossless
tisland	ss	162	lossless
tisub	ss	75	lossless
titlef	ss	147	lossless
tjsb	ss	176	lossless
tjumpman	ss	47	lossless
tkdensho	ss	153	lossless
tkmmpzdm	ss	158	lossless
tkoboxng	ss	155	lossless
tm	ss	150	lossless
tm2k	ss	150	lossless
tm3k	ss	150	lossless
tm4k	ss	150	lossless
tm5k	ss	150	lossless
tm7k	ss	150	lossless
tm8k	ss	150	lossless
tmek	ss	160	lossless
tmmjprd	ss	75	lossless
tmnt	ss	158	lossless
tmnt2	ss	158	lossless
tmosh	ss	158	lossless
tmoshs	ss	158	lossless
tndrcade	ss	149	lossless
tnextspc	ss	154	lossless
tnk3	ss	154	lossless
tnzs	ss	157	lossless
todruaga	ss	155	lossless
toffy	ss	157	lossless
togenkyo	ss	180	lossless
toggle	ss	150	lossless
toki	ss	75	lossless
tokio	ss	157	lossless
tokisens	ss	147	lossless
tokkae	ss	158	lossless
tokyobus	ss	56	lossless
tokyogal	ss	180	lossless
tokyowar	ss	156	lossless
tomagic	ss	75	lossless
tomahawk	ss	162	lossless
tomcatsw	ss	160	lossless
tondemo	ss	153	lossless
tonton	ss	75	lossless
tontonb	ss	173	lossless
tonypok	ss	178	lossless
toobin	ss	160	lossless
top21	ss	75	lossless
topbladv	ss	176	lossless
topdrive	ss	75	lossless
topgun	ss	158	lossless
topgunnr	ss	165	lossless
tophuntr	ss	142	lossless
topland	ss	157	lossless
toppyrap	ss	187	lossless
toprollr	ss	159	lossless
topsecex	ss	165	lossless
topshoot	ss	147	lossless
topskatr	ss	54	lossless
topspeed	ss	157	lossless
toratora	ss	75	lossless
toride2g	ss	189	lossless
tornbase	ss	150	lossless
tortufam	ss	75	lossless
torus	ss	75	lossless
toryumon	ss	147	lossless
totcarn	ss	150	lossless
totd	ss	56	lossless
totlvice	ss	158	lossless
totmejan	ss	190	lossless
toto	ss	187	lossless
toucheme	ss	75	lossless
touchgo	ss	194	lossless
toukon3	ss	155	lossless
toukon4	ss	56	lossless
tour4000	ss	75	lossless
tour4010	ss	75	lossless
toursol	ss	75	lossless
tourtabl	ss	160	lossless
touryuu	ss	75	lossless
toutrun	ss	147	lossless
toyfight	ss	56	lossless
toyland	ss	187	lossless
toypop	ss	155	lossless
tp84	ss	158	lossless
tpgolf	ss	142	lossless
trackfld	ss	158	lossless
trally	ss	142	lossless
tranqgun	ss	147	lossless
transfrm	ss	147	lossless
travrusa	ss	148	lossless
trckydoc	ss	75	lossless
treacity	ss	75	lossless
trgheart	ss	227	lossless
tricktrp	ss	158	lossless
triothep	ss	162	lossless
triplep	ss	179	lossless
triplew1	ss	180	lossless
triplew2	ss	180	lossless
triplhnt	ss	160	lossless
tripool	ss	192	lossless
trisport	ss	150	lossless
triviabb	ss	150	lossless
triviaes	ss	150	lossless
triviag1	ss	150	lossless
triviag2	ss	150	lossless
triviasp	ss	150	lossless
triviayp	ss	150	lossless
trivrus	ss	176	lossless
trizeal	ss	227	lossless
troangel	ss	148	lossless
trog	ss	150	lossless
trojan	ss	151	lossless
trophyh	ss	164	lossless
trstar	ss	157	lossless
truco	ss	75	lossless
trucocl	ss	75	lossless
truxton	ss	157	lossless
truxton2	ss	191	lossless
trvchlng	ss	158	lossless
trvhang	ss	75	lossless
trvmadns	ss	75	lossless
trvmstr	ss	159	lossless
trvquest	ss	75	lossless
tryout	ss	162	lossless
ts2	ss	151	lossless
tsamurai	ss	157	lossless
tshingen	ss	159	lossless
tshoot	ss	150	lossless
tstrike	ss	157	lossless
tsukande	ss	158	lossless
tsupenta	ss	158	lossless
tsuwaku	ss	180	lossless
ttchamp	ss	75	lossless
tturf	ss	147	lossless
tubep	ss	180	lossless
tugboat	ss	75	lossless
tumblep	ss	162	lossless
tunhunt	ss	160	lossless
turbo	ss	147	lossless
turbofrc	ss	175	lossless
turbosub	ss	75	lossless
turbotag	ss	150	lossless
turfmast	ss	142	lossless
turkhunt	ss	164	lossless
turrett	ss	155	lossless
turtles	ss	158	lossless
turtship	ss	75	lossless
tutankhm	ss	158	lossless
tutstomb	ss	75	lossless
twcup90	ss	153	lossless
twcup94	ss	153	lossless
twcup98	ss	69	lossless
twcupmil	ss	153	lossless
twinactn	ss	163	lossless
twinadv	ss	187	lossless
twinbee	ss	158	lossless
twinbrat	ss	75	lossless
twincobr	ss	157	lossless
twineag2	ss	149	lossless
twineagl	ss	149	lossless
twinfalc	ss	75	lossless
twinhawk	ss	157	lossless
twinkle	ss	187	lossless
twinqix	ss	157	lossless
twins	ss	75	lossless
twinspri	ss	142	lossless
twinsqua	ss	147	lossless
twotiger	ss	150	lossless
twrshaft	ss	149	lossless
twsoc96	ss	142	lossless
tx1	ss	160	lossless
tylz	ss	209	lossless
uballoon	ss	75	lossless
uccops	ss	148	lossless
uchuuai	ss	180	lossless
ufosensi	ss	147	lossless
ultennis	ss	75	lossless
ultracin	ss	147	lossless
ultraman	ss	186	lossless
ultramhm	ss	180	lossless
ultratnk	ss	160	lossless
ultrax	ss	186	lossless
umanclub	ss	186	lossless
umipoker	ss	75	lossless
umk3	ss	150	lossless
unclepoo	ss	192	lossless
undefeat	ss	227	lossless
undrfire	ss	157	lossless
uniwars	ss	148	lossless
unkitpkr	ss	75	lossless
unkpacg	ss	75	lossless
unksig	ss	75	lossless
unsquad	ss	6	lossless
untoucha	ss	173	lossless
uopoko	ss	47	lossless
upndown	ss	147	lossless
upscope	ss	75	lossless
upyoural	ss	192	lossless
urachamu	ss	75	lossless
urashima	ss	75	lossless
usagi	ss	299	lossless
usagiym	ss	227	lossless
usclssic	ss	149	lossless
usg32	ss	75	lossless
usgames	ss	75	lossless
usvsthem	ss	209	lossless
utoukond	ss	186	lossless
v4cmaze	ss	75	lossless
v4tetrs	ss	75	lossless
v4timebn	ss	75	lossless
valkyrie	ss	155	lossless
valtric	ss	163	lossless
vamphalf	ss	187	lossless
vampire	ss	75	lossless
vandyke	ss	75	lossless
vangrd2	ss	154	lossless
vanguard	ss	154	lossless
vanilla	ss	180	lossless
vanvan	ss	155	lossless
vaportra	ss	162	lossless
vaportrx	ss	160	lossless
varth	ss	6	lossless
vasara	ss	181	lossless
vasara2	ss	181	lossless
vastar	ss	75	lossless
vathlete	ss	227	lossless
vball	ss	169	lossless
vblokbrk	ss	174	lossless
vbowl	ss	176	lossless
vcarn	ss	75	lossless
vcircle	ss	160	lossless
vcombat	ss	75	lossless
vcop	ss	54	lossless
vcop2	ss	54	lossless
vcop3	ss	147	lossless
vega	ss	75	lossless
vegasslw	ss	75	lossless
vendetta	ss	158	lossless
venture	ss	165	lossless
vf	ss	147	lossless
vf2	ss	54	lossless
vf3	ss	55	lossless
vf4	ss	230	lossless
vf4evo	ss	230	lossless
vf4tuned	ss	230	lossless
vfkids	ss	69	lossless
vfremix	ss	69	lossless
vfurlong	ss	53	lossless
vgoalsoc	ss	153	lossless
vhunt2	ss	7	lossless
victlap	ss	156	lossless
victnine	ss	157	lossless
victor21	ss	75	lossless
victor6	ss	75	lossless
victory	ss	165	lossless
victoryc	ss	75	lossless
victroad	ss	154	lossless
videight	ss	75	lossless
videopin	ss	160	lossless
videtron	ss	75	lossless
vidvince	ss	209	lossless
viewpoin	ss	142	lossless
vigilant	ss	148	lossless
vimana	ss	191	lossless
vindctr2	ss	160	lossless
vindictr	ss	160	lossless
viofight	ss	157	lossless
viostorm	ss	158	lossless
viper	ss	75	lossless
viprp1	ss	190	lossless
virnba	ss	56	lossless
virtpool	ss	193	lossless
vitaminc	ss	189	lossless
vivdolls	ss	181	lossless
vliner	ss	142	lossless
vmahjong	ss	69	lossless
vmetal	ss	189	lossless
volfied	ss	157	lossless
von	ss	54	lossless
von2	ss	55	lossless
vonot	ss	56	lossless
vortex	ss	157	lossless
vpoker	ss	75	lossless
vr	ss	147	lossless
vroulet	ss	75	lossless
vs2	ss	55	lossless
vs298	ss	55	lossless
vs2_2k	ss	56	lossless
vs2v991	ss	147	lossless
vsav	ss	7	lossless
vsav2	ss	7	lossless
vsbball	ss	161	lossless
vsfdf	ss	75	lossless
vsgongf	ss	174	lossless
vsgradus	ss	158	lossless
vsgshoe	ss	161	lossless
vshoot	ss	155	lossless
vsmahjng	ss	161	lossless
vsmjtria	ss	75	lossless
vsnetscr	ss	158	lossless
vspinbal	ss	161	lossless
vsskykid	ss	155	lossless
vsslalom	ss	75	lossless
vssoccer	ss	161	lossless
vstennis	ss	161	lossless
vstetris	ss	161	lossless
vstrik3	ss	230	lossless
vstriker	ss	54	lossless
vtenis2c	ss	56	lossless
vtennis	ss	56	lossless
vulcan	ss	158	lossless
vulgus	ss	151	lossless
wacko	ss	150	lossless
waidrive	ss	53	lossless
wakuwak7	ss	142	lossless
wallst	ss	179	lossless
wanted	ss	75	lossless
wantsega	ss	147	lossless
warahana	ss	173	lossless
wardner	ss	157	lossless
warfa	ss	160	lossless
wargods	ss	150	lossless
warlords	ss	160	lossless
warofbug	ss	158	lossless
warp1	ss	75	lossless
warpsped	ss	75	lossless
warpwarp	ss	155	lossless
warrior	ss	192	lossless
warriorb	ss	157	lossless
waterski	ss	157	lossless
watrball	ss	75	lossless
waverunr	ss	54	lossless
wb3	ss	147	lossless
wbbc97	ss	177	lossless
wbeachvl	ss	75	lossless
wbml	ss	147	lossless
wboy	ss	147	lossless
wcatcher	ss	180	lossless
wcbowl	ss	193	lossless
wccf116	ss	227	lossless
wccf212e	ss	227	lossless
wccf310j	ss	227	lossless
wccf420e	ss	227	lossless
wcvol95	ss	162	lossless
wecleman	ss	158	lossless
weddingr	ss	158	lossless
welltris	ss	175	lossless
wfortune	ss	193	lossless
wg3dh	ss	160	lossless
wgp	ss	157	lossless
wh1	ss	142	lossless
wh2	ss	142	lossless
wh2j	ss	142	lossless
wheelfir	ss	75	lossless
wheelrun	ss	75	lossless
whodunit	ss	165	lossless
whp	ss	142	lossless
wiggie	ss	149	lossless
wildfang	ss	153	lossless
wildplt	ss	159	lossless
willow	ss	6	lossless
wilytowr	ss	148	lossless
winbingo	ss	75	lossless
windheat	ss	158	lossless
wingforc	ss	174	lossless
wingwar	ss	147	lossless
wink	ss	75	lossless
winrun	ss	155	lossless
winrun91	ss	155	lossless
winrungp	ss	155	lossless
winspike	ss	158	lossless
winterht	ss	69	lossless
wiping	ss	180	lossless
witch	ss	147	lossless
witchcrd	ss	75	lossless
wits	ss	149	lossless
wivernwg	ss	187	lossless
wiz	ss	190	lossless
wizdfire	ss	162	lossless
wizwarz	ss	209	lossless
wizzquiz	ss	158	lossless
wjammers	ss	142	lossless
wldarrow	ss	75	lossless
wldcourt	ss	155	lossless
wldkicks	ss	56	lossless
wldrider	ss	230	lossless
wlstar	ss	187	lossless
wmatch	ss	147	lossless
wmg	ss	75	lossless
wndrmomo	ss	155	lossless
wndrplnt	ss	162	lossless
wof	ss	6	lossless
wolfpack	ss	160	lossless
wondl96	ss	187	lossless
wondstck	ss	75	lossless
woodpeck	ss	155	lossless
worldadv	ss	75	lossless
worldwar	ss	154	lossless
wotw	ss	192	lossless
wow	ss	150	lossless
wownfant	ss	177	lossless
wpksocv2	ss	159	lossless
wrally	ss	194	lossless
wrally2	ss	194	lossless
wrecking	ss	161	lossless
wrestwar	ss	147	lossless
wrofaero	ss	149	lossless
wrungp	ss	56	lossless
ws	ss	155	lossless
wsbbgd	ss	227	lossless
wschamp	ss	164	lossless
wseries	ss	192	lossless
wsf	ss	75	lossless
wsjr	ss	170	lossless
wtennis	ss	162	lossless
wwallyj	ss	147	lossless
wwanpanm	ss	147	lossless
wwestern	ss	157	lossless
wwfmania	ss	150	lossless
wwfroyal	ss	56	lossless
wwfsstar	ss	169	lossless
wwfwfest	ss	169	lossless
wwjgtin	ss	159	lossless
wwmarine	ss	147	lossless
wyvernf0	ss	157	lossless
x2222	ss	75	lossless
xday2	ss	155	lossless
xenophob	ss	150	lossless
xevi3dg	ss	155	lossless
xevious	ss	155	lossless
xexex	ss	158	lossless
xfiles	ss	75	lossless
xiistag	ss	299	lossless
xmcota	ss	7	lossless
xmen	ss	158	lossless
xmultipl	ss	148	lossless
xmvsf	ss	7	lossless
xorworld	ss	194	lossless
xrally	ss	154	lossless
xsedae	ss	190	lossless
xsleena	ss	157	lossless
xtheball	ss	75	lossless
xtrial	ss	158	lossless
xtrmhnt2	ss	53	lossless
xtrmhunt	ss	53	lossless
xxmissio	ss	75	lossless
xybots	ss	160	lossless
xymg	ss	176	lossless
xyonix	ss	75	lossless
yamagchi	ss	157	lossless
yamato	ss	147	lossless
yamyam	ss	75	lossless
yarunara	ss	173	lossless
yesnoj	ss	157	lossless
yiear	ss	158	lossless
yosakdon	ss	157	lossless
yosimoto	ss	180	lossless
youjyudn	ss	148	lossless
yujan	ss	75	lossless
yuka	ss	75	lossless
yukon	ss	165	lossless
yumefuda	ss	75	lossless
yutnori	ss	187	lossless
yuyugogo	ss	157	lossless
zaryavos	ss	157	lossless
zaviga	ss	162	lossless
zaxxon	ss	147	lossless
zedblade	ss	142	lossless
zektor	ss	147	lossless
zerogu2	ss	56	lossless
zerogun	ss	54	lossless
zerohour	ss	188	lossless
zeropnt	ss	75	lossless
zeropnt2	ss	75	lossless
zeroteam	ss	190	lossless
zerotrgt	ss	162	lossless
zerowing	ss	191	lossless
zerozone	ss	177	lossless
zigzagb	ss	158	lossless
zingzip	ss	149	lossless
zintrckb	ss	142	lossless
zipzap	ss	177	lossless
znpwfv	ss	69	lossless
zoar	ss	162	lossless
zodiack	ss	75	lossless
zokuoten	ss	299	lossless
zombraid	ss	164	lossless
zombrvn	ss	56	lossless
zookeep	ss	157	lossless
zooo	ss	299	lossless
zunkyou	ss	147	lossless
zunou	ss	56	lossless
zupapa	ss	142	lossless
zwackery	ss	150	lossless
zzyzzyxx	ss	192	lossless
