#key	style	ss_system_id	encoding
005	sstitle	147	lossless
10yard	sstitle	148	lossless
11beat	sstitle	149	lossless
18wheelr	sstitle	56	lossless
1941	sstitle	6	lossless
1942	sstitle	151	lossless
1943	sstitle	151	lossless
1943kai	sstitle	151	lossless
1943mii	sstitle	151	lossless
1944	sstitle	7	lossless
1945kiii	sstitle	167	lossless
19xx	sstitle	7	lossless
1on1gov	sstitle	153	lossless
2020bb	sstitle	142	lossless
20pacgal	sstitle	155	lossless
25pacman	sstitle	155	lossless
280zzzap	sstitle	150	lossless
39in1	sstitle	75	lossless
3bagfull	sstitle	75	lossless
3cdpoker	sstitle	75	lossless
3countb	sstitle	142	lossless
3in1mbc	sstitle	75	lossless
3in1semi	sstitle	187	lossless
3kokushi	sstitle	189	lossless
3on3dunk	sstitle	175	lossless
3stooges	sstitle	209	lossless
3super8	sstitle	176	lossless
3wonders	sstitle	6	lossless
3x3puzzl	sstitle	75	lossless
40love	sstitle	157	lossless
4dwarrio	sstitle	147	lossless
4enraya	sstitle	75	lossless
4in1	sstitle	75	lossless
4in1boot	sstitle	75	lossless
4psimasy	sstitle	180	lossless
500gp	sstitle	155	lossless
5acespkr	sstitle	75	lossless
5clown	sstitle	176	lossless
64street	sstitle	159	lossless
720	sstitle	160	lossless
7jigen	sstitle	173	lossless
7mezzo	sstitle	75	lossless
7ordi	sstitle	75	lossless
7smash	sstitle	75	lossless
88games	sstitle	158	lossless
8ball	sstitle	179	lossless
8ballact	sstitle	161	lossless
9ballsht	sstitle	75	lossless
a51site4	sstitle	160	lossless
aafb	sstitle	75	lossless
abaseb	sstitle	160	lossless
abcheck	sstitle	155	lossless
abcop	sstitle	147	lossless
abnudge	sstitle	178	lossless
abunai	sstitle	180	lossless
aburner	sstitle	147	lossless
aburner2	sstitle	147	lossless
acchi	sstitle	162	lossless
ace	sstitle	75	lossless
aceattac	sstitle	147	lossless
acedrive	sstitle	156	lossless
acrobatm	sstitle	157	lossless
act2000	sstitle	178	lossless
actfancr	sstitle	162	lossless
actionhw	sstitle	75	lossless
ad2083	sstitle	179	lossless
adcanoe	sstitle	157	lossless
adillor	sstitle	156	lossless
adpoker	sstitle	75	lossless
aerofgt	sstitle	175	lossless
aerofgts	sstitle	175	lossless
afighter	sstitle	147	lossless
agallet	sstitle	47	lossless
agress	sstitle	169	lossless
aimode	sstitle	180	lossless
ainferno	sstitle	157	lossless
airass	sstitle	148	lossless
airattck	sstitle	177	lossless
airbustr	sstitle	155	lossless
airco22b	sstitle	156	lossless
aircomb	sstitle	155	lossless
airduel	sstitle	148	lossless
airraid	sstitle	190	lossless
airtrix	sstitle	258	lossless
airwlkrs	sstitle	162	lossless
airwolf	sstitle	75	lossless
ajax	sstitle	158	lossless
akamaru	sstitle	173	lossless
akamj	sstitle	75	lossless
akazukin	sstitle	75	lossless
aking	sstitle	155	lossless
akiss	sstitle	159	lossless
akkaarrh	sstitle	160	lossless
aladmdb	sstitle	147	lossless
alchemst	sstitle	75	lossless
alcon	sstitle	157	lossless
alexkidd	sstitle	147	lossless
alibaba	sstitle	147	lossless
alien3	sstitle	147	lossless
alienar	sstitle	150	lossless
aliencha	sstitle	176	lossless
aliencr	sstitle	155	lossless
alienfnt	sstitle	56	lossless
aliens	sstitle	158	lossless
aliensec	sstitle	155	lossless
aliensyn	sstitle	147	lossless
aligator	sstitle	194	lossless
alinvade	sstitle	75	lossless
alpha1v	sstitle	148	lossless
alphaho	sstitle	162	lossless
alpham2	sstitle	142	lossless
alpilot	sstitle	56	lossless
alpine	sstitle	157	lossless
alpinerd	sstitle	156	lossless
alpines	sstitle	156	lossless
alpinr2b	sstitle	156	lossless
altair	sstitle	75	lossless
altair2	sstitle	75	lossless
altbeast	sstitle	147	lossless
am_mg3	sstitle	75	lossless
amazon	sstitle	180	lossless
amaztsk	sstitle	75	lossless
ambush	sstitle	75	lossless
amerdart	sstitle	75	lossless
amidar	sstitle	158	lossless
ampoker2	sstitle	75	lossless
amspdwy	sstitle	75	lossless
amusco	sstitle	75	lossless
androdun	sstitle	142	lossless
androidp	sstitle	75	lossless
andromed	sstitle	148	lossless
angelkds	sstitle	147	lossless
anibonus	sstitle	178	lossless
animalc	sstitle	164	lossless
animaljr	sstitle	157	lossless
animalw	sstitle	75	lossless
animechmp	sstitle	158	lossless
anithunt	sstitle	178	lossless
anmlbskt	sstitle	53	lossless
anpanman2	sstitle	147	lossless
anteater	sstitle	158	lossless
aodk	sstitle	142	lossless
aof	sstitle	142	lossless
aof2	sstitle	142	lossless
aof3	sstitle	142	lossless
aoh	sstitle	187	lossless
apache3	sstitle	75	lossless
apb	sstitle	160	lossless
aplarail	sstitle	155	lossless
aplatoon	sstitle	170	lossless
apparel	sstitle	180	lossless
apple10	sstitle	75	lossless
appoooh	sstitle	147	lossless
aquajack	sstitle	157	lossless
aquajet	sstitle	156	lossless
aquarium	sstitle	75	lossless
aquarush	sstitle	155	lossless
ar_airh	sstitle	75	lossless
ar_argh	sstitle	75	lossless
ar_blast	sstitle	75	lossless
ar_bowl	sstitle	75	lossless
ar_dart	sstitle	75	lossless
ar_dlta	sstitle	75	lossless
ar_fast	sstitle	75	lossless
ar_ldrb	sstitle	75	lossless
ar_ninj	sstitle	75	lossless
ar_pm	sstitle	75	lossless
ar_rdwr	sstitle	75	lossless
ar_sdwr	sstitle	75	lossless
ar_socc	sstitle	75	lossless
ar_spot	sstitle	75	lossless
ar_sprg	sstitle	160	lossless
ar_xeon	sstitle	150	lossless
arabfgt	sstitle	147	lossless
arabian	sstitle	160	lossless
arabianm	sstitle	157	lossless
arbalest	sstitle	149	lossless
arcadecl	sstitle	160	lossless
arcadian	sstitle	163	lossless
archrivl	sstitle	150	lossless
area51	sstitle	160	lossless
area51mx	sstitle	160	lossless
arescue	sstitle	147	lossless
argus	sstitle	163	lossless
argusg	sstitle	209	lossless
arkanoid	sstitle	157	lossless
arkarea	sstitle	75	lossless
arkatour	sstitle	157	lossless
arknoid2	sstitle	157	lossless
arkretrn	sstitle	157	lossless
arlingtn	sstitle	193	lossless
armedf	sstitle	180	lossless
armora	sstitle	192	lossless
armorcar	sstitle	158	lossless
armwar	sstitle	7	lossless
armwrest	sstitle	161	lossless
ashura	sstitle	157	lossless
asndynmt	sstitle	56	lossless
aso	sstitle	154	lossless
assault	sstitle	155	lossless
astdelux	sstitle	160	lossless
asterix	sstitle	158	lossless
astorm	sstitle	147	lossless
astrass	sstitle	69	lossless
astrob	sstitle	147	lossless
astrof	sstitle	162	lossless
astron	sstitle	49	lossless
astropal	sstitle	157	lossless
astyanax	sstitle	159	lossless
asuka	sstitle	157	lossless
asurabld	sstitle	75	lossless
asurabus	sstitle	75	lossless
asylum	sstitle	75	lossless
atarifb	sstitle	160	lossless
ataxx	sstitle	151	lossless
atehate	sstitle	149	lossless
atetris	sstitle	160	lossless
athena	sstitle	154	lossless
atlantis	sstitle	158	lossless
atomicp	sstitle	147	lossless
attackfc	sstitle	157	lossless
attckufo	sstitle	75	lossless
atworld	sstitle	178	lossless
au	sstitle	75	lossless
aurail	sstitle	147	lossless
ausfache	sstitle	56	lossless
av2mj1bb	sstitle	180	lossless
av2mj2rg	sstitle	180	lossless
avalnche	sstitle	160	lossless
avengers	sstitle	151	lossless
avengrgs	sstitle	162	lossless
avsp	sstitle	7	lossless
avspirit	sstitle	159	lossless
avtbingo	sstitle	75	lossless
aztarac	sstitle	75	lossless
azumanga	sstitle	227	lossless
azurian	sstitle	158	lossless
b2b	sstitle	142	lossless
baccarsp	sstitle	75	lossless
backfire	sstitle	162	lossless
backfirt	sstitle	153	lossless
baddog	sstitle	75	lossless
baddudes	sstitle	162	lossless
badlands	sstitle	160	lossless
bagman	sstitle	157	lossless
baile	sstitle	75	lossless
bakatono	sstitle	142	lossless
bakubaku	sstitle	69	lossless
bakutotu	sstitle	155	lossless
balcube	sstitle	189	lossless
ballbomb	sstitle	157	lossless
ballbros	sstitle	157	lossless
balonfgt	sstitle	161	lossless
baluba	sstitle	75	lossless
bam2	sstitle	155	lossless
bananadr	sstitle	180	lossless
banbam	sstitle	75	lossless
bandit	sstitle	162	lossless
bang	sstitle	194	lossless
bangball	sstitle	186	lossless
bangbead	sstitle	142	lossless
bankp	sstitle	147	lossless
barek2ch	sstitle	75	lossless
barek3mb	sstitle	75	lossless
barek3mbc	sstitle	75	lossless
barekch	sstitle	75	lossless
barline	sstitle	180	lossless
barricad	sstitle	75	lossless
barrier	sstitle	192	lossless
baryon	sstitle	187	lossless
basebal2	sstitle	192	lossless
basschal	sstitle	53	lossless
bassdx	sstitle	55	lossless
batcir	sstitle	7	lossless
batman	sstitle	160	lossless
batmanfr	sstitle	69	lossless
batrider	sstitle	152	lossless
batsugun	sstitle	191	lossless
battlane	sstitle	157	lossless
battlcry	sstitle	189	lossless
battlera	sstitle	162	lossless
battlex	sstitle	75	lossless
battlnts	sstitle	158	lossless
battroad	sstitle	148	lossless
bayroute	sstitle	147	lossless
bbakraid	sstitle	152	lossless
bballoon	sstitle	75	lossless
bballs	sstitle	177	lossless
bbbxing	sstitle	159	lossless
bbh	sstitle	193	lossless
bbh2sp	sstitle	193	lossless
bbhcotw	sstitle	193	lossless
bbhsc	sstitle	193	lossless
bbmanw	sstitle	148	lossless
bbonk	sstitle	75	lossless
bbprot	sstitle	75	lossless
bbust2	sstitle	154	lossless
bbusters	sstitle	154	lossless
bchance	sstitle	75	lossless
bchopper	sstitle	148	lossless
bcruzm12	sstitle	147	lossless
bcstry	sstitle	187	lossless
bdrdown	sstitle	227	lossless
beachspi	sstitle	230	lossless
beaminv	sstitle	75	lossless
beastrzr	sstitle	152	lossless
beathead	sstitle	160	lossless
beezer	sstitle	75	lossless
begas	sstitle	49	lossless
bejpoker	sstitle	75	lossless
bel	sstitle	54	lossless
benberob	sstitle	157	lossless
berabohm	sstitle	155	lossless
berenstn	sstitle	75	lossless
berlwall	sstitle	174	lossless
bermudat	sstitle	154	lossless
berzerk	sstitle	75	lossless
bestbest	sstitle	75	lossless
bestri	sstitle	75	lossless
bgaregga	sstitle	152	lossless
bigappg	sstitle	75	lossless
bigbucks	sstitle	155	lossless
bigcsino	sstitle	75	lossless
bigevglf	sstitle	157	lossless
bigfight	sstitle	75	lossless
bigjoke	sstitle	75	lossless
bigkarnk	sstitle	194	lossless
bigprowr	sstitle	169	lossless
bigrun	sstitle	159	lossless
bigstrik	sstitle	159	lossless
bigtwin	sstitle	75	lossless
bijokkog	sstitle	180	lossless
bijokkoy	sstitle	180	lossless
bikiniko	sstitle	180	lossless
bikkuri	sstitle	180	lossless
bikkuric	sstitle	158	lossless
bilyard	sstitle	75	lossless
bingowng	sstitle	178	lossless
bioatack	sstitle	157	lossless
biofreak	sstitle	150	lossless
biohzdmb	sstitle	75	lossless
biomtoy	sstitle	194	lossless
bionicc	sstitle	151	lossless
bioship	sstitle	164	lossless
birdiy	sstitle	155	lossless
birdtry	sstitle	162	lossless
bishi	sstitle	158	lossless
bjourney	sstitle	142	lossless
bjtwin	sstitle	163	lossless
bk3ssrmb	sstitle	75	lossless
bking	sstitle	157	lossless
bking2	sstitle	157	lossless
bking3	sstitle	157	lossless
bkrtmaq	sstitle	155	lossless
black	sstitle	75	lossless
blackhol	sstitle	75	lossless
blackpnt	sstitle	158	lossless
blackt96	sstitle	75	lossless
bladestl	sstitle	158	lossless
blandia	sstitle	149	lossless
blasted	sstitle	150	lossless
blaster	sstitle	150	lossless
blasto	sstitle	75	lossless
blastoff	sstitle	155	lossless
blazeon	sstitle	174	lossless
blazer	sstitle	155	lossless
blazlaz	sstitle	155	lossless
blazstar	sstitle	142	lossless
bldyror2	sstitle	152	lossless
blitz	sstitle	150	lossless
blitz2k	sstitle	150	lossless
blitz99	sstitle	150	lossless
blkheart	sstitle	75	lossless
blkhole	sstitle	158	lossless
blktch2	sstitle	75	lossless
blktiger	sstitle	151	lossless
blktouch	sstitle	173	lossless
blmbycar	sstitle	75	lossless
blnctry	sstitle	155	lossless
block	sstitle	151	lossless
blockade	sstitle	75	lossless
blockcar	sstitle	181	lossless
blocken	sstitle	181	lossless
blockgal	sstitle	147	lossless
blockhl	sstitle	158	lossless
blockout	sstitle	169	lossless
blokpong	sstitle	53	lossless
bloodbro	sstitle	75	lossless
bloodstm	sstitle	193	lossless
bloodwar	sstitle	174	lossless
bloxeed	sstitle	147	lossless
blstroid	sstitle	160	lossless
blswhstl	sstitle	158	lossless
bluehawk	sstitle	75	lossless
blueprnt	sstitle	150	lossless
blueshrk	sstitle	150	lossless
blzntrnd	sstitle	189	lossless
bm1stmix	sstitle	158	lossless
bm2ndmix	sstitle	158	lossless
bm3	sstitle	158	lossless
bm36th	sstitle	158	lossless
bm37th	sstitle	158	lossless
bm3core	sstitle	158	lossless
bm3final	sstitle	158	lossless
bm3rdmix	sstitle	158	lossless
bm4thmix	sstitle	158	lossless
bm5thmix	sstitle	158	lossless
bm6thmix	sstitle	158	lossless
bm7thmix	sstitle	158	lossless
bmanroul	sstitle	152	lossless
bmaster	sstitle	148	lossless
bmcbowl	sstitle	75	lossless
bmclubmx	sstitle	158	lossless
bmcompm2	sstitle	158	lossless
bmcompmx	sstitle	158	lossless
bmcorerm	sstitle	158	lossless
bmcpokr	sstitle	75	lossless
bmdct	sstitle	158	lossless
bmfinal	sstitle	158	lossless
bmiidx	sstitle	158	lossless
bmiidx2	sstitle	158	lossless
bmiidx3	sstitle	158	lossless
bmiidx4	sstitle	158	lossless
bmiidx5	sstitle	158	lossless
bmiidx6	sstitle	158	lossless
bmiidx7	sstitle	158	lossless
bmiidx8	sstitle	158	lossless
bmiidxc2	sstitle	158	lossless
bmiidxs	sstitle	158	lossless
bmxstunts	sstitle	75	lossless
bnglngby	sstitle	161	lossless
bngotime	sstitle	75	lossless
bnstars1	sstitle	159	lossless
bnzabros	sstitle	147	lossless
bodyslam	sstitle	147	lossless
bogeyman	sstitle	169	lossless
boggy84	sstitle	174	lossless
bombbee	sstitle	155	lossless
bombjack	sstitle	75	lossless
bombkick	sstitle	75	lossless
bombsa	sstitle	159	lossless
bonanza	sstitle	75	lossless
bongo	sstitle	158	lossless
bonkadv	sstitle	174	lossless
bonzeadv	sstitle	157	lossless
boogwing	sstitle	162	lossless
boomrang	sstitle	162	lossless
boonggab	sstitle	187	lossless
boothill	sstitle	150	lossless
borench	sstitle	147	lossless
borntofi	sstitle	75	lossless
bosco	sstitle	155	lossless
botanic	sstitle	157	lossless
botss	sstitle	75	lossless
bottle10	sstitle	75	lossless
bottom9	sstitle	158	lossless
bouldash	sstitle	162	lossless
bounty	sstitle	75	lossless
bowl3d	sstitle	75	lossless
bowler	sstitle	150	lossless
bowlrama	sstitle	151	lossless
bowmen	sstitle	178	lossless
boxer	sstitle	160	lossless
boxingb	sstitle	192	lossless
boxyboy	sstitle	155	lossless
bradley	sstitle	160	lossless
brain	sstitle	147	lossless
brainbox2	sstitle	75	lossless
brapboys	sstitle	174	lossless
brasil	sstitle	75	lossless
brasil86	sstitle	75	lossless
brasil87	sstitle	75	lossless
brasil89	sstitle	75	lossless
brasil93	sstitle	75	lossless
braveff	sstitle	258	lossless
brdrline	sstitle	147	lossless
breakers	sstitle	142	lossless
breakrev	sstitle	142	lossless
brickppl	sstitle	147	lossless
brickzn	sstitle	75	lossless
brival	sstitle	147	lossless
brixian	sstitle	157	lossless
brkball	sstitle	75	lossless
brkthru	sstitle	162	lossless
brod	sstitle	75	lossless
brubber	sstitle	162	lossless
brutforc	sstitle	75	lossless
brvblade	sstitle	152	lossless
bshark	sstitle	157	lossless
bsktball	sstitle	160	lossless
bssoccer	sstitle	75	lossless
bstars	sstitle	142	lossless
bstars2	sstitle	142	lossless
bsuerte	sstitle	75	lossless
btchamp	sstitle	158	lossless
btime	sstitle	162	lossless
btlecity	sstitle	155	lossless
btlkroad	sstitle	167	lossless
btoads	sstitle	75	lossless
bubblem	sstitle	157	lossless
bubbles	sstitle	150	lossless
bubbletr	sstitle	155	lossless
bubl2000	sstitle	163	lossless
bublbob2	sstitle	157	lossless
bublbobl	sstitle	157	lossless
buccanrs	sstitle	148	lossless
buckrog	sstitle	147	lossless
bucky	sstitle	158	lossless
bugfever	sstitle	178	lossless
buggyboy	sstitle	160	lossless
buggychl	sstitle	157	lossless
bujutsu	sstitle	158	lossless
bullet	sstitle	147	lossless
bullfgt	sstitle	147	lossless
bullfgtr	sstitle	182	lossless
bullsdrt	sstitle	160	lossless
burglarx	sstitle	75	lossless
buriki	sstitle	154	lossless
burnforc	sstitle	155	lossless
burningf	sstitle	142	lossless
butasan	sstitle	163	lossless
butrfly	sstitle	75	lossless
buttdeli	sstitle	75	lossless
buttobi	sstitle	158	lossless
bwcasino	sstitle	155	lossless
bwidow	sstitle	160	lossless
bwings	sstitle	162	lossless
bygone	sstitle	157	lossless
bzone	sstitle	160	lossless
cabal	sstitle	75	lossless
cachat	sstitle	157	lossless
cadanglr	sstitle	162	lossless
cadash	sstitle	157	lossless
cafetime	sstitle	173	lossless
cairblad	sstitle	164	lossless
calcune	sstitle	75	lossless
calibr50	sstitle	149	lossless
calipso	sstitle	158	lossless
calorie	sstitle	147	lossless
calspeed	sstitle	160	lossless
cameltry	sstitle	157	lossless
candy	sstitle	75	lossless
cannball	sstitle	75	lossless
cannonbp	sstitle	155	lossless
canvas	sstitle	154	lossless
canyon	sstitle	160	lossless
capbowl	sstitle	151	lossless
capsnk	sstitle	56	lossless
captaven	sstitle	162	lossless
captcomm	sstitle	6	lossless
captflag	sstitle	159	lossless
cardline	sstitle	75	lossless
carjmbre	sstitle	75	lossless
carket	sstitle	187	lossless
carnevil	sstitle	150	lossless
carnival	sstitle	147	lossless
carnking	sstitle	193	lossless
carpolo	sstitle	165	lossless
carrera	sstitle	75	lossless
cartfury	sstitle	150	lossless
casanova	sstitle	75	lossless
casbjack	sstitle	75	lossless
cashquiz	sstitle	158	lossless
caspoker	sstitle	75	lossless
castfant	sstitle	162	lossless
catacomb	sstitle	158	lossless
catapult	sstitle	75	lossless
catchp	sstitle	160	lossless
catnmous	sstitle	150	lossless
cavelon	sstitle	179	lossless
cavenger	sstitle	188	lossless
cawing	sstitle	6	lossless
cbaj	sstitle	153	lossless
cball	sstitle	160	lossless
cbasebal	sstitle	151	lossless
cbdash	sstitle	162	lossless
cbombers	sstitle	157	lossless
cbtime	sstitle	162	lossless
cburnrub	sstitle	162	lossless
cbuster	sstitle	162	lossless
ccasino	sstitle	75	lossless
ccastles	sstitle	160	lossless
cchance	sstitle	157	lossless
cchasm	sstitle	192	lossless
cclimber	sstitle	180	lossless
cclimbr2	sstitle	180	lossless
cclownz	sstitle	75	lossless
cdiscon1	sstitle	162	lossless
cdracula	sstitle	173	lossless
cdsteljn	sstitle	162	lossless
cecmatch	sstitle	75	lossless
centiped	sstitle	160	lossless
cerberus	sstitle	192	lossless
cexplore	sstitle	162	lossless
cfarm	sstitle	75	lossless
cfboy0a1	sstitle	162	lossless
cfever1k	sstitle	75	lossless
cfever40	sstitle	75	lossless
cfever50	sstitle	75	lossless
cfever51	sstitle	75	lossless
cfever61	sstitle	75	lossless
cfghtice	sstitle	162	lossless
cfield	sstitle	227	lossless
cflyball	sstitle	162	lossless
cgangpzl	sstitle	155	lossless
cgip30cs	sstitle	75	lossless
cgold	sstitle	75	lossless
cgraplop	sstitle	162	lossless
ch2000	sstitle	178	lossless
chainrec	sstitle	162	lossless
chaknpop	sstitle	157	lossless
chalgirl	sstitle	150	lossless
challeng	sstitle	75	lossless
chameleo	sstitle	159	lossless
champbas	sstitle	147	lossless
champbb2	sstitle	147	lossless
champbwl	sstitle	149	lossless
champwr	sstitle	157	lossless
chanbara	sstitle	162	lossless
chance32	sstitle	75	lossless
changela	sstitle	157	lossless
changes	sstitle	75	lossless
chaoshea	sstitle	299	lossless
charlien	sstitle	189	lossless
chasehq	sstitle	157	lossless
chboxing	sstitle	147	lossless
checkma5	sstitle	150	lossless
checkman	sstitle	159	lossless
cheekyms	sstitle	188	lossless
cheesech	sstitle	75	lossless
chelnov	sstitle	162	lossless
chewheel	sstitle	75	lossless
cheyenne	sstitle	165	lossless
chicgum	sstitle	75	lossless
chiller	sstitle	165	lossless
chimerab	sstitle	159	lossless
chinagat	sstitle	169	lossless
chinatow	sstitle	162	lossless
chinhero	sstitle	157	lossless
chinmoku	sstitle	180	lossless
chinsan	sstitle	75	lossless
chkndraw	sstitle	75	lossless
chkun	sstitle	158	lossless
chleague	sstitle	176	lossless
chocomk	sstitle	227	lossless
chocovdr	sstitle	155	lossless
chokchok	sstitle	187	lossless
choko	sstitle	7	lossless
choplift	sstitle	147	lossless
chopper	sstitle	154	lossless
choroqhr	sstitle	69	lossless
chqflag	sstitle	158	lossless
chry10	sstitle	178	lossless
chrygld	sstitle	178	lossless
chsuper3	sstitle	75	lossless
chukatai	sstitle	157	lossless
chwrestl	sstitle	147	lossless
chwy	sstitle	162	lossless
ciclone	sstitle	75	lossless
circus	sstitle	165	lossless
circusc	sstitle	158	lossless
cischeat	sstitle	159	lossless
citybomb	sstitle	158	lossless
citycon	sstitle	159	lossless
citylove	sstitle	180	lossless
cjdlz	sstitle	75	lossless
cjffruit	sstitle	75	lossless
ckong	sstitle	158	lossless
ckongpt2	sstitle	180	lossless
clapapa	sstitle	162	lossless
classice	sstitle	178	lossless
claybust	sstitle	157	lossless
claychal	sstitle	53	lossless
claypign	sstitle	165	lossless
clayshoo	sstitle	75	lossless
cleoftp	sstitle	227	lossless
cleopatr	sstitle	157	lossless
cliffhgr	sstitle	49	lossless
cloak	sstitle	160	lossless
clocknch	sstitle	162	lossless
cloud9	sstitle	160	lossless
clowns	sstitle	150	lossless
clpoker	sstitle	75	lossless
clshroad	sstitle	162	lossless
cltchitr	sstitle	147	lossless
club90s	sstitle	180	lossless
clubkprz	sstitle	230	lossless
clubkrt	sstitle	230	lossless
clubpacm	sstitle	155	lossless
cluckypo	sstitle	162	lossless
cluclu	sstitle	161	lossless
cmanhat	sstitle	162	lossless
cmehyou	sstitle	180	lossless
cmissnx	sstitle	162	lossless
cmmb103	sstitle	75	lossless
cmpacman	sstitle	178	lossless
cmpap	sstitle	75	lossless
cmtetris	sstitle	178	lossless
cnebula	sstitle	75	lossless
cnightst	sstitle	162	lossless
cninja	sstitle	162	lossless
cntrygrl	sstitle	180	lossless
cntsteer	sstitle	162	lossless
cobra	sstitle	49	lossless
cobracom	sstitle	162	lossless
cocean1a	sstitle	162	lossless
cocoloco	sstitle	75	lossless
codemagik	sstitle	75	lossless
colmns97	sstitle	69	lossless
colony7	sstitle	157	lossless
columns	sstitle	147	lossless
columns2	sstitle	147	lossless
combat	sstitle	165	lossless
combatsc	sstitle	158	lossless
combh	sstitle	147	lossless
comg175	sstitle	75	lossless
comg239	sstitle	75	lossless
comg240	sstitle	75	lossless
comg6004	sstitle	75	lossless
commando	sstitle	151	lossless
commandw	sstitle	157	lossless
commsega	sstitle	147	lossless
comotion	sstitle	75	lossless
compgolf	sstitle	162	lossless
complexx	sstitle	157	lossless
confmiss	sstitle	227	lossless
congo	sstitle	147	lossless
contcirc	sstitle	157	lossless
contra	sstitle	158	lossless
contrambc	sstitle	75	lossless
cookbib	sstitle	187	lossless
cookbib2	sstitle	187	lossless
cookbib3	sstitle	187	lossless
coolmini	sstitle	187	lossless
coolpool	sstitle	75	lossless
coolridr	sstitle	147	lossless
coozumou	sstitle	162	lossless
cop01	sstitle	180	lossless
copsnrob	sstitle	160	lossless
cosmccop	sstitle	148	lossless
cosmica	sstitle	188	lossless
cosmicg	sstitle	188	lossless
cosmo	sstitle	157	lossless
cosmogng	sstitle	155	lossless
cosmos	sstitle	179	lossless
cotton	sstitle	147	lossless
cotton2	sstitle	69	lossless
cottonbm	sstitle	69	lossless
countrun	sstitle	147	lossless
countryc	sstitle	154	lossless
cpoker	sstitle	176	lossless
cpokerpk	sstitle	176	lossless
cppicf	sstitle	162	lossless
cprobowl	sstitle	162	lossless
cprogolf	sstitle	162	lossless
cpsoccer	sstitle	162	lossless
cptshark	sstitle	75	lossless
crackndj	sstitle	56	lossless
cracksht	sstitle	165	lossless
crakndj2	sstitle	56	lossless
crash	sstitle	165	lossless
crater	sstitle	150	lossless
crazybon	sstitle	178	lossless
crazyfgt	sstitle	149	lossless
crazywar	sstitle	75	lossless
crbaloon	sstitle	157	lossless
crgolf	sstitle	75	lossless
crgolfhi	sstitle	75	lossless
crimec	sstitle	157	lossless
crimep2	sstitle	170	lossless
crimepat	sstitle	170	lossless
crimfght	sstitle	158	lossless
critcrsh	sstitle	69	lossless
crkdown	sstitle	147	lossless
croquis	sstitle	75	lossless
crospang	sstitle	75	lossless
crossbow	sstitle	165	lossless
croupier	sstitle	75	lossless
crshrace	sstitle	175	lossless
crswd2bl	sstitle	142	lossless
crsword	sstitle	142	lossless
crszone	sstitle	155	lossless
crtaxihr	sstitle	147	lossless
crush	sstitle	182	lossless
crusherm	sstitle	75	lossless
crusnexo	sstitle	150	lossless
crusnusa	sstitle	150	lossless
crusnwld	sstitle	150	lossless
cryptklr	sstitle	158	lossless
crysking	sstitle	176	lossless
crystal	sstitle	75	lossless
crystal2	sstitle	180	lossless
crystalc	sstitle	75	lossless
crystalg	sstitle	180	lossless
crzcircus	sstitle	75	lossless
crzcross	sstitle	158	lossless
crzrally	sstitle	75	lossless
crzytaxi	sstitle	56	lossless
csclub	sstitle	7	lossless
cscrtry	sstitle	162	lossless
csdtenis	sstitle	162	lossless
cshift	sstitle	150	lossless
csilver	sstitle	162	lossless
csk227it	sstitle	176	lossless
cskater	sstitle	162	lossless
csmash	sstitle	56	lossless
cspike	sstitle	56	lossless
csplayh5	sstitle	180	lossless
csplayh6	sstitle	180	lossless
csplayh7	sstitle	180	lossless
csprint	sstitle	160	lossless
cstlevna	sstitle	158	lossless
csuperas	sstitle	162	lossless
cterrani	sstitle	162	lossless
ctomaday	sstitle	142	lossless
ctornado	sstitle	162	lossless
ctower	sstitle	162	lossless
ctribe	sstitle	169	lossless
cubeqst	sstitle	49	lossless
cubybop	sstitle	157	lossless
cuebrick	sstitle	158	lossless
cultname	sstitle	75	lossless
cultures	sstitle	75	lossless
cuoreuno	sstitle	75	lossless
cupfinal	sstitle	157	lossless
cupsoc	sstitle	190	lossless
curvebal	sstitle	209	lossless
cutefght	sstitle	187	lossless
cutieq	sstitle	155	lossless
cvs2	sstitle	227	lossless
cvsgd	sstitle	227	lossless
cworld	sstitle	151	lossless
cworld2j	sstitle	6	lossless
cybattlr	sstitle	159	lossless
cyberbal	sstitle	160	lossless
cyberlip	sstitle	142	lossless
cybertnk	sstitle	75	lossless
cybots	sstitle	7	lossless
cybrcomm	sstitle	156	lossless
cybrcycc	sstitle	156	lossless
cybsled	sstitle	155	lossless
cybstorm	sstitle	160	lossless
cyclemb	sstitle	157	lossless
cyclshtg	sstitle	157	lossless
cyclwarr	sstitle	75	lossless
cyvern	sstitle	174	lossless
czeroize	sstitle	162	lossless
d9final	sstitle	75	lossless
dacholer	sstitle	180	lossless
dai2kaku	sstitle	75	lossless
dai3wksi	sstitle	75	lossless
daikaiju	sstitle	157	lossless
daimyojn	sstitle	173	lossless
daioh	sstitle	149	lossless
daireika	sstitle	159	lossless
daiskiss	sstitle	158	lossless
daisyari	sstitle	173	lossless
daitorid	sstitle	189	lossless
daiyogen	sstitle	175	lossless
dakkochn	sstitle	147	lossless
dambustr	sstitle	75	lossless
danceyes	sstitle	155	lossless
danchih	sstitle	69	lossless
danchiq	sstitle	69	lossless
dangar	sstitle	180	lossless
dangcurv	sstitle	157	lossless
dangerex	sstitle	160	lossless
dangerz	sstitle	192	lossless
dangseed	sstitle	155	lossless
dankuga	sstitle	157	lossless
daraku	sstitle	167	lossless
darius	sstitle	157	lossless
darius2	sstitle	157	lossless
dariusg	sstitle	157	lossless
dariusgx	sstitle	157	lossless
darkedge	sstitle	147	lossless
darkhleg	sstitle	158	lossless
darkmist	sstitle	157	lossless
darkplnt	sstitle	158	lossless
darkseal	sstitle	162	lossless
darktowr	sstitle	157	lossless
darkwar	sstitle	179	lossless
darwin	sstitle	162	lossless
dayto2pe	sstitle	55	lossless
daytona	sstitle	54	lossless
daytona2	sstitle	55	lossless
dazzler	sstitle	179	lossless
dblaxle	sstitle	157	lossless
dblchal	sstitle	178	lossless
dblcrown	sstitle	75	lossless
dbldynj	sstitle	190	lossless
dblewing	sstitle	189	lossless
dblplay	sstitle	75	lossless
dblpoint	sstitle	75	lossless
dbreed	sstitle	148	lossless
dbz	sstitle	186	lossless
dbz2	sstitle	186	lossless
dbzvrvs	sstitle	147	lossless
dcclub	sstitle	147	lossless
dcheese	sstitle	75	lossless
dcon	sstitle	75	lossless
dcrown	sstitle	149	lossless
dday	sstitle	75	lossless
ddayjlc	sstitle	159	lossless
ddboy	sstitle	75	lossless
ddcrew	sstitle	147	lossless
ddealer	sstitle	163	lossless
ddenlovj	sstitle	173	lossless
ddonpach	sstitle	47	lossless
ddp2	sstitle	47	lossless
ddp3	sstitle	47	lossless
ddpdfk	sstitle	47	lossless
ddpdojt	sstitle	176	lossless
ddr2m	sstitle	158	lossless
ddr3mk	sstitle	158	lossless
ddr3mp	sstitle	158	lossless
ddr4m	sstitle	158	lossless
ddr4mp	sstitle	158	lossless
ddr4mps	sstitle	158	lossless
ddr4ms	sstitle	158	lossless
ddr5m	sstitle	158	lossless
ddragon	sstitle	169	lossless
ddragon2	sstitle	169	lossless
ddragon3	sstitle	169	lossless
ddrextrm	sstitle	158	lossless
ddribble	sstitle	158	lossless
ddrkara	sstitle	158	lossless
ddrkids	sstitle	158	lossless
ddrmax	sstitle	158	lossless
ddrmax2	sstitle	158	lossless
ddrs2k	sstitle	158	lossless
ddrsbm	sstitle	158	lossless
ddrusa	sstitle	158	lossless
ddsom	sstitle	7	lossless
ddtod	sstitle	7	lossless
ddungeon	sstitle	157	lossless
ddux	sstitle	147	lossless
deadang	sstitle	190	lossless
deadconx	sstitle	157	lossless
dealer	sstitle	75	lossless
deathcox	sstitle	56	lossless
deathsml	sstitle	47	lossless
decathlt	sstitle	69	lossless
deerhunt	sstitle	164	lossless
defender	sstitle	150	lossless
deluxe5	sstitle	75	lossless
demndrgn	sstitle	150	lossless
demoderb	sstitle	150	lossless
demofist	sstitle	53	lossless
demon	sstitle	192	lossless
demoneye	sstitle	148	lossless
demonwld	sstitle	191	lossless
dendego	sstitle	157	lossless
dendego2	sstitle	157	lossless
denjinmk	sstitle	190	lossless
denseib	sstitle	75	lossless
depthch	sstitle	147	lossless
derbyo2k	sstitle	56	lossless
derbyoc	sstitle	56	lossless
derbyocw	sstitle	56	lossless
deroon	sstitle	153	lossless
desert	sstitle	54	lossless
desertbr	sstitle	147	lossless
desertdn	sstitle	157	lossless
desertgu	sstitle	150	lossless
desertwr	sstitle	159	lossless
destroyr	sstitle	75	lossless
deucesw2	sstitle	75	lossless
devilfsh	sstitle	179	lossless
devilw	sstitle	158	lossless
devstors	sstitle	158	lossless
devzone	sstitle	188	lossless
dfeverg	sstitle	69	lossless
dfjail	sstitle	75	lossless
dfkbl	sstitle	47	lossless
dfruit	sstitle	75	lossless
dharma	sstitle	189	lossless
diamrun	sstitle	151	lossless
dicegame	sstitle	75	lossless
diehard	sstitle	69	lossless
dietgo	sstitle	162	lossless
digdug	sstitle	155	lossless
digdug2	sstitle	155	lossless
digger	sstitle	147	lossless
diggerc	sstitle	179	lossless
diggerma	sstitle	142	lossless
dimahoo	sstitle	7	lossless
dingo	sstitle	158	lossless
dino	sstitle	6	lossless
dinorex	sstitle	157	lossless
dirtdash	sstitle	156	lossless
dirtdvls	sstitle	55	lossless
dirtfoxj	sstitle	155	lossless
dirtypig	sstitle	53	lossless
disco	sstitle	162	lossless
discoboy	sstitle	75	lossless
divebomb	sstitle	158	lossless
diverboy	sstitle	75	lossless
djboy	sstitle	147	lossless
dkong	sstitle	161	lossless
dkong3	sstitle	161	lossless
dkongjr	sstitle	161	lossless
dlair	sstitle	49	lossless
dleague	sstitle	157	lossless
dmdfever	sstitle	75	lossless
dmnfrnt	sstitle	176	lossless
dmx2m	sstitle	158	lossless
dmx2majp	sstitle	158	lossless
dncfrks	sstitle	158	lossless
doa	sstitle	54	lossless
doa2m	sstitle	56	lossless
doapp	sstitle	153	lossless
docastle	sstitle	188	lossless
dockman	sstitle	157	lossless
dodgem	sstitle	75	lossless
dodgeman	sstitle	75	lossless
dodghero	sstitle	75	lossless
dogfgt	sstitle	169	lossless
dogfight	sstitle	75	lossless
dogpatch	sstitle	150	lossless
dogyuun	sstitle	191	lossless
dokaben	sstitle	151	lossless
dokaben2	sstitle	151	lossless
dokidoki	sstitle	147	lossless
dokyusei	sstitle	189	lossless
dokyusp	sstitle	189	lossless
dolmen	sstitle	163	lossless
dolphin	sstitle	53	lossless
domino	sstitle	150	lossless
dominob	sstitle	75	lossless
dominos	sstitle	160	lossless
dommy	sstitle	169	lossless
doncdoon	sstitle	149	lossless
dondenmj	sstitle	173	lossless
dondokod	sstitle	157	lossless
donpachi	sstitle	47	lossless
dorachan	sstitle	182	lossless
dorodon	sstitle	75	lossless
dorunrun	sstitle	188	lossless
dotrikun	sstitle	147	lossless
dotron	sstitle	150	lossless
doubledr	sstitle	142	lossless
dowild	sstitle	188	lossless
downtown	sstitle	149	lossless
dphl	sstitle	75	lossless
dplay	sstitle	150	lossless
dpoker	sstitle	150	lossless
dquizgo	sstitle	187	lossless
dquizgo2	sstitle	187	lossless
draco	sstitle	75	lossless
dragnblz	sstitle	167	lossless
dragngun	sstitle	162	lossless
dragntr	sstitle	227	lossless
dragntr2	sstitle	227	lossless
dragntr3	sstitle	227	lossless
dragonsh	sstitle	142	lossless
dragoona	sstitle	158	lossless
dragrace	sstitle	160	lossless
drakton	sstitle	161	lossless
draw88pkr	sstitle	75	lossless
dreambal	sstitle	162	lossless
dreamwld	sstitle	187	lossless
dremshpr	sstitle	155	lossless
drgnbowl	sstitle	153	lossless
drgnbstr	sstitle	155	lossless
drgneye	sstitle	75	lossless
drgnmst	sstitle	75	lossless
drgnunit	sstitle	149	lossless
drgnwrld	sstitle	176	lossless
drgpunch	sstitle	173	lossless
drgw2	sstitle	176	lossless
drgw3	sstitle	176	lossless
dribling	sstitle	75	lossless
drifto94	sstitle	181	lossless
driftout	sstitle	181	lossless
drivedge	sstitle	193	lossless
driveyes	sstitle	155	lossless
drivfrcp	sstitle	155	lossless
drmario	sstitle	161	lossless
drmicro	sstitle	75	lossless
drtomy	sstitle	75	lossless
drtoppel	sstitle	157	lossless
dsaber	sstitle	155	lossless
dsem	sstitle	158	lossless
dsem2	sstitle	158	lossless
dsfdct	sstitle	158	lossless
dsfdr	sstitle	158	lossless
dsftkd	sstitle	158	lossless
dsmbl	sstitle	47	lossless
dsoccr94	sstitle	148	lossless
dspirit	sstitle	155	lossless
dstage	sstitle	158	lossless
dstlk	sstitle	7	lossless
dtfamily	sstitle	187	lossless
dtoyoken	sstitle	173	lossless
duckhunt	sstitle	161	lossless
dunhuang	sstitle	75	lossless
dunkmnia	sstitle	155	lossless
dunkshot	sstitle	147	lossless
dvisland	sstitle	178	lossless
dw2001	sstitle	176	lossless
dwarfd	sstitle	75	lossless
dwex	sstitle	176	lossless
dwpc	sstitle	176	lossless
dybb99	sstitle	56	lossless
dybbnao	sstitle	56	lossless
dyger	sstitle	151	lossless
dygolf	sstitle	227	lossless
dynabb	sstitle	54	lossless
dynabb97	sstitle	54	lossless
dynablst	sstitle	148	lossless
dynabomb	sstitle	75	lossless
dynadice	sstitle	75	lossless
dynagear	sstitle	164	lossless
dynamcop	sstitle	54	lossless
dynamski	sstitle	157	lossless
dynashot	sstitle	159	lossless
dynduke	sstitle	190	lossless
dynwar	sstitle	6	lossless
eaglshot	sstitle	164	lossless
earthjkr	sstitle	181	lossless
ebases	sstitle	150	lossless
eca	sstitle	55	lossless
ecofghtr	sstitle	7	lossless
edf	sstitle	159	lossless
edrandy	sstitle	162	lossless
eeekk	sstitle	155	lossless
efdt	sstitle	75	lossless
egghunt	sstitle	75	lossless
eggor	sstitle	155	lossless
eggsplc	sstitle	75	lossless
eggventr	sstitle	75	lossless
ehrgeiz	sstitle	155	lossless
eightfrc	sstitle	153	lossless
eightman	sstitle	142	lossless
einning	sstitle	150	lossless
ejanhs	sstitle	190	lossless
ejihon	sstitle	69	lossless
ejsakura	sstitle	190	lossless
elandore	sstitle	69	lossless
elecyoyo	sstitle	157	lossless
elephfam	sstitle	75	lossless
elevator	sstitle	157	lossless
elfin	sstitle	75	lossless
elgrande	sstitle	75	lossless
elim2	sstitle	147	lossless
elvactr	sstitle	157	lossless
embargo	sstitle	192	lossless
emeralda	sstitle	155	lossless
empcity	sstitle	190	lossless
endless	sstitle	75	lossless
endrichs	sstitle	75	lossless
enduror	sstitle	147	lossless
enforce	sstitle	157	lossless
enigma2	sstitle	75	lossless
enmadaio	sstitle	157	lossless
eprom	sstitle	160	lossless
equites	sstitle	182	lossless
ertictac	sstitle	75	lossless
esb	sstitle	160	lossless
esckids	sstitle	158	lossless
esh	sstitle	49	lossless
espgal	sstitle	47	lossless
espgal2	sstitle	47	lossless
espial	sstitle	75	lossless
esprade	sstitle	47	lossless
eswat	sstitle	147	lossless
eto	sstitle	181	lossless
euroch92	sstitle	157	lossless
evilngt	sstitle	158	lossless
evilston	sstitle	157	lossless
evosocc	sstitle	176	lossless
excelsr	sstitle	75	lossless
excitebk	sstitle	161	lossless
exctleag	sstitle	147	lossless
exctscc2	sstitle	182	lossless
exctsccr	sstitle	182	lossless
exedexes	sstitle	151	lossless
exerion	sstitle	159	lossless
expcard	sstitle	75	lossless
explbrkr	sstitle	174	lossless
exprraid	sstitle	162	lossless
extdwnhl	sstitle	164	lossless
exterm	sstitle	209	lossless
extrmatn	sstitle	157	lossless
exvania	sstitle	155	lossless
exzisus	sstitle	157	lossless
eyes	sstitle	155	lossless
f15se	sstitle	75	lossless
f1dream	sstitle	151	lossless
f1en	sstitle	147	lossless
f1gp	sstitle	175	lossless
f1gp2	sstitle	175	lossless
f1gpstar	sstitle	159	lossless
f1gpstr2	sstitle	159	lossless
f1lap	sstitle	147	lossless
f1superb	sstitle	159	lossless
f355	sstitle	56	lossless
f355twn2	sstitle	56	lossless
faceoff	sstitle	155	lossless
failgate	sstitle	75	lossless
famibox	sstitle	161	lossless
fantasia	sstitle	177	lossless
fantastc	sstitle	157	lossless
fantasyu	sstitle	154	lossless
fantjour	sstitle	158	lossless
fantland	sstitle	75	lossless
fantsia2	sstitle	177	lossless
fantstry	sstitle	75	lossless
fantzn2	sstitle	147	lossless
fantzn2x	sstitle	147	lossless
fantzone	sstitle	147	lossless
fastdraw	sstitle	170	lossless
fastlane	sstitle	158	lossless
fatfursp	sstitle	142	lossless
fatfurwa	sstitle	154	lossless
fatfury1	sstitle	142	lossless
fatfury2	sstitle	142	lossless
fatfury3	sstitle	142	lossless
fax	sstitle	165	lossless
fb2gen	sstitle	178	lossless
fb2nd	sstitle	178	lossless
fb3g	sstitle	178	lossless
fb4	sstitle	178	lossless
fb5	sstitle	178	lossless
fb6	sstitle	178	lossless
fb6se	sstitle	178	lossless
fbait2bc	sstitle	158	lossless
fbaitbc	sstitle	158	lossless
fbaitmc	sstitle	158	lossless
fball	sstitle	75	lossless
fbdeluxe	sstitle	178	lossless
fbfrenzy	sstitle	142	lossless
fcnudge	sstitle	178	lossless
fcombat	sstitle	159	lossless
feversoc	sstitle	190	lossless
feversos	sstitle	47	lossless
ffight	sstitle	6	lossless
ffight2b	sstitle	75	lossless
ffreveng	sstitle	69	lossless
fghtatck	sstitle	155	lossless
fghtbskt	sstitle	148	lossless
fghthist	sstitle	162	lossless
fghtmn	sstitle	158	lossless
fgoal	sstitle	157	lossless
fgtlayer	sstitle	155	lossless
fhawk	sstitle	157	lossless
fhboxers	sstitle	69	lossless
fieldday	sstitle	157	lossless
fightfev	sstitle	142	lossless
fightrol	sstitle	174	lossless
filetto	sstitle	75	lossless
finalap2	sstitle	155	lossless
finalap3	sstitle	155	lossless
finalapr	sstitle	155	lossless
finalb	sstitle	157	lossless
finalgdr	sstitle	187	lossless
finalizr	sstitle	158	lossless
finallap	sstitle	155	lossless
finalttr	sstitle	187	lossless
findlove	sstitle	69	lossless
findout	sstitle	75	lossless
finehour	sstitle	155	lossless
firebatl	sstitle	157	lossless
firebeas	sstitle	160	lossless
firefox	sstitle	49	lossless
fireone	sstitle	165	lossless
fireshrk	sstitle	191	lossless
firetrap	sstitle	162	lossless
firetrk	sstitle	160	lossless
fishfren	sstitle	160	lossless
fishingm	sstitle	75	lossless
fitegolf	sstitle	154	lossless
fitfight	sstitle	75	lossless
fiveside	sstitle	158	lossless
fixeight	sstitle	191	lossless
fl7_3121	sstitle	178	lossless
flagrall	sstitle	75	lossless
flamegun	sstitle	75	lossless
flashgal	sstitle	147	lossless
flicky	sstitle	147	lossless
flipjack	sstitle	75	lossless
flipmaze	sstitle	299	lossless
flipshot	sstitle	142	lossless
flower	sstitle	147	lossless
flstory	sstitle	157	lossless
flyball	sstitle	160	lossless
flyboy	sstitle	174	lossless
flytiger	sstitle	75	lossless
fmaniac2p	sstitle	75	lossless
fncywld	sstitle	187	lossless
fnkyfish	sstitle	160	lossless
foodf	sstitle	160	lossless
footchmp	sstitle	157	lossless
forgottn	sstitle	6	lossless
formatz	sstitle	159	lossless
fort2b	sstitle	75	lossless
fortune1	sstitle	75	lossless
fotns	sstitle	53	lossless
fourplay	sstitle	75	lossless
fourtrax	sstitle	155	lossless
fpoint	sstitle	147	lossless
franticf	sstitle	75	lossless
freekick	sstitle	147	lossless
freeze	sstitle	192	lossless
freezeat	sstitle	160	lossless
frenzy	sstitle	75	lossless
fresh	sstitle	75	lossless
friskyt	sstitle	180	lossless
frogger	sstitle	158	lossless
frogs	sstitle	147	lossless
froman2b	sstitle	142	lossless
fromanc4	sstitle	75	lossless
fromance	sstitle	175	lossless
fromancr	sstitle	75	lossless
frontlin	sstitle	157	lossless
fround	sstitle	158	lossless
fruitpc	sstitle	75	lossless
fshark	sstitle	157	lossless
fsoccer	sstitle	154	lossless
fspiderb	sstitle	157	lossless
fstarfrc	sstitle	153	lossless
fstation	sstitle	75	lossless
ftimpcta	sstitle	157	lossless
fts2in1	sstitle	75	lossless
ftspeed	sstitle	53	lossless
funcube	sstitle	155	lossless
funcube2	sstitle	155	lossless
funcube3	sstitle	155	lossless
funcube4	sstitle	155	lossless
funcube5	sstitle	155	lossless
funkybee	sstitle	75	lossless
funkyfig	sstitle	157	lossless
funkyjet	sstitle	162	lossless
funquiz	sstitle	75	lossless
funriver	sstitle	178	lossless
funybubl	sstitle	177	lossless
funystrp	sstitle	194	lossless
futari15	sstitle	47	lossless
futaribl	sstitle	47	lossless
futflash	sstitle	75	lossless
futspy	sstitle	147	lossless
fuudol	sstitle	180	lossless
fvipers	sstitle	54	lossless
fvipers2	sstitle	55	lossless
fvrpitch	sstitle	75	lossless
g13knd	sstitle	152	lossless
ga2	sstitle	147	lossless
gahaha	sstitle	155	lossless
gahaha2	sstitle	155	lossless
gaia	sstitle	185	lossless
gaialast	sstitle	187	lossless
gaiapols	sstitle	158	lossless
gakupara	sstitle	163	lossless
gakusai	sstitle	189	lossless
gakusai2	sstitle	189	lossless
gal10ren	sstitle	180	lossless
galactic	sstitle	157	lossless
galaga	sstitle	155	lossless
galaga88	sstitle	155	lossless
galastrm	sstitle	157	lossless
galaxi	sstitle	75	lossless
galaxia	sstitle	75	lossless
galaxian	sstitle	155	lossless
galaxyfg	sstitle	142	lossless
galaxygn	sstitle	75	lossless
galaxyr	sstitle	49	lossless
galeone	sstitle	75	lossless
galgame	sstitle	75	lossless
galgame2	sstitle	155	lossless
galgame3	sstitle	160	lossless
galgame4	sstitle	160	lossless
galivan	sstitle	180	lossless
galkaika	sstitle	180	lossless
galkoku	sstitle	180	lossless
gallag50	sstitle	75	lossless
galmedes	sstitle	181	lossless
galpani2	sstitle	174	lossless
galpani3	sstitle	174	lossless
galpani4	sstitle	174	lossless
galpanis	sstitle	174	lossless
galpans2	sstitle	174	lossless
galpans3	sstitle	174	lossless
galsnew	sstitle	174	lossless
galspnbl	sstitle	177	lossless
galxwars	sstitle	188	lossless
gambl186	sstitle	75	lossless
gametngk	sstitle	159	lossless
gamshara	sstitle	189	lossless
ganbare	sstitle	6	lossless
gangwars	sstitle	182	lossless
ganjaja	sstitle	159	lossless
ganryu	sstitle	142	lossless
gaplus	sstitle	155	lossless
gardia	sstitle	147	lossless
garogun	sstitle	75	lossless
garou	sstitle	142	lossless
garyoret	sstitle	162	lossless
gaunt2	sstitle	160	lossless
gauntdl	sstitle	150	lossless
gauntleg	sstitle	160	lossless
gauntlet	sstitle	160	lossless
gaxeduel	sstitle	69	lossless
gbbchmp	sstitle	158	lossless
gberet	sstitle	158	lossless
gbusters	sstitle	158	lossless
gchgchmp	sstitle	158	lossless
gcpinbal	sstitle	75	lossless
gdarius2	sstitle	157	lossless
gdfs	sstitle	186	lossless
geebee	sstitle	155	lossless
gegege	sstitle	164	lossless
geimulti	sstitle	75	lossless
gekiretu	sstitle	163	lossless
gekiridn	sstitle	157	lossless
gekisha	sstitle	173	lossless
gekisou	sstitle	147	lossless
gemcrush	sstitle	75	lossless
gemini	sstitle	153	lossless
genie	sstitle	75	lossless
genius6	sstitle	176	lossless
genix	sstitle	75	lossless
genpeitd	sstitle	155	lossless
getaway	sstitle	188	lossless
getrich	sstitle	178	lossless
gfire2	sstitle	75	lossless
gforce2	sstitle	147	lossless
ggconnie	sstitle	152	lossless
gghost	sstitle	150	lossless
ggisuka	sstitle	53	lossless
ggoemon	sstitle	158	lossless
ggram2	sstitle	56	lossless
gground	sstitle	147	lossless
ggx	sstitle	56	lossless
ggx15	sstitle	53	lossless
ggxx	sstitle	227	lossless
ggxxac	sstitle	227	lossless
ggxxrl	sstitle	227	lossless
ggxxsla	sstitle	227	lossless
ghlpanic	sstitle	152	lossless
ghoshunt	sstitle	75	lossless
ghostb	sstitle	162	lossless
ghostlop	sstitle	142	lossless
ghouls	sstitle	6	lossless
ghox	sstitle	191	lossless
gigandes	sstitle	157	lossless
gigas	sstitle	147	lossless
gigasm2	sstitle	147	lossless
gigawing	sstitle	7	lossless
gijoe	sstitle	158	lossless
gimeabrk	sstitle	150	lossless
ginganin	sstitle	159	lossless
ginkun	sstitle	153	lossless
girotutt	sstitle	75	lossless
gladiatr	sstitle	157	lossless
glass	sstitle	194	lossless
gldarrow	sstitle	75	lossless
gldnpkr	sstitle	75	lossless
glfgreat	sstitle	158	lossless
gloc	sstitle	147	lossless
glpracr	sstitle	153	lossless
glpracr2	sstitle	153	lossless
glpracr3	sstitle	153	lossless
gluck2	sstitle	75	lossless
gmgalax	sstitle	158	lossless
gmissile	sstitle	150	lossless
gnbarich	sstitle	167	lossless
gng	sstitle	151	lossless
go2000	sstitle	75	lossless
goalx3	sstitle	142	lossless
gobyrc	sstitle	299	lossless
gocowboy	sstitle	164	lossless
godzilla	sstitle	186	lossless
gogomile	sstitle	75	lossless
goindol	sstitle	75	lossless
goldbug	sstitle	179	lossless
goldmedl	sstitle	154	lossless
goldnaxe	sstitle	147	lossless
goldnpkr	sstitle	75	lossless
goldstar	sstitle	176	lossless
golgo13	sstitle	152	lossless
gollygho	sstitle	155	lossless
gomoku	sstitle	180	lossless
gondo	sstitle	162	lossless
good	sstitle	75	lossless
goodejan	sstitle	190	lossless
goonies	sstitle	158	lossless
goori	sstitle	75	lossless
gorf	sstitle	150	lossless
gorodki	sstitle	75	lossless
gostop	sstitle	181	lossless
gotcha	sstitle	75	lossless
gowcaizr	sstitle	142	lossless
gp2quiz	sstitle	174	lossless
gp2se	sstitle	174	lossless
gp98	sstitle	176	lossless
gpgolf	sstitle	193	lossless
gpilots	sstitle	142	lossless
gprider	sstitle	147	lossless
gpworld	sstitle	49	lossless
gradius3	sstitle	158	lossless
gradius4	sstitle	158	lossless
grainbow	sstitle	186	lossless
gram2000	sstitle	56	lossless
grasspin	sstitle	150	lossless
gratia	sstitle	159	lossless
gravitar	sstitle	160	lossless
grchamp	sstitle	157	lossless
grdforce	sstitle	69	lossless
grdian	sstitle	157	lossless
grdians	sstitle	75	lossless
grdnstrm	sstitle	163	lossless
greatgun	sstitle	75	lossless
greenber	sstitle	148	lossless
gridiron	sstitle	75	lossless
gridlee	sstitle	75	lossless
grindstm	sstitle	191	lossless
grmatch	sstitle	193	lossless
grndtour	sstitle	176	lossless
grobda	sstitle	155	lossless
groovef	sstitle	69	lossless
groundfx	sstitle	157	lossless
growl	sstitle	157	lossless
grudge	sstitle	150	lossless
gseeker	sstitle	157	lossless
gslgr94u	sstitle	155	lossless
gslugrsj	sstitle	155	lossless
gstream	sstitle	75	lossless
gstrik2	sstitle	189	lossless
gstriker	sstitle	75	lossless
gsword	sstitle	157	lossless
gt2k	sstitle	193	lossless
gt3d	sstitle	193	lossless
gt97	sstitle	193	lossless
gt98	sstitle	193	lossless
gt99	sstitle	193	lossless
gtclassc	sstitle	193	lossless
gtfore01	sstitle	193	lossless
gtfore02	sstitle	193	lossless
gtfore03	sstitle	193	lossless
gtfore04	sstitle	193	lossless
gtfore05	sstitle	193	lossless
gtfore06	sstitle	193	lossless
gtfrk11m	sstitle	158	lossless
gtg	sstitle	193	lossless
gtg2	sstitle	193	lossless
gticlub	sstitle	158	lossless
gtmr	sstitle	174	lossless
gtmr2	sstitle	174	lossless
gtrfrk2m	sstitle	158	lossless
gtrfrk3m	sstitle	158	lossless
gtrfrk4m	sstitle	158	lossless
gtrfrk5m	sstitle	158	lossless
gtrfrk6m	sstitle	158	lossless
gtrfrk7m	sstitle	158	lossless
gtrfrk8m	sstitle	158	lossless
gtrfrk9m	sstitle	158	lossless
gtrfrks	sstitle	158	lossless
gtroppo	sstitle	75	lossless
guardian	sstitle	160	lossless
gulfstrm	sstitle	75	lossless
gulfwar2	sstitle	177	lossless
gulunpa	sstitle	6	lossless
gumbo	sstitle	75	lossless
gunbird	sstitle	167	lossless
gunbird2	sstitle	167	lossless
gunblade	sstitle	54	lossless
gunbustr	sstitle	157	lossless
gunchamp	sstitle	157	lossless
gundamex	sstitle	186	lossless
gundealr	sstitle	153	lossless
gundhara	sstitle	186	lossless
gundl94	sstitle	75	lossless
gundmct	sstitle	56	lossless
gundmgd	sstitle	227	lossless
gundmxgd	sstitle	227	lossless
gunfight	sstitle	150	lossless
gunforc2	sstitle	148	lossless
gunforce	sstitle	148	lossless
gunfront	sstitle	157	lossless
gunlock	sstitle	157	lossless
gunmast	sstitle	189	lossless
gunnail	sstitle	163	lossless
gunpey	sstitle	186	lossless
gunsmoke	sstitle	151	lossless
gunsur2	sstitle	56	lossless
gururin	sstitle	142	lossless
guts	sstitle	160	lossless
gutsn	sstitle	174	lossless
guwange	sstitle	47	lossless
guzzler	sstitle	75	lossless
gwar	sstitle	154	lossless
gwarrior	sstitle	158	lossless
gwing2	sstitle	56	lossless
gypsyjug	sstitle	75	lossless
gyrodine	sstitle	157	lossless
gyruss	sstitle	158	lossless
hachamf	sstitle	163	lossless
hachoo	sstitle	159	lossless
haekaka	sstitle	164	lossless
hal21	sstitle	154	lossless
halleysc	sstitle	157	lossless
hamaway	sstitle	147	lossless
hamboy	sstitle	75	lossless
hammer	sstitle	75	lossless
hanaawas	sstitle	149	lossless
hanagumi	sstitle	69	lossless
hanakanz	sstitle	173	lossless
hanamai	sstitle	173	lossless
hanamomo	sstitle	180	lossless
hanaoji	sstitle	180	lossless
hanaroku	sstitle	75	lossless
hanayara	sstitle	173	lossless
hangon	sstitle	147	lossless
hangonjr	sstitle	147	lossless
hangplt	sstitle	158	lossless
hangzo	sstitle	162	lossless
happy6	sstitle	176	lossless
hapytour	sstitle	75	lossless
harddriv	sstitle	160	lossless
harddunk	sstitle	147	lossless
hardhat	sstitle	165	lossless
hardhea2	sstitle	75	lossless
hardhead	sstitle	75	lossless
hardyard	sstitle	193	lossless
harem	sstitle	179	lossless
harley	sstitle	55	lossless
hasamu	sstitle	148	lossless
hatena	sstitle	151	lossless
hatris	sstitle	175	lossless
hattrick	sstitle	150	lossless
hayaosi1	sstitle	159	lossless
hayaosi3	sstitle	159	lossless
hbarrel	sstitle	162	lossless
hcastle	sstitle	158	lossless
hcrash	sstitle	158	lossless
hdrivair	sstitle	160	lossless
headon	sstitle	147	lossless
headon2	sstitle	147	lossless
headonch	sstitle	75	lossless
headoni	sstitle	148	lossless
heartatk	sstitle	179	lossless
heatbrl	sstitle	75	lossless
heberpop	sstitle	75	lossless
hedpanic	sstitle	75	lossless
heiankyo	sstitle	147	lossless
helifire	sstitle	161	lossless
hellfire	sstitle	157	lossless
hermit	sstitle	75	lossless
hero	sstitle	179	lossless
heuksun	sstitle	75	lossless
hexa	sstitle	157	lossless
hexion	sstitle	158	lossless
hginga	sstitle	173	lossless
hgkairak	sstitle	167	lossless
hgokou	sstitle	173	lossless
hharry	sstitle	148	lossless
hidctch2	sstitle	75	lossless
hidctch3	sstitle	75	lossless
hidnc2k	sstitle	75	lossless
hidnctch	sstitle	75	lossless
higemaru	sstitle	151	lossless
highroll	sstitle	75	lossless
highsplt	sstitle	161	lossless
hiimpact	sstitle	150	lossless
himesiki	sstitle	75	lossless
hipai	sstitle	149	lossless
hipai2	sstitle	75	lossless
hippodrm	sstitle	162	lossless
histryma	sstitle	75	lossless
hitice	sstitle	157	lossless
hitme	sstitle	75	lossless
hitnmiss	sstitle	165	lossless
hjingi	sstitle	173	lossless
hkagerou	sstitle	173	lossless
hldspin1	sstitle	178	lossless
hldspin2	sstitle	178	lossless
hmgeo	sstitle	56	lossless
hnageman	sstitle	180	lossless
hnayayoi	sstitle	173	lossless
hnxmasev	sstitle	180	lossless
hoccer	sstitle	147	lossless
hogalley	sstitle	161	lossless
holeland	sstitle	75	lossless
holo	sstitle	147	lossless
honeydol	sstitle	187	lossless
hook	sstitle	148	lossless
hoops96	sstitle	162	lossless
hopmappy	sstitle	155	lossless
hopprobo	sstitle	147	lossless
horekid	sstitle	180	lossless
horizon	sstitle	148	lossless
horshoes	sstitle	157	lossless
hotblock	sstitle	75	lossless
hotbody	sstitle	75	lossless
hotchase	sstitle	158	lossless
hotd	sstitle	54	lossless
hotd2	sstitle	56	lossless
hotd3	sstitle	147	lossless
hotdebut	sstitle	167	lossless
hotdogst	sstitle	75	lossless
hotgm4ev	sstitle	167	lossless
hotgmck	sstitle	167	lossless
hotgmck3	sstitle	167	lossless
hotgmcki	sstitle	167	lossless
hotmind	sstitle	75	lossless
hotpinbl	sstitle	177	lossless
hotrod	sstitle	147	lossless
hotshock	sstitle	179	lossless
hotsmash	sstitle	157	lossless
hourouki	sstitle	189	lossless
housemn2	sstitle	180	lossless
housemnq	sstitle	180	lossless
hparadis	sstitle	173	lossless
hrdtimes	sstitle	75	lossless
hsf2	sstitle	7	lossless
hstennis	sstitle	193	lossless
htchctch	sstitle	187	lossless
htengoku	sstitle	173	lossless
hunchbak	sstitle	179	lossless
huncholy	sstitle	179	lossless
hustle	sstitle	75	lossless
hustler	sstitle	158	lossless
hvnsgate	sstitle	185	lossless
hvoltage	sstitle	182	lossless
hvymetal	sstitle	147	lossless
hvysmsh	sstitle	162	lossless
hvyunit	sstitle	157	lossless
hwchamp	sstitle	147	lossless
hwrace	sstitle	157	lossless
hydra	sstitle	160	lossless
hyhoo	sstitle	180	lossless
hyhoo2	sstitle	180	lossless
hypbbc2p	sstitle	158	lossless
hyperath	sstitle	158	lossless
hyperpac	sstitle	187	lossless
hyperspt	sstitle	158	lossless
hyprdriv	sstitle	150	lossless
hyprduel	sstitle	75	lossless
hypreac2	sstitle	164	lossless
hypreact	sstitle	164	lossless
ibara	sstitle	47	lossless
ibarablk	sstitle	47	lossless
iceclimb	sstitle	161	lossless
iceclmrd	sstitle	161	lossless
ichir	sstitle	147	lossless
idhimitu	sstitle	180	lossless
idolmj	sstitle	175	lossless
idsoccer	sstitle	188	lossless
iemoto	sstitle	180	lossless
igmo	sstitle	75	lossless
igs_ncs	sstitle	176	lossless
ikari	sstitle	154	lossless
ikari3	sstitle	154	lossless
ikaruga	sstitle	227	lossless
ikki	sstitle	75	lossless
illvelo	sstitle	56	lossless
ilpag	sstitle	75	lossless
imago	sstitle	174	lossless
imekura	sstitle	180	lossless
imgfight	sstitle	148	lossless
imolagp	sstitle	75	lossless
imsorry	sstitle	147	lossless
inca	sstitle	173	lossless
indianbt	sstitle	157	lossless
indy500	sstitle	54	lossless
indyheat	sstitle	75	lossless
indytemp	sstitle	160	lossless
inferno	sstitle	150	lossless
inidv3cy	sstitle	230	lossless
initd	sstitle	230	lossless
initdv2j	sstitle	230	lossless
insector	sstitle	209	lossless
insectx	sstitle	157	lossless
intcup94	sstitle	157	lossless
inthunt	sstitle	148	lossless
intrepid	sstitle	157	lossless
intrgirl	sstitle	173	lossless
intrgmes	sstitle	75	lossless
introdon	sstitle	69	lossless
inufuku	sstitle	175	lossless
inunoos	sstitle	56	lossless
invad2ct	sstitle	150	lossless
invaders	sstitle	157	lossless
invadpt2	sstitle	157	lossless
invasnab	sstitle	150	lossless
invcarht	sstitle	147	lossless
invds	sstitle	147	lossless
invho2	sstitle	147	lossless
invinco	sstitle	147	lossless
invmulti	sstitle	157	lossless
invqix	sstitle	157	lossless
invrvnge	sstitle	157	lossless
inyourfa	sstitle	159	lossless
ipminvad	sstitle	148	lossless
ippatsu	sstitle	173	lossless
ippo2	sstitle	157	lossless
iqblock	sstitle	176	lossless
irobot	sstitle	160	lossless
iron	sstitle	75	lossless
ironclad	sstitle	142	lossless
ironfort	sstitle	75	lossless
ironhors	sstitle	158	lossless
irrmaze	sstitle	142	lossless
istellar	sstitle	49	lossless
istreb	sstitle	75	lossless
itaten	sstitle	180	lossless
itazuram	sstitle	164	lossless
ixion	sstitle	147	lossless
jack	sstitle	192	lossless
jackal	sstitle	158	lossless
jackie	sstitle	176	lossless
jackpool	sstitle	75	lossless
jackrabt	sstitle	75	lossless
jailbrek	sstitle	158	lossless
jajamaru	sstitle	159	lossless
jambo	sstitle	56	lossless
janbari	sstitle	180	lossless
jangou	sstitle	180	lossless
jangtaku	sstitle	173	lossless
janjans1	sstitle	181	lossless
janjans2	sstitle	181	lossless
jankenmn	sstitle	75	lossless
janptr96	sstitle	173	lossless
janptrsp	sstitle	173	lossless
janputer	sstitle	173	lossless
janshin	sstitle	142	lossless
janshinp	sstitle	173	lossless
jansou	sstitle	173	lossless
jantotsu	sstitle	75	lossless
jantouki	sstitle	173	lossless
janyuki	sstitle	173	lossless
jchan	sstitle	174	lossless
jchan2	sstitle	174	lossless
jclub2v112	sstitle	149	lossless
jcross	sstitle	154	lossless
jdredd	sstitle	166	lossless
jdreddp	sstitle	150	lossless
jedi	sstitle	160	lossless
jetwave	sstitle	158	lossless
jingystm	sstitle	227	lossless
jitsupro	sstitle	159	lossless
jituroku	sstitle	180	lossless
jjack	sstitle	188	lossless
jjparad2	sstitle	174	lossless
jjparads	sstitle	174	lossless
jjpoker	sstitle	75	lossless
jjsquawk	sstitle	149	lossless
jmpbreak	sstitle	187	lossless
jngolady	sstitle	180	lossless
jockeyc	sstitle	149	lossless
jockeygp	sstitle	142	lossless
joemacr	sstitle	162	lossless
jogakuen	sstitle	189	lossless
joinem	sstitle	192	lossless
jojo	sstitle	8	lossless
jojoba	sstitle	8	lossless
jokercrd	sstitle	75	lossless
jollycrd	sstitle	75	lossless
jollyjgr	sstitle	157	lossless
jolyjokr	sstitle	75	lossless
jongbou	sstitle	154	lossless
jongbou2	sstitle	154	lossless
jongkyo	sstitle	75	lossless
jongpute	sstitle	182	lossless
jongshin	sstitle	75	lossless
jongtei	sstitle	173	lossless
josvolly	sstitle	157	lossless
journey	sstitle	150	lossless
joust	sstitle	150	lossless
joust2	sstitle	150	lossless
joyfulr	sstitle	154	lossless
joyjoy	sstitle	142	lossless
joystand	sstitle	75	lossless
jpark	sstitle	147	lossless
jpopnics	sstitle	157	lossless
jppyex98	sstitle	158	lossless
jrpacman	sstitle	150	lossless
jsk	sstitle	181	lossless
jumpbug	sstitle	158	lossless
jumpcoas	sstitle	174	lossless
jumpjump	sstitle	75	lossless
jumpkids	sstitle	177	lossless
jumpkun	sstitle	174	lossless
jumppop	sstitle	157	lossless
jumpshot	sstitle	150	lossless
junai	sstitle	180	lossless
junai2	sstitle	180	lossless
junglek	sstitle	157	lossless
jungler	sstitle	158	lossless
junofrst	sstitle	158	lossless
jyangoku	sstitle	7	lossless
jzth	sstitle	75	lossless
kabukikl	sstitle	142	lossless
kabukiz	sstitle	157	lossless
kageki	sstitle	157	lossless
kaguya	sstitle	180	lossless
kaguya2	sstitle	180	lossless
kaiserkn	sstitle	157	lossless
kaitei	sstitle	155	lossless
kakumei	sstitle	159	lossless
kakumei2	sstitle	159	lossless
kamenrid	sstitle	186	lossless
kamikaze	sstitle	158	lossless
kamikcab	sstitle	162	lossless
kanatuen	sstitle	180	lossless
kangaroo	sstitle	160	lossless
kaos	sstitle	75	lossless
karatblz	sstitle	175	lossless
karatour	sstitle	189	lossless
karianx	sstitle	75	lossless
karnov	sstitle	162	lossless
karnovr	sstitle	142	lossless
karous	sstitle	227	lossless
kattobas	sstitle	158	lossless
kazan	sstitle	159	lossless
kbadlands	sstitle	49	lossless
kbash	sstitle	160	lossless
kbash2	sstitle	191	lossless
kbm	sstitle	158	lossless
kbm2nd	sstitle	158	lossless
kbm3rd	sstitle	158	lossless
kchamp	sstitle	162	lossless
kdynastg	sstitle	75	lossless
keirinou	sstitle	75	lossless
keith	sstitle	155	lossless
keithlcy	sstitle	181	lossless
kenseim	sstitle	151	lossless
keroppi	sstitle	164	lossless
ket	sstitle	47	lossless
keyboard	sstitle	227	lossless
kick	sstitle	150	lossless
kick4csh	sstitle	56	lossless
kickball	sstitle	175	lossless
kickboy	sstitle	180	lossless
kicker	sstitle	158	lossless
kickgoal	sstitle	75	lossless
kicknkick	sstitle	158	lossless
kicknrun	sstitle	157	lossless
kickoff	sstitle	159	lossless
kickridr	sstitle	188	lossless
kidniki	sstitle	148	lossless
kikcubic	sstitle	148	lossless
kikikai	sstitle	157	lossless
kikstart	sstitle	157	lossless
killbld	sstitle	176	lossless
killbldp	sstitle	176	lossless
killcom	sstitle	75	lossless
kingball	sstitle	155	lossless
kingdmgp	sstitle	152	lossless
kingdrby	sstitle	75	lossless
kingofb	sstitle	162	lossless
kingpin	sstitle	151	lossless
kingrt66	sstitle	230	lossless
kinst	sstitle	150	lossless
kinst2	sstitle	75	lossless
kinstb	sstitle	75	lossless
kirameki	sstitle	157	lossless
kirarast	sstitle	159	lossless
kisekaeh	sstitle	75	lossless
kisekaem	sstitle	75	lossless
kittenk	sstitle	158	lossless
kiwame	sstitle	149	lossless
kiwames	sstitle	69	lossless
kizuna	sstitle	142	lossless
kkotnoli	sstitle	75	lossless
klax	sstitle	160	lossless
klondkp	sstitle	75	lossless
knckhead	sstitle	155	lossless
kncljoe	sstitle	157	lossless
kngtmare	sstitle	209	lossless
knights	sstitle	6	lossless
kod	sstitle	6	lossless
kof2000	sstitle	142	lossless
kof2001	sstitle	142	lossless
kof2002	sstitle	142	lossless
kof2003	sstitle	142	lossless
kof94	sstitle	142	lossless
kof95	sstitle	142	lossless
kof96	sstitle	142	lossless
kof97	sstitle	142	lossless
kof98	sstitle	142	lossless
kof98umh	sstitle	176	lossless
kof99	sstitle	142	lossless
kofnw	sstitle	53	lossless
kofxi	sstitle	53	lossless
koikoi	sstitle	75	lossless
koikois	sstitle	181	lossless
koikois2	sstitle	181	lossless
koinomp	sstitle	180	lossless
kok	sstitle	75	lossless
kokoroj	sstitle	147	lossless
kokoroj2	sstitle	147	lossless
kollon	sstitle	299	lossless
konam80s	sstitle	158	lossless
konamigt	sstitle	158	lossless
konek	sstitle	75	lossless
kong	sstitle	157	lossless
konhaji	sstitle	180	lossless
korinai	sstitle	180	lossless
korokoro	sstitle	75	lossless
koroleva	sstitle	75	lossless
koropens	sstitle	158	lossless
koshien	sstitle	157	lossless
kot	sstitle	75	lossless
kotbinsp	sstitle	173	lossless
kothello	sstitle	75	lossless
kotm	sstitle	142	lossless
kotm2	sstitle	142	lossless
kouyakyu	sstitle	182	lossless
kov	sstitle	176	lossless
kov2	sstitle	176	lossless
kov2nl	sstitle	176	lossless
kov2p	sstitle	176	lossless
kov3	sstitle	176	lossless
kov7sprt	sstitle	53	lossless
kovplus	sstitle	176	lossless
kovsh	sstitle	176	lossless
kovshp	sstitle	176	lossless
kovytzy	sstitle	176	lossless
kozure	sstitle	180	lossless
kram	sstitle	157	lossless
kroozr	sstitle	150	lossless
krull	sstitle	209	lossless
krzybowl	sstitle	164	lossless
ksayakyu	sstitle	157	lossless
kungfum	sstitle	148	lossless
kungfut	sstitle	190	lossless
kurikint	sstitle	157	lossless
kurucham	sstitle	227	lossless
kurufev	sstitle	149	lossless
kurukuru	sstitle	75	lossless
kyros	sstitle	182	lossless
kyukaidk	sstitle	155	lossless
kyustrkr	sstitle	157	lossless
kzaurus	sstitle	158	lossless
lacrazyc	sstitle	158	lossless
ladybug	sstitle	188	lossless
ladyfrog	sstitle	75	lossless
ladygum	sstitle	75	lossless
ladykill	sstitle	189	lossless
ladymstr	sstitle	157	lossless
lagunar	sstitle	150	lossless
lamachin	sstitle	55	lossless
landbrk	sstitle	75	lossless
landgear	sstitle	157	lossless
landmakr	sstitle	157	lossless
laserbat	sstitle	150	lossless
lasso	sstitle	154	lossless
lastapos	sstitle	189	lossless
lastbank	sstitle	75	lossless
lastbh	sstitle	170	lossless
lastblad	sstitle	142	lossless
lastbld2	sstitle	142	lossless
lastbrnx	sstitle	54	lossless
lastday	sstitle	75	lossless
lastduel	sstitle	151	lossless
lastfort	sstitle	189	lossless
lastfour	sstitle	75	lossless
lasthope	sstitle	142	lossless
lastkm	sstitle	194	lossless
lastmisn	sstitle	162	lossless
lastsurv	sstitle	147	lossless
lazercmd	sstitle	75	lossless
lbeach	sstitle	75	lossless
lbgrande	sstitle	155	lossless
lbowling	sstitle	142	lossless
ldrun	sstitle	148	lossless
ldrun2	sstitle	148	lossless
ldrun3	sstitle	148	lossless
ldrun4	sstitle	148	lossless
le2	sstitle	158	lossless
leader	sstitle	75	lossless
leds2011	sstitle	151	lossless
legend	sstitle	147	lossless
legendoh	sstitle	75	lossless
legendos	sstitle	142	lossless
legendsb	sstitle	75	lossless
legion	sstitle	180	lossless
legionna	sstitle	75	lossless
lemans24	sstitle	55	lossless
lemmings	sstitle	162	lossless
lemnangl	sstitle	189	lossless
lependu	sstitle	75	lossless
leprechn	sstitle	75	lossless
lespendu	sstitle	75	lossless
lethalen	sstitle	158	lossless
lethalj	sstitle	75	lossless
lethalth	sstitle	148	lossless
letsdnce	sstitle	75	lossless
levers	sstitle	158	lossless
lghost	sstitle	147	lossless
lgtnfght	sstitle	158	lossless
lhb	sstitle	176	lossless
lhb2	sstitle	176	lossless
lhzb2	sstitle	176	lossless
liberate	sstitle	162	lossless
liberatr	sstitle	160	lossless
liblrabl	sstitle	155	lossless
lightbr	sstitle	157	lossless
linkypip	sstitle	75	lossless
liquidk	sstitle	157	lossless
littlerb	sstitle	75	lossless
livegal	sstitle	180	lossless
livequiz	sstitle	75	lossless
lizwiz	sstitle	155	lossless
lkage	sstitle	157	lossless
llander	sstitle	160	lossless
lnc	sstitle	162	lossless
lockload	sstitle	162	lossless
lockon	sstitle	75	lossless
lockonph	sstitle	147	lossless
locomotn	sstitle	158	lossless
loderndf	sstitle	167	lossless
loffire	sstitle	147	lossless
logger	sstitle	179	lossless
logicpr2	sstitle	75	lossless
loht	sstitle	148	lossless
lomakai	sstitle	159	lossless
looping	sstitle	75	lossless
lordgun	sstitle	176	lossless
losttomb	sstitle	155	lossless
lostwsga	sstitle	55	lossless
lotlot	sstitle	148	lossless
lottof2	sstitle	75	lossless
lottofun	sstitle	150	lossless
loverboy	sstitle	192	lossless
lpadv	sstitle	151	lossless
lrescue	sstitle	157	lossless
lresort	sstitle	142	lossless
lsasquad	sstitle	157	lossless
ltswords	sstitle	148	lossless
luckboom	sstitle	75	lossless
luckgrln	sstitle	75	lossless
lucky74	sstitle	147	lossless
lucky8	sstitle	178	lossless
luckywld	sstitle	155	lossless
luctoday	sstitle	158	lossless
lufykzku	sstitle	186	lossless
lunaprk	sstitle	75	lossless
lupin3	sstitle	157	lossless
lupinsho	sstitle	227	lossless
luptype	sstitle	227	lossless
lvcards	sstitle	75	lossless
lvgirl94	sstitle	177	lossless
lwings	sstitle	151	lossless
m4	sstitle	150	lossless
m660	sstitle	157	lossless
m79amb	sstitle	75	lossless
m_tppokr	sstitle	75	lossless
mace	sstitle	160	lossless
mach3	sstitle	49	lossless
macha	sstitle	180	lossless
machbrkr	sstitle	155	lossless
machomou	sstitle	157	lossless
macross	sstitle	186	lossless
macross2	sstitle	186	lossless
macrossp	sstitle	186	lossless
madalien	sstitle	162	lossless
madball	sstitle	75	lossless
madcrash	sstitle	154	lossless
maddog	sstitle	170	lossless
maddog2	sstitle	170	lossless
maddonna	sstitle	75	lossless
madgear	sstitle	151	lossless
madmotor	sstitle	189	lossless
madshark	sstitle	149	lossless
madzoo	sstitle	75	lossless
mag_burn	sstitle	75	lossless
mag_day	sstitle	75	lossless
mag_pdak	sstitle	75	lossless
mag_time	sstitle	147	lossless
mag_war	sstitle	75	lossless
mag_xain	sstitle	169	lossless
magdrop2	sstitle	142	lossless
magdrop3	sstitle	142	lossless
magerror	sstitle	75	lossless
magic10	sstitle	75	lossless
magic102	sstitle	75	lossless
magicard	sstitle	75	lossless
magicbal	sstitle	187	lossless
magicbub	sstitle	75	lossless
magicfly	sstitle	75	lossless
magicrd2	sstitle	75	lossless
magicstk	sstitle	75	lossless
magipur	sstitle	75	lossless
magix	sstitle	75	lossless
magjoker	sstitle	75	lossless
maglord	sstitle	142	lossless
magmax	sstitle	180	lossless
magspeed	sstitle	149	lossless
magspot	sstitle	188	lossless
magspot2	sstitle	188	lossless
magtouch	sstitle	75	lossless
magtruck	sstitle	55	lossless
magzun	sstitle	147	lossless
mahjngoh	sstitle	299	lossless
mahmajn	sstitle	147	lossless
mahmajn2	sstitle	147	lossless
mahretsu	sstitle	142	lossless
maiko	sstitle	180	lossless
mainevt	sstitle	158	lossless
mainline	sstitle	75	lossless
mainsnk	sstitle	154	lossless
majorpkr	sstitle	75	lossless
majs101b	sstitle	173	lossless
majtitl2	sstitle	148	lossless
majtitle	sstitle	148	lossless
makaijan	sstitle	173	lossless
maletmad	sstitle	75	lossless
malzak	sstitle	75	lossless
mamboagg	sstitle	158	lossless
mamonoro	sstitle	56	lossless
mangchi	sstitle	163	lossless
maniach	sstitle	157	lossless
maniacsp	sstitle	194	lossless
manicpnc	sstitle	56	lossless
manxtt	sstitle	54	lossless
manybloc	sstitle	163	lossless
mappy	sstitle	155	lossless
marble	sstitle	160	lossless
marblmd2	sstitle	160	lossless
marineb	sstitle	147	lossless
marinedt	sstitle	157	lossless
mariner	sstitle	179	lossless
mario	sstitle	161	lossless
markham	sstitle	75	lossless
mars	sstitle	179	lossless
marstv	sstitle	56	lossless
martmast	sstitle	176	lossless
maruchan	sstitle	69	lossless
marukin	sstitle	189	lossless
marukodq	sstitle	142	lossless
marvins	sstitle	154	lossless
marvland	sstitle	155	lossless
mastboy	sstitle	194	lossless
masterw	sstitle	157	lossless
mastfury	sstitle	75	lossless
mastkin	sstitle	158	lossless
match98	sstitle	178	lossless
matchit	sstitle	75	lossless
matchit2	sstitle	148	lossless
matmania	sstitle	157	lossless
matrim	sstitle	142	lossless
mausuke	sstitle	69	lossless
maverik	sstitle	75	lossless
mawasunda	sstitle	299	lossless
maxforce	sstitle	160	lossless
maxideal	sstitle	75	lossless
maxrpm	sstitle	150	lossless
maxspeed	sstitle	53	lossless
maya	sstitle	173	lossless
mayday	sstitle	150	lossless
mayhem	sstitle	192	lossless
mayjin3	sstitle	149	lossless
mayjinsn	sstitle	149	lossless
mayjisn2	sstitle	149	lossless
mayumi	sstitle	75	lossless
mazan	sstitle	56	lossless
maze	sstitle	150	lossless
mazeinv	sstitle	160	lossless
mazerbla	sstitle	75	lossless
mazinger	sstitle	186	lossless
mbaa	sstitle	56	lossless
mbombrd	sstitle	6	lossless
mbutrfly	sstitle	75	lossless
mcatadv	sstitle	75	lossless
mchampdx	sstitle	75	lossless
mcheonru	sstitle	187	lossless
mcnpshnt	sstitle	173	lossless
mcolors	sstitle	75	lossless
mcontest	sstitle	180	lossless
mdhorse	sstitle	155	lossless
mdrawpkr	sstitle	75	lossless
mechatt	sstitle	154	lossless
medlanes	sstitle	75	lossless
megablst	sstitle	157	lossless
megadon	sstitle	75	lossless
megadpkr	sstitle	75	lossless
megaman	sstitle	6	lossless
megaman2	sstitle	7	lossless
megaphx	sstitle	75	lossless
megat7e	sstitle	75	lossless
megatack	sstitle	75	lossless
megazone	sstitle	158	lossless
megrescu	sstitle	147	lossless
meijinsn	sstitle	154	lossless
meltyb	sstitle	227	lossless
meltybld	sstitle	227	lossless
menghong	sstitle	176	lossless
meosism	sstitle	164	lossless
mercs	sstitle	6	lossless
merlinmm	sstitle	158	lossless
mermaid	sstitle	75	lossless
metabee	sstitle	75	lossless
metafox	sstitle	149	lossless
metalb	sstitle	157	lossless
metamrph	sstitle	158	lossless
metlclsh	sstitle	162	lossless
metlfrzr	sstitle	190	lossless
metlhawk	sstitle	155	lossless
metlsavr	sstitle	187	lossless
metmqstr	sstitle	186	lossless
metrocrs	sstitle	155	lossless
mf_achas	sstitle	165	lossless
mf_bdash	sstitle	165	lossless
mf_brist	sstitle	165	lossless
mf_flip	sstitle	165	lossless
mfjump	sstitle	153	lossless
mfunclub	sstitle	175	lossless
mgakuen	sstitle	189	lossless
mgakuen2	sstitle	189	lossless
mgcldtex	sstitle	157	lossless
mgcrystl	sstitle	174	lossless
mgcs	sstitle	176	lossless
mgdh	sstitle	176	lossless
mgion	sstitle	180	lossless
mgmen89	sstitle	180	lossless
mgolf	sstitle	160	lossless
mhavoc	sstitle	160	lossless
mhgaiden	sstitle	189	lossless
mhhonban	sstitle	180	lossless
mia	sstitle	158	lossless
micrombc	sstitle	69	lossless
midnrun	sstitle	158	lossless
midres	sstitle	162	lossless
miexchng	sstitle	142	lossless
mightguy	sstitle	180	lossless
mikie	sstitle	158	lossless
mil4000	sstitle	75	lossless
milliped	sstitle	160	lossless
mimonkey	sstitle	188	lossless
minasan	sstitle	142	lossless
minefld	sstitle	158	lossless
minferno	sstitle	75	lossless
miniboy7	sstitle	75	lossless
minigolf	sstitle	150	lossless
minivadr	sstitle	157	lossless
mirage	sstitle	189	lossless
mirax	sstitle	75	lossless
mirninja	sstitle	155	lossless
misdraw	sstitle	75	lossless
misncrft	sstitle	187	lossless
missb2	sstitle	182	lossless
missile	sstitle	160	lossless
missw02	sstitle	177	lossless
missw96	sstitle	177	lossless
mj1	sstitle	227	lossless
mj4simai	sstitle	75	lossless
mjangels	sstitle	173	lossless
mjapinky	sstitle	173	lossless
mjcamera	sstitle	180	lossless
mjchuuka	sstitle	173	lossless
mjclinic	sstitle	189	lossless
mjclub	sstitle	173	lossless
mjcomv1	sstitle	173	lossless
mjdchuka	sstitle	173	lossless
mjdejavu	sstitle	173	lossless
mjderngr	sstitle	173	lossless
mjdialq2	sstitle	173	lossless
mjdiplob	sstitle	173	lossless
mjegolf	sstitle	180	lossless
mjelctrn	sstitle	173	lossless
mjflove	sstitle	173	lossless
mjfocus	sstitle	180	lossless
mjfriday	sstitle	173	lossless
mjgaiden	sstitle	180	lossless
mjgalpri	sstitle	180	lossless
mjgnight	sstitle	173	lossless
mjgottsu	sstitle	180	lossless
mjgottub	sstitle	180	lossless
mjgtaste	sstitle	167	lossless
mjhokite	sstitle	189	lossless
mjifb	sstitle	173	lossless
mjikaga	sstitle	189	lossless
mjjoship	sstitle	189	lossless
mjkinjas	sstitle	189	lossless
mjkjidai	sstitle	75	lossless
mjkoiura	sstitle	180	lossless
mjkojink	sstitle	189	lossless
mjlaman	sstitle	180	lossless
mjleague	sstitle	147	lossless
mjlstory	sstitle	180	lossless
mjmaglmp	sstitle	75	lossless
mjmania	sstitle	180	lossless
mjmyorn2	sstitle	173	lossless
mjmyster	sstitle	173	lossless
mjmyuniv	sstitle	173	lossless
mjnanpas	sstitle	180	lossless
mjnatsu	sstitle	175	lossless
mjnquest	sstitle	157	lossless
mjprivat	sstitle	189	lossless
mjreach	sstitle	173	lossless
mjreach1	sstitle	173	lossless
mjschuka	sstitle	173	lossless
mjsenpu	sstitle	75	lossless
mjsikaku	sstitle	180	lossless
mjsister	sstitle	191	lossless
mjtensin	sstitle	173	lossless
mjuraden	sstitle	180	lossless
mjvegasa	sstitle	173	lossless
mjyarou	sstitle	181	lossless
mjyougo	sstitle	189	lossless
mjyuugi	sstitle	181	lossless
mjzoomin	sstitle	159	lossless
mk	sstitle	150	lossless
mk2	sstitle	150	lossless
mk3	sstitle	150	lossless
mk3mdb	sstitle	75	lossless
mk4	sstitle	150	lossless
mkeibaou	sstitle	180	lossless
mladyhtr	sstitle	180	lossless
mlanding	sstitle	157	lossless
mmagic	sstitle	161	lossless
mmatrix	sstitle	7	lossless
mmaulers	sstitle	158	lossless
mmaze	sstitle	155	lossless
mmehyou	sstitle	180	lossless
mmmbanc	sstitle	47	lossless
mmonkey	sstitle	169	lossless
mmpanic	sstitle	157	lossless
mmpork	sstitle	47	lossless
mnight	sstitle	75	lossless
moeru	sstitle	227	lossless
mofflott	sstitle	157	lossless
mogitate	sstitle	180	lossless
moguchan	sstitle	75	lossless
mogura	sstitle	158	lossless
mok	sstitle	227	lossless
mole	sstitle	75	lossless
momoko	sstitle	159	lossless
moneymac	sstitle	178	lossless
mongolnw	sstitle	75	lossless
monkeyba	sstitle	227	lossless
monsterb	sstitle	147	lossless
monsterz	sstitle	158	lossless
montecar	sstitle	160	lossless
monymony	sstitle	75	lossless
moomesa	sstitle	158	lossless
moonal2	sstitle	155	lossless
mooncrst	sstitle	180	lossless
moonqsr	sstitle	180	lossless
moonwar	sstitle	158	lossless
moonwarp	sstitle	180	lossless
moremore	sstitle	187	lossless
moremorp	sstitle	187	lossless
mortalr	sstitle	75	lossless
mosaic	sstitle	75	lossless
mosaicf2	sstitle	75	lossless
moshougi	sstitle	142	lossless
motofren	sstitle	160	lossless
motoraid	sstitle	54	lossless
motos	sstitle	155	lossless
motoxgo	sstitle	155	lossless
mouja	sstitle	189	lossless
mouseatk	sstitle	75	lossless
mouser	sstitle	75	lossless
mp_bio	sstitle	196	lossless
mp_col3	sstitle	196	lossless
mp_gaxe2	sstitle	196	lossless
mp_gslam	sstitle	196	lossless
mp_gunhe	sstitle	196	lossless
mp_mazin	sstitle	196	lossless
mp_shnb3	sstitle	196	lossless
mp_soni2	sstitle	196	lossless
mp_sonic	sstitle	196	lossless
mp_sor2	sstitle	196	lossless
mp_twcup	sstitle	196	lossless
mpang	sstitle	7	lossless
mpatrol	sstitle	148	lossless
mplanets	sstitle	209	lossless
mpumpkin	sstitle	6	lossless
mrdig	sstitle	187	lossless
mrdo	sstitle	188	lossless
mrdrillr	sstitle	155	lossless
mrdrilr2	sstitle	155	lossless
mrdrilrg	sstitle	155	lossless
mrflea	sstitle	75	lossless
mrgoemon	sstitle	158	lossless
mrjong	sstitle	75	lossless
mrkicker	sstitle	187	lossless
mrkougar	sstitle	179	lossless
mrokumei	sstitle	189	lossless
mroundup	sstitle	75	lossless
mrtnt	sstitle	155	lossless
mrviking	sstitle	147	lossless
ms5pcb	sstitle	142	lossless
msbingo	sstitle	75	lossless
mscoutm	sstitle	180	lossless
msgogo	sstitle	189	lossless
msgundam	sstitle	186	lossless
msh	sstitle	7	lossless
mshuttle	sstitle	180	lossless
mshvsf	sstitle	7	lossless
msisaac	sstitle	157	lossless
msjiken	sstitle	180	lossless
mslider	sstitle	181	lossless
mslug	sstitle	142	lossless
mslug2	sstitle	142	lossless
mslug3	sstitle	142	lossless
mslug4	sstitle	142	lossless
mslug6	sstitle	53	lossless
mslugx	sstitle	142	lossless
mspacman	sstitle	150	lossless
mspuzzle	sstitle	75	lossless
mstworld	sstitle	189	lossless
msword	sstitle	6	lossless
mt_aftrb	sstitle	195	lossless
mt_arrow	sstitle	195	lossless
mt_astrm	sstitle	195	lossless
mt_astro	sstitle	195	lossless
mt_asyn	sstitle	195	lossless
mt_bbros	sstitle	195	lossless
mt_beast	sstitle	195	lossless
mt_calga	sstitle	195	lossless
mt_cols	sstitle	195	lossless
mt_crack	sstitle	195	lossless
mt_eswat	sstitle	195	lossless
mt_fshrk	sstitle	195	lossless
mt_fwrld	sstitle	195	lossless
mt_fz	sstitle	195	lossless
mt_gaxe	sstitle	195	lossless
mt_gaxe2	sstitle	195	lossless
mt_gfoot	sstitle	195	lossless
mt_ggolf	sstitle	195	lossless
mt_gng	sstitle	195	lossless
mt_gsocr	sstitle	195	lossless
mt_kcham	sstitle	195	lossless
mt_lastb	sstitle	195	lossless
mt_mlh	sstitle	195	lossless
mt_mwalk	sstitle	195	lossless
mt_mystd	sstitle	195	lossless
mt_orun	sstitle	195	lossless
mt_parlg	sstitle	195	lossless
mt_revsh	sstitle	195	lossless
mt_shado	sstitle	195	lossless
mt_shang	sstitle	195	lossless
mt_shar2	sstitle	195	lossless
mt_shnbi	sstitle	195	lossless
mt_smgp	sstitle	195	lossless
mt_soni2	sstitle	195	lossless
mt_sonic	sstitle	195	lossless
mt_spman	sstitle	195	lossless
mt_srage	sstitle	195	lossless
mt_srbb	sstitle	195	lossless
mt_stbld	sstitle	195	lossless
mt_stf	sstitle	195	lossless
mt_tetri	sstitle	195	lossless
mt_tfor2	sstitle	195	lossless
mt_tgolf	sstitle	195	lossless
mt_tlbba	sstitle	195	lossless
mt_tout	sstitle	195	lossless
mt_wcsoc	sstitle	195	lossless
mt_wwar	sstitle	195	lossless
mtetrisc	sstitle	151	lossless
mtlchamp	sstitle	158	lossless
mtonic	sstitle	178	lossless
mtrap	sstitle	165	lossless
mtwins	sstitle	6	lossless
mugsmash	sstitle	75	lossless
multchmp	sstitle	75	lossless
multigm2	sstitle	75	lossless
multiped	sstitle	160	lossless
murogem	sstitle	75	lossless
musclem	sstitle	75	lossless
musclhit	sstitle	158	lossless
mushi2k4	sstitle	56	lossless
mushi2k5	sstitle	56	lossless
mushi2k61	sstitle	56	lossless
mushik2e	sstitle	56	lossless
mushik4e	sstitle	56	lossless
mushike	sstitle	56	lossless
mushisam	sstitle	47	lossless
mushitam	sstitle	47	lossless
musicbal	sstitle	75	lossless
musicsrt	sstitle	75	lossless
musobana	sstitle	180	lossless
mustache	sstitle	190	lossless
mustang	sstitle	75	lossless
mutantf	sstitle	162	lossless
mutnat	sstitle	142	lossless
mv4in1	sstitle	75	lossless
mvp	sstitle	147	lossless
mvsc	sstitle	7	lossless
mvsc2	sstitle	56	lossless
mwalk	sstitle	147	lossless
mwarr	sstitle	75	lossless
mwskins	sstitle	150	lossless
mx5000	sstitle	158	lossless
myangel	sstitle	155	lossless
myangel2	sstitle	155	lossless
myangel3	sstitle	155	lossless
myfairld	sstitle	69	lossless
myhero	sstitle	147	lossless
mysticm	sstitle	150	lossless
mysticri	sstitle	148	lossless
mystston	sstitle	169	lossless
mystwarr	sstitle	158	lossless
nagano98	sstitle	158	lossless
nam1975	sstitle	142	lossless
namenayo	sstitle	75	lossless
nametune	sstitle	150	lossless
naname	sstitle	185	lossless
narc	sstitle	150	lossless
nastar	sstitle	157	lossless
natodef	sstitle	75	lossless
naughtyb	sstitle	159	lossless
navarone	sstitle	155	lossless
nbagold	sstitle	150	lossless
nbahangt	sstitle	150	lossless
nbajam	sstitle	150	lossless
nbajamex	sstitle	166	lossless
nbajamte	sstitle	150	lossless
nbanfl	sstitle	150	lossless
nbapbp	sstitle	158	lossless
nbashowt	sstitle	150	lossless
nbbatman	sstitle	148	lossless
nc96	sstitle	178	lossless
ncombat	sstitle	142	lossless
ncommand	sstitle	142	lossless
ncv1	sstitle	155	lossless
ncv2	sstitle	155	lossless
ndxron10	sstitle	75	lossless
nebulray	sstitle	155	lossless
neckneck	sstitle	193	lossless
nekkyoku	sstitle	175	lossless
nemesis	sstitle	158	lossless
nemo	sstitle	6	lossless
neobattl	sstitle	186	lossless
neobombe	sstitle	142	lossless
neocup98	sstitle	142	lossless
neodrift	sstitle	142	lossless
neomrdo	sstitle	142	lossless
neraidou	sstitle	75	lossless
neruton	sstitle	173	lossless
nettoqc	sstitle	173	lossless
netwars	sstitle	75	lossless
nevadafw	sstitle	75	lossless
new2001	sstitle	75	lossless
newfant	sstitle	177	lossless
newmcard	sstitle	75	lossless
news	sstitle	75	lossless
newsin7	sstitle	179	lossless
newxpang	sstitle	75	lossless
nfb96	sstitle	178	lossless
nfm	sstitle	178	lossless
ngalsumr	sstitle	180	lossless
ngbc	sstitle	53	lossless
ngpgal	sstitle	180	lossless
ngtbunny	sstitle	180	lossless
nhidctch	sstitle	75	lossless
nhomerun	sstitle	159	lossless
nibbler	sstitle	154	lossless
nicetsuk	sstitle	155	lossless
nichisel	sstitle	180	lossless
nightgal	sstitle	180	lossless
nightlov	sstitle	180	lossless
nightmare	sstitle	75	lossless
nightrai	sstitle	299	lossless
nightstr	sstitle	157	lossless
ninclown	sstitle	193	lossless
ninjak	sstitle	157	lossless
ninjakd2	sstitle	75	lossless
ninjakun	sstitle	157	lossless
ninjamas	sstitle	142	lossless
ninjaslt	sstitle	56	lossless
ninjaw	sstitle	157	lossless
ninjemak	sstitle	180	lossless
nitd	sstitle	142	lossless
nitedrvr	sstitle	160	lossless
nitrobal	sstitle	162	lossless
nmg5	sstitle	75	lossless
nmouse	sstitle	155	lossless
nmsengen	sstitle	175	lossless
nndmseal	sstitle	159	lossless
noahsark	sstitle	75	lossless
nob	sstitle	162	lossless
nomnlnd	sstitle	209	lossless
norautdx	sstitle	75	lossless
norautp	sstitle	75	lossless
norautra	sstitle	75	lossless
nost	sstitle	75	lossless
nostromo	sstitle	75	lossless
nouryoku	sstitle	153	lossless
nova2001	sstitle	75	lossless
novoplay	sstitle	75	lossless
nrallyx	sstitle	155	lossless
nratechu	sstitle	149	lossless
ns8lines	sstitle	178	lossless
nslasher	sstitle	162	lossless
nspirit	sstitle	148	lossless
nss_actr	sstitle	161	lossless
nss_adam	sstitle	161	lossless
nss_aten	sstitle	161	lossless
nss_con3	sstitle	158	lossless
nss_fzer	sstitle	161	lossless
nss_lwep	sstitle	161	lossless
nss_ncaa	sstitle	161	lossless
nss_rob3	sstitle	161	lossless
nss_skin	sstitle	148	lossless
nss_smw	sstitle	161	lossless
nss_ssoc	sstitle	161	lossless
nss_sten	sstitle	161	lossless
nstocker	sstitle	150	lossless
nsub	sstitle	147	lossless
ntopstar	sstitle	180	lossless
numanath	sstitle	155	lossless
number1	sstitle	75	lossless
number10	sstitle	75	lossless
numcrash	sstitle	155	lossless
nuretemi	sstitle	180	lossless
nvs_machrider	sstitle	161	lossless
nvs_mightybj	sstitle	153	lossless
nvs_platoon	sstitle	161	lossless
nwarr	sstitle	7	lossless
nycaptor	sstitle	157	lossless
nyjoker	sstitle	75	lossless
nyny	sstitle	209	lossless
oceanhun	sstitle	55	lossless
officeye	sstitle	176	lossless
offroad	sstitle	75	lossless
offroadc	sstitle	150	lossless
offroadt	sstitle	75	lossless
offtwall	sstitle	160	lossless
ohmygod	sstitle	185	lossless
ohpaipee	sstitle	180	lossless
oinori	sstitle	56	lossless
oisipuzl	sstitle	75	lossless
ojanko2	sstitle	75	lossless
ojankoc	sstitle	75	lossless
ojankohs	sstitle	75	lossless
ojankoy	sstitle	75	lossless
ojousan	sstitle	180	lossless
olds	sstitle	176	lossless
oldsplus	sstitle	176	lossless
olibochu	sstitle	148	lossless
ollie	sstitle	147	lossless
omega	sstitle	147	lossless
omegaf	sstitle	75	lossless
omegrace	sstitle	150	lossless
omotesnd	sstitle	180	lossless
oneshot	sstitle	75	lossless
onetwo	sstitle	75	lossless
onna34ro	sstitle	157	lossless
ooparts	sstitle	75	lossless
opaopa	sstitle	147	lossless
opengolf	sstitle	158	lossless
openice	sstitle	150	lossless
optiger	sstitle	157	lossless
opwolf	sstitle	157	lossless
opwolf3	sstitle	157	lossless
orangec	sstitle	180	lossless
orbit	sstitle	160	lossless
orbitron	sstitle	158	lossless
orbs	sstitle	164	lossless
ordyne	sstitle	155	lossless
orleg2	sstitle	176	lossless
orlegend	sstitle	176	lossless
orunners	sstitle	147	lossless
oscar	sstitle	162	lossless
osman	sstitle	189	lossless
otatidai	sstitle	180	lossless
otenamhf	sstitle	299	lossless
otenamih	sstitle	299	lossless
otenki	sstitle	299	lossless
othello	sstitle	75	lossless
othellos	sstitle	69	lossless
othldrby	sstitle	191	lossless
othunder	sstitle	157	lossless
otonano	sstitle	180	lossless
otrigger	sstitle	56	lossless
otwalls	sstitle	150	lossless
outfxies	sstitle	155	lossless
outr2	sstitle	147	lossless
outr2st	sstitle	147	lossless
outrun	sstitle	147	lossless
outzone	sstitle	191	lossless
overdriv	sstitle	158	lossless
overrev	sstitle	54	lossless
overtop	sstitle	142	lossless
ozmawars	sstitle	154	lossless
ozon1	sstitle	158	lossless
p47	sstitle	159	lossless
p47aces	sstitle	159	lossless
p911	sstitle	158	lossless
p9112	sstitle	158	lossless
pacapp	sstitle	155	lossless
pacapp2	sstitle	155	lossless
pacappsp	sstitle	155	lossless
paceight	sstitle	155	lossless
pachifev	sstitle	75	lossless
pachiten	sstitle	180	lossless
packbang	sstitle	174	lossless
pacland	sstitle	155	lossless
pacmania	sstitle	155	lossless
pacnpal	sstitle	155	lossless
pacplus	sstitle	155	lossless
pacslot	sstitle	155	lossless
paddlema	sstitle	154	lossless
pairlove	sstitle	149	lossless
pairs	sstitle	193	lossless
pairsnb	sstitle	180	lossless
pairsred	sstitle	193	lossless
palamed	sstitle	157	lossless
pandoras	sstitle	158	lossless
pang	sstitle	189	lossless
pang3	sstitle	6	lossless
pangpang	sstitle	187	lossless
pangpoms	sstitle	189	lossless
panic	sstitle	188	lossless
panicbom	sstitle	142	lossless
panicr	sstitle	157	lossless
panicstr	sstitle	174	lossless
panther	sstitle	148	lossless
paperboy	sstitle	160	lossless
paprazzi	sstitle	75	lossless
para2dx	sstitle	75	lossless
paradise	sstitle	75	lossless
paradlx	sstitle	75	lossless
parentj	sstitle	157	lossless
parodius	sstitle	158	lossless
parrot3	sstitle	178	lossless
pasha2	sstitle	75	lossless
pass	sstitle	75	lossless
passsht	sstitle	147	lossless
pastelg	sstitle	180	lossless
pastelis	sstitle	181	lossless
patapata	sstitle	185	lossless
patimono	sstitle	180	lossless
patocar	sstitle	69	lossless
pbaction	sstitle	75	lossless
pballoon	sstitle	154	lossless
pbancho	sstitle	75	lossless
pbillian	sstitle	157	lossless
pbillrd	sstitle	147	lossless
pblbeach	sstitle	69	lossless
pbobbl2n	sstitle	142	lossless
pbobble	sstitle	142	lossless
pbobble2	sstitle	157	lossless
pbobble3	sstitle	157	lossless
pbobble4	sstitle	157	lossless
pc_1942	sstitle	184	lossless
pc_bball	sstitle	184	lossless
pc_bfght	sstitle	184	lossless
pc_bload	sstitle	184	lossless
pc_bstar	sstitle	184	lossless
pc_cntra	sstitle	184	lossless
pc_cshwk	sstitle	184	lossless
pc_cvnia	sstitle	184	lossless
pc_dbldr	sstitle	184	lossless
pc_ddrgn	sstitle	184	lossless
pc_drmro	sstitle	184	lossless
pc_duckh	sstitle	184	lossless
pc_ebike	sstitle	184	lossless
pc_ftqst	sstitle	184	lossless
pc_gntlt	sstitle	184	lossless
pc_golf	sstitle	184	lossless
pc_goons	sstitle	184	lossless
pc_grdus	sstitle	184	lossless
pc_hgaly	sstitle	184	lossless
pc_kngfu	sstitle	184	lossless
pc_mario	sstitle	184	lossless
pc_miket	sstitle	184	lossless
pc_mman3	sstitle	184	lossless
pc_moglf	sstitle	184	lossless
pc_mtoid	sstitle	184	lossless
pc_ngai2	sstitle	184	lossless
pc_ngai3	sstitle	184	lossless
pc_ngaid	sstitle	184	lossless
pc_pinbt	sstitle	184	lossless
pc_pwbld	sstitle	184	lossless
pc_pwrst	sstitle	184	lossless
pc_radr2	sstitle	184	lossless
pc_radrc	sstitle	184	lossless
pc_rcpam	sstitle	184	lossless
pc_rkats	sstitle	184	lossless
pc_rnatk	sstitle	184	lossless
pc_rrngr	sstitle	184	lossless
pc_rygar	sstitle	184	lossless
pc_sjetm	sstitle	184	lossless
pc_smb	sstitle	184	lossless
pc_smb2	sstitle	184	lossless
pc_smb3	sstitle	184	lossless
pc_suprc	sstitle	184	lossless
pc_tbowl	sstitle	184	lossless
pc_tenis	sstitle	184	lossless
pc_tkfld	sstitle	184	lossless
pc_tmnt	sstitle	184	lossless
pc_tmnt2	sstitle	184	lossless
pc_trjan	sstitle	184	lossless
pc_ttoon	sstitle	184	lossless
pc_vball	sstitle	184	lossless
pc_wcup	sstitle	184	lossless
pc_wgnmn	sstitle	184	lossless
pc_ynoid	sstitle	184	lossless
pcktgal	sstitle	162	lossless
pclubys	sstitle	155	lossless
pcnfrk	sstitle	158	lossless
pcnfrk2m	sstitle	158	lossless
pcnfrk3m	sstitle	158	lossless
pdrift	sstitle	147	lossless
peekaboo	sstitle	159	lossless
peggle	sstitle	193	lossless
peip0028	sstitle	75	lossless
pemg0025	sstitle	75	lossless
pemg0213	sstitle	75	lossless
penbros	sstitle	149	lossless
penfan	sstitle	75	lossless
pengadvb	sstitle	158	lossless
pengo	sstitle	147	lossless
penky	sstitle	75	lossless
pepper2	sstitle	165	lossless
percuss	sstitle	75	lossless
perestro	sstitle	157	lossless
perfrman	sstitle	162	lossless
pesadelo	sstitle	158	lossless
peterpak	sstitle	160	lossless
pf2012	sstitle	157	lossless
pgalvip	sstitle	177	lossless
pgm3in1	sstitle	176	lossless
pgoal	sstitle	142	lossless
phantom2	sstitle	150	lossless
pharrier	sstitle	258	lossless
phelios	sstitle	155	lossless
phklad	sstitle	75	lossless
phoenix	sstitle	158	lossless
photoy2k	sstitle	176	lossless
phozon	sstitle	155	lossless
phpython	sstitle	75	lossless
phtetris	sstitle	75	lossless
pickin	sstitle	157	lossless
pickwin	sstitle	178	lossless
pignewt	sstitle	147	lossless
pigout	sstitle	75	lossless
pigskin	sstitle	150	lossless
pinbo	sstitle	159	lossless
pingpong	sstitle	158	lossless
pinkiri8	sstitle	75	lossless
pinkswts	sstitle	47	lossless
pipedrm	sstitle	175	lossless
pipeline	sstitle	75	lossless
pipibibs	sstitle	191	lossless
pir2001	sstitle	178	lossless
pir2002	sstitle	178	lossless
pirate2	sstitle	75	lossless
pirates	sstitle	75	lossless
piratesh	sstitle	158	lossless
piratetr	sstitle	75	lossless
pirpok2	sstitle	178	lossless
pisces	sstitle	158	lossless
pistoldm	sstitle	155	lossless
pitapat	sstitle	75	lossless
pitboss	sstitle	75	lossless
pitfall2	sstitle	147	lossless
pitfight	sstitle	160	lossless
pitnrun	sstitle	157	lossless
pjustic	sstitle	56	lossless
pkgnsh	sstitle	75	lossless
pkgnshdx	sstitle	75	lossless
pkladies	sstitle	189	lossless
pkscram	sstitle	75	lossless
pktet346	sstitle	176	lossless
pktgaldx	sstitle	162	lossless
pkunwar	sstitle	75	lossless
play2000	sstitle	194	lossless
playball	sstitle	150	lossless
plegends	sstitle	185	lossless
pleiads	sstitle	75	lossless
plgirls	sstitle	157	lossless
plgirls2	sstitle	157	lossless
plotting	sstitle	157	lossless
plsmaswd	sstitle	151	lossless
pltkids	sstitle	54	lossless
plumppop	sstitle	157	lossless
plusalph	sstitle	159	lossless
plygonet	sstitle	158	lossless
pmpoker	sstitle	75	lossless
pnickj	sstitle	6	lossless
pntnpuzl	sstitle	75	lossless
pnyaa	sstitle	142	lossless
pocketrc	sstitle	155	lossless
poitto	sstitle	189	lossless
poizone	sstitle	75	lossless
pokechmp	sstitle	75	lossless
poker91	sstitle	75	lossless
pokeresp	sstitle	75	lossless
pokermon	sstitle	75	lossless
pokerout	sstitle	75	lossless
pokersis	sstitle	75	lossless
pokoachu	sstitle	180	lossless
pokonl97	sstitle	178	lossless
pokonyan	sstitle	6	lossless
pokrdice	sstitle	193	lossless
polaris	sstitle	157	lossless
polepos	sstitle	155	lossless
polepos2	sstitle	155	lossless
policetr	sstitle	75	lossless
pollux	sstitle	75	lossless
polyplay	sstitle	75	lossless
polystar	sstitle	158	lossless
ponchin	sstitle	181	lossless
pong	sstitle	160	lossless
ponpoko	sstitle	155	lossless
pontoon	sstitle	75	lossless
pool10	sstitle	75	lossless
poolshrk	sstitle	160	lossless
poosho	sstitle	187	lossless
pooyan	sstitle	158	lossless
popbingo	sstitle	75	lossless
popbounc	sstitle	142	lossless
popflame	sstitle	159	lossless
popn1	sstitle	158	lossless
popn2	sstitle	158	lossless
popn3	sstitle	158	lossless
popnpop	sstitle	157	lossless
popnrun	sstitle	190	lossless
popobear	sstitle	75	lossless
popper	sstitle	75	lossless
popspops	sstitle	163	lossless
porky	sstitle	155	lossless
portrait	sstitle	75	lossless
potgame	sstitle	75	lossless
potopoto	sstitle	147	lossless
pottnpkr	sstitle	75	lossless
poundfor	sstitle	148	lossless
pow	sstitle	154	lossless
powerbal	sstitle	75	lossless
powerdrv	sstitle	150	lossless
powerins	sstitle	185	lossless
powrplay	sstitle	192	lossless
powyak96	sstitle	158	lossless
powyakex	sstitle	158	lossless
ppcar	sstitle	75	lossless
ppd	sstitle	158	lossless
ppj	sstitle	75	lossless
ppking	sstitle	157	lossless
ppmast93	sstitle	75	lossless
ppp	sstitle	158	lossless
ppp11	sstitle	158	lossless
ppp2nd	sstitle	158	lossless
pprobe	sstitle	75	lossless
ppsatan	sstitle	75	lossless
prehisle	sstitle	154	lossless
preisle2	sstitle	142	lossless
prikura	sstitle	69	lossless
primglex	sstitle	155	lossless
primrag2	sstitle	160	lossless
primrage	sstitle	160	lossless
prmrsocr	sstitle	158	lossless
profpac	sstitle	150	lossless
progear	sstitle	7	lossless
progolf	sstitle	162	lossless
progress	sstitle	75	lossless
promutrv	sstitle	75	lossless
propcycl	sstitle	156	lossless
prosport	sstitle	162	lossless
protenn	sstitle	162	lossless
prtytime	sstitle	189	lossless
psailor1	sstitle	180	lossless
psailor2	sstitle	180	lossless
pspikes	sstitle	175	lossless
pspikes2	sstitle	142	lossless
pstadium	sstitle	180	lossless
pstone	sstitle	56	lossless
pstone2	sstitle	56	lossless
psurge	sstitle	158	lossless
psychic5	sstitle	159	lossless
psychos	sstitle	154	lossless
psyforce	sstitle	157	lossless
psyvar2	sstitle	227	lossless
ptblank	sstitle	155	lossless
ptblank2	sstitle	155	lossless
ptblank3	sstitle	155	lossless
ptrain	sstitle	75	lossless
ptrmj	sstitle	148	lossless
pturn	sstitle	159	lossless
pubball	sstitle	150	lossless
puchicar	sstitle	157	lossless
puckman	sstitle	155	lossless
puckpkmn	sstitle	75	lossless
pulirula	sstitle	157	lossless
pulsar	sstitle	147	lossless
pulstar	sstitle	142	lossless
punchout	sstitle	161	lossless
punisher	sstitle	6	lossless
punkshot	sstitle	158	lossless
pururun	sstitle	189	lossless
pushman	sstitle	177	lossless
pushover	sstitle	75	lossless
puyo	sstitle	147	lossless
puyoda	sstitle	56	lossless
puyofev	sstitle	227	lossless
puyopuy2	sstitle	147	lossless
puyosun	sstitle	69	lossless
puzlclub	sstitle	155	lossless
puzlstar	sstitle	176	lossless
puzzldpr	sstitle	142	lossless
puzzledp	sstitle	142	lossless
puzzlet	sstitle	189	lossless
puzzli	sstitle	189	lossless
puzzli2	sstitle	176	lossless
puzzloop	sstitle	189	lossless
puzzlove	sstitle	75	lossless
puzznic	sstitle	157	lossless
pwrflip	sstitle	75	lossless
pwrgoal	sstitle	157	lossless
pwrinst2	sstitle	185	lossless
pwrkick	sstitle	191	lossless
py2k2	sstitle	176	lossless
pyenaget	sstitle	164	lossless
pzlbowl	sstitle	75	lossless
pzlbreak	sstitle	187	lossless
pzlestar	sstitle	75	lossless
pzletime	sstitle	75	lossless
pzloop2	sstitle	7	lossless
qad	sstitle	6	lossless
qb3	sstitle	192	lossless
qbert	sstitle	209	lossless
qbertqub	sstitle	209	lossless
qc	sstitle	75	lossless
qcrayon	sstitle	157	lossless
qcrayon2	sstitle	157	lossless
qdrmfgp	sstitle	158	lossless
qdrmfgp2	sstitle	158	lossless
qgakumon	sstitle	158	lossless
qgh	sstitle	147	lossless
qix	sstitle	157	lossless
qjinsei	sstitle	157	lossless
qmegamis	sstitle	56	lossless
qmhayaku	sstitle	180	lossless
qndream	sstitle	7	lossless
qrouka	sstitle	147	lossless
qsangoku	sstitle	151	lossless
qsww	sstitle	147	lossless
qtheater	sstitle	157	lossless
qtono1	sstitle	151	lossless
qtono2j	sstitle	6	lossless
qtorimon	sstitle	157	lossless
quantum	sstitle	160	lossless
quarterb	sstitle	75	lossless
quartet	sstitle	147	lossless
quasar	sstitle	75	lossless
queenbee	sstitle	75	lossless
quester	sstitle	155	lossless
quickjac	sstitle	75	lossless
quickp5	sstitle	158	lossless
quiz	sstitle	75	lossless
quiz18k	sstitle	175	lossless
quiz365	sstitle	157	lossless
quizard	sstitle	75	lossless
quizard2	sstitle	75	lossless
quizard3	sstitle	75	lossless
quizchq	sstitle	173	lossless
quizdai2	sstitle	142	lossless
quizdais	sstitle	142	lossless
quizdna	sstitle	163	lossless
quizf1	sstitle	148	lossless
quizhq	sstitle	157	lossless
quizhuhu	sstitle	157	lossless
quizkof	sstitle	142	lossless
quizmeku	sstitle	147	lossless
quizmoon	sstitle	186	lossless
quizmstr	sstitle	75	lossless
quizo	sstitle	75	lossless
quizpani	sstitle	163	lossless
quizqgd	sstitle	227	lossless
quizshow	sstitle	160	lossless
quiztou	sstitle	155	lossless
quiztvqq	sstitle	173	lossless
quizvid	sstitle	75	lossless
qwak	sstitle	160	lossless
qzchikyu	sstitle	157	lossless
qzkklgy2	sstitle	153	lossless
qzkklogy	sstitle	153	lossless
qzquest	sstitle	157	lossless
qzshowby	sstitle	157	lossless
r2dtank	sstitle	75	lossless
r2dx_v33	sstitle	190	lossless
rabbit	sstitle	75	lossless
rabiolep	sstitle	150	lossless
raccoon	sstitle	75	lossless
racedriv	sstitle	160	lossless
rachero	sstitle	147	lossless
racinfrc	sstitle	158	lossless
racingb	sstitle	157	lossless
rackemup	sstitle	158	lossless
racknrol	sstitle	158	lossless
radarscp	sstitle	161	lossless
radarzon	sstitle	179	lossless
radikalb	sstitle	194	lossless
radirgy	sstitle	227	lossless
radirgyn	sstitle	56	lossless
radm	sstitle	147	lossless
radr	sstitle	147	lossless
radrad	sstitle	180	lossless
raflesia	sstitle	147	lossless
ragnagrd	sstitle	142	lossless
raiden	sstitle	190	lossless
raiden2	sstitle	190	lossless
raidendx	sstitle	190	lossless
raiders	sstitle	179	lossless
raiders5	sstitle	157	lossless
raimais	sstitle	157	lossless
rallybik	sstitle	157	lossless
rallyx	sstitle	155	lossless
rambo3	sstitle	157	lossless
rampage	sstitle	150	lossless
rampart	sstitle	160	lossless
rangrmsn	sstitle	53	lossless
rapidfir	sstitle	75	lossless
rastan	sstitle	157	lossless
raverace	sstitle	156	lossless
raycris	sstitle	299	lossless
raystorm	sstitle	157	lossless
razmataz	sstitle	147	lossless
rbff1	sstitle	142	lossless
rbff2	sstitle	142	lossless
rbffspec	sstitle	142	lossless
rbibb	sstitle	155	lossless
rbisland	sstitle	157	lossless
rbislande	sstitle	157	lossless
rblaster	sstitle	49	lossless
rbmk	sstitle	75	lossless
rcdino4	sstitle	180	lossless
rchase	sstitle	147	lossless
rchase2	sstitle	54	lossless
rdft	sstitle	190	lossless
rdft2	sstitle	190	lossless
reactor	sstitle	209	lossless
reaktor	sstitle	158	lossless
realbrk	sstitle	75	lossless
realbrod	sstitle	75	lossless
recalh	sstitle	157	lossless
record	sstitle	75	lossless
recordbr	sstitle	157	lossless
redalert	sstitle	148	lossless
redbaron	sstitle	160	lossless
redclash	sstitle	174	lossless
redearth	sstitle	8	lossless
redlin2p	sstitle	192	lossless
redrobin	sstitle	174	lossless
redufo	sstitle	158	lossless
reelfun	sstitle	75	lossless
reelquak	sstitle	75	lossless
regulus	sstitle	147	lossless
relief	sstitle	160	lossless
renaiclb	sstitle	180	lossless
renaimj	sstitle	180	lossless
renegade	sstitle	157	lossless
renju	sstitle	181	lossless
repulse	sstitle	147	lossless
rescraid	sstitle	150	lossless
rescue	sstitle	158	lossless
retofinv	sstitle	157	lossless
revngr84	sstitle	75	lossless
revx	sstitle	150	lossless
rezon	sstitle	149	lossless
rfjet	sstitle	190	lossless
rhytngk	sstitle	56	lossless
ribbit	sstitle	147	lossless
ridgera2	sstitle	156	lossless
ridgerac	sstitle	156	lossless
ridhero	sstitle	142	lossless
ridingf	sstitle	157	lossless
ridleofp	sstitle	147	lossless
rimrockn	sstitle	193	lossless
ringdest	sstitle	7	lossless
ringout	sstitle	56	lossless
ringrage	sstitle	157	lossless
riot	sstitle	163	lossless
riotcity	sstitle	147	lossless
ripcord	sstitle	165	lossless
ripoff	sstitle	192	lossless
ripribit	sstitle	75	lossless
riskchal	sstitle	148	lossless
rjammer	sstitle	180	lossless
rltennis	sstitle	75	lossless
rmhaihai	sstitle	181	lossless
rmhaijin	sstitle	181	lossless
rmhaisei	sstitle	181	lossless
rmpgwt	sstitle	150	lossless
roadblst	sstitle	160	lossless
roadburn	sstitle	160	lossless
roadedge	sstitle	154	lossless
roadf	sstitle	158	lossless
roadriot	sstitle	160	lossless
roadrunn	sstitle	160	lossless
robadv	sstitle	178	lossless
robadv2	sstitle	178	lossless
robby	sstitle	150	lossless
roboarmy	sstitle	142	lossless
robocop	sstitle	162	lossless
robocop2	sstitle	162	lossless
robokid	sstitle	75	lossless
robotbwl	sstitle	165	lossless
robotron	sstitle	150	lossless
robowres	sstitle	147	lossless
rockclim	sstitle	157	lossless
rockduck	sstitle	169	lossless
rockn	sstitle	159	lossless
rockn2	sstitle	159	lossless
rockn3	sstitle	159	lossless
rockn4	sstitle	159	lossless
rocknms	sstitle	159	lossless
rockrage	sstitle	158	lossless
rocktris	sstitle	75	lossless
rocktrv2	sstitle	155	lossless
rocnrope	sstitle	158	lossless
rodland	sstitle	159	lossless
rohga	sstitle	162	lossless
roishtar	sstitle	155	lossless
rolcrush	sstitle	187	lossless
roldfrog	sstitle	194	lossless
rollerg	sstitle	158	lossless
rollingc	sstitle	180	lossless
rompers	sstitle	155	lossless
ron2	sstitle	75	lossless
rongrong	sstitle	173	lossless
ronjans	sstitle	75	lossless
rotaryf	sstitle	75	lossless
rotd	sstitle	142	lossless
rotr	sstitle	75	lossless
roughrac	sstitle	147	lossless
rougien	sstitle	75	lossless
roul	sstitle	75	lossless
roundup	sstitle	157	lossless
roundup5	sstitle	75	lossless
route16	sstitle	75	lossless
royale	sstitle	75	lossless
royalmj	sstitle	180	lossless
royalpk2	sstitle	75	lossless
royalqn	sstitle	180	lossless
roypok96	sstitle	178	lossless
rpatrol	sstitle	180	lossless
rrreveng	sstitle	160	lossless
rsgun	sstitle	69	lossless
rshark	sstitle	75	lossless
rthun2	sstitle	155	lossless
rthunder	sstitle	155	lossless
rtriv	sstitle	157	lossless
rtype	sstitle	148	lossless
rtype2	sstitle	148	lossless
rtypeleo	sstitle	148	lossless
rumba	sstitle	157	lossless
rumblef	sstitle	53	lossless
rumblef2	sstitle	53	lossless
runaway	sstitle	160	lossless
rungun	sstitle	158	lossless
rungun2	sstitle	158	lossless
runpuppy	sstitle	158	lossless
rushbets	sstitle	75	lossless
rushhero	sstitle	158	lossless
rvschool	sstitle	151	lossless
rygar	sstitle	153	lossless
ryorioh	sstitle	181	lossless
ryouran	sstitle	174	lossless
ryujin	sstitle	157	lossless
ryukyu	sstitle	147	lossless
s1945	sstitle	167	lossless
s1945ii	sstitle	167	lossless
s1945iii	sstitle	167	lossless
s1945p	sstitle	142	lossless
sabotenb	sstitle	163	lossless
sadari	sstitle	75	lossless
safarir	sstitle	154	lossless
sailormn	sstitle	186	lossless
sailorws	sstitle	180	lossless
salamand	sstitle	158	lossless
salarymc	sstitle	158	lossless
salmankt	sstitle	53	lossless
salmndr2	sstitle	158	lossless
samba	sstitle	56	lossless
samba2k	sstitle	56	lossless
sams64	sstitle	154	lossless
sams64_2	sstitle	154	lossless
samsh5sp	sstitle	142	lossless
samsho	sstitle	142	lossless
samsho2	sstitle	142	lossless
samsho3	sstitle	142	lossless
samsho4	sstitle	142	lossless
samsho5	sstitle	142	lossless
samsptk	sstitle	53	lossless
samurai	sstitle	147	lossless
samuraia	sstitle	167	lossless
sandor	sstitle	69	lossless
sandscrp	sstitle	75	lossless
sarge	sstitle	150	lossless
sasissu	sstitle	69	lossless
sasuke	sstitle	154	lossless
satansat	sstitle	154	lossless
saturnzi	sstitle	150	lossless
sauro	sstitle	75	lossless
savagere	sstitle	142	lossless
sb2003	sstitle	75	lossless
sbagman	sstitle	157	lossless
sbasebal	sstitle	154	lossless
sbasketb	sstitle	158	lossless
sbhoei	sstitle	75	lossless
sbishi	sstitle	158	lossless
sblast2b	sstitle	75	lossless
sbmjb	sstitle	157	lossless
sbomber	sstitle	167	lossless
sbowling	sstitle	157	lossless
sbp	sstitle	154	lossless
sbrkout	sstitle	160	lossless
sbubsm	sstitle	75	lossless
sbugger	sstitle	75	lossless
scandal	sstitle	180	lossless
scessjoe	sstitle	157	lossless
scfinals	sstitle	157	lossless
schamp	sstitle	54	lossless
schaser	sstitle	157	lossless
schmeisr	sstitle	162	lossless
sci	sstitle	157	lossless
scion	sstitle	190	lossless
scobra	sstitle	158	lossless
scontra	sstitle	158	lossless
scorpion	sstitle	158	lossless
scotrsht	sstitle	158	lossless
scramble	sstitle	158	lossless
scregg	sstitle	169	lossless
screwloo	sstitle	209	lossless
scross	sstitle	147	lossless
scud	sstitle	55	lossless
scudhamm	sstitle	159	lossless
scyclone	sstitle	157	lossless
sderby	sstitle	75	lossless
sdfight	sstitle	187	lossless
sdgndmps	sstitle	186	lossless
sdi	sstitle	147	lossless
sdmg2	sstitle	176	lossless
sdodgeb	sstitle	142	lossless
sdungeon	sstitle	157	lossless
seabass	sstitle	69	lossless
searchar	sstitle	154	lossless
searchey	sstitle	75	lossless
searchp2	sstitle	75	lossless
seawld	sstitle	178	lossless
seawolf	sstitle	150	lossless
seawolf2	sstitle	150	lossless
secolove	sstitle	180	lossless
secondch	sstitle	75	lossless
secretag	sstitle	162	lossless
sectionz	sstitle	151	lossless
segajw	sstitle	147	lossless
seganinj	sstitle	147	lossless
segawski	sstitle	54	lossless
seicross	sstitle	180	lossless
seiha	sstitle	180	lossless
selfeena	sstitle	157	lossless
seljan	sstitle	173	lossless
seljan2	sstitle	173	lossless
semibase	sstitle	187	lossless
sengekis	sstitle	174	lossless
sengoku	sstitle	142	lossless
sengoku2	sstitle	142	lossless
sengoku3	sstitle	142	lossless
senjyo	sstitle	75	lossless
senknow	sstitle	174	lossless
senko	sstitle	227	lossless
senkosp	sstitle	227	lossless
senkyu	sstitle	190	lossless
setaroul	sstitle	181	lossless
sexappl	sstitle	75	lossless
sextriv1	sstitle	75	lossless
sexyboom	sstitle	75	lossless
sexygal	sstitle	180	lossless
sexyparo	sstitle	158	lossless
sf	sstitle	151	lossless
sf2	sstitle	6	lossless
sf2049	sstitle	160	lossless
sf2ce	sstitle	6	lossless
sf2hf	sstitle	6	lossless
sfa	sstitle	7	lossless
sfa2	sstitle	7	lossless
sfa3	sstitle	7	lossless
sfchamp	sstitle	157	lossless
sfex	sstitle	151	lossless
sfex2	sstitle	151	lossless
sfex2p	sstitle	151	lossless
sfexp	sstitle	151	lossless
sfiii	sstitle	8	lossless
sfiii2	sstitle	8	lossless
sfiii3	sstitle	8	lossless
sfkick	sstitle	75	lossless
sflush	sstitle	157	lossless
sfootbal	sstitle	150	lossless
sfposeid	sstitle	157	lossless
sfrush	sstitle	160	lossless
sfrushrk	sstitle	160	lossless
sftm	sstitle	151	lossless
sfx	sstitle	180	lossless
sfz2al	sstitle	7	lossless
sfz3ugd	sstitle	227	lossless
sgaltrop	sstitle	180	lossless
sgemf	sstitle	7	lossless
sgladiat	sstitle	154	lossless
sgmast	sstitle	147	lossless
sgmt1	sstitle	75	lossless
sgnascar	sstitle	258	lossless
sgsafari	sstitle	75	lossless
sgt24h	sstitle	54	lossless
sgtetris	sstitle	56	lossless
sgunner	sstitle	155	lossless
sgunner2	sstitle	155	lossless
shackled	sstitle	162	lossless
shadfrce	sstitle	169	lossless
shadowld	sstitle	155	lossless
shadoww	sstitle	153	lossless
shaktam	sstitle	227	lossless
shaktamb	sstitle	227	lossless
shaktmsp	sstitle	227	lossless
shangha2	sstitle	75	lossless
shangha3	sstitle	75	lossless
shanghai	sstitle	75	lossless
shanghss	sstitle	299	lossless
shangkid	sstitle	162	lossless
shangon	sstitle	147	lossless
shangril	sstitle	56	lossless
shangtou	sstitle	299	lossless
shanhigw	sstitle	69	lossless
sharkatt	sstitle	75	lossless
sharrier	sstitle	147	lossless
shdancer	sstitle	147	lossless
sheriff	sstitle	161	lossless
shienryu	sstitle	69	lossless
shikgam2	sstitle	227	lossless
shikigam	sstitle	299	lossless
shimpact	sstitle	150	lossless
shinfz	sstitle	147	lossless
shinygld	sstitle	75	lossless
shngmtkb	sstitle	75	lossless
shocking	sstitle	75	lossless
shocktr2	sstitle	142	lossless
shocktro	sstitle	142	lossless
shogwarr	sstitle	174	lossless
shollow	sstitle	150	lossless
shootbul	sstitle	150	lossless
shootgal	sstitle	75	lossless
shootout	sstitle	162	lossless
shootpl	sstitle	56	lossless
shoottv	sstitle	193	lossless
shougi	sstitle	182	lossless
shougi2	sstitle	182	lossless
showdown	sstitle	165	lossless
shpeng	sstitle	173	lossless
shrike	sstitle	150	lossless
shtngmst	sstitle	147	lossless
shtrider	sstitle	190	lossless
shuffle	sstitle	150	lossless
shufshot	sstitle	193	lossless
shuriboy	sstitle	158	lossless
shuttlei	sstitle	157	lossless
shuuz	sstitle	160	lossless
sianniv	sstitle	299	lossless
sidampkr	sstitle	75	lossless
sidearms	sstitle	151	lossless
sidebs	sstitle	157	lossless
sidebs2	sstitle	157	lossless
sidepckt	sstitle	162	lossless
sidetrac	sstitle	165	lossless
sigma2k	sstitle	75	lossless
sigmapkr	sstitle	75	lossless
silentd	sstitle	157	lossless
silkroad	sstitle	75	lossless
silkworm	sstitle	153	lossless
silvmil	sstitle	75	lossless
simpbowl	sstitle	158	lossless
simpsons	sstitle	158	lossless
sindbadm	sstitle	147	lossless
sinistar	sstitle	150	lossless
sjryuko	sstitle	147	lossless
skichamp	sstitle	55	lossless
skimaxx	sstitle	75	lossless
skisuprg	sstitle	54	lossless
skullfng	sstitle	162	lossless
skullxbo	sstitle	160	lossless
skyadvnt	sstitle	182	lossless
skyalert	sstitle	189	lossless
skyarmy	sstitle	75	lossless
skybase	sstitle	158	lossless
skybump	sstitle	75	lossless
skychal	sstitle	69	lossless
skychut	sstitle	148	lossless
skydest	sstitle	157	lossless
skydiver	sstitle	160	lossless
skyfox	sstitle	159	lossless
skykid	sstitle	155	lossless
skykiddx	sstitle	155	lossless
skylancr	sstitle	75	lossless
skylncr	sstitle	75	lossless
skylove	sstitle	157	lossless
skyraid	sstitle	160	lossless
skyrobo	sstitle	180	lossless
skyskipr	sstitle	161	lossless
skysmash	sstitle	75	lossless
skysoldr	sstitle	154	lossless
skytargt	sstitle	54	lossless
sl2007	sstitle	56	lossless
slammast	sstitle	6	lossless
slapshot	sstitle	157	lossless
slapshtr	sstitle	147	lossless
slasho	sstitle	56	lossless
slashout	sstitle	227	lossless
slipstrm	sstitle	151	lossless
slither	sstitle	157	lossless
sliver	sstitle	75	lossless
sloco93	sstitle	75	lossless
slrasslt	sstitle	158	lossless
slspirit	sstitle	75	lossless
smarinef	sstitle	56	lossless
smashtv	sstitle	150	lossless
smf	sstitle	152	lossless
smgolf	sstitle	161	lossless
smgp	sstitle	147	lossless
smiconk	sstitle	154	lossless
sminiboy	sstitle	75	lossless
smissw	sstitle	177	lossless
smleague	sstitle	69	lossless
smlg99	sstitle	56	lossless
smotor	sstitle	75	lossless
sms4in1	sstitle	75	lossless
smsjoker	sstitle	75	lossless
snakepit	sstitle	150	lossless
snakjack	sstitle	150	lossless
snapjack	sstitle	188	lossless
snapper	sstitle	147	lossless
snookr10	sstitle	75	lossless
snowboar	sstitle	194	lossless
snowbro2	sstitle	191	lossless
snowbro3	sstitle	187	lossless
snowbros	sstitle	191	lossless
socbrawl	sstitle	142	lossless
soccer	sstitle	160	lossless
soccerss	sstitle	158	lossless
sokonuke	sstitle	164	lossless
sokyugrt	sstitle	69	lossless
solarfox	sstitle	150	lossless
solarq	sstitle	192	lossless
solarwar	sstitle	160	lossless
soldam	sstitle	159	lossless
soldivid	sstitle	167	lossless
solfigtr	sstitle	157	lossless
solomon	sstitle	153	lossless
solvalou	sstitle	155	lossless
sonic	sstitle	147	lossless
sonic2mb	sstitle	147	lossless
sonicbom	sstitle	147	lossless
soniccar	sstitle	147	lossless
sonicfgt	sstitle	147	lossless
sonicwi2	sstitle	142	lossless
sonicwi3	sstitle	142	lossless
sonson	sstitle	151	lossless
sos	sstitle	155	lossless
sosterm	sstitle	75	lossless
sothello	sstitle	75	lossless
sotsugyo	sstitle	189	lossless
soulclbr	sstitle	155	lossless
souledge	sstitle	155	lossless
soulsurf	sstitle	230	lossless
soutenry	sstitle	299	lossless
spacbeam	sstitle	148	lossless
spacduel	sstitle	160	lossless
spaceace	sstitle	49	lossless
spacecr	sstitle	157	lossless
spacedx	sstitle	157	lossless
spacefb	sstitle	161	lossless
spacefev	sstitle	161	lossless
spacefrt	sstitle	179	lossless
spaceg	sstitle	75	lossless
spacegun	sstitle	157	lossless
spaceint	sstitle	158	lossless
spacelnc	sstitle	161	lossless
spaceod	sstitle	147	lossless
spacepir	sstitle	170	lossless
spaceskr	sstitle	157	lossless
spacetrk	sstitle	147	lossless
spacewar	sstitle	192	lossless
spacewin	sstitle	75	lossless
spacezap	sstitle	150	lossless
spacfury	sstitle	147	lossless
spacwalk	sstitle	150	lossless
spang	sstitle	189	lossless
sparkman	sstitle	75	lossless
sparkz	sstitle	160	lossless
spatter	sstitle	147	lossless
spawn	sstitle	56	lossless
spbactn	sstitle	153	lossless
spcenctr	sstitle	150	lossless
spcewarl	sstitle	157	lossless
spcforce	sstitle	75	lossless
spcfrcii	sstitle	161	lossless
spcinv95	sstitle	157	lossless
spcking2	sstitle	158	lossless
spclforc	sstitle	161	lossless
spclords	sstitle	160	lossless
spcpostn	sstitle	147	lossless
spcwarp	sstitle	179	lossless
spdball	sstitle	75	lossless
spdcoin	sstitle	158	lossless
spdheat	sstitle	157	lossless
spdodgeb	sstitle	169	lossless
speakres	sstitle	157	lossless
spec2k	sstitle	163	lossless
spectar	sstitle	165	lossless
speedatk	sstitle	149	lossless
speedfrk	sstitle	192	lossless
speedrcr	sstitle	155	lossless
speedrs	sstitle	75	lossless
speedspn	sstitle	75	lossless
speedup	sstitle	194	lossless
speglsht	sstitle	149	lossless
spelunk2	sstitle	148	lossless
spelunkr	sstitle	148	lossless
spf2t	sstitle	7	lossless
spfghmk2	sstitle	162	lossless
spider	sstitle	75	lossless
spiders	sstitle	75	lossless
spidman	sstitle	147	lossless
spielbud	sstitle	75	lossless
spikeofe	sstitle	55	lossless
spikeout	sstitle	55	lossless
spiker	sstitle	150	lossless
spinlbrk	sstitle	175	lossless
spinmast	sstitle	142	lossless
spkrbtl	sstitle	227	lossless
splash	sstitle	194	lossless
splat	sstitle	150	lossless
splatter	sstitle	155	lossless
splndrbt	sstitle	182	lossless
splndrbt2	sstitle	182	lossless
spnchout	sstitle	161	lossless
spooky	sstitle	178	lossless
spool99	sstitle	75	lossless
spotty	sstitle	75	lossless
sprcros2	sstitle	75	lossless
springer	sstitle	147	lossless
sprint1	sstitle	160	lossless
sprint4	sstitle	160	lossless
sprint8	sstitle	160	lossless
sprtauth	sstitle	75	lossless
sprtjam	sstitle	227	lossless
sprtshot	sstitle	53	lossless
spuzbobl	sstitle	299	lossless
spy	sstitle	158	lossless
spyhunt	sstitle	150	lossless
spyhunt2	sstitle	150	lossless
sqbert	sstitle	209	lossless
sqix	sstitle	157	lossless
squaitsa	sstitle	157	lossless
squash	sstitle	194	lossless
squeenb	sstitle	75	lossless
sraider	sstitle	188	lossless
srally2	sstitle	55	lossless
srallyc	sstitle	54	lossless
sranger	sstitle	75	lossless
srdarwin	sstitle	162	lossless
srdmissn	sstitle	157	lossless
srmdb	sstitle	158	lossless
srmp1	sstitle	149	lossless
srmp2	sstitle	149	lossless
srmp3	sstitle	149	lossless
srmp4	sstitle	149	lossless
srmp5	sstitle	149	lossless
srmp6	sstitle	149	lossless
srmp7	sstitle	149	lossless
srmvs	sstitle	149	lossless
srollnd	sstitle	75	lossless
srumbler	sstitle	151	lossless
sryudens	sstitle	173	lossless
ss2005	sstitle	227	lossless
sscope	sstitle	158	lossless
ssf2	sstitle	7	lossless
ssf2t	sstitle	7	lossless
ssfindo	sstitle	75	lossless
sshangha	sstitle	75	lossless
sshooter	sstitle	75	lossless
sshot	sstitle	75	lossless
ssi	sstitle	157	lossless
ssideki	sstitle	142	lossless
ssideki2	sstitle	142	lossless
ssideki3	sstitle	142	lossless
ssideki4	sstitle	142	lossless
ssingles	sstitle	75	lossless
sslam	sstitle	75	lossless
ssmissin	sstitle	177	lossless
ssoldier	sstitle	148	lossless
ssonicbr	sstitle	75	lossless
ssozumo	sstitle	169	lossless
sspacaho	sstitle	147	lossless
sspaceat	sstitle	147	lossless
sspeedr	sstitle	150	lossless
sspirits	sstitle	147	lossless
ssprint	sstitle	160	lossless
ssrj	sstitle	157	lossless
sss	sstitle	69	lossless
sstar97	sstitle	75	lossless
sstingry	sstitle	182	lossless
sstrangr	sstitle	75	lossless
sstriker	sstitle	152	lossless
sstrkfgt	sstitle	56	lossless
stactics	sstitle	147	lossless
stadhero	sstitle	162	lossless
stadhr96	sstitle	162	lossless
stagger1	sstitle	163	lossless
stakwin	sstitle	142	lossless
stakwin2	sstitle	142	lossless
stankatk	sstitle	75	lossless
star100	sstitle	178	lossless
staraudi	sstitle	155	lossless
starblad	sstitle	155	lossless
starcas	sstitle	192	lossless
starcrus	sstitle	75	lossless
starfigh	sstitle	75	lossless
starfir2	sstitle	165	lossless
starfire	sstitle	165	lossless
starforc	sstitle	75	lossless
stargate	sstitle	150	lossless
starglad	sstitle	151	lossless
stargrds	sstitle	150	lossless
starhawk	sstitle	192	lossless
starjack	sstitle	147	lossless
starlstr	sstitle	155	lossless
starseek	sstitle	227	lossless
starshp1	sstitle	160	lossless
starsldr	sstitle	149	lossless
starswep	sstitle	155	lossless
startrek	sstitle	147	lossless
startrgn	sstitle	155	lossless
starwars	sstitle	160	lossless
stcc	sstitle	54	lossless
stdragon	sstitle	159	lossless
stealsee	sstitle	75	lossless
steeltal	sstitle	160	lossless
steelwkr	sstitle	157	lossless
stepchmp	sstitle	158	lossless
stg	sstitle	149	lossless
stinger	sstitle	190	lossless
stkclmns	sstitle	147	lossless
stlforce	sstitle	75	lossless
stmblade	sstitle	181	lossless
stocker	sstitle	150	lossless
stoffy	sstitle	157	lossless
stompin	sstitle	150	lossless
stonebal	sstitle	75	lossless
strahl	sstitle	75	lossless
strain	sstitle	75	lossless
stratab	sstitle	193	lossless
stratgyx	sstitle	158	lossless
stratof	sstitle	153	lossless
streakng	sstitle	158	lossless
streetg	sstitle	75	lossless
streetg2	sstitle	75	lossless
streetsm	sstitle	154	lossless
stress	sstitle	147	lossless
strgchmp	sstitle	158	lossless
strhoop	sstitle	142	lossless
strider	sstitle	6	lossless
strider2	sstitle	151	lossless
striv	sstitle	192	lossless
strkfgtr	sstitle	147	lossless
strkforc	sstitle	150	lossless
strkzone	sstitle	75	lossless
strnskil	sstitle	75	lossless
strtdriv	sstitle	160	lossless
strtheat	sstitle	161	lossless
strvmstr	sstitle	75	lossless
stunrun	sstitle	160	lossless
stuntair	sstitle	75	lossless
sub	sstitle	150	lossless
subroc3d	sstitle	147	lossless
subs	sstitle	160	lossless
sucasino	sstitle	75	lossless
suchie2	sstitle	159	lossless
suchie3	sstitle	56	lossless
suchiesp	sstitle	159	lossless
suikoenb	sstitle	69	lossless
sunaq	sstitle	75	lossless
sundance	sstitle	192	lossless
supbtime	sstitle	162	lossless
supduck	sstitle	177	lossless
super21	sstitle	75	lossless
superabc	sstitle	155	lossless
superbik	sstitle	179	lossless
superbon	sstitle	158	lossless
superbug	sstitle	160	lossless
superchs	sstitle	157	lossless
superdq	sstitle	188	lossless
supergm3	sstitle	75	lossless
superman	sstitle	157	lossless
superpac	sstitle	155	lossless
superspy	sstitle	142	lossless
superten	sstitle	75	lossless
supertnk	sstitle	75	lossless
supertr2	sstitle	75	lossless
supertr3	sstitle	75	lossless
superwng	sstitle	75	lossless
superx	sstitle	75	lossless
supgoal	sstitle	69	lossless
suplup	sstitle	187	lossless
supmodel	sstitle	177	lossless
supmodl2	sstitle	177	lossless
suprball	sstitle	178	lossless
suprglob	sstitle	155	lossless
suprgolf	sstitle	75	lossless
suprleag	sstitle	147	lossless
suprloco	sstitle	147	lossless
suprmous	sstitle	157	lossless
suprmrio	sstitle	161	lossless
suprpokr	sstitle	75	lossless
suprpool	sstitle	75	lossless
suprridr	sstitle	157	lossless
suprslam	sstitle	186	lossless
suprtrio	sstitle	187	lossless
supxevs	sstitle	155	lossless
suratk	sstitle	158	lossless
sureshot	sstitle	157	lossless
surfplnt	sstitle	160	lossless
survarts	sstitle	164	lossless
sushibar	sstitle	53	lossless
suzuk8h2	sstitle	155	lossless
suzuka8h	sstitle	155	lossless
suzume	sstitle	173	lossless
svc	sstitle	142	lossless
svf	sstitle	147	lossless
svg	sstitle	176	lossless
svolley	sstitle	150	lossless
swa	sstitle	147	lossless
swat	sstitle	147	lossless
swatpolc	sstitle	75	lossless
swcourt	sstitle	155	lossless
swimmer	sstitle	75	lossless
swinggal	sstitle	180	lossless
swracer	sstitle	258	lossless
sws	sstitle	155	lossless
sws92	sstitle	155	lossless
sws93	sstitle	155	lossless
sws95	sstitle	155	lossless
sws96	sstitle	155	lossless
sws97	sstitle	155	lossless
sws98	sstitle	155	lossless
sws99	sstitle	155	lossless
swtrilgy	sstitle	55	lossless
sxevious	sstitle	155	lossless
sxyreac2	sstitle	164	lossless
sxyreact	sstitle	164	lossless
syvalion	sstitle	157	lossless
szaxxon	sstitle	147	lossless
tacscan	sstitle	147	lossless
tactcian	sstitle	158	lossless
tail2nos	sstitle	75	lossless
tailg	sstitle	192	lossless
taiwanmb	sstitle	180	lossless
takoron	sstitle	227	lossless
talbot	sstitle	182	lossless
tangtang	sstitle	75	lossless
tank8	sstitle	160	lossless
tankbatt	sstitle	155	lossless
tankbust	sstitle	75	lossless
tankfrce	sstitle	155	lossless
tantr	sstitle	147	lossless
taotaido	sstitle	175	lossless
tapatune	sstitle	75	lossless
tapper	sstitle	150	lossless
targ	sstitle	165	lossless
targeth	sstitle	194	lossless
tattack	sstitle	75	lossless
tattass	sstitle	162	lossless
taxidriv	sstitle	75	lossless
tazmania	sstitle	158	lossless
tbeastw2	sstitle	164	lossless
tblkkuzu	sstitle	75	lossless
tbonusal	sstitle	75	lossless
tbowl	sstitle	153	lossless
tbyahhoo	sstitle	158	lossless
tceptor	sstitle	155	lossless
tcobra2	sstitle	157	lossless
tdfever	sstitle	154	lossless
tdoboon	sstitle	164	lossless
tdpgal	sstitle	158	lossless
tdragon	sstitle	163	lossless
tdragon2	sstitle	163	lossless
tduno	sstitle	56	lossless
tduno2	sstitle	56	lossless
teamht	sstitle	150	lossless
teamqb	sstitle	75	lossless
techbowl	sstitle	69	lossless
technodr	sstitle	155	lossless
techromn	sstitle	151	lossless
teddybb	sstitle	147	lossless
teedoff	sstitle	153	lossless
teetert	sstitle	165	lossless
tehkanwc	sstitle	75	lossless
tekipaki	sstitle	191	lossless
tekken	sstitle	155	lossless
tekken2	sstitle	155	lossless
tekken3	sstitle	155	lossless
tekkenbs	sstitle	155	lossless
tekkencw	sstitle	155	lossless
tektagt	sstitle	155	lossless
teljan	sstitle	174	lossless
telmahjn	sstitle	180	lossless
telpacfl	sstitle	75	lossless
tempest	sstitle	160	lossless
tengai	sstitle	167	lossless
tenkai	sstitle	173	lossless
tenkomor	sstitle	155	lossless
tenspot	sstitle	158	lossless
tenthdeg	sstitle	160	lossless
tenup	sstitle	75	lossless
terabrst	sstitle	158	lossless
term2	sstitle	150	lossless
terracre	sstitle	180	lossless
terraf	sstitle	180	lossless
tetgiant	sstitle	147	lossless
tetkiwam	sstitle	227	lossless
tetrbx	sstitle	147	lossless
tetris	sstitle	147	lossless
tetriskr	sstitle	160	lossless
tetrisp	sstitle	159	lossless
tetrisp2	sstitle	159	lossless
tetrisse	sstitle	147	lossless
tetrsark	sstitle	157	lossless
tfrceac	sstitle	147	lossless
tgm2	sstitle	167	lossless
tgmj	sstitle	151	lossless
tgtbal96	sstitle	75	lossless
tgtpanic	sstitle	158	lossless
tharrier	sstitle	164	lossless
theboat	sstitle	75	lossless
thedeep	sstitle	75	lossless
theend	sstitle	158	lossless
theglad	sstitle	176	lossless
thegrid	sstitle	150	lossless
thehand	sstitle	75	lossless
themj	sstitle	181	lossless
thenanpa	sstitle	180	lossless
thepit	sstitle	157	lossless
theroes	sstitle	47	lossless
thief	sstitle	75	lossless
thndrbld	sstitle	147	lossless
thndrx2	sstitle	158	lossless
thndzone	sstitle	162	lossless
thoop	sstitle	194	lossless
thoop2	sstitle	194	lossless
threeds	sstitle	180	lossless
thrilld	sstitle	158	lossless
thunderh	sstitle	158	lossless
thunderj	sstitle	160	lossless
thunderl	sstitle	149	lossless
thunderx	sstitle	158	lossless
thundfox	sstitle	157	lossless
tickee	sstitle	75	lossless
tigerh	sstitle	157	lossless
tigeroad	sstitle	151	lossless
tighook	sstitle	178	lossless
timber	sstitle	150	lossless
timecris	sstitle	156	lossless
timecrs2	sstitle	155	lossless
timefgtr	sstitle	157	lossless
timekill	sstitle	193	lossless
timelimt	sstitle	75	lossless
timeplt	sstitle	158	lossless
timesold	sstitle	154	lossless
timetrv	sstitle	147	lossless
timetunl	sstitle	157	lossless
tinklpit	sstitle	155	lossless
tinstar	sstitle	157	lossless
tinv2650	sstitle	75	lossless
tisland	sstitle	162	lossless
tisub	sstitle	75	lossless
titlef	sstitle	147	lossless
tjsb	sstitle	176	lossless
tjumpman	sstitle	47	lossless
tkdensho	sstitle	153	lossless
tkmmpzdm	sstitle	158	lossless
tkoboxng	sstitle	155	lossless
tm	sstitle	150	lossless
tm2k	sstitle	150	lossless
tm3k	sstitle	150	lossless
tm4k	sstitle	150	lossless
tm5k	sstitle	150	lossless
tm7k	sstitle	150	lossless
tm8k	sstitle	150	lossless
tmek	sstitle	160	lossless
tmmjprd	sstitle	75	lossless
tmnt	sstitle	158	lossless
tmnt2	sstitle	158	lossless
tmosh	sstitle	158	lossless
tmoshs	sstitle	158	lossless
tndrcade	sstitle	149	lossless
tnextspc	sstitle	154	lossless
tnk3	sstitle	154	lossless
tnzs	sstitle	157	lossless
todruaga	sstitle	155	lossless
toffy	sstitle	157	lossless
togenkyo	sstitle	180	lossless
toggle	sstitle	150	lossless
toki	sstitle	75	lossless
tokio	sstitle	157	lossless
tokisens	sstitle	147	lossless
tokkae	sstitle	158	lossless
tokyobus	sstitle	56	lossless
tokyogal	sstitle	180	lossless
tokyowar	sstitle	156	lossless
tomagic	sstitle	75	lossless
tomahawk	sstitle	162	lossless
tomcatsw	sstitle	160	lossless
tondemo	sstitle	153	lossless
tonton	sstitle	75	lossless
tontonb	sstitle	173	lossless
tonypok	sstitle	178	lossless
toobin	sstitle	160	lossless
top21	sstitle	75	lossless
topbladv	sstitle	176	lossless
topdrive	sstitle	75	lossless
topgun	sstitle	158	lossless
topgunnr	sstitle	165	lossless
tophuntr	sstitle	142	lossless
topland	sstitle	157	lossless
toppyrap	sstitle	187	lossless
toprollr	sstitle	159	lossless
topsecex	sstitle	165	lossless
topshoot	sstitle	147	lossless
topskatr	sstitle	54	lossless
topspeed	sstitle	157	lossless
toratora	sstitle	75	lossless
toride2g	sstitle	189	lossless
tornbase	sstitle	150	lossless
tortufam	sstitle	75	lossless
torus	sstitle	75	lossless
toryumon	sstitle	147	lossless
totcarn	sstitle	150	lossless
totd	sstitle	56	lossless
totlvice	sstitle	158	lossless
totmejan	sstitle	190	lossless
toto	sstitle	187	lossless
toucheme	sstitle	75	lossless
touchgo	sstitle	194	lossless
toukon4	sstitle	56	lossless
tour4000	sstitle	75	lossless
tour4010	sstitle	75	lossless
toursol	sstitle	75	lossless
tourtabl	sstitle	160	lossless
touryuu	sstitle	75	lossless
toutrun	sstitle	147	lossless
toyfight	sstitle	56	lossless
toyland	sstitle	187	lossless
toypop	sstitle	155	lossless
tp84	sstitle	158	lossless
tpgolf	sstitle	142	lossless
trackfld	sstitle	158	lossless
trally	sstitle	142	lossless
tranqgun	sstitle	147	lossless
transfrm	sstitle	147	lossless
travrusa	sstitle	148	lossless
trckydoc	sstitle	75	lossless
treacity	sstitle	75	lossless
trgheart	sstitle	227	lossless
tricktrp	sstitle	158	lossless
triothep	sstitle	162	lossless
triplep	sstitle	179	lossless
triplew1	sstitle	180	lossless
triplew2	sstitle	180	lossless
triplhnt	sstitle	160	lossless
tripool	sstitle	192	lossless
trisport	sstitle	150	lossless
triviabb	sstitle	150	lossless
triviaes	sstitle	150	lossless
triviag1	sstitle	150	lossless
triviag2	sstitle	150	lossless
triviasp	sstitle	150	lossless
triviayp	sstitle	150	lossless
trivrus	sstitle	176	lossless
trizeal	sstitle	227	lossless
troangel	sstitle	148	lossless
trog	sstitle	150	lossless
trojan	sstitle	151	lossless
trophyh	sstitle	164	lossless
trstar	sstitle	157	lossless
truco	sstitle	75	lossless
trucocl	sstitle	75	lossless
truxton	sstitle	157	lossless
truxton2	sstitle	191	lossless
trvchlng	sstitle	158	lossless
trvhang	sstitle	75	lossless
trvmadns	sstitle	75	lossless
trvmstr	sstitle	159	lossless
trvquest	sstitle	75	lossless
tryout	sstitle	162	lossless
ts2	sstitle	151	lossless
tsamurai	sstitle	157	lossless
tshingen	sstitle	159	lossless
tshoot	sstitle	150	lossless
tstrike	sstitle	157	lossless
tsukande	sstitle	158	lossless
tsupenta	sstitle	158	lossless
tsuwaku	sstitle	180	lossless
ttchamp	sstitle	75	lossless
tturf	sstitle	147	lossless
tubep	sstitle	180	lossless
tugboat	sstitle	75	lossless
tumblep	sstitle	162	lossless
tunhunt	sstitle	160	lossless
turbo	sstitle	147	lossless
turbofrc	sstitle	175	lossless
turbosub	sstitle	75	lossless
turbotag	sstitle	150	lossless
turfmast	sstitle	142	lossless
turkhunt	sstitle	164	lossless
turrett	sstitle	155	lossless
turtles	sstitle	158	lossless
turtship	sstitle	75	lossless
tutankhm	sstitle	158	lossless
tutstomb	sstitle	75	lossless
twcup90	sstitle	153	lossless
twcup94	sstitle	153	lossless
twcup98	sstitle	69	lossless
twcupmil	sstitle	153	lossless
twinactn	sstitle	163	lossless
twinadv	sstitle	187	lossless
twinbee	sstitle	158	lossless
twinbrat	sstitle	75	lossless
twincobr	sstitle	157	lossless
twineag2	sstitle	149	lossless
twineagl	sstitle	149	lossless
twinfalc	sstitle	75	lossless
twinhawk	sstitle	157	lossless
twinkle	sstitle	187	lossless
twinqix	sstitle	157	lossless
twins	sstitle	75	lossless
twinspri	sstitle	142	lossless
twinsqua	sstitle	147	lossless
twotiger	sstitle	150	lossless
twrshaft	sstitle	149	lossless
twsoc96	sstitle	142	lossless
tx1	sstitle	160	lossless
tylz	sstitle	209	lossless
uballoon	sstitle	75	lossless
uccops	sstitle	148	lossless
uchuuai	sstitle	180	lossless
ufosensi	sstitle	147	lossless
ultennis	sstitle	75	lossless
ultracin	sstitle	147	lossless
ultraman	sstitle	186	lossless
ultramhm	sstitle	180	lossless
ultratnk	sstitle	160	lossless
ultrax	sstitle	186	lossless
umanclub	sstitle	186	lossless
umipoker	sstitle	75	lossless
umk3	sstitle	150	lossless
unclepoo	sstitle	192	lossless
undefeat	sstitle	227	lossless
undrfire	sstitle	157	lossless
uniwars	sstitle	148	lossless
unkitpkr	sstitle	75	lossless
unkpacg	sstitle	75	lossless
unksig	sstitle	75	lossless
unsquad	sstitle	6	lossless
untoucha	sstitle	173	lossless
uopoko	sstitle	47	lossless
upndown	sstitle	147	lossless
upscope	sstitle	75	lossless
upyoural	sstitle	192	lossless
urachamu	sstitle	75	lossless
urashima	sstitle	75	lossless
usagi	sstitle	299	lossless
usagiym	sstitle	227	lossless
usclssic	sstitle	149	lossless
usg32	sstitle	75	lossless
usgames	sstitle	75	lossless
usvsthem	sstitle	209	lossless
utoukond	sstitle	186	lossless
v4cmaze	sstitle	75	lossless
v4tetrs	sstitle	75	lossless
v4timebn	sstitle	75	lossless
valkyrie	sstitle	155	lossless
valtric	sstitle	163	lossless
vamphalf	sstitle	187	lossless
vampire	sstitle	75	lossless
vandyke	sstitle	75	lossless
vangrd2	sstitle	154	lossless
vanguard	sstitle	154	lossless
vanilla	sstitle	180	lossless
vanvan	sstitle	155	lossless
vaportra	sstitle	162	lossless
vaportrx	sstitle	160	lossless
varth	sstitle	6	lossless
vasara	sstitle	181	lossless
vasara2	sstitle	181	lossless
vastar	sstitle	75	lossless
vathlete	sstitle	227	lossless
vball	sstitle	169	lossless
vblokbrk	sstitle	174	lossless
vbowl	sstitle	176	lossless
vcarn	sstitle	75	lossless
vcircle	sstitle	160	lossless
vcombat	sstitle	75	lossless
vcop	sstitle	54	lossless
vcop2	sstitle	54	lossless
vcop3	sstitle	147	lossless
vega	sstitle	75	lossless
vegasslw	sstitle	75	lossless
vendetta	sstitle	158	lossless
venture	sstitle	165	lossless
vf	sstitle	147	lossless
vf2	sstitle	54	lossless
vf3	sstitle	55	lossless
vf4	sstitle	230	lossless
vf4evo	sstitle	230	lossless
vf4tuned	sstitle	230	lossless
vfkids	sstitle	69	lossless
vfremix	sstitle	69	lossless
vfurlong	sstitle	53	lossless
vgoalsoc	sstitle	153	lossless
vhunt2	sstitle	7	lossless
victlap	sstitle	156	lossless
victnine	sstitle	157	lossless
victor21	sstitle	75	lossless
victor6	sstitle	75	lossless
victory	sstitle	165	lossless
victoryc	sstitle	75	lossless
victroad	sstitle	154	lossless
videight	sstitle	75	lossless
videopin	sstitle	160	lossless
videtron	sstitle	75	lossless
vidvince	sstitle	209	lossless
viewpoin	sstitle	142	lossless
vigilant	sstitle	148	lossless
vimana	sstitle	191	lossless
vindctr2	sstitle	160	lossless
vindictr	sstitle	160	lossless
viofight	sstitle	157	lossless
viostorm	sstitle	158	lossless
viper	sstitle	75	lossless
viprp1	sstitle	190	lossless
virnba	sstitle	56	lossless
virtpool	sstitle	193	lossless
vitaminc	sstitle	189	lossless
vivdolls	sstitle	181	lossless
vliner	sstitle	142	lossless
vmahjong	sstitle	69	lossless
vmetal	sstitle	189	lossless
volfied	sstitle	157	lossless
von	sstitle	54	lossless
von2	sstitle	55	lossless
vonot	sstitle	56	lossless
vortex	sstitle	157	lossless
vpoker	sstitle	75	lossless
vr	sstitle	147	lossless
vroulet	sstitle	75	lossless
vs2	sstitle	55	lossless
vs298	sstitle	55	lossless
vs2_2k	sstitle	56	lossless
vs2v991	sstitle	147	lossless
vsav	sstitle	7	lossless
vsav2	sstitle	7	lossless
vsbball	sstitle	161	lossless
vsfdf	sstitle	75	lossless
vsgongf	sstitle	174	lossless
vsgradus	sstitle	158	lossless
vsgshoe	sstitle	161	lossless
vshoot	sstitle	155	lossless
vsmahjng	sstitle	161	lossless
vsmjtria	sstitle	75	lossless
vsnetscr	sstitle	158	lossless
vspinbal	sstitle	161	lossless
vsskykid	sstitle	155	lossless
vsslalom	sstitle	75	lossless
vssoccer	sstitle	161	lossless
vstennis	sstitle	161	lossless
vstetris	sstitle	161	lossless
vstrik3	sstitle	230	lossless
vstriker	sstitle	54	lossless
vtenis2c	sstitle	56	lossless
vtennis	sstitle	56	lossless
vulcan	sstitle	158	lossless
vulgus	sstitle	151	lossless
wacko	sstitle	150	lossless
waidrive	sstitle	53	lossless
wakuwak7	sstitle	142	lossless
wallst	sstitle	179	lossless
wanted	sstitle	75	lossless
wantsega	sstitle	147	lossless
warahana	sstitle	173	lossless
wardner	sstitle	157	lossless
warfa	sstitle	160	lossless
wargods	sstitle	150	lossless
warlords	sstitle	160	lossless
warofbug	sstitle	158	lossless
warp1	sstitle	75	lossless
warpsped	sstitle	75	lossless
warpwarp	sstitle	155	lossless
warrior	sstitle	192	lossless
warriorb	sstitle	157	lossless
waterski	sstitle	157	lossless
watrball	sstitle	75	lossless
waverunr	sstitle	54	lossless
wb3	sstitle	147	lossless
wbbc97	sstitle	177	lossless
wbeachvl	sstitle	75	lossless
wbml	sstitle	147	lossless
wboy	sstitle	147	lossless
wcatcher	sstitle	180	lossless
wcbowl	sstitle	193	lossless
wcvol95	sstitle	162	lossless
wecleman	sstitle	158	lossless
weddingr	sstitle	158	lossless
welltris	sstitle	175	lossless
wfortune	sstitle	193	lossless
wg3dh	sstitle	160	lossless
wgp	sstitle	157	lossless
wh1	sstitle	142	lossless
wh2	sstitle	142	lossless
wh2j	sstitle	142	lossless
wheelfir	sstitle	75	lossless
wheelrun	sstitle	75	lossless
whodunit	sstitle	165	lossless
whp	sstitle	142	lossless
wiggie	sstitle	149	lossless
wildfang	sstitle	153	lossless
wildplt	sstitle	159	lossless
willow	sstitle	6	lossless
wilytowr	sstitle	148	lossless
windheat	sstitle	158	lossless
wingforc	sstitle	174	lossless
wingwar	sstitle	147	lossless
wink	sstitle	75	lossless
winrun	sstitle	155	lossless
winrun91	sstitle	155	lossless
winrungp	sstitle	155	lossless
winspike	sstitle	158	lossless
winterht	sstitle	69	lossless
wiping	sstitle	180	lossless
witch	sstitle	147	lossless
witchcrd	sstitle	75	lossless
wits	sstitle	149	lossless
wivernwg	sstitle	187	lossless
wiz	sstitle	190	lossless
wizdfire	sstitle	162	lossless
wizwarz	sstitle	209	lossless
wizzquiz	sstitle	158	lossless
wjammers	sstitle	142	lossless
wldarrow	sstitle	75	lossless
wldcourt	sstitle	155	lossless
wldkicks	sstitle	56	lossless
wldrider	sstitle	230	lossless
wlstar	sstitle	187	lossless
wmatch	sstitle	147	lossless
wmg	sstitle	75	lossless
wndrmomo	sstitle	155	lossless
wndrplnt	sstitle	162	lossless
wof	sstitle	6	lossless
wolfpack	sstitle	160	lossless
wondl96	sstitle	187	lossless
wondstck	sstitle	75	lossless
woodpeck	sstitle	155	lossless
worldadv	sstitle	75	lossless
worldwar	sstitle	154	lossless
wotw	sstitle	192	lossless
wow	sstitle	150	lossless
wownfant	sstitle	177	lossless
wpksocv2	sstitle	159	lossless
wrally	sstitle	194	lossless
wrally2	sstitle	194	lossless
wrecking	sstitle	161	lossless
wrestwar	sstitle	147	lossless
wrofaero	sstitle	149	lossless
wrungp	sstitle	56	lossless
ws	sstitle	155	lossless
wsbbgd	sstitle	227	lossless
wschamp	sstitle	164	lossless
wseries	sstitle	192	lossless
wsf	sstitle	75	lossless
wsjr	sstitle	170	lossless
wtennis	sstitle	162	lossless
wwallyj	sstitle	147	lossless
wwanpanm	sstitle	147	lossless
wwestern	sstitle	157	lossless
wwfmania	sstitle	150	lossless
wwfroyal	sstitle	56	lossless
wwfsstar	sstitle	169	lossless
wwfwfest	sstitle	169	lossless
wwjgtin	sstitle	159	lossless
wwmarine	sstitle	147	lossless
wyvernf0	sstitle	157	lossless
x2222	sstitle	75	lossless
xday2	sstitle	155	lossless
xenophob	sstitle	150	lossless
xevi3dg	sstitle	155	lossless
xevious	sstitle	155	lossless
xexex	sstitle	158	lossless
xfiles	sstitle	75	lossless
xiistag	sstitle	299	lossless
xmcota	sstitle	7	lossless
xmen	sstitle	158	lossless
xmultipl	sstitle	148	lossless
xmvsf	sstitle	7	lossless
xorworld	sstitle	194	lossless
xrally	sstitle	154	lossless
xsedae	sstitle	190	lossless
xsleena	sstitle	157	lossless
xtheball	sstitle	75	lossless
xtrial	sstitle	158	lossless
xtrmhnt2	sstitle	53	lossless
xtrmhunt	sstitle	53	lossless
xxmissio	sstitle	75	lossless
xybots	sstitle	160	lossless
xymg	sstitle	176	lossless
xyonix	sstitle	75	lossless
yamagchi	sstitle	157	lossless
yamato	sstitle	147	lossless
yamyam	sstitle	75	lossless
yarunara	sstitle	173	lossless
yesnoj	sstitle	157	lossless
yiear	sstitle	158	lossless
yosakdon	sstitle	157	lossless
yosimoto	sstitle	180	lossless
youjyudn	sstitle	148	lossless
yujan	sstitle	75	lossless
yuka	sstitle	75	lossless
yukon	sstitle	165	lossless
yumefuda	sstitle	75	lossless
yutnori	sstitle	187	lossless
yuyugogo	sstitle	157	lossless
zaryavos	sstitle	157	lossless
zaviga	sstitle	162	lossless
zaxxon	sstitle	147	lossless
zedblade	sstitle	142	lossless
zektor	sstitle	147	lossless
zerogu2	sstitle	56	lossless
zerogun	sstitle	54	lossless
zerohour	sstitle	188	lossless
zeropnt	sstitle	75	lossless
zeropnt2	sstitle	75	lossless
zeroteam	sstitle	190	lossless
zerotrgt	sstitle	162	lossless
zerowing	sstitle	191	lossless
zerozone	sstitle	177	lossless
zigzagb	sstitle	158	lossless
zingzip	sstitle	149	lossless
zintrckb	sstitle	142	lossless
zipzap	sstitle	177	lossless
znpwfv	sstitle	69	lossless
zoar	sstitle	162	lossless
zodiack	sstitle	75	lossless
zokuoten	sstitle	299	lossless
zombraid	sstitle	164	lossless
zombrvn	sstitle	56	lossless
zookeep	sstitle	157	lossless
zooo	sstitle	299	lossless
zortonbr	sstitle	170	lossless
zunkyou	sstitle	147	lossless
zunou	sstitle	56	lossless
zupapa	sstitle	142	lossless
zwackery	sstitle	150	lossless
zzyzzyxx	sstitle	192	lossless
